dt,open,high,low,close,vol_btc,vol_usd,rv_5m,rv_park
2012-01-01,4.58,5.0,4.58,5.0,21.602,105.77915999999999,0.06408224419624328,0.038485309754716666
2012-01-02,5.0,5.0,5.0,5.0,19.048,95.24,0.0,0.0
2012-01-03,5.0,5.32,5.0,5.29,88.03728092,464.8052095058,0.08516423690391549,0.04610229824063998
2012-01-04,5.29,5.57,4.93,5.57,107.23326023000001,573.7080585988001,0.09821127625540366,0.058724385449969684
2012-01-05,5.57,6.65,5.57,6.65,94.80182926,588.4010478073001,0.0683326860416521,0.043106702801806215
2012-01-06,6.65,6.9,6.0,6.0,33.88274671,223.53871662490002,0.07158962181584942,0.056587388453737786
2012-01-07,6.0,6.8,6.0,6.8,0.29585799,2.011834332,0.1251631429540061,0.07516812787809922
2012-01-08,6.8,7.0,6.8,7.0,5.0,34.6,0.020497822079540512,0.01231019671552694
2012-01-09,7.0,7.0,6.23,6.3,66.8693229,442.8461797182,0.08788872101577572,0.052275382799231246
2012-01-10,6.3,7.14,6.24,7.14,62.28998018,413.2040844179,0.09360146118939515,0.052973099716439466
2012-01-11,7.14,7.33,6.25,7.0,105.35893401999999,743.749874141,0.1884066429855106,0.11314972042706267
2012-01-12,7.0,7.38,6.51,6.51,82.30163181,598.0616310296,0.18989023003211442,0.1150272510336361
2012-01-13,6.51,7.36,6.51,6.6,48.970144839999996,344.7935289092,0.1673483302297521,0.08002273831384263
2012-01-14,6.6,6.6,6.3,6.3,16.836,108.417846903,0.026860496134702063,0.016131371909256283
2012-01-15,6.3,7.15,6.3,7.15,16.6993007,119.40000000500001,0.12656272330842944,0.07600866154139686
2012-01-16,7.15,7.15,6.2,7.1,12.64929577,86.749999967,0.1967150421403689,0.11813942263008398
2012-01-17,7.1,7.1,6.0,6.0,80.51400824000001,493.130463893,0.1545321271198161,0.10556111971277736
2012-01-18,6.0,7.1,5.99,7.1,133.44676912,826.9024469742,0.2127073901193027,0.127739878377797
2012-01-19,7.1,7.1,5.52,6.22,246.71581895,1542.2212267916,0.4161758277851139,0.2541390998596364
2012-01-20,6.22,6.95,6.22,6.95,95.82599863,647.201739156,0.127814534918095,0.076760451029371
2012-01-21,6.95,6.95,6.28,6.77,81.41385241,512.26257306,0.12367888806649889,0.07577764209619585
2012-01-22,6.77,6.83,6.03,6.79,81.27103303,501.4066072173,0.15267500975979914,0.08836770149040683
2012-01-23,6.79,6.79,6.0,6.52,94.92062908999999,608.4838474815999,0.0991791853276136,0.060295013906727764
2012-01-24,6.52,6.57,6.0,6.55,85.44624147,550.6356605427001,0.13013924172979213,0.0615980614872984
2012-01-25,6.55,6.86,6.0,6.31,81.1232564,505.8863592615,0.16279433734366427,0.10491634684843548
2012-01-26,6.31,6.31,5.5,5.5,29.91907058,183.9801518551,0.1490935748427469,0.08163317876949407
2012-01-27,5.5,6.03,3.8,5.88,92.07999287,528.4378821385001,0.250659214756911,0.3106906040219316
2012-01-28,5.88,5.88,4.91,4.91,0.25,1.2275,0.18028282010410623,0.10827086757312916
2012-01-29,4.91,5.9,4.91,5.5,9.45484643,52.2104692015,0.2144621315216949,0.12879763600340732
2012-01-30,5.5,5.58,5.3,5.58,15.16,83.9208,0.0634227686584961,0.03808925433149916
2012-01-31,5.58,6.22,3.8,5.3,110.50333334,642.8201371246,0.6171862546184783,0.289697032486712
2012-02-01,5.3,5.99,5.3,5.88,12.058806279999999,71.2636999578,0.14191267561002946,0.09776555449823919
2012-02-02,5.88,6.28,5.88,6.28,251.00093001,1541.9994084196999,0.11700579007476672,0.061044968794556044
2012-02-03,6.28,6.35,5.93,6.3,155.5524532,950.7379354578001,0.13972005719491234,0.08592242298212083
2012-02-04,6.3,6.5,5.94,5.94,67.63499408999999,407.8868759068,0.17558034435663078,0.10645374840058457
2012-02-05,5.94,6.15,5.6,5.6,47.85042396,280.3655081375,0.12440551636574732,0.0747406708302459
2012-02-06,5.6,5.9,5.2,5.6,29.17833833,161.848679316,0.15455767445438826,0.09282134311854329
2012-02-07,5.6,5.88,5.5,5.69,165.40541896,937.1347068221,0.115340184169896,0.06278699113145948
2012-02-08,5.69,5.87,5.66,5.87,83.57202011,477.56712477549996,0.044989032301797405,0.02782354064815107
2012-02-09,5.87,5.89,5.51,5.89,83.60318875,482.9098295129,0.0959751515794207,0.05765704835697203
2012-02-10,5.89,5.89,5.8,5.88,176.93050375,1040.2351802532,0.019447469646265567,0.011679395793162028
2012-02-11,5.88,5.88,5.5,5.5,1.8794878,10.374875337999999,0.047589637394984424,0.028580489950568697
2012-02-12,5.5,5.78,5.5,5.67,64.8434324,371.291861708,0.06761721677538679,0.040608277144344035
2012-02-13,5.67,5.79,5.5,5.79,99.78443902000001,571.3115082342,0.04378763424723251,0.02810059981631066
2012-02-14,5.79,5.8,4.56,4.89,128.34493428,662.1200480738,0.34026246072118754,0.20486049717206722
2012-02-15,4.89,5.08,4.69,4.69,67.78916535,335.706889585,0.059112528113864,0.05402501350181363
2012-02-16,4.69,4.98,4.15,4.51,115.6239213,535.0889207562,0.236299157930671,0.15187248140293566
2012-02-17,4.51,4.8,4.5,4.67,244.67028923,1153.2503758454,0.1368856192571846,0.06117450893710343
2012-02-18,4.67,4.73,4.14,4.23,254.39025200999998,1120.9487345749,0.1238693285921787,0.06740803147244988
2012-02-19,4.23,4.38,4.23,4.38,92.68354434,401.2110824492,0.021202420039585758,0.022426355870531434
2012-02-20,4.38,4.72,4.38,4.44,315.93925361,1444.3756085354,0.09097826494542444,0.06057352587183863
2012-02-21,4.44,4.58,4.3,4.58,358.44920149,1594.9600722991,0.07021407995498505,0.04698167868083052
2012-02-22,4.58,4.59,4.46,4.51,75.30876636,341.28637878790005,0.04322985591289671,0.025962174332794987
2012-02-23,4.51,5.22,4.51,5.22,714.84400933,3517.7242639057,0.1034246551570374,0.06489104270999171
2012-02-24,5.22,5.22,4.95,4.95,37.59711782,193.0820471292,0.07390794881843958,0.04393349625862243
2012-02-25,4.95,5.11,4.95,5.0,119.80740151,600.4251484491,0.0420066893123846,0.02522758792601767
2012-02-26,5.0,5.07,4.78,4.98,40.9,201.356,0.07919187742737127,0.03913609289750109
2012-02-27,4.98,5.1,4.95,5.04,309.05231411,1563.0551369691,0.05341903304587188,0.03448354897180171
2012-02-28,5.04,5.1,4.71,4.88,440.24138707000003,2211.4860958853,0.09003163704775466,0.05456081798424459
2012-02-29,4.88,5.0,4.85,4.99,242.23784635,1197.8301906631,0.040636622381136654,0.020389663461761104
2012-03-01,4.99,5.05,4.9,5.0,291.16358119,1454.7284847199,0.03744544205301546,0.028669835183929192
2012-03-02,5.0,5.0,4.64,4.79,245.97471171,1166.0076067561,0.07531341119291059,0.045772104185652446
2012-03-03,4.79,4.99,4.6,4.65,125.91831513999999,589.1830630948,0.06249062784815495,0.04207267402931318
2012-03-04,4.65,4.81,4.65,4.81,113.60841529999999,544.8639264962,0.02873676981573199,0.018250977429048385
2012-03-05,4.81,5.06,4.77,5.06,518.05455153,2569.3258252384003,0.057810675944871284,0.03596331141689325
2012-03-06,5.06,5.06,4.95,4.98,296.62794241999995,1481.581921144,0.03737986955810002,0.022894219423151323
2012-03-07,4.98,5.09,4.93,4.93,373.49234495,1896.2788914328999,0.041906193448750184,0.024629467824415233
2012-03-08,4.93,5.08,4.87,5.01,326.5657549,1620.1114751363,0.0559289339659071,0.03331518486496078
2012-03-09,5.01,5.07,4.93,4.93,277.58947934,1395.1648775096,0.049126027894328905,0.032333698552289916
2012-03-10,4.93,4.99,4.85,4.94,114.04892826,553.8809277536,0.03232739904190346,0.020620231317953486
2012-03-11,4.94,5.0,4.84,5.0,24.68252609,120.9774262756,0.03841855628944271,0.023072694436236687
2012-03-12,5.0,5.0,4.85,4.99,108.76167997,538.9385133808,0.0362015585225452,0.021741251587211595
2012-03-13,4.99,5.32,4.96,5.3,734.65394306,3707.2860354997,0.056798193510676574,0.039399151662716604
2012-03-14,5.3,5.44,5.27,5.27,1129.74327668,6048.403263084,0.06313601136439506,0.03628372688857647
2012-03-15,5.27,5.43,5.27,5.39,633.1678494700001,3393.7284138764,0.04275339496319071,0.022861628559675044
2012-03-16,5.39,5.41,5.26,5.26,157.69794429,844.7913420434,0.035488456818702885,0.021422313602308066
2012-03-17,5.26,5.42,5.26,5.42,143.87332861000002,775.7207260093,0.023597570176947077,0.014171785166220974
2012-03-18,5.42,5.42,5.24,5.25,412.66352117,2202.1427892767,0.05101623708719981,0.027638550159170515
2012-03-19,5.25,5.37,4.83,4.83,415.19375675000003,2104.6582326069,0.09306191600016897,0.05153583422057209
2012-03-20,4.83,4.97,4.79,4.79,279.75591707,1368.0482656684999,0.060116300659253906,0.03203783777678438
2012-03-21,4.79,4.96,4.79,4.96,9.32862903,46.034999988799996,0.024952981576978,0.0209447697764335
2012-03-22,4.96,4.98,4.72,4.91,396.4109947,1930.2849584147002,0.10006210165700526,0.05578283771274612
2012-03-23,4.91,4.91,4.6,4.78,393.13018483999997,1817.3381638341998,0.06844578848212746,0.046295977237548414
2012-03-24,4.78,4.83,4.62,4.83,191.53850932,920.2289075882002,0.050932147696390095,0.014931218238148962
2012-03-25,4.83,4.84,4.54,4.54,15.473571920000001,70.9029999878,0.08306032407378248,0.0558170914790382
2012-03-26,4.54,4.75,4.54,4.73,64.76455997000001,295.7070919641,0.05210946166723336,0.02858525025509558
2012-03-27,4.73,4.97,4.54,4.84,369.59079622999997,1769.3881485607,0.11662885964717244,0.06775093921763142
2012-03-28,4.84,4.95,4.72,4.93,418.64896346,2032.8573015644,0.08166778578459302,0.0456485911671175
2012-03-29,4.93,4.93,4.77,4.84,110.39370311,534.8413208622,0.04429144896748285,0.02648840360931255
2012-03-30,4.84,4.91,4.76,4.88,161.39879423,785.4470017654,0.050781514676814646,0.030940713360500777
2012-03-31,4.88,4.92,4.88,4.9,158.37378321,777.7858628531001,0.012237322842700064,0.007550085103500104
2012-04-01,4.9,4.9,4.77,4.89,308.5058652,1479.0448751928,0.027375896731412143,0.017223824799825805
2012-04-02,4.89,5.04,4.78,5.04,888.57861157,4378.9182317451005,0.06069510290912151,0.036468755940534434
2012-04-03,5.04,5.04,4.86,4.99,244.30290125,1214.3656798624,0.0500919396121545,0.029937012580791383
2012-04-04,4.99,5.01,4.86,5.01,305.43564088,1501.2434272138,0.04846629886285059,0.02857339490910589
2012-04-05,5.01,5.04,4.89,5.0,400.86488523,1989.753492304,0.053550065780370804,0.03249075001196163
2012-04-06,5.0,5.0,4.81,4.99,725.95771755,3543.608076411,0.04997630155569176,0.027777614808021725
2012-04-07,4.99,4.99,4.7,4.7,228.65562961,1094.2907018752,0.037459674195547195,0.022642080019210892
2012-04-08,4.7,4.8,4.69,4.76,177.21795867,842.0763482047,0.051138322978195365,0.02781287100910614
2012-04-09,4.76,4.85,4.7,4.75,158.55832457,756.9151739657,0.030166788644258674,0.018875067446249665
2012-04-10,4.75,4.87,4.75,4.8,314.81763742,1515.5588939252998,0.024148704196869566,0.014450142032689102
2012-04-11,4.8,4.92,4.78,4.92,425.60463177,2073.626295202,0.024347824472327417,0.014931114331400926
2012-04-12,4.92,4.93,4.73,4.93,756.7945518299999,3667.9453047336,0.05005758023872358,0.03737854512362184
2012-04-13,4.93,4.95,4.81,4.93,1102.2658949,5394.8317597558,0.033170321767686264,0.022557387468728006
2012-04-14,4.93,5.01,4.93,4.96,544.64998903,2707.9490056219,0.023514883274961842,0.016551408423073406
2012-04-15,4.96,4.99,4.92,4.99,114.97408628,569.9383100488001,0.010893298849923625,0.008750057760597865
2012-04-16,4.99,4.99,4.93,4.98,487.00754874,2414.1630031847,0.014951900104408136,0.009986465859068403
2012-04-17,4.98,4.99,4.95,4.98,282.51538718,1407.3817820282002,0.011730283726692587,0.007044753322776678
2012-04-18,4.98,5.18,4.98,5.16,839.9317501,4285.5020375455,0.04112429536040238,0.023389658600542505
2012-04-19,5.16,5.18,5.06,5.13,562.65170962,2877.4772999935,0.02765288558057809,0.01789807574931859
2012-04-20,5.13,5.38,5.09,5.38,372.83588987,1927.9868443264002,0.033638142271135256,0.02414416936939993
2012-04-21,5.38,5.43,5.19,5.24,301.94356518,1587.4797743979,0.023224961266049025,0.01797637039525686
2012-04-22,5.24,5.25,5.17,5.17,139.56864263,727.1889637002,0.017016826609435005,0.008605254150102682
2012-04-23,5.17,5.25,5.0,5.0,947.4609743799999,4872.6365753515,0.029459737415419133,0.022472971233092214
2012-04-24,5.0,5.15,4.98,5.08,1975.83110589,10046.043862451,0.02758291741181332,0.0161977118458576
2012-04-25,5.08,5.14,4.86,5.14,1634.21397671,8202.2249732677,0.04539381981637453,0.041943316537136156
2012-04-26,5.14,5.14,4.86,4.98,762.130218,3826.2806564479997,0.037421060707750524,0.031192453896446124
2012-04-27,4.98,5.08,4.98,5.04,718.01401093,3598.1844213409,0.02654475186925359,0.016207642019423072
2012-04-28,5.04,5.07,4.85,4.91,205.02552687,1016.1007515972001,0.03713791800005855,0.023409619396735106
2012-04-29,4.91,4.96,4.81,4.91,62.87862749,306.1257322288,0.03666292484134166,0.022018330299294443
2012-04-30,4.91,5.02,4.87,5.0,490.58077756,2426.6212173200997,0.03325769439558462,0.01717201978519132
2012-05-01,5.0,5.04,4.86,4.97,831.74622588,4137.623078048199,0.026874725844518114,0.022330163525667655
2012-05-02,4.97,5.15,4.97,5.06,495.31714339999996,2513.8511795117997,0.024157422763839986,0.017352468905384062
2012-05-03,5.06,5.13,5.05,5.1,645.0894015700001,3293.5167160677,0.014438450939182416,0.007914249950836769
2012-05-04,5.1,5.15,5.07,5.07,776.04276349,3974.3046203158,0.03184447559415502,0.01916439039872581
2012-05-05,5.07,5.11,5.04,5.04,415.56904636,2105.1062146391,0.012595334354140113,0.007474447416559769
2012-05-06,5.04,5.1,5.02,5.08,1234.04605556,6233.912348589,0.02384436500069982,0.013931148761750334
2012-05-07,5.08,5.08,4.97,5.05,874.4786445899999,4402.08111564,0.019800472415805653,0.01298195424069686
2012-05-08,5.05,5.08,4.99,5.02,640.55868732,3231.8039094061,0.020707955591297306,0.013847886639852456
2012-05-09,5.02,5.08,5.01,5.02,350.28159466,1764.4997703709998,0.016799487026664492,0.009586085714346944
2012-05-10,5.02,5.04,4.87,4.87,907.11429341,4522.1581630263,0.03750408492422824,0.025286390307109496
2012-05-11,4.87,4.97,4.87,4.95,413.82665677,2038.7980662683,0.029620132157661568,0.018037735388819916
2012-05-12,4.95,4.97,4.91,4.91,219.33389116,1080.6297408425,0.008086027703348049,0.005434720067798812
2012-05-13,4.91,4.95,4.91,4.94,395.46296566,1954.2939345343002,0.008361850610280724,0.005021803073466366
2012-05-14,4.94,4.99,4.88,4.93,718.7291176800001,3540.6771150055,0.025415284080084123,0.019028540425976303
2012-05-15,4.93,5.01,4.9,4.95,600.99596383,2983.3162499811,0.023374510361907755,0.015030815748313366
2012-05-16,4.95,5.04,4.95,5.04,178.0332215,891.9388956380001,0.016390877771100158,0.009238893155696211
2012-05-17,5.04,5.04,5.01,5.02,611.21283218,3071.3816680406,0.007447158866898174,0.0043091706057446786
2012-05-18,5.02,5.07,5.02,5.07,912.52426975,4607.7864826144,0.008636491294250332,0.005830859397408822
2012-05-19,5.07,5.08,5.05,5.07,168.0059752,851.5644531923999,0.008380088900732267,0.005032756283145929
2012-05-20,5.07,5.08,5.03,5.03,26.40212653,133.9641947714,0.021309366106130767,0.011335371416936095
2012-05-21,5.03,5.09,5.01,5.08,354.05739561,1791.5557771311,0.022668165681954705,0.014177362572738925
2012-05-22,5.08,5.08,5.0,5.03,678.0675854599999,3423.8460184253,0.021810556380394166,0.013626485550228721
2012-05-23,5.03,5.1,5.02,5.1,558.15131265,2826.7712158833997,0.02460472743870743,0.014142915230557681
2012-05-24,5.1,5.12,5.04,5.12,904.74009563,4607.7137601301,0.017358654837751574,0.011980624023147021
2012-05-25,5.12,5.12,5.08,5.08,274.91026252,1398.6045821127,0.006790167553876568,0.004077911204188047
2012-05-26,5.08,5.09,5.06,5.07,388.70621698,1977.8834187726002,0.006535241830184506,0.0037421631402637357
2012-05-27,5.07,5.08,5.0,5.07,913.52967246,4616.745080847,0.016110738637287948,0.011365414410595506
2012-05-28,5.07,5.08,5.07,5.07,180.68383316999999,917.6896741242,0.003940887974597462,0.0023667444284030375
2012-05-29,5.07,5.12,4.95,5.11,1341.51430437,6802.9235553941,0.034748977328004756,0.029177258090830868
2012-05-30,5.11,5.14,5.07,5.14,748.4016813000001,3831.7613815710997,0.022433275115126543,0.012510002473551603
2012-05-31,5.14,5.17,5.1,5.17,1102.63991433,5652.6843044818,0.024762637190930113,0.014726893661178677
2012-06-01,5.17,5.24,5.16,5.22,473.66441064,2467.6077451868,0.029381040763656933,0.01705693582526526
2012-06-02,5.22,5.22,5.17,5.19,192.43478463,999.613877061,0.008822007985397734,0.00503806509821084
2012-06-03,5.19,5.2,5.19,5.19,14.33475413,74.44737393470001,0.0038498568191687177,0.0016348836622537913
2012-06-04,5.19,5.24,5.14,5.22,1359.1183093,7044.350375591901,0.02760446114313544,0.019054330361879614
2012-06-05,5.22,5.49,5.22,5.37,929.19495142,4983.2841636422,0.03519186319060906,0.023181463795337823
2012-06-06,5.37,5.49,5.37,5.41,770.84630967,4196.6262143432,0.024518298580886014,0.01489840166320693
2012-06-07,5.41,5.53,5.4,5.53,1412.87520676,7733.954584711,0.019216884421681103,0.013198391323523118
2012-06-08,5.53,5.63,5.46,5.61,1397.44902146,7776.2734649982,0.040501654844183235,0.020630572509307468
2012-06-09,5.61,5.62,5.47,5.48,353.65603433,1971.1124469708,0.028327602771498678,0.015847904238943295
2012-06-10,5.48,5.54,5.42,5.42,270.95117634999997,1480.5664302413,0.025960290323199346,0.01651009319568205
2012-06-11,5.42,5.57,5.4,5.52,667.67216608,3645.6147148655,0.027062071540659975,0.01699173416556645
2012-06-12,5.52,5.9,5.52,5.71,9330.40796353,54743.7072916046,0.05355903762604309,0.03966361487105105
2012-06-13,5.71,6.0,5.71,5.86,1690.1974072799999,9900.9484852704,0.04778374808644887,0.02910306906448617
2012-06-14,5.86,5.91,5.79,5.9,3236.5087261,18900.5177439187,0.02938842428648747,0.016531298644126315
2012-06-15,5.9,6.42,5.56,6.42,2041.44728739,11960.9310047041,0.0916628803481635,0.0488840281419327
2012-06-16,6.42,6.52,6.12,6.41,1010.13937541,6426.6981397981,0.07685599650904373,0.048923401601614167
2012-06-17,6.41,6.47,6.13,6.19,424.19045736,2679.6473994523,0.0562193823881054,0.03520177662477739
2012-06-18,6.19,6.34,5.98,6.06,2483.09865301,15254.3905026713,0.05873637604119474,0.0374908936363577
2012-06-19,6.06,6.49,6.06,6.46,1389.04883704,8909.5648424344,0.0590523724300612,0.036003831815605146
2012-06-20,6.46,6.65,6.26,6.64,2075.9845673199998,13563.7393979489,0.06512494319257073,0.03881162635936333
2012-06-21,6.64,6.69,6.64,6.64,480.84201914,3201.6583258619,0.012199982321667049,0.006440242663783697
2012-06-22,6.64,6.67,6.48,6.59,963.16079856,6367.1512794539,0.03227498329842708,0.022565464067723032
2012-06-23,6.59,6.61,6.33,6.45,1137.14132849,7323.6782989635,0.03659604456396798,0.024400918899039354
2012-06-24,6.45,6.45,6.35,6.4,599.17294991,3831.4703596371,0.033990436333379746,0.01966093296229518
2012-06-25,6.4,6.4,6.11,6.26,1956.72821549,12219.5911140515,0.029326593836165937,0.018379703352979806
2012-06-26,6.26,6.46,6.17,6.41,2273.09860085,14405.3080571839,0.0594423049347587,0.039338191817831075
2012-06-27,6.41,6.68,6.34,6.49,11231.77828715,73435.9791801157,0.040037735520615805,0.02896859652728438
2012-06-28,6.49,6.54,5.99,6.5,4266.15056833,26765.3294044976,0.1245832551940513,0.05489133015608159
2012-06-29,6.5,6.63,6.49,6.52,8127.55500191,52903.5396040887,0.03464397258502506,0.024089122576796074
2012-06-30,6.52,6.61,6.5,6.61,828.0520601200001,5402.5661965176,0.028305827952243085,0.015755778941584902
2012-07-01,6.61,6.62,6.52,6.52,332.44372303,2178.1454554695,0.01767807429393625,0.01049361151265472
2012-07-02,6.52,6.64,6.52,6.61,1792.23613156,11809.338758862,0.02730334084276363,0.015854165181414307
2012-07-03,6.61,6.66,6.4,6.44,1936.3905711,12721.49791623,0.041453468295664105,0.026602531426078928
2012-07-04,6.44,6.55,6.36,6.44,2014.68873242,13036.2920344212,0.03455732315692609,0.0253279937853572
2012-07-05,6.44,6.66,6.44,6.6,1406.97193178,9293.4624003037,0.031957132307196254,0.021069932759966603
2012-07-06,6.6,6.6,6.39,6.59,1662.61510481,10834.8530804453,0.03330083950163503,0.020325736228172086
2012-07-07,6.59,6.79,6.56,6.79,1408.4798228,9389.9046557768,0.03448821491650899,0.022998220152357626
2012-07-08,6.79,6.8,6.45,6.73,830.3709043599999,5472.1366575592,0.042427039967294966,0.033781723775168304
2012-07-09,6.73,6.99,6.55,6.94,1751.75552753,11887.4727603032,0.07657200077740933,0.04619111166535794
2012-07-10,6.94,7.13,6.94,7.08,1495.1442887,10504.0869387731,0.0277562292040481,0.01966804325839543
2012-07-11,7.08,7.15,7.04,7.14,751.66207543,5346.7212492719,0.02366283840577178,0.014109225742984255
2012-07-12,7.14,7.59,7.1,7.59,2325.83757492,16722.5233239519,0.03739882655475931,0.03906093125213351
2012-07-13,7.59,7.69,7.46,7.59,1204.54573744,9145.294052405001,0.04673581691237543,0.028236189183099298
2012-07-14,7.59,7.59,7.44,7.55,717.31461971,5406.650810734,0.023873374940656153,0.015422068958794716
2012-07-15,7.55,7.57,7.4,7.57,322.39208253000004,2420.4407612744,0.02222188030316536,0.013653733737877803
2012-07-16,7.57,8.3,7.14,8.3,3680.08259313,28104.5170679973,0.12012485663090268,0.08210903011789653
2012-07-17,8.3,8.8,7.7,8.55,3658.89689036,30067.0070211508,0.1550762367994261,0.10513480784615778
2012-07-18,8.55,9.15,8.36,9.0,2613.84283038,22804.6606550362,0.1664588614481353,0.07978062146291334
2012-07-19,9.0,9.2,8.76,8.76,2512.84139938,22760.6612632951,0.02700580162089579,0.024215111813808133
2012-07-20,8.76,8.76,7.93,8.44,1378.66512931,11288.2453406857,0.09333838877994524,0.06314066158728172
2012-07-21,8.44,8.91,8.2,8.74,2380.64465914,20581.0126475012,0.07214297836863447,0.05599524049741983
2012-07-22,8.74,8.8,8.3,8.42,1483.54734476,12711.4729996844,0.058130403664701145,0.043384730450456536
2012-07-23,8.42,8.88,8.1,8.59,2585.86162064,22230.9621727568,0.07180024106537747,0.05347051052251656
2012-07-24,8.59,8.8,8.25,8.61,1298.89850451,11149.272009005399,0.06444306399290792,0.04193038739621898
2012-07-25,8.61,8.64,8.24,8.64,1795.45977381,15283.3234662266,0.05460168507449458,0.03748909313792529
2012-07-26,8.64,8.83,8.45,8.75,837.67858918,7229.4001960527,0.047836268097423244,0.036493882660616574
2012-07-27,8.75,8.91,8.75,8.83,687.49671529,6096.9595419395,0.025161995070266573,0.01596461403673548
2012-07-28,8.83,9.0,8.78,8.88,1498.92603223,13344.6502791166,0.026412344188839632,0.014478659858614509
2012-07-29,8.88,8.88,8.7,8.71,590.37066164,5154.1113710233,0.014982507564551942,0.009978328605047063
2012-07-30,8.71,9.0,8.54,9.0,2423.61350598,21075.4055459415,0.04165618492607326,0.02791660363977063
2012-07-31,9.0,9.28,8.92,9.28,1324.42575089,12146.7128044834,0.04663477979096282,0.02893300253121355
2012-08-01,9.28,9.5,8.9,9.45,2419.60607326,22573.4734568754,0.05653128637839675,0.04168947750964914
2012-08-02,9.45,10.52,9.4,10.44,2209.70926083,21163.1186462931,0.06623271850272136,0.05161709333414306
2012-08-03,10.44,12.0,10.1,10.79,2419.4134313,26092.600383268,0.20326678934680784,0.11217607142662635
2012-08-04,10.79,11.2,10.5,10.51,635.36838136,6820.989006463,0.08480520015720282,0.05514495165538612
2012-08-05,10.51,10.93,10.29,10.71,1906.7619071,19942.7736403836,0.0915678344664135,0.05354993744387643
2012-08-06,10.71,10.99,10.43,10.84,2070.07812125,22226.5472941695,0.045751454335186674,0.03197158057272879
2012-08-07,10.84,10.87,10.72,10.75,1039.03555,11186.4242334604,0.024648700665120593,0.015161474111975843
2012-08-08,10.75,11.04,10.7,10.99,2746.09461909,29941.506798151102,0.04422302642047162,0.02719609428761334
2012-08-09,10.99,12.49,10.79,11.0,2432.99473283,27275.3810777345,0.14923257897375528,0.08554258239366497
2012-08-10,11.0,11.5,10.9,11.32,2554.4390557799998,28350.1905907713,0.0619218612416548,0.0422946669337138
2012-08-11,11.32,11.4,11.25,11.38,358.81692698,4060.1784184474,0.016227783957030614,0.01183476730323391
2012-08-12,11.38,11.69,11.34,11.49,838.43263007,9609.1205630996,0.05131211898641081,0.03081490257026422
2012-08-13,11.49,11.98,11.4,11.89,3499.58597117,40687.7353618826,0.10660848951192312,0.05982637059852204
2012-08-14,11.89,12.3,11.81,12.25,1925.97314893,23220.3191604135,0.037715475495191136,0.024000095618706967
2012-08-15,12.25,13.2,12.13,13.01,1592.26779358,19919.9258176395,0.06575237099604293,0.040131831851685035
2012-08-16,13.01,13.5,12.75,13.42,1529.32907411,20346.0801631214,0.07218159548194297,0.04162939154421726
2012-08-17,13.42,16.41,11.5,12.5,4868.27886465,68984.4128610837,0.2773976193172404,0.23682638317017318
2012-08-18,12.5,12.99,11.11,11.54,2511.36721759,29173.7950370976,0.20136019773337233,0.13279355016986552
2012-08-19,11.54,11.86,7.1,8.06,5427.25152631,48695.1083197346,0.35438050663711457,0.18712958565084697
2012-08-20,8.06,10.33,7.86,10.05,3382.49965273,30656.1240269066,0.2345685835134361,0.16767297928714378
2012-08-21,10.05,10.51,9.53,10.18,3384.91944343,34340.1017782887,0.16680115902082154,0.08973892084433234
2012-08-22,10.18,10.71,9.75,9.96,8193.33129544,84367.6174625357,0.13354995823745727,0.08098146699861945
2012-08-23,9.96,10.19,9.78,10.02,2710.255412,27086.8577122662,0.057224228279602836,0.0313376856622565
2012-08-24,10.02,10.51,9.83,10.37,4170.89273973,42191.1107419967,0.053060816872981774,0.04136774627917457
2012-08-25,10.37,10.58,10.14,10.57,581.27122837,6033.5413579802,0.06831715944226724,0.04024071303548091
2012-08-26,10.57,10.62,10.2,10.31,1412.06354452,14781.2255056526,0.07873792485867351,0.04290158283707147
2012-08-27,10.31,11.93,10.31,10.78,4283.77447562,47637.5002307823,0.15682797599658618,0.09545807550444609
2012-08-28,10.78,11.21,10.63,11.0,2970.10121301,32514.1665382249,0.09835978998500472,0.05652064689903453
2012-08-29,11.0,11.05,10.49,10.78,4768.86011118,51397.7815215736,0.11902131133162301,0.059308554585875535
2012-08-30,10.78,10.91,10.51,10.65,1513.88396985,16230.4879471865,0.06988398142512765,0.04431857640575532
2012-08-31,10.65,10.8,9.69,10.16,2915.12925668,29995.5016774645,0.08978571153269942,0.05644772296965379
2012-09-01,10.16,10.2,9.85,9.91,665.20204584,6629.3902898676,0.06340821689383883,0.03412650978271028
2012-09-02,9.91,10.18,9.49,10.18,1340.45182161,13272.5606886066,0.06608729871927839,0.04470415038881988
2012-09-03,10.18,10.55,9.95,10.55,1166.65101376,12050.1500239841,0.07101434294456431,0.03485609222769051
2012-09-04,10.55,10.55,10.14,10.36,2649.65990947,27349.5234597034,0.05532614451379525,0.035461126424284416
2012-09-05,10.36,10.99,10.12,10.99,1870.38903071,19599.790159139,0.062239036255523315,0.042506261580594826
2012-09-06,10.99,11.15,10.68,11.02,3296.23211519,35839.0374744418,0.06187565194553228,0.041313429955655234
2012-09-07,11.02,11.1,10.83,11.03,1351.7701121,14870.4442834606,0.05398829829878143,0.03476256145300448
2012-09-08,11.03,11.11,10.3,10.97,1355.12940957,14733.6865639112,0.11165186126860017,0.05744280900324901
2012-09-09,10.97,11.04,10.84,10.98,1216.12471856,13256.7998369951,0.036138670777154804,0.022848618798812212
2012-09-10,10.98,11.08,10.74,10.95,2492.06090795,27180.398516855697,0.05266397576166575,0.03391302896571137
2012-09-11,10.95,11.04,10.38,11.04,4794.96358934,51752.698743457404,0.13476792380710176,0.06525287857087607
2012-09-12,11.04,11.14,10.75,11.14,2414.68753316,26594.964070103,0.06634183750934404,0.036709024630346344
2012-09-13,11.14,11.42,10.98,11.3,2138.98077281,24094.8215283189,0.05276995868802704,0.03033750251161278
2012-09-14,11.3,11.7,11.05,11.5,2127.29435418,24099.8241572549,0.06187371221433595,0.042884340487202334
2012-09-15,11.5,11.65,11.35,11.63,594.79395476,6865.8745055153995,0.05978278813248633,0.030400925878530428
2012-09-16,11.63,11.8,11.53,11.75,1287.40625221,15021.5222327315,0.040511769783839316,0.025062347871420705
2012-09-17,11.75,11.88,11.58,11.85,689.94090289,8101.2043184584,0.05355495188409592,0.029712807290215946
2012-09-18,11.85,12.28,11.67,11.91,3735.01772907,44345.282139979005,0.05865458491944259,0.032742361412280555
2012-09-19,11.9,12.5,11.9,12.32,1251.58348152,15402.6146477323,0.06915682733385138,0.036700440943471725
2012-09-20,12.32,12.66,12.28,12.28,767.93391028,9533.5402488988,0.05461436627119695,0.0318158101861189
2012-09-21,12.28,12.35,12.01,12.19,1990.3901719,24229.9891763945,0.0621736250350873,0.038704887087843136
2012-09-22,12.19,12.25,11.97,11.97,818.0470256899999,9870.3882246583,0.03990680689911136,0.022413672785436167
2012-09-23,11.97,12.11,11.79,11.99,1084.46274346,12903.905156381501,0.05144203463738235,0.02780248807861622
2012-09-24,11.99,11.99,11.69,11.9,1523.1995401,18062.094628539802,0.03984628161325831,0.026211714104842056
2012-09-25,11.9,12.18,11.56,11.75,3057.44986023,36351.3953970421,0.06598644391885454,0.043902697612254404
2012-09-26,11.75,12.2,11.53,12.2,3038.10509727,36578.3754337993,0.0705894722466969,0.056552587169559985
2012-09-27,12.2,12.38,11.84,12.22,3306.14546315,40054.1277793809,0.06780839168871741,0.04450760538077109
2012-09-28,12.22,12.28,11.53,12.28,2842.62287799,34196.373858088904,0.0642094779699357,0.048189921814844855
2012-09-29,12.28,12.28,12.12,12.28,584.15406141,7132.6070160730005,0.028573204496417655,0.014934240027164708
2012-09-30,12.28,12.28,12.17,12.22,173.21424584,2111.7153032810998,0.013927387219318028,0.008841401703839418
2012-10-01,12.22,12.27,11.6,12.14,3151.92775768,37870.9312494506,0.060221518019199276,0.03285157962188698
2012-10-02,12.14,12.7,12.14,12.64,4634.41770999,57717.9527673688,0.06724133598317836,0.04432662599274503
2012-10-03,12.64,12.99,12.45,12.9,4948.45567245,63273.193143085,0.05613866906087576,0.032093424608246074
2012-10-04,12.9,12.9,12.51,12.57,3211.88600053,40791.6071604522,0.06284703931419208,0.035336854664962086
2012-10-05,12.57,12.7,11.5,12.5,5459.56068828,67390.6075985838,0.10475806506308788,0.06437340417094967
2012-10-06,12.5,12.6,12.06,12.39,1640.4168496300001,20387.5743550044,0.05557395433627294,0.03280023308587688
2012-10-07,12.39,12.45,11.52,11.71,3262.84750727,39138.520789144,0.07645700323814973,0.043453680417286325
2012-10-08,11.71,11.99,10.42,11.62,2885.95781205,31966.4948340316,0.12417738086440293,0.07610001931969239
2012-10-09,11.62,12.26,11.52,11.99,1933.93908899,23068.0513555933,0.06603710172447955,0.042952444257804666
2012-10-10,11.99,12.25,11.79,12.24,2369.71836117,28378.01214569,0.03815079907398714,0.022331710019920167
2012-10-11,12.24,12.24,11.58,12.09,2349.86047287,27791.8252686653,0.09244303434785744,0.05441603216982928
2012-10-12,12.09,12.1,11.81,11.9,735.71660723,8827.1448329086,0.0394119965779139,0.02479314087622
2012-10-13,11.9,12.0,11.81,11.85,486.61590663,5795.0729482383,0.032356805193517205,0.01821280979420371
2012-10-14,11.85,11.9,11.79,11.79,336.21764746,3980.7367576976,0.017057513709981643,0.010589724210543728
2012-10-15,11.79,11.84,11.03,11.66,3425.95800654,39324.8000810336,0.11312255141945303,0.06201019967230745
2012-10-16,11.66,11.94,11.17,11.92,1004.4996770500001,11664.1436482427,0.10196979534560635,0.061085120608281286
2012-10-17,11.92,11.97,11.15,11.88,3020.8905373400003,35322.1623358228,0.07617050749568408,0.047540782868865934
2012-10-18,11.88,11.9,11.55,11.8,1277.75425699,15051.1216613992,0.03973142638041294,0.025463954465028187
2012-10-19,11.8,11.84,11.5,11.67,10149.00152833,118968.20667462269,0.040344576423687176,0.022885177808369555
2012-10-20,11.67,11.7,11.53,11.6,704.85501096,8189.8266836459,0.01766030550141671,0.012786509619193831
2012-10-21,11.6,11.68,11.29,11.32,2048.2603274,23456.1504337065,0.04390395947675348,0.03079510970313328
2012-10-22,11.32,11.57,11.27,11.49,1913.11800635,21971.7987743041,0.06296103683157625,0.035835930602828275
2012-10-23,11.49,11.7,11.25,11.58,2717.11005347,31255.306173078,0.075097378592665,0.04831360505204822
2012-10-24,11.58,11.62,11.01,11.4,3180.17696523,36152.4087323787,0.10624508225060882,0.06154995309539573
2012-10-25,11.4,11.4,10.4,10.55,3077.54063611,33890.7565056401,0.08210126092837866,0.052079193316653394
2012-10-26,10.55,10.84,9.68,10.0,2384.6465122199997,24699.886792046,0.0983704647439063,0.060404012083993666
2012-10-27,10.0,10.75,9.5,10.43,1989.47751313,19852.6932251829,0.10781837050473508,0.07602598438572535
2012-10-28,10.43,10.75,10.3,10.54,972.31928641,10231.241642609899,0.065410503791914,0.03660281063690713
2012-10-29,10.54,10.8,10.32,10.8,2655.79081055,28204.6588217348,0.06407445856506004,0.03868063891707574
2012-10-30,10.8,10.81,10.43,10.8,2780.31469798,29647.2141097103,0.06358212054234244,0.034810211469744556
2012-10-31,10.8,11.0,10.66,11.0,3057.67949806,33154.9314685101,0.046562622055950395,0.02847847032282365
2012-11-01,11.0,11.05,10.63,10.85,1726.98832092,18874.2849178117,0.08417866567149616,0.0377268074102459
2012-11-02,10.85,10.96,10.45,10.67,2477.44954182,26432.7487198947,0.07235495770353347,0.038427728910467376
2012-11-03,10.67,10.69,10.41,10.66,1572.81466123,16585.4817158098,0.06570164812987359,0.04037621553339806
2012-11-04,10.66,10.68,10.4,10.64,2010.40623271,21143.5689382007,0.04882123965523522,0.03125060538557915
2012-11-05,10.64,10.8,10.5,10.78,5531.261206419999,58618.2438664231,0.04492824670281819,0.029063672012713312
2012-11-06,10.78,10.8,10.51,10.74,3348.91281134,35643.3918357,0.08444996430467817,0.04299140086662256
2012-11-07,10.74,10.84,10.45,10.8,4027.9994833,43030.8551574888,0.08630719301074759,0.05186588541129604
2012-11-08,10.8,10.83,10.25,10.81,2930.3994993,31009.784054164702,0.08409375623346219,0.0487359716090427
2012-11-09,10.81,10.84,10.61,10.8,2342.58038373,25220.4426370669,0.03964272238094101,0.02688109674489374
2012-11-10,10.8,10.87,10.63,10.81,1074.44382044,11573.6731380843,0.037354287070389895,0.021793066268331766
2012-11-11,10.81,10.85,10.64,10.82,650.67843328,6978.7116127401,0.033361636616879,0.021763093819018458
2012-11-12,10.82,10.92,10.72,10.87,1146.3177332,12439.9617078171,0.03384680965138685,0.020657768376792424
2012-11-13,10.87,10.99,10.76,10.87,2565.61377888,27994.5829191791,0.03498988091387234,0.020204370378796032
2012-11-14,10.87,10.98,10.74,10.97,1294.56300651,14129.0432891688,0.030589223368995683,0.01970149961537197
2012-11-15,10.97,11.05,10.81,11.05,2452.65680751,26918.490527621,0.03448966928236654,0.01710910287003113
2012-11-16,11.05,11.6,10.96,11.46,7094.45117038,79245.1308595897,0.08045831116420155,0.05151208043540719
2012-11-17,11.46,11.65,11.45,11.57,795.35041288,9173.9559409172,0.03734005530942284,0.01922700886494208
2012-11-18,11.57,11.65,11.32,11.51,1033.46070105,11853.2272763959,0.0446628500323653,0.023241643057317907
2012-11-19,11.51,11.65,11.03,11.65,4206.61783947,47842.4174359665,0.09960412558065694,0.05537297060275811
2012-11-20,11.65,11.69,11.44,11.65,2524.49574606,29269.0900995391,0.05234593521572869,0.027876662353591593
2012-11-21,11.65,11.67,11.34,11.67,3449.3800311,39745.149894875896,0.04635579057051858,0.027727734266554154
2012-11-22,11.67,12.12,11.55,11.88,10030.59751843,118541.732693052,0.09188169480936774,0.05455841959284335
2012-11-23,11.86,12.16,11.66,12.16,2085.93949655,25156.6951798165,0.07668785831198766,0.04192040259086893
2012-11-24,12.16,12.29,12.06,12.25,1378.94883856,16780.8785144457,0.026450324243862434,0.016362843560363563
2012-11-25,12.25,12.35,12.2,12.31,1110.26121167,13638.5079143651,0.03658064224537392,0.021001416794008923
2012-11-26,12.31,12.4,12.11,12.2,4569.27484855,55841.809074445,0.027294624523575575,0.020936338018258335
2012-11-27,12.2,12.23,11.75,12.07,3692.25210948,44233.499551417,0.06465575983926129,0.034700767300269414
2012-11-28,12.07,12.74,11.93,12.22,4332.17242762,52664.173848394,0.04298737694092277,0.03742119708919847
2012-11-29,12.22,12.41,12.1,12.37,3553.57577684,43611.5240471341,0.04429198733568224,0.023829521434047048
2012-11-30,12.37,12.45,12.2,12.43,3472.32663909,42859.0737124767,0.03801096800625605,0.02051486703616217
2012-12-01,12.43,12.46,12.31,12.34,2513.84899834,31176.531831490498,0.018501067666995063,0.013163643236722438
2012-12-02,12.34,12.46,12.24,12.42,1741.38980028,21547.8977476542,0.03317926394669989,0.019509630933373132
2012-12-03,12.46,12.6,12.32,12.6,5124.74579588,63739.7146707101,0.033757658090363275,0.019581647432871014
2012-12-04,12.6,13.01,12.42,12.59,5524.27022114,70221.5518000535,0.05376575656744601,0.03164784690108687
2012-12-05,12.59,13.43,12.59,13.2,3202.16066697,42035.2710256772,0.0668943575549273,0.03965091131457078
2012-12-06,13.2,13.59,13.02,13.45,4479.8787206,59510.7296439395,0.0869888265014893,0.045712747539469537
2012-12-07,13.45,13.48,13.11,13.37,3494.46597785,46605.1795526142,0.061874394195452806,0.035849155563131056
2012-12-08,13.37,13.37,13.3,13.36,509.44467265,6792.1077301502,0.009631563898929345,0.005765834488741066
2012-12-09,13.35,13.36,13.1,13.29,1187.24480088,15668.931504504,0.035041087837277766,0.018798415516901
2012-12-10,13.29,13.4,13.03,13.3,6444.03315201,85381.3979633777,0.05191764642155571,0.028220326957888616
2012-12-11,13.3,13.41,13.13,13.35,2641.35197436,35197.7626613405,0.04098365913294972,0.024501243158198936
2012-12-12,13.35,13.49,13.23,13.49,3925.65665283,52580.9733694467,0.021856227783694282,0.014821674392987514
2012-12-13,13.49,13.52,13.05,13.52,5259.54363934,70118.794775698,0.05636023975462175,0.035896804917296535
2012-12-14,13.52,13.94,13.38,13.51,5949.65698329,81289.5668788658,0.05402041493740396,0.029904076546388884
2012-12-15,13.51,13.57,13.28,13.38,1531.92100659,20410.9091598615,0.02592319394733446,0.01640450842573568
2012-12-16,13.38,13.44,13.27,13.27,1217.80887677,16249.5772392908,0.02306797377502443,0.013566616457389961
2012-12-17,13.27,13.29,12.85,13.2,5313.36578294,69259.8305894875,0.0603454698854407,0.03833212356054097
2012-12-18,13.2,13.62,12.75,13.13,5416.93282338,70570.6506460514,0.0839226964245262,0.0562783911568446
2012-12-19,13.13,13.4,13.0,13.4,4893.71657021,64670.616642026,0.06160865585650201,0.03575106676888064
2012-12-20,13.4,13.44,13.14,13.35,1866.13166051,24822.6788904751,0.05389095989185207,0.028740960480819974
2012-12-21,13.35,13.41,13.2,13.2,2559.57635586,33923.7972946653,0.042187503126917714,0.023586107118545384
2012-12-22,13.2,13.37,13.11,13.2,870.39564745,11517.109667542,0.025845196622870777,0.01733299666289581
2012-12-23,13.2,13.29,13.04,13.14,518.01209598,6803.8442213408,0.026065390040912455,0.017318958516303946
2012-12-24,13.14,13.24,13.01,13.23,1511.90177224,19796.3313991738,0.049198176124055956,0.02432948916551412
2012-12-25,13.23,13.25,13.09,13.24,1136.04126972,14941.1297016676,0.03954158083507904,0.02021054078706197
2012-12-26,13.24,13.24,13.01,13.18,2247.7983618,29346.0736925454,0.03822535346866438,0.022856133462023736
2012-12-27,13.18,13.25,12.91,13.2,3347.61148062,43798.434677844,0.04105003555561516,0.02624291418558513
2012-12-28,13.2,13.29,13.01,13.18,4176.8818021,54917.6195230806,0.040601047157324405,0.024470336286368546
2012-12-29,13.18,13.28,13.11,13.22,274.78659657,3632.4189619374,0.021778333477246826,0.010775044548670341
2012-12-30,13.22,13.29,13.1,13.2,1020.8902326799999,13511.1730807117,0.02431711516347082,0.015535802272364846
2012-12-31,13.2,13.29,13.05,13.24,1641.78561179,21620.1185846711,0.030133892494020553,0.017661090660660045
2013-01-01,13.24,13.24,12.77,13.22,2116.9294086200002,27539.3505454533,0.04103530376127393,0.027835517012511433
2013-01-02,13.22,13.22,12.98,13.09,1840.84872373,24109.3629515334,0.028097596012417788,0.01844933341581608
2013-01-03,13.09,13.26,12.96,13.19,3320.9720537,43615.8599552411,0.0391963438676316,0.023849414068166253
2013-01-04,13.12,13.24,12.84,13.19,2700.25350741,35360.2595900578,0.04059555037238563,0.028443761585372256
2013-01-05,13.19,13.19,13.03,13.15,1463.53584867,19223.612653811,0.024442939626369932,0.013143865917256057
2013-01-06,13.15,13.15,13.06,13.15,453.5630895,5943.3225262685,0.021282197611433677,0.011850856359650594
2013-01-07,13.15,13.2,13.04,13.2,3935.24845698,51750.1232627086,0.02966329637396391,0.0157490776461592
2013-01-08,13.2,13.5,13.05,13.5,6086.27515492,81170.9931192963,0.04340521654565768,0.024308416711317435
2013-01-09,13.5,13.65,13.18,13.58,4640.26739318,62293.9513242267,0.05605380491869645,0.03422057065169847
2013-01-10,13.58,14.19,13.5,14.0,3719.44737915,51320.6272476937,0.0475290182716876,0.030704756700333905
2013-01-11,14.0,14.1,13.85,14.0,2405.62603846,33626.8807961466,0.03814782251858845,0.02166012644218825
2013-01-12,14.0,14.07,13.84,13.89,2245.5631997,31290.4837065148,0.030330984608873155,0.022156274873961868
2013-01-13,13.89,14.03,13.54,13.64,1578.50971345,21703.7147550704,0.04933120595874503,0.037057580723594385
2013-01-14,13.64,14.1,13.5,14.1,4314.60459809,60177.632757014,0.04277544685362626,0.028457235198022585
2013-01-15,14.1,14.32,13.88,14.2,4961.37905221,70171.4286738309,0.05113854993788775,0.03523522572447265
2013-01-16,14.2,14.65,14.01,14.53,5436.22875828,78310.7506325157,0.036686722165863495,0.026578071728410382
2013-01-17,14.53,15.47,14.45,15.36,5227.75642184,78137.1255057079,0.05730741925547254,0.036371541619855875
2013-01-18,15.36,15.7,15.17,15.57,6749.5256782,104417.23538552641,0.05518405657717295,0.03246279958455235
2013-01-19,15.57,15.65,15.32,15.38,1993.54022684,30690.143232860402,0.03969512449317032,0.023590155919607208
2013-01-20,15.38,15.69,15.38,15.5,1427.76747178,22158.0647352684,0.04518722448137164,0.025129873731601454
2013-01-21,15.5,16.98,15.45,16.52,5634.62820353,91824.2567979625,0.07956327592100824,0.05039750298861276
2013-01-22,16.52,17.6,16.45,17.35,3827.75700027,65883.7129784915,0.05722403104691,0.04388126172859274
2013-01-23,17.35,17.6,16.86,17.5,4853.15538002,83890.242278816,0.040948328426959724,0.030542571492657336
2013-01-24,17.5,19.2,16.0,17.29,14880.17041128,269238.647306805,0.1173016943702648,0.09946463221232542
2013-01-25,17.29,17.72,16.12,17.49,5131.56268928,87752.3769199845,0.09143221609617191,0.0613213520155772
2013-01-26,17.49,17.49,16.67,17.49,2485.89670409,42396.2621278947,0.068815906956794,0.04058464346722602
2013-01-27,17.49,17.6,17.08,17.6,2589.57418764,45215.7834130985,0.04010827921079096,0.02446073041197772
2013-01-28,17.6,18.74,17.48,18.67,5344.51893733,96390.61408431029,0.05906829970220939,0.03433413623178393
2013-01-29,18.6,19.85,18.53,19.35,4541.64000435,87123.8588863144,0.07699829099935353,0.05510754600852045
2013-01-30,19.46,19.47,18.85,19.45,2557.50773646,48878.1299651017,0.05524727564182082,0.03578722864887683
2013-01-31,19.45,21.0,19.27,20.46,5738.86115204,115283.0310171798,0.07107094523569393,0.045805333164563915
2013-02-01,20.46,20.9,20.04,20.35,3503.83130961,72065.5263445167,0.06189878338296434,0.03380761475920691
2013-02-02,20.35,20.53,19.5,19.82,4786.977974,94149.0487956453,0.048393366898003366,0.030968786875899067
2013-02-03,19.82,20.59,19.57,20.29,2479.42164405,50042.8815653437,0.03777337374677501,0.029083530386674588
2013-02-04,20.29,20.7,19.9,20.3,4506.95113427,92063.4709049311,0.05940025180927969,0.034495636745531015
2013-02-05,20.3,20.69,20.08,20.5,3193.30770398,65191.6158961737,0.0587228507212704,0.032716441336618524
2013-02-06,20.5,20.99,20.33,20.91,3424.26001089,71196.0754466707,0.031751616985575465,0.01865211891739158
2013-02-07,20.91,21.96,20.9,21.71,6307.5765625700005,134109.90826997272,0.03518631436668116,0.0312801364762315
2013-02-08,21.95,22.63,21.81,22.4,2801.66595389,62467.4934048657,0.04665869891561418,0.02659937701420211
2013-02-09,22.4,23.5,22.24,23.14,2134.0789741,48432.4474285799,0.04430529468008445,0.028267639220141885
2013-02-10,23.14,23.8,22.85,23.7,2194.81136293,51400.1228473927,0.05376688864043756,0.036266196413664444
2013-02-11,23.7,23.94,23.16,23.94,2978.34729807,70358.050720005,0.0531232762805108,0.027510317319059324
2013-02-12,23.94,25.85,23.87,25.47,8534.23395403,212957.6008028366,0.04921678560025035,0.030320560682413712
2013-02-13,25.47,25.97,25.0,25.0,3983.63915336,101878.0037679335,0.07808008491748555,0.03873744590468611
2013-02-14,25.0,27.5,22.42,27.4,12042.50498387,304624.3903375017,0.11222112876920518,0.1044529782011202
2013-02-15,27.4,27.56,26.72,27.0,3145.14317345,85464.8179825082,0.05586282908854522,0.03387241237157045
2013-02-16,27.43,27.58,26.71,27.5,2782.38948658,75384.2164145988,0.05396995082157179,0.0298483917131618
2013-02-17,27.5,27.5,25.25,26.98,7942.00011199,208016.8740191534,0.07246003198383029,0.05180108207442893
2013-02-18,26.98,27.0,26.29,26.92,3103.54193597,82795.1262170471,0.062406213203321875,0.037672118108280694
2013-02-19,26.92,29.5,26.7,29.39,9541.05177226,269234.7360535247,0.04815497137138661,0.0335007303596693
2013-02-20,29.39,30.07,29.21,30.0,3832.39322315,113564.8752594396,0.05076262078013287,0.02498036608503742
2013-02-21,30.0,30.14,29.6,30.0,3576.1120243,106899.41288739939,0.02908989963498096,0.01651772125889665
2013-02-22,30.0,31.49,29.9,30.4,6182.20227366,188609.9954079504,0.06835054367407487,0.04113538356815743
2013-02-23,30.4,30.44,27.67,29.54,3865.84825949,111985.8220516219,0.07410108563437985,0.05125729830697592
2013-02-24,29.54,30.37,29.08,29.78,1590.77752019,47369.7601586692,0.055642764802748955,0.03663042765803564
2013-02-25,29.78,30.49,29.78,30.43,1564.84867774,47324.1544002681,0.037884659951795296,0.019109941848897066
2013-02-26,30.43,32.0,29.85,31.1,5071.90174369,156775.3698172515,0.0514832446237112,0.03373003891180978
2013-02-27,31.1,31.77,30.45,31.31,3168.54441515,98827.5270281019,0.04763874926139762,0.025561512005909545
2013-02-28,31.31,34.42,31.31,33.53,6726.87432506,222619.6910493259,0.09043600547738503,0.054000967675485886
2013-03-01,33.53,34.75,33.25,34.55,3666.42582921,125016.6386729845,0.03899335505208029,0.022634814142268932
2013-03-02,34.55,34.77,33.6,34.16,2128.57214025,72553.262459749,0.046136663339981586,0.034210647395966395
2013-03-03,34.16,34.34,33.91,34.33,1136.6260825900001,38827.7863996384,0.022976893340659624,0.012698618507561448
2013-03-04,34.33,37.0,34.24,36.52,6165.24472089,218156.1424843742,0.042979430193404215,0.028301802504567656
2013-03-05,36.52,41.0,36.52,40.75,6476.1922097199995,255064.4038828858,0.07934118394844504,0.04641590746141942
2013-03-06,40.75,49.17,40.66,42.32,10298.43893055,477735.2557910127,0.13811112309954257,0.11102777027766851
2013-03-07,42.31,46.0,33.0,41.68,16259.06198022,655798.2733710322,0.2974007716751001,0.2962555220848598
2013-03-08,41.68,44.37,40.56,43.76,4388.75944645,188000.7259279736,0.07996046768363844,0.051777105760687114
2013-03-09,43.76,46.0,42.0,46.0,3829.2199598,169344.164702882,0.09655381592729652,0.06228275418852863
2013-03-10,46.0,47.0,45.0,45.29,1252.09771351,57953.0986149677,0.06852201963241882,0.034331360979449034
2013-03-11,45.29,48.38,45.29,48.25,3400.7859461,160684.6280603492,0.06512378937148862,0.04192967477784588
2013-03-12,48.25,48.25,36.0,44.84,11195.69562451,485212.435272119,0.24009513430430882,0.23098997034302274
2013-03-13,44.84,47.09,44.2,46.99,3290.23440492,152082.4549442116,0.05955631319757074,0.03680304455789075
2013-03-14,46.99,47.97,46.8,46.95,3527.68709124,167200.6487012472,0.04415487968933273,0.026805240489522684
2013-03-15,46.95,47.29,46.9,46.9,1063.76443798,50107.9987526909,0.02854410161188887,0.015414598664465953
2013-03-16,46.93,47.0,46.58,46.74,909.75563433,42583.5944720334,0.024692305026529873,0.012092334868854004
2013-03-17,46.74,47.24,46.7,47.24,1102.96029809,51835.1921427015,0.015728238291781865,0.009298987217411481
2013-03-18,47.24,51.1,46.98,50.35,5924.10302677,285089.7643768934,0.03489312875308028,0.03442837690938081
2013-03-19,50.35,60.0,48.0,59.41,9303.93790035,514408.8594164241,0.10048302249329424,0.07955415202026057
2013-03-20,59.41,67.99,58.86,64.2,8546.00680193,529191.8111110125,0.09768905448354978,0.06451658360400354
2013-03-21,64.2,76.91,64.2,72.23,9864.56711014,697100.9650489619,0.11909629777403953,0.08034709682754437
2013-03-22,72.23,74.47,65.0,69.9,5462.69655236,385603.7139843578,0.1532873965333778,0.1056075027632798
2013-03-23,69.9,72.0,50.09,63.9,13092.94728399,799842.1881115173,0.2612661282939837,0.2340242966613261
2013-03-24,63.9,71.0,63.36,70.22,3627.6948039500003,249603.9223918416,0.06297057334643155,0.03932788668935219
2013-03-25,70.22,80.0,69.25,75.11,8198.25231403,600636.6184212778,0.09618513992386644,0.08244594180924736
2013-03-26,74.3,86.0,74.3,79.81,6748.3811185,537539.063156728,0.14025228074687107,0.0792591238561364
2013-03-27,79.81,89.99,78.75,89.3,6073.07958286,528413.84784558,0.08823702179385505,0.05834417414050209
2013-03-28,89.3,97.0,80.0,88.52,9823.47335779,885953.6291053344,0.18006313147240263,0.17899068037879684
2013-03-29,88.52,94.0,84.0,90.0,6658.41693742,597727.8089172058,0.12119154280578807,0.0881579276664419
2013-03-30,90.0,95.0,89.31,92.11,1799.52075455,167316.3495613703,0.08929122744871135,0.054310143855651055
2013-03-31,92.11,96.15,92.11,96.15,2003.81769842,188707.2716643625,0.055338062208355784,0.03511222411891275
2013-04-01,96.15,106.5,93.7,104.7,6540.7052677,651769.9048261112,0.08818784439454505,0.07046442106751548
2013-04-02,103.73,116.0,100.1,116.0,6441.03900269,703348.469203793,0.08761548556181743,0.06308435776149302
2013-04-03,116.0,158.41,110.0,133.78,15003.948503650001,1942423.3973582792,0.25731315324519166,0.2798910166009413
2013-04-04,133.87,150.0,119.0,135.0,7265.27300112,962580.8203404634,0.1373353644102178,0.13077673351217783
2013-04-05,134.67,144.0,127.09,141.8,7560.20101911,1059177.9522338829,0.07235338000272458,0.08587293650377503
2013-04-06,141.8,150.03,138.5,141.0,3504.27395363,496521.9172716057,0.06801970768183747,0.053915052237358665
2013-04-07,141.0,165.1,140.65,164.97,6737.21244685,1032209.3491249795,0.07311476117419348,0.06128146142982043
2013-04-08,164.97,198.0,162.0,185.6,13411.06323591,2441754.0960134366,0.13401708900159198,0.1397640664249824
2013-04-09,185.6,235.29,164.34,229.0,11211.78878477,2408235.464991347,0.11018290792408146,0.175474762189181
2013-04-10,228.94,259.34,70.0,162.0,20889.47079028,3640489.289555677,0.9751581276887541,0.9584996674314499
2013-04-11,162.0,179.0,50.0,83.4,37205.88492273,3951995.66086939,0.7162282699760452,0.7734645806674889
2013-04-12,83.4,112.0,45.0,109.9,29095.90818647,2209559.944848728,0.7484728467566416,0.7301772768268109
2013-04-13,109.9,119.0,85.0,91.64,16830.84314245,1710577.7288556849,0.363037343439534,0.3297437754199692
2013-04-14,90.44,99.99,81.94,91.11,5777.57333124,549898.1765804058,0.17537766828115733,0.12982022708736093
2013-04-15,91.79,99.8,60.0,74.0,19578.12871598,1684447.3968640007,0.25964952752337606,0.2550162383751812
2013-04-16,74.0,82.0,49.8,68.09,35706.58629386,2336368.9858341636,0.4940582562894769,0.4513873222955616
2013-04-17,68.09,101.12,60.0,89.98,30854.42411947,2607267.5707300943,0.35214399575304506,0.36465186802534544
2013-04-18,89.98,111.23,78.92,109.3,16527.45971668,1599837.550259147,0.1384293954065609,0.14224190186384975
2013-04-19,109.3,140.2,100.0,117.71,25498.95204842,3016883.988542475,0.27557616712802524,0.3095105993403838
2013-04-20,117.71,129.79,114.27,126.55,7474.81424834,917593.3807453588,0.1014084225880101,0.06262448541164346
2013-04-21,126.55,129.0,101.0,118.81,17188.09077106,2014102.3506552577,0.2711674810138402,0.19232976683781083
2013-04-22,118.81,125.01,116.0,123.74,6675.54945823,806906.655436653,0.10852831872605201,0.07031888989897053
2013-04-23,123.74,138.87,121.12,137.29,13391.87055752,1753365.5434041256,0.07965569604448113,0.07037746516823447
2013-04-24,137.3,161.0,134.98,149.0,21232.85034477,3134896.9499089913,0.15579073943260957,0.14821284698292178
2013-04-25,150.0,170.28,123.2,141.9,16566.09169458,2370469.825883095,0.1844675169001758,0.15960458227079125
2013-04-26,141.9,142.53,126.68,137.3,10688.92108773,1434348.0488593404,0.14176793350134048,0.10871732145559268
2013-04-27,137.3,148.61,125.76,128.8,6686.07508764,879755.8990012432,0.109116669564761,0.11193055832280789
2013-04-28,128.8,148.18,121.57,135.28,5136.5255006,687829.9196026078,0.07361586037647945,0.13206246543693168
2013-04-29,135.28,151.65,123.96,143.31,10485.46213504,1481882.43972844,0.06995911208974218,0.0987121917772234
2013-04-30,143.32,144.99,133.89,139.88,8465.29718136,1176989.4287401899,0.08490890978113387,0.06616760168838955
2013-05-01,139.87,140.3,104.9,116.75,21104.902129950002,2574638.040186223,0.23338972751561693,0.16954421377076145
2013-05-02,116.75,127.24,93.01,106.81,21725.133598,2337169.418585505,0.21028169499422605,0.18899191919745345
2013-05-03,107.02,108.0,81.5,98.08,26863.56444609,2456171.7190138157,0.1942989850430991,0.18701458888516892
2013-05-04,98.08,115.64,94.0,112.62,15910.12807666,1680081.8819153355,0.14737730453441367,0.11075928084494836
2013-05-05,112.89,118.76,106.5,116.57,9033.94177783,1027292.9190877134,0.13351492493791317,0.10230882169275288
2013-05-06,116.57,123.97,105.0,112.71,17251.55561438,2019686.3484709433,0.13906551921455976,0.1127477294761109
2013-05-07,112.67,112.95,98.77,110.0,14941.55263514,1598337.6861463245,0.15453223825739734,0.14832614629790628
2013-05-08,110.92,116.29,109.41,113.16,8261.64064249,933598.8747041109,0.08362107473903026,0.06650369087335564
2013-05-09,113.16,113.95,109.0,111.96,6725.70842693,749941.988059368,0.07406813341042769,0.04645284197811683
2013-05-10,111.96,119.98,109.2,117.9,10480.13511879,1210216.3051374676,0.07265030402181638,0.05482014793570522
2013-05-11,117.9,118.5,112.95,115.04,4692.10496687,541295.4184639076,0.07505677848811132,0.04337819082425738
2013-05-12,115.58,117.86,113.0,114.5,3366.70303467,386591.5531952152,0.054993395359001045,0.03728776007081001
2013-05-13,114.5,117.48,113.55,115.99,3412.04123442,396222.265027525,0.048454192512179126,0.031369294581081626
2013-05-14,115.98,117.9,103.5,107.0,12120.00783896,1369469.4451105376,0.09196558987000661,0.10019213042643414
2013-05-15,107.0,113.0,101.72,108.95,10914.51829481,1188027.9837337383,0.09582126947313584,0.0760273965361691
2013-05-16,108.96,113.35,108.35,113.35,7515.76166257,833889.6064679316,0.05895989439069176,0.04755958993534295
2013-05-17,113.36,118.16,112.82,116.73,9721.36089521,1123054.0583069467,0.06273906192446792,0.036894728554809374
2013-05-18,117.51,118.55,115.99,118.49,3906.23090184,458932.9218975254,0.0585264972933569,0.029105405789121
2013-05-19,118.49,118.98,114.1,116.38,4800.36143192,562601.7647217811,0.05016597373567041,0.0306854161927339
2013-05-20,117.27,118.94,114.03,116.55,4541.30988594,533375.5406233587,0.050993862629438017,0.029836915928191547
2013-05-21,117.81,118.56,116.9,117.5,3656.2547232,430085.6411217425,0.05373927770822903,0.023280278570618845
2013-05-22,117.25,119.48,117.0,119.11,7275.60471178,861844.5548714825,0.046449368726088944,0.026214000581352547
2013-05-23,118.45,123.9,118.36,123.84,10212.79546118,1234914.1941771605,0.033707484269699474,0.023081949268424367
2013-05-24,123.84,129.94,122.52,128.7,13193.58203434,1666857.9459240737,0.059038028914304076,0.04667315525156819
2013-05-25,128.65,129.73,126.03,128.97,5146.70519875,659803.8078233314,0.052647770919756386,0.029155258521630034
2013-05-26,128.98,130.29,127.97,129.5,3916.06467515,507238.2792179698,0.05049421421547481,0.018580366580278437
2013-05-27,130.27,130.6,120.33,126.25,7413.81180566,944365.5884511906,0.0663399531176076,0.05324075348086868
2013-05-28,126.2,127.11,123.0,125.92,6072.75780468,762454.5754014702,0.045453635021553675,0.031763722574527066
2013-05-29,125.99,130.4,125.53,130.35,9946.83923725,1275717.5925002065,0.04180743994046986,0.02878749401122304
2013-05-30,130.01,131.0,124.9,126.81,9432.35613171,1215163.265371529,0.06686412350291862,0.03984342801135987
2013-05-31,126.81,129.87,125.06,127.91,5633.94849614,720388.4972647729,0.051579782860913685,0.029305044674896325
2013-06-01,127.76,128.86,127.09,128.77,3406.48517336,436190.1640217226,0.04121686596893466,0.020697529375089726
2013-06-02,128.77,128.8,117.02,123.0,15138.12901202,1845103.4353912529,0.09064654702567754,0.0708984809492204
2013-06-03,123.35,125.01,117.0,123.22,8850.29223011,1064755.8499421629,0.05420281542819241,0.04824611714681722
2013-06-04,123.22,123.66,116.32,120.57,7975.85871798,962076.3495187807,0.0717607658926902,0.04568709970992947
2013-06-05,120.58,122.74,119.65,121.2,4733.0269489600005,572491.3585348094,0.04965951233690305,0.02466693416056985
2013-06-06,120.98,121.33,118.43,118.78,4936.97817062,592872.3971111525,0.03865259338346356,0.021843918210784043
2013-06-07,118.78,119.16,107.0,110.18,18261.47609584,2062636.555894139,0.09421888739233501,0.07624597925015708
2013-06-08,110.17,112.46,108.44,109.11,5055.00711397,554722.8631226736,0.06259922965969923,0.034171198640688585
2013-06-09,109.11,110.0,90.0,100.17,30734.49888577,3000139.6387457447,0.1426173100844322,0.14915526204004093
2013-06-10,100.17,107.9,93.1,104.22,13536.55840755,1380733.825851416,0.1299719802307426,0.10524426869463634
2013-06-11,104.21,108.0,102.97,107.36,5234.35334037,556416.2941000989,0.0762425703772058,0.04276709116793735
2013-06-12,107.35,111.18,105.01,106.56,7612.62055255,824457.826720282,0.06664947053923385,0.047215825431064416
2013-06-13,106.1,108.43,95.0,102.0,8047.28050101,832845.4181582631,0.08597592456788412,0.07551749559053203
2013-06-14,101.86,102.95,95.0,99.01,10698.4120069,1066207.141098403,0.12833079297483502,0.07603322432871967
2013-06-15,99.01,105.0,96.22,99.42,4243.40771805,425182.3742388989,0.08424973755394881,0.05634380967215606
2013-06-16,99.42,101.11,98.0,99.37,3089.73462791,307732.672496535,0.053386369726973,0.027984542417342002
2013-06-17,99.37,101.47,98.29,100.0,4785.76602027,478682.3675812191,0.0518469980416263,0.030321830187754382
2013-06-18,100.0,108.18,99.99,104.5,10874.74329689,1141551.208244879,0.061887743457345726,0.055544010482879304
2013-06-19,104.5,107.5,102.0,105.24,5483.53573255,577751.9341182796,0.06239035415415093,0.04446676835831057
2013-06-20,105.24,108.0,102.47,102.61,9088.52547567,961824.6430744916,0.08215238993016925,0.05364590394752392
2013-06-21,103.0,104.86,90.0,101.8,12331.66300099,1236783.8483369022,0.1245439470238081,0.12332612975961743
2013-06-22,101.29,103.0,98.55,100.0,3350.32557131,336654.4200525266,0.057189417817888465,0.04061946580391297
2013-06-23,100.0,101.45,98.5,100.41,1977.39270619,197768.4703634397,0.047647387537387585,0.031271687990453545
2013-06-24,100.4,102.3,95.0,99.47,9702.68839049,955056.1927884537,0.0815553432188167,0.060873916366117484
2013-06-25,98.83,101.0,97.47,97.87,5294.05179614,525675.6746971314,0.07338633651430586,0.039452237343758016
2013-06-26,97.57,99.98,96.13,98.77,4940.40777894,486163.9744188735,0.057318616801020426,0.03903583951759239
2013-06-27,98.77,98.77,96.0,96.31,4937.41675442,482009.836415894,0.04503760176602423,0.02339661117198152
2013-06-28,96.31,97.45,88.01,89.96,18557.52900345,1703330.770180676,0.1130084698439115,0.08313247854268768
2013-06-29,89.2,91.61,86.2,88.98,4373.62440255,391034.5175846044,0.06878232738299403,0.04539517054819725
2013-06-30,88.98,90.3,88.01,89.53,2390.67441288,213278.3557077565,0.04702690018446922,0.025514492244128
2013-07-01,89.53,90.16,80.94,84.5,20854.46869197,1783588.6894563956,0.07724886173794836,0.08740000906742677
2013-07-02,83.41,88.5,81.9,88.0,12666.39148742,1092811.2849674528,0.07448250867874462,0.05691451429631259
2013-07-03,88.04,89.56,75.11,77.01,20740.88552523,1710149.0606134578,0.08746591119330754,0.07069889825912005
2013-07-04,77.33,83.9,70.06,79.4,21957.43214384,1690547.026051278,0.1520341480738389,0.12980924709159972
2013-07-05,79.4,79.4,63.26,66.93,32935.36592906,2325044.385959283,0.16457450238428495,0.12989631160495654
2013-07-06,67.13,72.88,63.0,66.34,17245.95828177,1158899.0740848791,0.16534859626426143,0.13354100838587504
2013-07-07,66.34,73.96,64.5,73.96,6858.52231849,469487.5725273838,0.09579648845533102,0.06212011918864544
2013-07-08,73.97,76.94,70.1,74.4,18669.57799992,1385360.0721754571,0.10619341949667468,0.09102800865664383
2013-07-09,74.0,76.01,70.25,75.01,15908.99990621,1169254.1741222455,0.09165690856131026,0.06888922084735176
2013-07-10,75.0,86.64,74.81,86.19,27275.18412986,2179291.6058754413,0.09233069221743957,0.08266612556165437
2013-07-11,86.13,89.96,83.85,87.13,17311.05698299,1491968.6660947502,0.07776626283972123,0.07195900967428559
2013-07-12,87.13,100.0,86.6,90.17,32060.82985282,2988526.6475952636,0.10239333999752351,0.10806270552262584
2013-07-13,90.19,92.04,87.15,91.67,6004.55580528,538258.8322517485,0.054021198483938285,0.0497145691844825
2013-07-14,91.67,93.0,88.87,90.03,5202.94162176,477519.8276964496,0.039170453319010604,0.030106872500883484
2013-07-15,90.03,95.0,88.11,93.78,13030.66102004,1214852.1489281005,0.062310370548513856,0.05620162462966717
2013-07-16,93.76,93.9,89.09,91.55,9285.47354955,856352.8992976577,0.05078165105214255,0.04591813911593497
2013-07-17,91.61,92.37,89.0,90.97,7404.86645917,674704.4018832791,0.03860450468052173,0.03980605076904314
2013-07-18,90.96,91.0,77.0,85.28,21446.66606845,1773971.411801866,0.12908371216800318,0.09887873386206046
2013-07-19,85.0,88.0,83.21,86.51,8689.960752,738623.3975041754,0.07240677954591847,0.05053991150067792
2013-07-20,86.51,87.07,84.27,85.04,4451.4748679,383023.7442339934,0.02566182121543068,0.022761408420344666
2013-07-21,85.04,86.99,84.25,85.93,2907.86221135,248282.4281038627,0.03106312556113477,0.0259923191263695
2013-07-22,85.73,87.08,83.0,85.6,8294.01816821,713296.6428213841,0.04229802779111171,0.035124167047659395
2013-07-23,85.59,88.88,82.0,86.98,13038.50130799,1121713.7266035264,0.08361981336449276,0.05791307415645107
2013-07-24,86.88,88.48,85.73,88.42,9276.4211009,811091.6135115346,0.031690122466419245,0.03144728296925255
2013-07-25,88.42,90.66,87.08,90.16,10416.8800968,931236.0993455041,0.03986860391868072,0.03228637334065492
2013-07-26,90.16,91.77,88.56,89.95,6500.58440396,587055.6425546001,0.027197878743998056,0.026356762610364837
2013-07-27,89.97,90.16,87.8,88.16,3489.15396964,309649.4701638841,0.038550672365124,0.02164978279161365
2013-07-28,88.16,94.01,87.9,92.71,7294.35296151,666900.4509802863,0.04487349388970374,0.036915172484026766
2013-07-29,92.71,93.5,90.54,93.39,10250.84060044,950389.9328961236,0.05135895109345531,0.03102113794563371
2013-07-30,93.45,97.0,92.7,96.57,11695.36756812,1105208.8809654207,0.049793937597305965,0.025968308871289394
2013-07-31,96.57,101.0,95.0,98.28,17025.38437411,1676956.9520447226,0.08087574876760138,0.0559567309809171
2013-08-01,98.28,98.44,95.15,96.62,7832.16050467,760723.237112274,0.025492823885954585,0.023088780421521637
2013-08-02,96.63,98.71,93.03,95.85,15553.07296963,1501610.531576347,0.045599374824279885,0.05111419546689204
2013-08-03,95.82,97.0,93.98,95.55,4499.94672997,430129.4878960104,0.026596090158600236,0.023870623742545644
2013-08-04,95.55,96.61,95.5,96.38,3019.67129901,290637.2619725651,0.01384974204373613,0.009478710453146456
2013-08-05,96.38,98.92,96.0,97.81,11003.41353294,1074713.6676728455,0.051327064760593386,0.031087821487966374
2013-08-06,97.81,98.98,97.07,97.69,9248.61209517,908477.9805757477,0.04533358360586839,0.02400751079952962
2013-08-07,97.7,98.32,95.5,97.09,7127.85555164,692255.3723290099,0.039946238714262665,0.024760033361333117
2013-08-08,97.09,97.14,91.11,94.27,14017.03265768,1324273.9754216997,0.03665140722223975,0.04334614185104932
2013-08-09,94.26,95.75,90.0,92.27,12311.24302657,1141883.9734614599,0.05190026516609176,0.04713937921472194
2013-08-10,92.27,94.25,92.14,93.51,3115.45505946,290389.0717121646,0.027997379253725252,0.017203345647388842
2013-08-11,93.51,94.58,93.12,94.09,1863.55256347,174779.3068557588,0.029963475614483807,0.013662211708933737
2013-08-12,94.09,96.18,93.31,95.35,7203.7336517,679627.3204191485,0.03533750647939793,0.019894208876848535
2013-08-13,95.37,98.19,94.24,98.15,12840.28503739,1239678.9516393938,0.03274701032576507,0.02575566934076543
2013-08-14,98.15,101.0,97.03,99.19,17997.71861974,1783523.3028745612,0.042936389107118056,0.03994692615817545
2013-08-15,99.19,100.01,96.68,98.08,9533.324150370001,938983.2163825562,0.042040548062476465,0.026885231375326203
2013-08-16,98.08,99.0,96.5,98.25,9306.11308233,911374.1507537912,0.03270793046745392,0.022156696029499007
2013-08-17,98.25,99.82,97.48,99.71,5533.56584068,546629.0752845001,0.0266923013367753,0.017422858902956778
2013-08-18,99.71,99.99,98.41,99.3,2757.60749158,273325.3071295983,0.029671543754749907,0.01478735928387451
2013-08-19,99.3,105.16,99.0,102.85,20223.50852434,2064892.9625648914,0.054587508417493755,0.042611116497169595
2013-08-20,102.85,104.88,100.38,104.87,11512.55473348,1192137.281573065,0.0387444238306162,0.03235746292109246
2013-08-21,104.87,114.0,104.56,110.43,23925.71807899,2588209.265949018,0.05821520018694154,0.053567101879007976
2013-08-22,110.43,113.02,107.98,109.12,12231.93171666,1361482.9938281546,0.05426507180193603,0.03315555554301898
2013-08-23,109.12,109.9,104.2,107.65,9469.67629666,1022296.148243791,0.06205116104609407,0.045556039491410925
2013-08-24,107.91,110.33,106.64,109.15,4332.68697991,470259.67975306447,0.050852939404056816,0.025954328187132832
2013-08-25,109.15,113.28,109.15,113.12,9343.16273408,1041955.7590597256,0.04198186333786576,0.0260514003835224
2013-08-26,113.12,113.3,110.27,111.9,10842.80342417,1215491.9405510598,0.04181465467940767,0.02698553539179095
2013-08-27,111.85,118.93,111.76,117.75,18924.73961221,2211779.523007312,0.050664227476636466,0.04042043946509682
2013-08-28,117.75,119.63,117.04,117.91,10195.73119445,1208447.450658645,0.028917733503023336,0.019908032477667943
2013-08-29,117.91,120.0,117.0,118.5,9789.33885357,1162608.7767042667,0.035450902546395914,0.02471343472157224
2013-08-30,118.91,126.14,118.04,124.86,17374.35799114,2135178.4139805515,0.04233917910477941,0.04573872971622887
2013-08-31,124.86,134.95,124.8,128.0,19981.34364226,2583429.1602566605,0.06843832139951823,0.05261142518930913
2013-09-01,127.9,132.09,126.79,130.66,8021.56323583,1043315.5136620384,0.07155056681746325,0.03664455053957783
2013-09-02,130.65,132.0,128.52,130.15,8939.39980324,1167455.5063310012,0.04996018076489816,0.035756837035833246
2013-09-03,129.4,131.0,127.0,129.18,11994.57661966,1553415.5072479702,0.04571465254799122,0.03153739976722809
2013-09-04,129.18,129.94,115.21,122.81,18821.05012844,2338153.466311381,0.07616050123393128,0.06901185299227502
2013-09-05,121.65,127.5,116.07,122.5,19236.83229587,2345904.053838801,0.07666087293426156,0.06871378824416582
2013-09-06,122.0,124.54,115.21,117.67,19391.20825469,2334962.8002074445,0.06459582816100136,0.0497330101740389
2013-09-07,116.56,122.16,115.5,119.93,9676.9974976,1149388.2021070053,0.06014987290825759,0.03964298001000106
2013-09-08,119.93,120.94,116.0,118.34,5458.68589096,646427.3394935232,0.04464282827220676,0.025369648284436472
2013-09-09,118.34,124.13,115.0,121.68,21345.72633658,2550145.119607655,0.09868389328714526,0.06092094271045118
2013-09-10,121.68,124.26,120.8,122.07,11319.88974811,1389662.4444175053,0.05040979058050955,0.030359269170524002
2013-09-11,122.07,127.72,118.0,127.55,18550.2138604,2280155.169900853,0.060355973519608364,0.05039299349970839
2013-09-12,127.54,128.5,123.1,126.38,13856.21063312,1759276.9202312995,0.05580212966109609,0.036269229864203875
2013-09-13,126.38,128.79,125.05,127.71,9309.9491962,1188176.6356098903,0.04700012998460067,0.030173169398576935
2013-09-14,127.71,128.0,123.05,124.49,8711.86383564,1091913.9181108836,0.04879452607452525,0.03176954296374425
2013-09-15,124.49,126.25,123.0,125.36,5360.8824298,668113.3552642715,0.04874004771692157,0.026992083212567804
2013-09-16,125.36,126.71,124.03,126.27,7602.34785199,956516.7148239105,0.027582005908723187,0.020304123162651077
2013-09-17,126.28,127.69,125.47,126.92,8852.61357182,1122333.3473781385,0.029143714389999856,0.018328820657290468
2013-09-18,126.92,128.0,124.2,127.0,13495.71105357,1717059.015945324,0.032045733726842156,0.02474402744667705
2013-09-19,127.0,127.95,123.02,124.18,10236.24813846,1286050.877672399,0.03586051667371762,0.029727331082318894
2013-09-20,124.18,126.02,121.16,122.91,10505.08009305,1300975.272504411,0.05992276674810618,0.03492016084801817
2013-09-21,122.91,124.1,121.7,123.39,4154.19202354,511516.3924572769,0.022038084219875204,0.01505082002631526
2013-09-22,123.38,123.5,122.35,123.27,2882.09130233,354406.3098555845,0.014563854460356164,0.01137254835123564
2013-09-23,123.27,123.99,121.54,122.63,7736.9339578,951965.8487485757,0.02636313450452506,0.019270929230121654
2013-09-24,122.81,124.01,121.77,123.86,10183.16714023,1252354.3614251264,0.03167519357778168,0.021947385630295746
2013-09-25,123.86,125.0,123.23,123.25,8053.1844009199995,1001189.6355800394,0.022893413440347513,0.01622236993380423
2013-09-26,123.32,124.9,123.0,124.84,7784.8432092699995,967002.2010917015,0.028222160227541798,0.019508101506148037
2013-09-27,124.84,126.96,124.35,126.95,12117.32341602,1524509.882975479,0.03724054820993206,0.02389718697893236
2013-09-28,126.95,127.0,124.01,126.54,6320.25836432,798095.1726359522,0.03069580527657125,0.020063310676259712
2013-09-29,126.54,128.8,126.08,127.01,6745.39450444,859723.2730670725,0.028569183545279247,0.016743537809437284
2013-09-30,127.01,127.53,122.77,126.25,11530.52471883,1453042.501745025,0.036037667170574786,0.025503357910130618
2013-10-01,126.25,127.93,125.54,127.33,7513.8349608,955596.5180938477,0.02682351095986738,0.018839485648811452
2013-10-02,127.31,127.8,85.0,103.85,60639.38898698,6646796.288397323,0.24484950832465138,0.32937560127352306
2013-10-03,103.85,118.79,102.0,117.63,26112.7638711,2884295.4175481927,0.09705755300324914,0.07895783077847278
2013-10-04,117.63,122.98,116.48,121.94,13194.57595434,1593293.2133729996,0.03731863627354203,0.040808494354751236
2013-10-05,121.94,122.29,121.11,121.2,2942.63601131,357485.2885424671,0.019701746392133204,0.011899636246546394
2013-10-06,121.25,122.49,121.13,122.49,3926.3413189,478787.8357285863,0.024931780606730895,0.014339704666819001
2013-10-07,122.49,124.49,120.11,123.5,11885.13460018,1459686.922296579,0.025997574322212093,0.02357948162273219
2013-10-08,123.5,125.17,122.17,124.13,13183.37384894,1633671.6128264593,0.027519690796687504,0.019834883372392004
2013-10-09,124.5,127.99,122.3,125.9,18933.76126312,2371548.6616148665,0.037662754295979095,0.030136049919340713
2013-10-10,125.79,126.8,124.9,126.8,11382.14626947,1433006.3644268264,0.02811266562615734,0.016148619178582353
2013-10-11,126.8,127.42,125.93,127.38,7866.70490823,997014.1683252907,0.02818553503087883,0.014757818945256374
2013-10-12,127.38,128.0,126.01,127.98,7571.27286324,964853.1247320271,0.03300950437452029,0.01586639273589519
2013-10-13,127.58,133.0,127.57,132.82,12574.14780981,1635521.3723728657,0.030810063841503053,0.024144658135955004
2013-10-14,132.82,138.22,132.0,135.42,21256.28057191,2875230.7011820944,0.055989845949860756,0.046398434604213015
2013-10-15,135.43,147.39,134.09,142.76,22232.07911256,3086051.9596531945,0.03311249226656671,0.042162010896273125
2013-10-16,142.75,147.0,137.38,137.56,26332.89631674,3755616.0608523614,0.0741065756859155,0.05438031937416208
2013-10-17,137.54,145.0,135.0,143.94,16767.05247967,2376660.1382821784,0.05298571164265957,0.03471639028434491
2013-10-18,143.94,154.69,143.23,152.89,23007.23097591,3413444.0899146977,0.04948899686678858,0.042353242506558225
2013-10-19,152.89,172.0,152.44,166.0,37966.98264041,6202027.77502613,0.08786965433148332,0.08397028265945357
2013-10-20,166.0,166.6,162.54,166.59,5667.34588161,936252.6570814942,0.0338405544032734,0.025290431238061097
2013-10-21,166.6,181.93,166.05,180.13,33107.72111019,5815978.498537664,0.06995340312230769,0.046830407082773
2013-10-22,180.13,196.27,179.0,189.75,41865.06715467,7920257.444446489,0.09804542705612365,0.0768939119046014
2013-10-23,189.75,203.96,185.0,203.96,24326.01475489,4774441.3898701,0.049826354224628354,0.05631540844724398
2013-10-24,203.94,206.6,156.2,193.87,55593.92700629,10325878.514126342,0.2522707711344115,0.2169113388180041
2013-10-25,194.0,194.0,167.67,186.6,32779.54290704,5880404.9727971,0.12994629621285794,0.11076556485600005
2013-10-26,186.6,190.0,177.0,179.56,9644.32071899,1756404.0437311935,0.07012370421088376,0.04850057938752228
2013-10-27,179.56,195.0,179.5,194.0,10095.56583408,1905964.1047457457,0.05908738848161963,0.03438219922727093
2013-10-28,194.0,197.5,190.8,196.62,12248.66455971,2385418.001808509,0.0513194273486974,0.028735910140883482
2013-10-29,196.62,205.0,195.32,204.69,16744.50649074,3353265.943742353,0.04705156893219158,0.03134568560253231
2013-10-30,204.69,206.0,195.0,197.54,25494.14807001,5125310.11273685,0.05989544088627714,0.043685146135764394
2013-10-31,197.58,203.75,195.1,203.54,13741.49074655,2754999.805395552,0.0555214258770397,0.03273366385105186
2013-11-01,203.54,203.54,200.23,202.15,4962.80900171,1005333.4067956252,0.046588457255903076,0.02263036597271578
2013-11-02,202.14,205.15,201.2,204.86,6600.0982594,1348092.405611899,0.03666100506529697,0.020901809245425344
2013-11-03,204.86,210.0,203.51,210.0,11227.96295973,2318485.737838124,0.037531402411959534,0.018644003789420962
2013-11-04,210.0,230.4,207.22,226.83,28261.78814843,6230159.83234222,0.0524100663682555,0.03982379487993376
2013-11-05,227.29,250.79,226.0,242.9,42583.7008287,10155669.314311355,0.11411345300973227,0.06878239115051117
2013-11-06,242.9,265.0,241.11,263.24,40026.70686769,10222947.120750736,0.07876485015208069,0.06301101559857562
2013-11-07,263.24,297.8,263.24,291.0,49703.85180124,14091731.776098821,0.1228810461635853,0.10875389322414133
2013-11-08,291.0,334.45,288.81,334.0,40186.15864335,12775704.82663512,0.0793160436357038,0.062009318194024575
2013-11-09,333.9,363.65,298.95,341.24,44361.21177945,15032270.042127354,0.18218802413647675,0.15302882371227083
2013-11-10,341.24,341.24,265.01,323.0,67237.40748143,20151885.322389934,0.2839585787785694,0.23551532488786817
2013-11-11,323.0,349.9,310.1,343.91,26943.37824394,9012293.741555419,0.10078949622359443,0.08121517200230281
2013-11-12,343.63,357.0,340.01,354.96,19748.2815018,6923617.334203744,0.054550797750263995,0.04683713707786385
2013-11-13,354.94,399.89,354.94,393.5,38689.80193194,14654757.681637833,0.07680295933113658,0.07046560969339138
2013-11-14,393.5,421.97,381.0,416.95,31638.477442800002,12970385.63658107,0.07944680143079146,0.06780791464047603
2013-11-15,416.88,431.36,390.0,412.0,32323.20623812,13505636.281150106,0.09632345128206911,0.06363272682677115
2013-11-16,412.07,447.47,406.92,434.53,17983.46003914,7793586.817281433,0.06544917102409668,0.05084287827136254
2013-11-17,434.53,480.0,434.53,477.38,25991.59517426,12027495.260121351,0.05978750127155442,0.05180667931650524
2013-11-18,478.1,669.55,471.23,669.01,57089.07895381,31385167.61571127,0.21825455560953327,0.17149031456270034
2013-11-19,669.0,755.0,378.0,536.01,71560.94596711,42734984.06012214,0.5927951107942749,0.45232370322590426
2013-11-20,536.01,619.0,440.0,599.0,57711.50722124,31309277.51164169,0.28267203550186265,0.2572081191033837
2013-11-21,600.0,730.0,580.37,720.0,30720.73129411,20469962.49851925,0.10336197904254418,0.09011666621592708
2013-11-22,720.0,799.8,683.2,795.0,25125.12846391,18704105.009310216,0.0917969615487194,0.09165212018674743
2013-11-23,795.0,874.81,785.0,829.15,20338.86461312,16940088.35159368,0.09528156057033559,0.0845839979654655
2013-11-24,829.15,842.78,747.0,800.05,20130.68748874,16017094.728786409,0.13704031573659473,0.11651507524444064
2013-11-25,800.01,838.2,770.1,817.88,23042.05232527,18615455.50337241,0.080656894803443,0.07110153451863346
2013-11-26,811.95,919.0,801.0,916.3,29793.02508816,25313310.25420391,0.06407691397547471,0.0612596834062282
2013-11-27,915.01,969.0,879.99,963.98,30325.52974397,28434444.479869444,0.09218182663302418,0.07494833818467582
2013-11-28,963.98,1050.18,931.0,1012.98,36898.59364552,36894941.40004724,0.09840653100722137,0.07135175822341143
2013-11-29,1012.0,1141.0,988.22,1131.99,21873.31334686,23307701.287761748,0.07090368476177224,0.06839514573943467
2013-11-30,1131.99,1163.0,1080.0,1119.52,12907.55909135,14618011.781989716,0.0699470199303025,0.07270807904712834
2013-12-01,1119.52,1123.11,795.6,955.0,61544.38082098,58226582.26933533,0.2559070771396665,0.20328148469083915
2013-12-02,955.0,1057.0,925.16,1047.47,31516.72530827,31561535.19975781,0.1023865992204911,0.10945851552663786
2013-12-03,1037.11,1088.0,1000.0,1055.0,12567.59167863,13223747.721250948,0.07526578856252629,0.06482543119365018
2013-12-04,1055.0,1153.27,1052.1,1132.01,14433.50978208,16044288.888914574,0.06422529371468046,0.0491348748622327
2013-12-05,1135.0,1138.58,848.42,1023.87,55262.65698958,53860407.9908025,0.23427802436624998,0.25090350546193285
2013-12-06,1020.51,1033.13,796.73,814.91,52688.66174422,47131849.33591228,0.1882270531614793,0.19277667014129288
2013-12-07,809.72,844.0,542.38,693.3,79852.423783,56520968.646288164,0.41797973076197614,0.33457730396318835
2013-12-08,693.3,797.0,651.0,787.0,27465.08270962,20134117.547208417,0.15475100297996766,0.12221129305933462
2013-12-09,787.0,899.99,766.66,899.9,28510.03873043,24735708.76220197,0.11822041596743209,0.09414555946724996
2013-12-10,899.91,989.6,895.01,979.23,22694.67993333,21383608.688766845,0.09542023314459164,0.07376105542830233
2013-12-11,979.07,988.0,804.0,879.04,31708.38203134,28253548.53144681,0.1477983512566433,0.12724982919866107
2013-12-12,879.04,898.9,832.01,871.22,13973.52413434,12059910.814537475,0.08030513730509904,0.07092008583537703
2013-12-13,871.22,920.42,850.0,885.98,14766.95107866,13044438.177399082,0.0791286318281506,0.06584260772032702
2013-12-14,888.47,895.0,841.01,850.78,7426.55203462,6395775.303785744,0.06634771839644836,0.05668497759398682
2013-12-15,850.78,869.98,803.51,862.0,11638.00040701,9761351.259255527,0.0809464090704251,0.0577584612989623
2013-12-16,861.98,864.0,651.34,691.0,58806.70410398,43012842.3651657,0.1986658944228555,0.16843785588639962
2013-12-17,690.5,750.0,612.51,673.62,43034.02835938,29271187.692999028,0.16263100506928133,0.15360342791961207
2013-12-18,675.0,680.7,382.21,520.0,137070.17833806,72381644.24420568,0.3567208351353871,0.3357116156004289
2013-12-19,520.0,700.0,492.91,685.0,56734.10927258,35312703.037226684,0.18759156644987907,0.165109994525862
2013-12-20,685.1,719.97,570.0,610.0,40959.74061978,26729321.72374002,0.17058996937555593,0.1417840691606231
2013-12-21,610.0,648.88,550.0,595.03,19218.17096328,11593637.785495784,0.12309314300118317,0.13318136264688224
2013-12-22,595.07,690.0,575.61,612.66,17673.2339864,11190976.522525636,0.11337554865168314,0.10067688925522518
2013-12-23,612.66,665.0,607.77,654.76,13100.16416543,8345884.0404181685,0.07700349865187553,0.06076015106339841
2013-12-24,654.76,668.8,628.11,652.99,12795.80403043,8306348.82786911,0.06914857713703744,0.06240564037041588
2013-12-25,653.57,681.24,636.99,679.01,6653.00965075,4396784.222863419,0.055082885024967915,0.03788468841324118
2013-12-26,679.01,764.32,677.57,747.0,28028.638357840002,20279884.146502923,0.0856064185486081,0.08048325916134116
2013-12-27,747.83,762.1,702.26,721.08,16261.66282726,11822158.742820187,0.06899838868240145,0.06372581535344084
2013-12-28,723.98,736.01,682.22,715.0,13385.190853170001,9596112.806992533,0.06792556223643273,0.0623707496436962
2013-12-29,715.0,732.0,703.45,728.0,8121.30581786,5829043.064878342,0.05237821423415664,0.03656049563755358
2013-12-30,728.0,740.0,722.81,736.51,6600.2391558,4846191.698606542,0.04305536299723727,0.02840637455887228
2013-12-31,736.51,739.0,709.0,732.0,7919.32033024,5762503.801388239,0.04987939530460178,0.034057226943068335
2014-01-01,732.0,757.99,729.01,754.9,7907.63786208,5893354.189387004,0.04274558324184671,0.0297197984275939
2014-01-02,754.9,798.7,742.5,784.19,15134.16900738,11626709.667391086,0.05116365962853853,0.03727746758788547
2014-01-03,784.19,818.99,767.62,809.4,14860.26282816,11864569.66814666,0.04567776939590771,0.04286671631398768
2014-01-04,809.4,830.0,790.2,828.79,10990.14294762,8947194.107659414,0.044338706225182885,0.03783950548739426
2014-01-05,828.79,948.0,826.07,905.0,24075.9495964,21234329.22473678,0.07241858109627199,0.06997689343236285
2014-01-06,905.0,995.0,876.0,919.24,25886.90639128,24256016.44378512,0.10185132950263293,0.09633912273848205
2014-01-07,915.8,943.0,785.0,785.0,34063.52120798,29206268.712497585,0.12083977606852914,0.10183766031284323
2014-01-08,785.0,849.79,765.0,823.45,26315.75852948,21325573.143062368,0.09974394102273317,0.08946388239510916
2014-01-09,823.94,848.0,779.78,824.76,25302.2442016,20630645.906179037,0.08555969845512994,0.07380394353243308
2014-01-10,825.5,861.4,799.41,852.61,12846.16052006,10655721.63038162,0.06412746168126755,0.0449506303442525
2014-01-11,851.63,909.96,849.51,896.59,16130.91651296,14242130.4782022,0.0585456067787983,0.05290685898704714
2014-01-12,895.0,905.0,826.46,844.05,12189.17547898,10462116.086511953,0.06516534944985325,0.056260438494378076
2014-01-13,844.04,844.05,783.11,823.0,19366.39159317,15779910.546777938,0.06844934264564655,0.05906262743087354
2014-01-14,823.99,837.0,800.0,815.99,9729.54391417,7994622.366394646,0.04102227148364858,0.04193479325604921
2014-01-15,815.99,850.26,805.18,841.14,12267.77449637,10276481.242428588,0.04655773617310411,0.03632966261225803
2014-01-16,841.14,849.0,810.01,814.4,8215.45166349,6808585.938019209,0.047654956373393016,0.034118443533182344
2014-01-17,814.4,821.0,765.0,797.2,17114.93953749,13621064.638616087,0.07001487439802827,0.05804442272842914
2014-01-18,796.97,817.12,796.0,810.0,5486.84152085,4433323.5836063465,0.050612539066585055,0.03459957322387279
2014-01-19,810.0,842.07,791.01,842.07,8418.00804502,6920687.205195007,0.041228270622991475,0.037805432815672856
2014-01-20,841.5,845.0,815.0,826.02,6968.15670477,5792643.206685573,0.04321644954503803,0.035011375704925664
2014-01-21,826.02,834.5,814.0,824.89,7669.59937021,6303523.115645744,0.03669981691627751,0.02536069887420669
2014-01-22,824.89,824.99,801.0,819.2,8309.09407494,6767754.047197341,0.03955574012967014,0.028080445934602363
2014-01-23,819.2,823.28,801.1,812.0,7395.0094920599995,6002059.774879679,0.03842751593520716,0.024102452759366684
2014-01-24,810.95,811.74,767.02,780.0,15775.20253781,12413277.678879643,0.055837444921554714,0.046499475193421236
2014-01-25,780.0,817.0,773.4,806.8,8705.5640134,6937345.592519976,0.03944593300080608,0.03091846319223166
2014-01-26,806.8,834.0,795.01,814.75,9704.13726187,7955708.30724913,0.04130796784580452,0.03149259812327626
2014-01-27,814.67,823.0,725.0,751.95,25194.23662664,19567060.303471103,0.08091652405999175,0.06704819677774883
2014-01-28,750.95,812.93,740.01,788.0,20042.81613687,15668824.225445949,0.07636335143281879,0.06503709671783897
2014-01-29,785.51,804.95,781.99,794.21,7044.52156243,5598281.120522783,0.03682172509147345,0.02960705346284303
2014-01-30,794.21,812.44,770.7,799.99,13125.54815594,10430931.171464607,0.03428872722187847,0.03288882590387108
2014-01-31,799.99,809.98,791.0,803.0,7728.16005641,6198907.981062166,0.032614520261487624,0.02979484262515507
2014-02-01,803.0,827.38,802.59,813.23,8296.06416747,6760846.155220852,0.02368975258743356,0.01947208063476644
2014-02-02,813.23,825.21,810.23,814.99,4075.68246141,3334681.9692763747,0.02233182175059707,0.016370173814076905
2014-02-03,814.94,815.0,800.5,808.5,4931.83355028,3988924.3111622194,0.02433484963649814,0.018327373598119714
2014-02-04,806.99,812.98,796.83,802.99,7592.00316474,6101166.915121318,0.02920769214151777,0.02138992734638742
2014-02-05,802.99,810.0,775.0,782.33,8479.502335610001,6744391.076812629,0.0411690644743546,0.028774462583058005
2014-02-06,780.01,803.0,752.0,763.99,20652.60674868,16034106.911090903,0.055542097555032144,0.058551247722807294
2014-02-07,764.0,766.45,619.0,705.01,66362.25784175,46726032.9844651,0.14266730020554608,0.13992863959405902
2014-02-08,705.01,723.0,662.01,680.49,13501.11536102,9390957.609672558,0.07906076442035952,0.06680949764573069
2014-02-09,680.49,755.42,666.21,687.37,15061.93270719,10556098.026747908,0.06538412575281352,0.07397732215294729
2014-02-10,687.37,713.0,530.0,687.81,71860.53695222,45869059.35403759,0.2239413022749793,0.1928786035640963
2014-02-11,688.34,720.0,631.0,675.1,40062.43735234,26977881.535608623,0.10721754889935775,0.09143464014998634
2014-02-12,675.1,685.19,631.58,651.99,15511.78725823,10217457.55348117,0.08614330814275567,0.06859321678571369
2014-02-13,650.04,660.0,601.54,604.11,28145.8136164,17784144.977603685,0.07077790556438944,0.05739312612091931
2014-02-14,609.4,712.9,538.01,669.0,68378.14539627,42643279.179941386,0.16999739360055915,0.15183672230862705
2014-02-15,669.0,673.17,628.88,655.83,20762.64009438,13497090.406279359,0.0695694926417201,0.06523408366119993
2014-02-16,655.83,670.0,590.01,621.0,26397.57091925,16525357.409385515,0.09014147026467707,0.06980926581851447
2014-02-17,621.0,664.99,610.0,633.66,19902.4393218,12686470.467412723,0.07992777504792137,0.07031991266973726
2014-02-18,633.66,650.0,609.99,627.7,14833.93993495,9315510.614467995,0.049518875132843525,0.04532781438609228
2014-02-19,627.7,636.0,617.0,623.01,11128.47837448,6985344.955990941,0.04144776625003578,0.02927892640178382
2014-02-20,623.01,631.0,560.9,561.86,34966.69850131,20678266.965646725,0.07524292087572522,0.0693279233989565
2014-02-21,561.86,589.0,530.01,581.35,29612.93711462,16683512.950173337,0.08420650123664294,0.07923350676917303
2014-02-22,581.35,619.88,562.15,610.88,18076.09102116,10729312.738217894,0.07174327488273315,0.06463338668217881
2014-02-23,610.77,646.0,599.78,610.09,20868.15490482,12931066.526258718,0.07512936947400897,0.06203858576136331
2014-02-24,609.9,629.0,514.02,535.49,51840.81217712,29318230.37862607,0.10450103421933875,0.11507343858633894
2014-02-25,535.49,545.8,400.0,535.0,115761.98662156,55728017.03757842,0.23802052307750599,0.23994263302715527
2014-02-26,534.34,610.0,530.0,585.24,49110.90216434,28305373.697872017,0.11371063627117603,0.10901836870428323
2014-02-27,585.24,599.99,571.22,583.0,17048.07050459,10002973.46602558,0.051240574098966936,0.04748292072683637
2014-02-28,583.0,591.39,541.0,551.89,22634.32498739,12796784.4823165,0.05946007667324075,0.059237295559685765
2014-03-01,551.8,576.0,535.0,567.48,14303.9416427,7976809.285674454,0.06147539082594353,0.05685477159212411
2014-03-02,567.48,570.99,553.0,566.24,6437.39852141,3625248.5695772995,0.041395382354906106,0.03394865788669152
2014-03-03,565.38,710.0,562.02,677.69,64914.82037014,41016659.02641597,0.13045560524197478,0.12710051479050133
2014-03-04,677.69,702.24,633.64,673.0,28031.31700336,19079462.491873518,0.07676413558770397,0.07929958120424846
2014-03-05,673.27,679.97,651.9,669.99,12719.614182,8461721.166336307,0.04871599399287584,0.04360447710691707
2014-03-06,669.0,675.71,650.0,669.57,10404.69739337,6899643.843795774,0.048103098632570576,0.03171304862411502
2014-03-07,669.57,670.0,613.45,632.79,21449.42620587,13647310.297239218,0.05236287377850496,0.04688912320332728
2014-03-08,632.79,639.79,604.5,620.0,9699.02131269,5992967.536382711,0.04743397719971819,0.03722067964719464
2014-03-09,620.0,653.0,613.03,640.0,9121.47474745,5807500.070500767,0.05109821020900556,0.04010698248351367
2014-03-10,638.4,646.59,609.0,629.39,13350.32162609,8377953.7279051095,0.06134782381950321,0.04364980947287166
2014-03-11,629.39,644.44,614.17,632.1,9166.62008516,5759624.632351673,0.04994491581962173,0.03494334924211662
2014-03-12,632.1,656.95,628.8,634.95,12741.36127291,8167242.925313082,0.05985015701239008,0.04206477402378719
2014-03-13,634.95,650.0,632.0,641.01,6728.15269572,4334199.931084649,0.040267502839316495,0.025837826782767165
2014-03-14,641.02,645.0,625.29,630.42,8676.83483514,5501865.975864838,0.04593044951227787,0.02723384012712108
2014-03-15,630.42,639.88,625.32,637.24,2202.21801447,1395100.2446198673,0.03980981442050739,0.02456034920185113
2014-03-16,637.24,639.39,629.02,634.99,3296.50753371,2089183.6062193932,0.035846067916755264,0.018811267184865747
2014-03-17,634.99,634.99,619.46,621.11,9165.08796086,5724781.209722781,0.0386171571033614,0.025836055422899337
2014-03-18,621.11,624.17,591.13,612.0,14907.79764662,9096818.523909146,0.05844980672686508,0.04315204576416433
2014-03-19,612.0,623.95,605.11,611.2,7079.91716071,4337773.098681926,0.045577306814184614,0.03172483278607463
2014-03-20,611.2,611.3,578.66,587.98,10906.66527996,6472459.674254495,0.0557151104620838,0.03661412578451983
2014-03-21,585.6,607.88,556.0,570.0,22418.17284294,12989740.645261496,0.07900052828915644,0.07291833880367014
2014-03-22,569.99,571.99,541.0,565.31,13614.29823426,7607746.141301148,0.06160678693687181,0.049594654877672596
2014-03-23,564.31,569.48,556.74,561.0,6098.75124042,3438557.335750291,0.05401358945327771,0.03397358347100756
2014-03-24,558.22,592.6,547.0,585.99,13674.05994214,7798073.53801623,0.054848735514621834,0.04913357439344386
2014-03-25,585.9,587.48,568.86,583.77,8107.38220171,4683833.63586594,0.0541075030853104,0.036139538497277766
2014-03-26,583.77,592.0,565.0,581.49,10310.36256376,5979743.913186309,0.05547938476697866,0.039296311649347604
2014-03-27,581.48,581.59,466.1,475.0,49205.95632382,25842279.791300517,0.11356473410358993,0.09444232191635098
2014-03-28,475.0,532.0,468.3,502.01,34960.0555779,17569955.64927751,0.11232054091006581,0.11182277999377263
2014-03-29,502.01,508.0,486.97,491.99,7446.55826452,3713375.5164993014,0.0573773079925494,0.038815433854307434
2014-03-30,491.99,492.0,436.0,460.0,31437.04543486,14458816.752727672,0.09954542298892365,0.09215720692950155
2014-03-31,460.0,486.7,438.0,454.83,20986.65095993,9542291.10374846,0.09757404989782874,0.09091894268328583
2014-04-01,454.81,509.98,452.04,478.98,22904.80786015,10986537.353007201,0.09268254045055004,0.08077166766837647
2014-04-02,478.98,494.98,430.0,439.0,34478.66605231,15749769.252783678,0.09603881412083541,0.0811898280701504
2014-04-03,438.9,465.0,416.11,451.03,26944.97730513,11815113.089689137,0.10128532710376703,0.08382246402266791
2014-04-04,451.03,459.5,430.77,452.2,15699.31017002,6979790.5561946975,0.08363356448135638,0.06651516864899804
2014-04-05,450.0,464.8,441.25,464.8,6467.31793588,2929666.0196602275,0.06327956343918642,0.041559737207559434
2014-04-06,464.8,465.0,450.2,456.27,5283.84837762,2414626.163037194,0.06274728966820166,0.039042712709021266
2014-04-07,459.97,464.19,446.0,447.11,7419.24793683,3361490.1606199774,0.05934547781570697,0.036551699811553706
2014-04-08,447.11,459.8,446.24,453.57,5844.4224734,2648752.428112599,0.06465849924551999,0.03839183668467141
2014-04-09,453.57,457.3,438.08,441.69,8006.6040704,3576192.478713117,0.06429869986247108,0.03344994807727088
2014-04-10,441.69,442.46,357.57,363.12,49713.84445346,19803903.972227465,0.11191952531350403,0.09674182603489268
2014-04-11,363.1,432.22,339.79,423.0,42124.74577436,16526368.894386306,0.1474577152096117,0.12857374881370848
2014-04-12,423.0,439.5,413.72,423.42,10809.0520644,4622647.043022302,0.07509956939338985,0.049263920816957754
2014-04-13,424.91,427.75,397.16,416.3,11017.88490469,4517359.255941672,0.06847882052129245,0.04787257151909158
2014-04-14,416.29,475.0,408.0,458.5,33640.67485637,15137817.536087431,0.11690502899508386,0.10063677135261354
2014-04-15,459.99,528.75,453.16,521.0,32622.07731475,16170926.362696875,0.10064393069991374,0.0786744762973489
2014-04-16,523.1,548.0,494.02,530.0,30710.47011727,15975129.96598463,0.12449039789690407,0.09858135169992605
2014-04-17,529.26,533.8,481.63,500.09,20052.70199809,10067546.414174467,0.07841826352013673,0.06274637283790452
2014-04-18,500.09,506.97,470.0,483.11,11142.839766,5394258.5676959865,0.0585119368548623,0.04354375416330053
2014-04-19,482.1,507.43,472.81,503.8,10268.73294781,5063123.475491398,0.05943038839575098,0.04887678307729619
2014-04-20,503.8,516.53,493.0,500.0,5798.58019722,2927434.189646612,0.05064987404574269,0.03549714260579744
2014-04-21,500.0,515.0,490.0,496.74,8377.05680943,4202873.442287896,0.0528327948463565,0.037892021995398095
2014-04-22,497.98,504.9,485.2,490.0,8521.46548043,4211106.17791029,0.05460899431501268,0.033648952294230795
2014-04-23,490.0,495.2,484.61,492.0,5696.00906268,2788129.7138436427,0.04491221746424848,0.02197106312499921
2014-04-24,492.0,505.0,480.0,502.2,7952.77348869,3900591.259067254,0.04718922888378252,0.027955414082383362
2014-04-25,502.15,503.99,438.05,466.52,33416.96300818,15452014.695369747,0.08418082066307155,0.07865792545278676
2014-04-26,466.71,470.96,451.07,459.0,8812.12009945,4047359.4617658015,0.06109340015665857,0.04284466353807961
2014-04-27,459.22,461.97,429.95,430.0,9312.34600754,4156105.2440705276,0.05385237310659432,0.038991336178438106
2014-04-28,430.0,452.16,424.0,442.9,18282.9859723,8013217.7976171775,0.06417676916896163,0.05235494500145281
2014-04-29,442.9,454.47,432.02,448.0,13844.63506405,6149374.402891881,0.07410231351834956,0.05077369786667703
2014-04-30,448.0,453.99,433.08,448.85,10757.36482184,4779429.570366943,0.057928495059406906,0.043069560652487404
2014-05-01,449.0,465.88,447.97,460.97,9556.03788617,4377654.095917941,0.056752880840585884,0.03534936518419667
2014-05-02,460.97,462.99,444.51,454.5,8269.89141728,3731571.7365391273,0.05164356887927198,0.03649906715895234
2014-05-03,454.5,454.5,431.0,439.0,7431.62647961,3272979.4468286447,0.04757953981086734,0.03333425061550664
2014-05-04,439.0,442.83,429.55,438.04,5154.40779439,2246544.8676708085,0.04686091638039288,0.030714286813182983
2014-05-05,435.88,445.0,425.0,433.0,8188.08279477,3546228.578814293,0.05912539628596995,0.04335121946829438
2014-05-06,433.0,434.0,420.27,428.01,8041.19841525,3442001.998307587,0.0590391265928781,0.03715320262535701
2014-05-07,429.0,452.0,425.67,440.0,13248.34902294,5842514.588827894,0.057154384475791645,0.04077737273463834
2014-05-08,440.0,450.08,437.61,437.69,6326.64918367,2809809.028484134,0.05652818198917519,0.03167200997454668
2014-05-09,437.69,457.08,437.69,452.37,8282.11115483,3720072.428592983,0.05046926837549206,0.03168965727588561
2014-05-10,452.37,459.24,449.79,455.39,4130.38790298,1874968.354519459,0.04477981732903762,0.021966206103519837
2014-05-11,455.39,458.2,429.6,440.0,8863.68574441,3910297.885329939,0.04814560518584329,0.033215671793410256
2014-05-12,437.67,443.77,431.56,442.5,4582.44144849,2014299.7581253788,0.04485272884405786,0.02662555368235115
2014-05-13,442.48,442.75,430.61,439.12,5969.67167394,2613427.827589406,0.05183669878298639,0.030255359331968348
2014-05-14,439.12,449.96,438.36,446.0,6398.98824957,2840235.1493376,0.03801171097978901,0.021840029871932242
2014-05-15,444.07,452.67,444.02,446.0,5496.48180562,2469138.8002006686,0.03667895093133609,0.019716313513360867
2014-05-16,446.27,452.41,444.5,447.31,3667.08110965,1645336.443446831,0.03630983136812926,0.018904345240622514
2014-05-17,447.55,451.48,445.01,449.06,2295.07351646,1029225.9353155144,0.037570769737673905,0.01840825952976488
2014-05-18,449.06,451.43,444.52,446.91,2498.74305537,1118019.6159026485,0.02841812805170841,0.01570909840591591
2014-05-19,446.91,450.0,441.44,448.34,4723.48939284,2110262.317177949,0.031023927814900352,0.020680996813655986
2014-05-20,448.34,500.0,447.14,489.0,28210.08506636,13415214.066842834,0.05747742842513502,0.05792431079686758
2014-05-21,489.0,499.1,487.11,493.98,7111.8995869,3520234.139632538,0.042382543985048406,0.02690829688125205
2014-05-22,493.98,530.0,492.65,529.99,17439.03492533,8970431.365394892,0.05068538685582567,0.048945384904963724
2014-05-23,529.99,547.1,518.55,523.77,19619.562245869998,10434008.997828208,0.05954526117463231,0.04776331456174905
2014-05-24,523.75,529.06,515.4,528.44,5528.52161577,2886031.515207255,0.04849057461943844,0.026864407199190286
2014-05-25,528.44,586.34,527.09,573.9,19782.59517625,11184340.551481776,0.07226773899788866,0.05923318283720332
2014-05-26,573.5,593.48,565.58,581.88,11633.71988586,6772770.5099650845,0.05509004943607642,0.045007268594828585
2014-05-27,581.87,595.0,550.22,572.7,19805.25778576,11369632.967617523,0.06615361613464509,0.056405762200073505
2014-05-28,572.7,582.26,563.45,580.66,8980.55145796,5152699.2854568,0.04734014215010631,0.0356241292781536
2014-05-29,580.66,582.1,560.05,572.37,8110.31804184,4612193.70834458,0.04520796609345838,0.027214941260506158
2014-05-30,572.37,629.4,568.56,621.0,22502.94353545,13561604.603591444,0.06094290201027467,0.05282764903150558
2014-05-31,621.0,628.5,611.0,627.8,9696.70747452,6023333.28843589,0.03921013810026431,0.026791113202429835
2014-06-01,627.8,683.26,618.53,630.99,24149.97945797,15610747.798240509,0.07828747770328714,0.07588608601708449
2014-06-02,630.99,678.0,613.03,661.22,20087.27572293,12963112.360298743,0.06751002008316316,0.05925824839261902
2014-06-03,662.0,680.99,649.61,670.14,13572.80908815,9062483.081861226,0.05193314449212021,0.03870469599180613
2014-06-04,668.9,673.61,621.86,640.59,17375.56805213,11144779.81630102,0.06255573944257968,0.0499869963244228
2014-06-05,640.55,669.63,639.69,661.48,10724.8128158,7046672.428984974,0.04879528835998647,0.032571349554562666
2014-06-06,661.46,662.13,647.16,647.16,6452.18388554,4226583.098270832,0.046347342075159864,0.025185702884420662
2014-06-07,647.16,657.13,635.88,657.13,5749.30472799,3728936.332100956,0.034740666107684476,0.02431020122721134
2014-06-08,657.13,661.11,651.7,658.0,2600.8503958,1707172.68373296,0.03541555707873701,0.017383608549590885
2014-06-09,658.0,659.0,639.93,648.83,6798.26691408,4404474.69650577,0.041966885309423094,0.026984264795600243
2014-06-10,648.83,657.41,642.45,648.55,5909.59291707,3844131.620686313,0.042875935367437494,0.025062460102313066
2014-06-11,648.55,652.39,615.0,620.5,10429.62396539,6610874.987302185,0.04820110129311231,0.03692254764322642
2014-06-12,623.81,630.36,550.0,569.1,24822.48984168,14677342.42128733,0.09114721069016209,0.07463516766576091
2014-06-13,569.98,611.99,563.0,592.0,18670.61329898,10972769.853608813,0.06417479233682868,0.0571340646146361
2014-06-14,592.0,593.53,538.38,566.58,16567.97164988,9276282.54314827,0.06616315165291085,0.047005485690688166
2014-06-15,566.58,593.0,552.11,588.55,8807.69919892,5028481.506012321,0.06724740510807853,0.04594214591194817
2014-06-16,592.0,610.0,582.01,586.91,10767.8271681,6444391.676757078,0.05591649561189968,0.03964898794046882
2014-06-17,587.0,610.2,580.0,606.48,6588.30888155,3937919.0898547843,0.04600790933447665,0.03334668135670928
2014-06-18,606.48,616.0,599.9,607.0,6744.90183982,4099891.7233627033,0.044001771866973634,0.030700098068212382
2014-06-19,607.99,609.98,590.0,593.4,4638.14295037,2793863.234866551,0.043693497427705855,0.02318028550419922
2014-06-20,593.41,598.68,580.51,588.02,6709.97949424,3964253.8947959864,0.05464622639719012,0.03074193536634884
2014-06-21,590.0,594.99,580.0,591.29,2949.19025766,1734510.1254703035,0.036581653126760365,0.020939613367940063
2014-06-22,591.33,605.05,587.82,600.34,3856.98903213,2311423.4421526887,0.04163636314692351,0.025669992797333816
2014-06-23,600.34,601.0,580.46,588.22,5295.94498307,3115879.1797813196,0.04580563813609897,0.027872670017420078
2014-06-24,588.22,588.25,572.1,572.62,6502.14511419,3791606.598673109,0.04010100269171364,0.023374926300283424
2014-06-25,574.0,579.7,554.45,560.4,8893.45697276,5025386.623547814,0.04798895886627997,0.03788562372220153
2014-06-26,560.4,580.11,557.2,579.99,4674.87892834,2663553.0096337707,0.04977021646506292,0.031145701188905427
2014-06-27,580.09,600.0,574.0,599.99,9183.33155023,5377596.846760323,0.05258582611108465,0.04210737618482282
2014-06-28,599.99,604.21,589.56,589.56,3084.68947887,1841614.2090112127,0.04395916325833256,0.025179188111780656
2014-06-29,591.46,601.79,589.56,599.89,1593.33179969,950564.2809598775,0.04401154435530872,0.02246645927959904
2014-06-30,599.86,647.09,595.51,641.11,15516.12603652,9692808.60603287,0.0642199267931657,0.05037248965642811
2014-07-01,640.0,658.88,638.0,638.25,9497.73976296,6162209.931379914,0.04447011112589704,0.03436245738647343
2014-07-02,638.25,658.75,638.0,650.5,5305.55272768,3447267.4027851713,0.03998829362736781,0.026381668425332093
2014-07-03,650.49,652.79,638.79,645.99,4969.91178981,3209615.1192204496,0.03519718490429969,0.023709831555381335
2014-07-04,648.48,650.48,616.3,629.0,8739.04642335,5536172.8362897,0.053273071723322636,0.03932770071254954
2014-07-05,628.81,632.97,623.23,630.0,1830.57985986,1151833.854375654,0.034880558149636545,0.0198740348188925
2014-07-06,630.9,639.0,622.86,630.57,3334.9435415899998,2108824.0362325115,0.0441696562921794,0.027106917072036024
2014-07-07,633.87,636.0,612.9,622.09,7109.07789511,4433355.362896202,0.0449632135022919,0.029477031249625897
2014-07-08,622.09,626.22,616.89,623.98,2675.17329599,1663593.0530801723,0.040441012639948634,0.02038040344681763
2014-07-09,623.98,626.88,618.71,621.97,2303.75559449,1435193.0549008176,0.03959409672699528,0.01809313278012805
2014-07-10,621.96,623.93,607.9,616.87,6335.71200097,3900462.53304945,0.03869759569769792,0.023112662836808465
2014-07-11,616.87,635.0,613.46,635.0,6094.53367548,3816371.8532527257,0.03579449582471753,0.02093625383886354
2014-07-12,634.99,642.57,628.7,638.1,3794.25754759,2412965.9374683816,0.036919577887662106,0.02056426968157576
2014-07-13,637.9,638.73,626.09,630.88,4158.79112509,2634416.8235614155,0.029977934184371845,0.01908054205830992
2014-07-14,630.88,632.0,616.84,621.17,3827.4245259,2383349.90223297,0.033527222045836975,0.016905996343287717
2014-07-15,621.15,626.25,616.09,622.9,3535.74807055,2198327.820276081,0.04017677245123399,0.021491985133951515
2014-07-16,622.9,625.0,610.01,616.86,5348.93295307,3305967.5769625967,0.041809212893535855,0.024287089025189102
2014-07-17,617.39,629.0,610.0,622.2,4902.142579,3036376.460813172,0.036558551344892845,0.022096100583814508
2014-07-18,626.3,632.96,618.46,632.6,5026.34015101,3145851.9320316804,0.04905099383180396,0.022693301195608424
2014-07-19,632.59,632.6,625.0,628.63,1923.59164607,1210379.736620991,0.03908879190423535,0.018765632117198287
2014-07-20,630.0,630.0,620.0,627.0,1467.59140174,916288.6356238266,0.03486620631182664,0.01609118357429487
2014-07-21,626.98,628.0,615.0,622.73,3959.6554446,2454073.1784427497,0.04126798880090429,0.020444548496858422
2014-07-22,622.63,624.99,618.26,618.26,3364.10445806,2094679.9117183853,0.03227396139339422,0.014953705754490359
2014-07-23,619.99,623.0,615.51,621.0,4040.73704089,2508403.0436081933,0.0321864933487677,0.014386593224090749
2014-07-24,620.95,621.99,591.12,601.66,10241.00858618,6199690.064080964,0.04671494460027164,0.032670554382816554
2014-07-25,603.96,609.65,592.97,602.93,4843.77880284,2907414.6005744776,0.039277291561980135,0.024796592995275733
2014-07-26,602.93,603.0,590.0,596.23,3607.97621754,2146977.7274467205,0.03592948610388656,0.022946836591454918
2014-07-27,596.23,602.83,589.0,590.3,3792.78527365,2258886.6419162075,0.03088734982920682,0.01996715289508157
2014-07-28,592.61,596.0,570.5,586.53,10539.93211413,6137689.08087939,0.045109008308637996,0.03242546587418494
2014-07-29,589.88,591.95,578.0,585.95,4084.10767328,2381446.025964423,0.03958495390246471,0.024949582155256732
2014-07-30,585.93,586.0,557.12,563.84,10498.74204272,5998833.109314998,0.03831998288170969,0.027028567644409106
2014-07-31,563.83,590.0,555.9,582.04,9383.41349936,5413171.481799337,0.044390754905083825,0.037844026344241534
2014-08-01,583.54,607.2,581.77,598.2,11939.594921419999,7111518.466501516,0.0423495612720422,0.026930805156627
2014-08-02,597.84,599.09,584.95,589.59,3529.71854524,2088786.9273156142,0.039807050467240764,0.0208858271961487
2014-08-03,589.6,591.0,578.21,588.91,2802.92118247,1637757.6669949153,0.03710514131483166,0.021868282794716126
2014-08-04,588.96,595.7,581.8,588.5,5259.62783511,3097487.2834903076,0.03216077700178421,0.022957046100541213
2014-08-05,588.5,589.0,578.25,581.76,6905.3529219,4019095.379660667,0.027764044775697782,0.017094561756626395
2014-08-06,581.75,586.36,576.44,581.16,7580.22972012,4410484.2969135055,0.0288219371306508,0.018491532094116362
2014-08-07,581.16,591.9,579.0,585.84,4436.02538924,2598028.772235049,0.030974125673534775,0.015496321942720274
2014-08-08,585.84,595.0,584.0,588.02,4367.06223673,2578496.012215523,0.029706006633689115,0.018512441493104402
2014-08-09,588.99,591.35,585.21,587.97,1626.62584577,955540.932310969,0.026528192206922693,0.014147745606718725
2014-08-10,589.82,597.0,586.0,590.96,3211.0914193900003,1900019.7989248135,0.024076124578560017,0.014417137492811956
2014-08-11,590.98,590.99,571.0,573.98,6086.6029139699995,3530227.4235587423,0.03127027328407861,0.019486058074101708
2014-08-12,574.55,574.59,561.9,566.69,6463.80393643,3672650.9142195955,0.02998249570498386,0.02024014731295773
2014-08-13,569.39,572.0,524.55,548.81,25509.09742988,13893367.917309131,0.053984134375439675,0.05937872105269828
2014-08-14,549.85,551.86,497.0,507.99,25826.72212001,13330076.001054911,0.06604773586383612,0.057742559113519894
2014-08-15,507.99,521.79,481.55,500.25,16594.58663564,8310659.375681848,0.062009518691256656,0.0567090922749442
2014-08-16,502.48,529.8,485.0,521.97,12657.92306735,6408202.813084958,0.0612578857527832,0.0490110417105056
2014-08-17,523.47,524.8,485.39,496.86,10314.49245533,5175877.575159455,0.06468374424400034,0.0509235234542775
2014-08-18,498.0,510.0,442.0,475.22,28851.03396159,13560592.205585832,0.09489224944825914,0.0871995939178976
2014-08-19,474.74,493.98,453.01,491.98,17807.05682966,8547063.27976812,0.06708667609605429,0.06358246624506753
2014-08-20,491.98,527.01,466.0,516.39,19220.07652475,9595934.154987909,0.06642893291461455,0.057283961811598505
2014-08-21,516.39,534.14,510.0,519.28,14187.29751604,7400448.249188942,0.06091001388730995,0.052684442311821116
2014-08-22,519.29,528.0,500.01,514.65,15393.04567173,7918402.041780231,0.055228625810663276,0.05043438200970518
2014-08-23,514.65,514.69,487.0,497.0,8432.27651658,4221591.209037555,0.049000075214295065,0.034921335020586704
2014-08-24,496.96,515.95,495.02,507.85,5765.3573197,2909513.528742217,0.04145210780559779,0.029681154525624122
2014-08-25,507.84,508.46,496.79,503.82,5773.91627729,2902194.93781923,0.03729320841828526,0.023131886565234884
2014-08-26,503.74,516.0,502.27,512.18,6716.16026767,3422741.3053284255,0.032907578240729284,0.02198230406424001
2014-08-27,514.4,523.09,510.0,511.87,7791.96468822,4019916.194461963,0.03304031750132134,0.021820588494108922
2014-08-28,511.87,514.98,505.93,506.0,7119.02351699,3633673.78335809,0.02370024580825677,0.015752391514871983
2014-08-29,506.94,514.98,501.25,509.3,7246.60661668,3683530.8439354203,0.023634629934096815,0.019135150994487645
2014-08-30,509.3,509.42,498.13,500.85,4403.4022574499995,2215839.3561300007,0.026939056271004663,0.018372600169572092
2014-08-31,501.49,504.75,473.33,479.04,11289.83523732,5495904.903242105,0.039410926825255425,0.0344820838806733
2014-09-01,479.01,490.0,472.01,474.54,9091.87194074,4362495.317029963,0.039205667082586146,0.03344771724997906
2014-09-02,475.89,484.61,470.42,474.5,7333.51314038,3502413.6897543455,0.0440025019130924,0.03094954289219913
2014-09-03,474.5,477.99,471.0,474.89,4742.88446091,2252846.0507818027,0.031665291732023385,0.019968769752239157
2014-09-04,474.86,497.0,471.04,487.43,10793.6031862,5237631.524010371,0.04243686709199263,0.03028414702006935
2014-09-05,489.61,489.96,473.03,477.65,5212.43495157,2512276.701616681,0.034104838856257605,0.022763329032982345
2014-09-06,477.65,485.0,477.16,479.78,2770.79627418,1333165.0915403797,0.028317249530113355,0.016461021239176966
2014-09-07,479.99,483.0,474.95,475.43,2858.65175279,1371828.7823307118,0.0232935128004351,0.013450439040465478
2014-09-08,477.4,478.39,456.3,468.33,14567.96157896,6836638.350184655,0.03879351620240947,0.035217227384420666
2014-09-09,468.32,476.4,459.18,473.2,9121.83125763,4268166.7530231755,0.0355422279287087,0.026082360921869684
2014-09-10,473.34,492.0,473.32,476.57,11509.59447324,5550291.455856045,0.04033851730198108,0.0328517949047955
2014-09-11,477.78,480.0,465.0,475.9,7936.72859426,3766196.6412669546,0.0340919938416981,0.02456242705871075
2014-09-12,477.43,478.0,462.0,474.62,6097.71157068,2865540.26465379,0.03129724279122457,0.02152969709685862
2014-09-13,473.08,480.13,467.43,477.98,5828.26364902,2776708.5714819157,0.02823297086792476,0.019219462371660636
2014-09-14,477.99,481.58,473.59,475.49,3884.67652657,1854352.0627542033,0.02454529090456502,0.016046356645708918
2014-09-15,475.47,479.62,467.76,469.47,6221.85047546,2950879.471845731,0.028338106770494233,0.01926505495355295
2014-09-16,469.47,473.69,462.0,462.02,5948.7590007,2785630.1854355447,0.030807809586548825,0.02308566214548603
2014-09-17,463.48,465.57,443.57,452.09,12477.77437895,5664089.624725382,0.04262200504098843,0.028921218824560464
2014-09-18,452.99,452.99,407.94,425.0,22063.88469165,9480836.468534816,0.07040525996153735,0.06701505209748344
2014-09-19,426.62,429.0,378.78,395.86,29732.72036196,11873431.202058528,0.08074351233631871,0.07091522493421858
2014-09-20,395.86,431.11,390.0,408.76,19916.52493458,8247471.950579337,0.05835292673471509,0.056381271668055746
2014-09-21,410.92,413.53,390.0,399.55,14182.71565192,5709649.523520372,0.047030179918590966,0.04276274896254356
2014-09-22,400.77,409.38,396.26,400.07,10803.01757962,4347781.265151243,0.041402534827689436,0.030679451424164263
2014-09-23,399.77,452.67,393.6,438.97,26999.29385,11521499.71588464,0.09637715484326548,0.07902595661858554
2014-09-24,440.85,441.78,418.83,423.68,14141.19892519,6063309.688278724,0.05367990016129111,0.041872215627954554
2014-09-25,423.57,423.9,400.0,408.76,15016.869054,6184979.255388433,0.044213195904902435,0.04213708988995135
2014-09-26,410.0,414.35,396.53,403.57,9921.11699487,4016637.9224185008,0.04119215842782881,0.03586460915324118
2014-09-27,405.08,408.99,396.57,401.77,5472.59979258,2201081.8112763646,0.038270007770559715,0.029670804683984617
2014-09-28,399.16,403.99,368.9,375.35,16139.76492826,6203516.883419592,0.046855738626249685,0.04196421514379397
2014-09-29,375.35,386.03,365.2,374.2,20026.50713044,7552282.901843587,0.06064431604546147,0.05538930044808644
2014-09-30,374.17,397.75,371.8,391.09,14289.95929522,5493720.994583405,0.04127612518955282,0.036994884607710686
2014-10-01,389.56,393.79,377.01,384.86,13037.59844952,5008817.215832957,0.043519075514398396,0.03653187790005482
2014-10-02,384.85,385.82,372.0,374.68,10414.19712293,3933682.87192639,0.0426288751167325,0.027363070600289432
2014-10-03,376.29,378.11,353.75,358.74,20408.97505396,7438982.872347111,0.05286443410611078,0.04542947253062035
2014-10-04,358.71,365.07,322.04,326.21,28981.80406599,9854747.87558928,0.07882861868382539,0.0686208175677596
2014-10-05,326.24,339.43,275.0,323.52,61726.3716087,18880473.88218897,0.14420320515768176,0.14633210569808647
2014-10-06,322.82,347.0,295.89,328.59,69537.66216756,21939107.6535143,0.13252607296282834,0.1224188737225828
2014-10-07,328.56,336.99,312.37,334.8,22961.89001301,7509684.675882119,0.05866175482055761,0.05824337966118849
2014-10-08,334.8,359.0,326.93,355.73,28614.8310651,9814212.018960731,0.06222530220669205,0.056200432007186586
2014-10-09,355.73,395.55,349.0,364.01,47817.25004767,17631787.317252383,0.07843910589013478,0.08676328189640013
2014-10-10,364.01,380.08,351.1,360.89,20543.27563738,7440931.100337751,0.057063637695496765,0.05483840517523893
2014-10-11,360.85,368.06,352.1,362.0,9973.2687058,3595656.1267037545,0.04491480428578166,0.04208369921292791
2014-10-12,362.77,383.6,354.71,378.11,14250.47171152,5235685.674754104,0.0480912201359582,0.04476885164908773
2014-10-13,378.48,405.0,368.07,392.6,26083.74635605,10033317.99410678,0.06160617513218285,0.055399178869291556
2014-10-14,392.99,417.99,390.48,403.38,24822.16245713,10053181.67199938,0.06029328873903685,0.05886346105071131
2014-10-15,402.01,404.32,385.92,394.52,19147.69042041,7543883.146612124,0.04978609859053551,0.04618607318267268
2014-10-16,394.52,399.0,370.1,383.95,22776.51542094,8703297.241360867,0.05412841143995153,0.06108768641482435
2014-10-17,384.19,386.0,370.96,383.65,10507.82628734,3990052.264345514,0.039972138060481686,0.03640193125164563
2014-10-18,383.2,397.29,377.0,390.58,7074.8254279,2746487.126138687,0.038756737170931886,0.029980490224720352
2014-10-19,390.59,394.25,385.0,387.53,3242.37367978,1262621.3183559729,0.027932719323892057,0.023135579881695168
2014-10-20,389.06,390.65,376.2,381.21,12081.79942479,4618074.962485475,0.03751244771730953,0.03490532671300303
2014-10-21,381.0,393.55,378.98,385.81,7953.32305008,3078601.1871722974,0.03544302924788598,0.02466175204510812
2014-10-22,385.79,388.87,380.0,382.04,8315.65019597,3195518.3957554135,0.03529832501867932,0.024940814099307915
2014-10-23,382.05,384.55,352.4,357.18,21058.44056541,7712486.238003013,0.05991549474071493,0.04843116783263804
2014-10-24,356.81,363.71,344.34,358.86,15639.50451721,5552347.303294191,0.04343963511630095,0.044023154804749144
2014-10-25,358.78,359.1,341.22,348.69,11095.79913905,3868594.4308783985,0.04367866205818634,0.04574755858143075
2014-10-26,348.69,363.0,344.5,355.18,7916.85437019,2808449.7311280584,0.04021356423381686,0.03519433875498581
2014-10-27,355.19,358.65,349.21,350.0,9540.67167766,3372319.580582997,0.03836237655887056,0.029640940696431237
2014-10-28,351.03,359.5,350.09,356.96,7003.9364508,2484084.882743613,0.0371997719366878,0.026075666518905864
2014-10-29,355.71,355.99,333.33,335.7,13256.25448124,4560367.548189552,0.04475971910402719,0.034114456436523784
2014-10-30,336.37,352.83,332.99,346.14,14119.76518683,4826814.889311742,0.04589740151648477,0.04051812890907213
2014-10-31,346.14,347.96,335.5,337.99,7525.7572452800005,2570345.7493650527,0.03782842113187776,0.032810146265822994
2014-11-01,337.99,339.47,316.61,324.7,14970.5578556,4894204.803148916,0.04215775821974281,0.0364005803236688
2014-11-02,324.55,329.0,318.24,324.36,8335.4168615,2698395.5979752475,0.037485467176183625,0.030601125825132584
2014-11-03,324.23,333.99,322.74,325.5,11276.27248027,3707482.69120272,0.04631840510874063,0.03249437624454864
2014-11-04,326.45,332.9,320.0,330.22,13703.07796895,4483747.5604891125,0.04734956288602745,0.03685682465989369
2014-11-05,329.96,344.17,328.8,338.38,15373.39989187,5204083.34121417,0.04352482598482306,0.037993349411202894
2014-11-06,338.37,353.1,336.27,349.99,14288.79665307,4940478.820930798,0.04328256403855105,0.032338020747643775
2014-11-07,349.99,352.15,340.4,342.16,7243.12542476,2499855.123476415,0.036204490330349705,0.026277152522797543
2014-11-08,342.16,347.75,340.6,345.39,3771.0324892,1296918.0872237827,0.028615830707380354,0.018605417363871668
2014-11-09,346.19,366.35,343.4,364.77,10537.15947888,3747246.1856178874,0.036759223565674,0.02890632119053431
2014-11-10,365.37,377.77,357.3,366.43,19273.07459974,7113181.581326722,0.04301190724529885,0.04306772559974168
2014-11-11,366.43,371.52,360.28,370.65,7702.42181852,2822651.366403974,0.037759964217020374,0.027142959128786025
2014-11-12,370.09,434.8,369.85,426.63,44040.4020956,17871066.242391832,0.07406856877212921,0.07694623772898418
2014-11-13,426.64,453.92,381.55,420.93,49884.51198201,20963303.385907277,0.10564799555523814,0.10399589834875142
2014-11-14,417.85,420.3,382.95,399.98,21657.71043489,8611952.624508759,0.0760528916807439,0.07058887445813794
2014-11-15,399.97,407.22,369.0,376.99,14428.769070960001,5524035.864036615,0.06532306291392115,0.055011707889303145
2014-11-16,376.97,395.0,375.0,389.86,9680.49225548,3731653.815245516,0.047718235862777604,0.04076257423330288
2014-11-17,389.86,415.0,375.0,387.69,24309.43918879,9629820.821540045,0.07556274106996717,0.06840510952327729
2014-11-18,388.72,394.64,371.0,374.88,15205.2559529,5773926.662215027,0.06494571615471055,0.05286925615902801
2014-11-19,374.87,386.39,371.7,379.03,8984.9812234,3409538.9507507207,0.04846412199375039,0.0375481900386049
2014-11-20,379.04,381.8,351.8,356.47,16380.89470034,5955469.825943478,0.05516681741909689,0.046936904484437464
2014-11-21,356.47,358.49,342.05,351.2,15248.88656337,5361848.45529063,0.0502968989711992,0.043862535120366856
2014-11-22,351.19,365.93,350.7,353.12,6705.69768625,2407916.5991772064,0.043305769608991275,0.030660737305883427
2014-11-23,354.29,373.5,353.01,367.17,7971.8468309,2899546.2444570134,0.03845968249495247,0.030541648769257045
2014-11-24,367.17,389.99,366.67,375.99,19079.67673317,7202766.995485241,0.05104534716490754,0.05021692009911961
2014-11-25,375.99,395.11,374.31,377.37,16156.69521149,6194803.855606533,0.047274811508554344,0.038821687750480165
2014-11-26,377.05,379.22,363.38,368.5,13021.29404586,4825562.187609717,0.048380847244380805,0.03776604940052692
2014-11-27,368.5,375.33,366.37,369.98,6218.38973362,2308303.6922458713,0.03979857839063309,0.029361469554770397
2014-11-28,369.98,381.34,358.0,376.86,13791.86724228,5102398.823718239,0.05077489971231162,0.04042959239639018
2014-11-29,376.0,386.6,372.25,375.49,7252.09196527,2749878.7995070643,0.04156592300191613,0.030287421494204214
2014-11-30,375.48,381.99,373.32,377.01,3085.29878738,1160978.8115198668,0.041532954122069504,0.023142458633697904
2014-12-01,376.09,382.31,373.03,376.53,6937.82496739,2626344.224860746,0.046793243591550314,0.027497153857597424
2014-12-02,376.53,382.86,375.23,379.52,6550.77898256,2488852.092184569,0.03539314268820195,0.020533166463970173
2014-12-03,379.52,383.0,374.01,375.33,8457.23114708,3203060.6462557204,0.035678779365809626,0.02237425962477007
2014-12-04,376.61,378.99,360.0,369.16,12332.87330712,4573224.815176067,0.03635725379922581,0.0366202290413554
2014-12-05,369.89,377.89,365.61,376.0,8600.51463149,3203743.83314657,0.03487107792833397,0.022609738879273672
2014-12-06,376.0,376.99,371.31,374.38,2386.1287834,893655.5081581927,0.03395315368978387,0.0195092943704024
2014-12-07,375.05,377.5,373.16,377.26,2490.66834657,936710.333519959,0.03345510625131119,0.01525617139980005
2014-12-08,376.03,377.26,359.01,361.3,12336.72926731,4525732.1673482545,0.03776626980679465,0.026649579290089927
2014-12-09,362.74,364.59,343.97,352.03,19034.12180696,6687902.157422601,0.047824679694865826,0.046754623234763856
2014-12-10,352.02,353.74,345.0,345.21,6964.18847778,2436441.5602911743,0.040210189472475844,0.026446013360487557
2014-12-11,345.22,364.43,339.8,348.9,16159.74714638,5713328.520788834,0.04988490180035036,0.045258652154833226
2014-12-12,348.88,358.59,348.0,352.24,8079.63021756,2859831.2185771386,0.03880435423808295,0.024665571185765657
2014-12-13,353.33,354.41,347.03,351.67,3845.24282719,1347297.9168174912,0.03447800058898563,0.02186145767082325
2014-12-14,351.67,359.3,347.44,356.52,6538.8930965,2315190.112618395,0.038106117420797635,0.022712817412958164
2014-12-15,357.3,357.3,346.21,349.0,8092.84138056,2839422.1399928243,0.028320066524106558,0.01988943982356026
2014-12-16,348.85,349.35,327.34,329.05,18183.37192451,6138131.330760161,0.04979979593941493,0.03505466668082667
2014-12-17,329.05,335.99,315.23,322.0,22891.99364168,7391034.445460382,0.05863933452733332,0.042643557499316406
2014-12-18,321.96,325.61,304.99,312.67,21603.61278539,6778452.67411254,0.054832257849209344,0.04632882986350988
2014-12-19,312.65,320.0,307.11,318.33,15995.61891376,5015366.590965628,0.0481124338653574,0.03784658318364144
2014-12-20,318.58,333.0,316.52,331.79,11378.8885085,3695631.767730806,0.03754807357305123,0.027251841672312687
2014-12-21,331.77,332.31,318.78,320.01,6358.0824846000005,2065021.9996441754,0.03682690950618466,0.030660298305787755
2014-12-22,320.88,333.99,319.9,331.56,11812.76642619,3891633.1420056587,0.0490050998660996,0.04024552828536142
2014-12-23,332.52,338.99,327.49,336.92,7679.77400906,2563702.7839714186,0.03531893964204854,0.028778628308576575
2014-12-24,336.9,336.9,320.92,323.06,5884.87599768,1936643.8705993844,0.03324273446606742,0.024295753925787617
2014-12-25,323.03,323.72,316.63,319.86,3888.24814964,1242745.2445710197,0.03832867960978711,0.02569596847433792
2014-12-26,319.85,332.0,316.64,328.27,6406.26442873,2085782.8175065652,0.036354061063685966,0.03360654974075834
2014-12-27,329.31,329.31,311.63,316.47,8687.53555717,2759972.8259017747,0.048574729797301465,0.0346613585565876
2014-12-28,316.47,319.56,311.22,317.64,4121.07585359,1299107.2255915208,0.04011920328755677,0.025543495357553382
2014-12-29,317.64,320.14,310.26,313.01,6929.62620397,2180027.7828091276,0.033743266831608824,0.027767212781146768
2014-12-30,313.36,316.77,310.0,311.07,8885.65978227,2779382.4159930404,0.03776136842121978,0.026154342313621168
2014-12-31,311.1,321.0,310.69,321.0,6338.20111979,2001812.8714471867,0.04002356024184116,0.023719027620922685
2015-01-01,321.0,321.0,312.6,313.81,3087.43655395,974268.9859060454,0.028876319971496683,0.02091243488870035
2015-01-02,313.81,317.01,311.96,315.42,3468.28137523,1092311.8758803478,0.028448793343816073,0.01898393817882408
2015-01-03,315.42,316.58,280.0,282.0,21752.71914628,6477158.897325905,0.05005169357173265,0.04864684665513223
2015-01-04,280.0,289.39,255.0,264.0,41441.27855287,11267570.022527762,0.08658920637687896,0.09211164338594167
2015-01-05,264.55,280.0,264.07,276.8,9528.27100203,2598015.7575342306,0.04132583816201894,0.04305738018691994
2015-01-06,276.8,276.8,276.8,276.8,0.0,0.0,0.0,0.0
2015-01-07,276.8,276.8,276.8,276.8,0.0,0.0,0.0,0.0
2015-01-08,276.8,276.8,276.8,276.8,0.0,0.0,0.0,0.0
2015-01-09,276.8,305.0,272.45,293.97,9914.24959431,2901080.639105992,0.08211553488579981,0.06965560599623109
2015-01-10,293.89,295.0,271.03,275.59,29448.777845200002,8366111.860623935,0.04623389886947717,0.0402714147931749
2015-01-11,275.6,280.94,262.08,266.39,12758.94904418,3479027.0972720296,0.03834176298956465,0.03699998302099739
2015-01-12,266.34,272.43,263.54,267.42,10478.25021362,2824273.763020533,0.03468675776950196,0.03121978119742364
2015-01-13,267.1,268.15,216.0,227.0,60556.16271657,14280002.912668144,0.13378157776033414,0.11813280159565699
2015-01-14,227.01,230.89,152.4,171.41,124188.88508262,23568525.70840326,0.33703950760549006,0.26404095149372053
2015-01-15,172.0,233.9,168.5,210.98,83488.41618527,17320011.257232487,0.188851871406469,0.17479947671758583
2015-01-16,210.69,223.15,198.04,208.03,34723.34835252,7325978.785954973,0.10346630154952736,0.10018939748476695
2015-01-17,208.02,212.84,192.17,199.69,19121.88947943,3834349.981358735,0.07694609201282308,0.06767509459812374
2015-01-18,199.69,222.0,195.02,211.85,18205.18036191,3821514.1397998235,0.09773233339373803,0.08030620583443746
2015-01-19,211.85,220.94,207.7,216.34,13037.399109420001,2780142.0266225594,0.05877839593539586,0.05513324855822966
2015-01-20,216.01,216.81,201.98,210.65,14129.24018574,2974312.006615308,0.07177228284304252,0.05733063040872788
2015-01-21,211.94,228.9,205.0,227.16,23160.65691071,5034585.835043699,0.05984550389908157,0.057065270430710524
2015-01-22,227.75,239.0,226.01,234.08,25405.32961321,5915538.442806131,0.07085977688529271,0.057438861149125164
2015-01-23,234.08,240.0,225.55,233.64,15268.26848621,3540847.919684022,0.051978946974284956,0.05010261414954111
2015-01-24,233.64,249.99,230.03,249.19,13793.77647935,3337061.994669488,0.055333789240738965,0.04340746853455656
2015-01-25,249.33,257.0,241.33,255.31,28760.92842785,7194081.804616134,0.06971297768430432,0.06335627899843091
2015-01-26,254.67,309.9,254.67,274.8,55829.61359418,15762085.920522673,0.14390590225913133,0.13399054114283238
2015-01-27,274.76,278.51,243.1,263.98,21159.82627628,5462401.782605826,0.0892064224441625,0.08570555719862778
2015-01-28,263.97,266.45,225.91,236.07,28092.33473262,6906616.944309113,0.10109886535792444,0.09638293014484847
2015-01-29,236.07,242.18,220.0,235.79,26012.16941088,6036163.003117194,0.08170410996554149,0.07254753154618929
2015-01-30,235.12,244.98,225.52,228.98,20614.83694356,4828499.59758626,0.07656610808841305,0.058365571459244474
2015-01-31,228.96,234.8,215.75,216.9,19208.27905286,4374547.089983367,0.06683893647009931,0.05205996023829929
2015-02-01,218.04,233.0,208.48,226.93,18408.25262142,4080473.649221419,0.0708341788134897,0.06357463712698513
2015-02-02,226.93,241.98,221.79,238.47,15612.79489965,3580240.010646117,0.06181272458269521,0.05378633158511523
2015-02-03,238.38,244.39,223.79,227.99,17499.53324051,4114573.532879947,0.07103921552582759,0.06217436613350725
2015-02-04,227.99,231.0,220.02,227.0,14983.46398269,3373518.7272533486,0.06177503324788334,0.050825584869777486
2015-02-05,226.93,229.0,210.43,216.81,12982.78595784,2857669.862649219,0.060849685082727485,0.05566901413380911
2015-02-06,216.46,225.86,210.59,223.37,10951.78709403,2407822.6691710325,0.055876110293484785,0.05445126531708085
2015-02-07,223.44,231.14,221.77,228.3,9663.67430958,2196778.6355141564,0.04450546746338957,0.03981583466294688
2015-02-08,228.3,232.89,217.28,223.88,13775.00949471,3101689.8272569915,0.0503582840499866,0.05478639044992586
2015-02-09,223.92,225.99,215.0,220.9,19473.95664749,4282307.889215738,0.04655263076820077,0.04624488646162574
2015-02-10,220.91,222.0,215.0,220.42,6882.64684416,1504959.3098118259,0.0362105810418792,0.026264996246128172
2015-02-11,220.42,223.43,217.99,219.55,10676.2930765,2361943.362527272,0.027429383790757083,0.024918894651448843
2015-02-12,219.57,223.09,218.01,223.0,6964.60636718,1540239.6398253457,0.02480788402622289,0.01756362489515965
2015-02-13,223.02,242.35,221.37,237.0,21412.45902435,5014240.757524082,0.05327812754579726,0.048070965042734795
2015-02-14,237.0,259.31,236.9,256.99,19824.7530547,4943647.98591137,0.04954442258775893,0.04611283312986711
2015-02-15,256.81,267.92,227.75,235.63,29173.27099242,7228564.831962561,0.09142617548549091,0.08639032461044549
2015-02-16,235.61,241.23,229.2,234.7,12394.82940626,2925135.414787286,0.04796182040279733,0.044344848121024336
2015-02-17,234.69,248.78,232.01,244.7,13121.54112887,3166195.4847122203,0.05055645955645919,0.03638908844992518
2015-02-18,244.7,247.0,232.01,237.37,12821.91161908,3064220.0676397965,0.044370450984397194,0.03995423860824996
2015-02-19,237.37,245.01,235.59,240.59,8704.33972786,2088982.865311199,0.038822099468431334,0.0283743737374227
2015-02-20,240.61,249.32,239.41,245.48,9342.68925514,2290071.565082179,0.04185702796362191,0.03571908523496137
2015-02-21,245.48,247.8,244.0,245.41,2982.21200485,732519.9242448433,0.02687628766567781,0.016382087719824388
2015-02-22,245.41,247.42,232.48,236.5,7751.74971592,1842659.1046380594,0.03732285267232784,0.03441145010508375
2015-02-23,236.5,241.0,232.05,239.65,6327.72647507,1497623.623001294,0.03332565398096974,0.026541688966774044
2015-02-24,239.63,240.97,236.07,239.55,5144.11355689,1229842.511710378,0.027678147959094197,0.021118633884308444
2015-02-25,239.55,240.98,236.0,237.97,3810.53504108,907868.0218566773,0.02170311241673916,0.013399206173408307
2015-02-26,237.97,238.55,234.01,236.84,5492.00801445,1298292.240693804,0.023157979544612278,0.01864679979133961
2015-02-27,236.84,256.15,236.16,252.78,22012.00337072,5509174.1516994685,0.05427017565568987,0.05386074810492409
2015-02-28,252.78,254.56,245.2,253.47,5626.62832387,1413637.495193201,0.03651792493865039,0.027263225594213444
2015-03-01,253.45,260.25,245.0,258.34,9678.17855999,2450025.28078828,0.04569386547339732,0.04161274489900001
2015-03-02,258.34,277.0,255.61,274.93,18015.2597941,4791101.073982315,0.04077359288862475,0.034718489170352626
2015-03-03,274.93,284.95,265.89,281.0,20977.32087667,5765542.35943485,0.0614784710444764,0.05265842158205268
2015-03-04,281.03,283.88,264.94,270.78,14313.16689305,3940651.7378169736,0.06200078921556578,0.05448307552513427
2015-03-05,270.72,280.5,262.2,273.09,11428.33845657,3089222.553928716,0.054278721788778544,0.048714584002080695
2015-03-06,273.46,276.46,269.0,272.68,6853.2799154799995,1868359.3611112458,0.041654079098262596,0.028025250035193714
2015-03-07,272.61,279.48,270.0,276.71,5716.65477613,1570671.2259514655,0.027975445542559676,0.023111021294407636
2015-03-08,276.71,277.57,271.12,275.0,4430.69079482,1216410.2640860656,0.026382574891210445,0.019303621265763467
2015-03-09,275.0,289.0,274.17,287.12,11996.31878526,3394096.8686810615,0.035481282787162206,0.030152970219290292
2015-03-10,287.12,296.8,283.96,290.0,13129.06090198,3824184.8210669067,0.05038058219618557,0.045602806167472774
2015-03-11,290.0,296.79,285.83,296.54,6737.50300267,1969055.072871816,0.038310597869573096,0.028993580101804164
2015-03-12,296.29,297.95,289.0,295.31,7880.67396576,2322377.3352618515,0.029104496035992057,0.022225970571288084
2015-03-13,295.66,295.66,282.99,283.25,9610.54940209,2779671.9732155115,0.03630293730176527,0.02985303093771042
2015-03-14,283.25,287.69,280.46,282.01,5375.79972728,1526462.4810458948,0.03364164112121429,0.02316674637534728
2015-03-15,282.36,287.75,281.42,286.75,2430.04567943,693167.1573472407,0.024385539573791443,0.015605995703859833
2015-03-16,286.75,294.26,285.78,289.27,6499.91827306,1889966.5767985848,0.03113557749854107,0.022787272806260094
2015-03-17,289.27,292.99,281.9,282.8,6447.41955337,1857666.041344127,0.027289274975920805,0.021669762575619308
2015-03-18,282.8,284.0,249.02,256.45,21654.68207136,5781244.375675824,0.06960384500129815,0.060176636525391666
2015-03-19,256.59,265.95,249.0,261.81,15017.74171871,3882248.1653717165,0.06392636603417828,0.0516912163151422
2015-03-20,261.97,265.27,257.0,261.96,5678.38004156,1481984.5132461211,0.035989865130790256,0.026294245204766094
2015-03-21,261.92,262.49,256.25,260.0,4623.89487205,1199490.4652366622,0.028477173113961817,0.023705957681801785
2015-03-22,260.0,272.0,259.24,267.74,5976.83852547,1584277.064613939,0.027817374706642493,0.02593475506383939
2015-03-23,268.28,270.07,259.5,265.94,8658.47290411,2304671.110546625,0.03505216218443724,0.02969854123993621
2015-03-24,265.98,266.52,241.84,245.0,19085.78920377,4769943.617663454,0.05720353740768996,0.04774410825212391
2015-03-25,245.29,250.0,236.4,246.94,12881.632767,3137284.8489533365,0.04796858568335688,0.040696408891338604
2015-03-26,246.99,253.75,244.91,249.23,8385.93723302,2102105.47061265,0.03459604650927456,0.028410077038874014
2015-03-27,249.23,250.52,245.12,247.94,6089.84638076,1509772.6214368271,0.030808740627581398,0.022748133728171544
2015-03-28,247.93,253.83,247.25,252.87,5685.6395593,1429526.6508842844,0.02469340971178793,0.022156616465941345
2015-03-29,252.91,252.96,239.96,242.0,6690.22838851,1632369.1475997164,0.029599032496660863,0.027145797689972724
2015-03-30,242.0,248.86,236.52,247.95,7951.74713786,1947925.5415482565,0.03515846085114033,0.03414473163214545
2015-03-31,247.95,248.59,238.55,244.24,8114.08955665,1976046.2664259262,0.03211866233301832,0.024657159780019797
2015-04-01,244.24,246.83,239.32,246.69,6226.01646439,1514334.7048343585,0.02810882727323286,0.022765560934073996
2015-04-02,246.68,256.96,244.52,253.28,9806.82220308,2454109.1618776876,0.02612130919452658,0.024867821465165633
2015-04-03,253.22,256.67,251.23,254.19,5048.57737559,1283284.4818500539,0.02390097637739429,0.020324462660986052
2015-04-04,254.19,255.85,250.76,253.7,2769.28165782,700374.1145250155,0.01769028499605962,0.014634074602082525
2015-04-05,253.7,261.0,251.65,260.54,5759.36016001,1477935.2140441986,0.021639953451613285,0.021176795769428637
2015-04-06,260.54,262.98,254.0,255.58,5960.67763299,1535540.1304931547,0.022888967700936028,0.019248370923055657
2015-04-07,255.54,256.62,251.5,253.72,6010.26758151,1527972.1860979146,0.022691903135488807,0.02122568409810793
2015-04-08,253.71,254.96,243.06,244.58,11663.65615515,2879007.345133223,0.028285156553315448,0.03225458133792744
2015-04-09,244.84,246.3,238.47,243.43,7943.71054055,1932757.2050947696,0.02532473612788572,0.022398655429305574
2015-04-10,243.75,243.94,231.0,235.99,11549.630656540001,2729241.9986638557,0.04265816154570863,0.03606748722263492
2015-04-11,235.99,239.42,233.0,236.15,4108.50400057,970023.2486279903,0.033657101272573174,0.025126966421686877
2015-04-12,236.09,237.5,233.42,236.5,3173.32765095,749319.2169346078,0.02648299298754926,0.01713721731886237
2015-04-13,236.42,236.9,219.64,223.15,13924.2267056,3183120.7029757323,0.061998491599533245,0.04480804814396971
2015-04-14,222.97,224.79,210.0,215.8,18582.18957531,4052301.309313192,0.04440160025458997,0.05134414572772467
2015-04-15,215.78,222.88,214.05,222.88,9949.32442139,2187265.6977583715,0.04410426608567201,0.037209466733058465
2015-04-16,222.83,229.67,222.44,227.5,10834.87328684,2456023.79286659,0.02930936327838621,0.02475120421323663
2015-04-17,227.5,228.29,220.0,222.6,7928.39539992,1772199.9182258316,0.02849582593382916,0.022607825493870748
2015-04-18,222.6,224.72,220.32,223.4,4620.31557899,1028798.6023206098,0.016666545856832648,0.01550164766686687
2015-04-19,223.35,227.35,221.91,222.54,5901.49567575,1326330.405718974,0.020680098109358856,0.018919641504717356
2015-04-20,222.54,226.51,221.43,224.3,5966.8612393,1338287.926648703,0.018624856676186245,0.01571854042149207
2015-04-21,224.3,236.0,223.91,235.74,9923.67825035,2273871.1651335987,0.029504404043298668,0.027984844557414675
2015-04-22,235.71,238.64,229.1,233.45,10710.5002402,2519202.270241595,0.034030328163914124,0.03169206230270752
2015-04-23,233.25,236.22,232.01,235.98,8352.85732174,1958398.7605409299,0.022199323630333025,0.014986769489852884
2015-04-24,235.61,236.0,228.0,230.24,8543.66710734,1975293.3452243705,0.022444049723129286,0.02203465294206407
2015-04-25,231.04,232.29,225.7,226.12,5286.09859352,1206573.3986145377,0.0179417996415444,0.017389661751618754
2015-04-26,226.12,227.26,214.98,219.52,11238.3562881,2465312.5832953206,0.03433075601674662,0.03529131556884254
2015-04-27,219.52,229.93,217.52,227.23,13816.49148053,3078441.581558952,0.03941950530241402,0.03875969454988175
2015-04-28,227.17,227.56,221.45,225.16,9345.78320741,2101480.579602473,0.028004632915899892,0.02845124610065844
2015-04-29,225.18,226.99,221.81,225.48,8668.36064954,1948869.7829233934,0.019583453240756627,0.017847501829852928
2015-04-30,225.48,240.0,224.6,236.2,12490.20235984,2913316.1954857497,0.03477509244753306,0.029879842483664175
2015-05-01,236.47,239.23,230.51,231.0,6687.12335919,1570033.2951038051,0.028273982447478443,0.024721823577884758
2015-05-02,231.05,234.9,229.87,233.83,4350.05906771,1010290.4565440374,0.02641164431065284,0.0199365385370043
2015-05-03,233.83,242.25,232.31,239.0,4407.81416718,1053970.3314265383,0.029738733712212077,0.022324031051391274
2015-05-04,239.73,242.2,236.07,238.34,7504.68875392,1790089.8314131715,0.03454039635207652,0.027220020083320525
2015-05-05,238.22,238.78,229.66,235.12,8621.54731857,2014980.197091805,0.03728419744828846,0.026031298706614962
2015-05-06,235.18,235.94,227.01,228.49,8623.82721204,2007623.9317721694,0.04092442389915618,0.02727339479453864
2015-05-07,228.34,240.0,227.35,236.87,11062.64912012,2581034.2781663733,0.03928608488635434,0.029562184976045673
2015-05-08,236.92,246.57,235.29,243.2,9486.75496765,2290102.6498391973,0.038068768440812806,0.0284821545983938
2015-05-09,243.22,247.01,238.62,241.96,5499.60615915,1331226.7937476865,0.034669759503163936,0.027050652366773117
2015-05-10,241.83,244.99,238.02,239.13,3520.24220877,848058.116144261,0.034229320126467545,0.024210914161876443
2015-05-11,239.13,244.51,237.99,241.3,9690.63948632,2333045.460414229,0.030850834991433592,0.023591609113417213
2015-05-12,241.3,242.0,237.54,241.03,8418.71568249,2023815.2650865514,0.03133432303974657,0.019279809608253012
2015-05-13,241.03,244.14,235.06,235.97,9332.46630536,2246170.197225189,0.03143237511300802,0.02746780299491711
2015-05-14,235.97,239.7,232.22,237.13,7530.5008083,1782412.133622656,0.03339154768837714,0.02506409983742095
2015-05-15,237.13,239.28,235.12,237.37,4536.92896144,1076361.158704238,0.02047053913973109,0.014525724910942072
2015-05-16,237.37,237.4,234.0,235.66,3116.78947332,735902.4498011012,0.01947851347227607,0.01419962071365992
2015-05-17,235.66,237.0,234.15,235.97,2645.16140795,624322.7307032935,0.016639410631743394,0.012231730473949546
2015-05-18,235.69,236.94,231.44,232.87,7443.21982028,1749638.3468612558,0.021839631581627147,0.02093636887982781
2015-05-19,233.03,234.24,230.86,231.4,5568.27679815,1295458.584315268,0.019282664911709994,0.014647131115805456
2015-05-20,231.4,234.86,231.0,234.43,7823.35662916,1827291.237573825,0.015681177094587273,0.014894812219296383
2015-05-21,234.4,236.52,233.75,235.0,4609.28122677,1084484.0469285517,0.01671000051728879,0.01150943012715213
2015-05-22,235.0,240.9,232.92,238.99,10451.79948446,2476217.358174225,0.026102843192968104,0.021148458574870063
2015-05-23,238.99,240.67,237.4,237.76,3216.27981892,769820.470369596,0.018598905193341873,0.01312624582959901
2015-05-24,237.76,241.64,237.66,239.22,2921.54797112,701024.7213240257,0.021029671767142176,0.012901217661674284
2015-05-25,239.22,240.1,233.1,235.59,5625.08705698,1329147.6720289183,0.025764799378597616,0.019129196367109066
2015-05-26,235.59,237.96,234.0,235.71,8590.07576695,2027337.775525453,0.019893664606490745,0.01470054725171412
2015-05-27,235.71,237.35,234.0,235.17,8572.87348853,2021118.1864842188,0.018367775010436446,0.014524466178037104
2015-05-28,235.32,236.8,234.87,236.46,5005.98078357,1181379.806543845,0.014125775457919923,0.009679347261832547
2015-05-29,236.46,236.52,234.0,236.03,6165.89141257,1452066.0130564703,0.015619548824017884,0.010240041522493014
2015-05-30,236.03,236.03,231.0,232.11,4245.9444681800005,989599.4774226007,0.019529698843235355,0.013868048429795585
2015-05-31,232.11,232.51,228.0,228.91,4372.2083097,1009639.7654653112,0.022525217396814297,0.013305249006781279
2015-06-01,228.91,231.2,220.65,223.51,12184.9625438,2746885.4891591393,0.027806102196320483,0.027405442019644004
2015-06-02,223.5,226.38,221.34,225.18,7744.87861592,1733401.9492957352,0.018100179255365636,0.01913661775247484
2015-06-03,225.17,226.99,222.57,224.27,5815.57316073,1309087.3443047686,0.018303025232091194,0.01514225962879601
2015-06-04,224.8,225.98,222.0,222.99,4822.40910993,1082713.1633870194,0.01647877730195037,0.014364384259456565
2015-06-05,222.99,225.9,219.03,224.4,8396.71286165,1876705.9191384127,0.020909117345638162,0.02504324113726509
2015-06-06,224.4,225.26,223.07,224.99,2772.3311628,622178.0315075491,0.012636804646227495,0.010334875324593772
2015-06-07,224.95,225.48,221.86,222.7,3324.38263427,744405.5124564532,0.015436430524871808,0.012073391088501289
2015-06-08,222.65,229.4,222.31,228.17,8986.86692341,2031141.6125531076,0.020139044769437463,0.016593545003730205
2015-06-09,228.17,230.79,226.67,228.7,9129.707887139999,2092849.643095563,0.0183182495126859,0.014933705514000228
2015-06-10,228.7,229.75,226.83,227.8,6284.74068336,1434970.3331712575,0.01756091055476562,0.012669687134095319
2015-06-11,227.88,229.57,227.25,229.03,4727.31485975,1082161.7583145672,0.011653427512811437,0.009164150770454882
2015-06-12,229.14,230.7,228.29,229.4,5887.14828702,1352578.3154532693,0.013111974764829887,0.011730315056725777
2015-06-13,229.4,232.04,228.06,231.64,4009.80463805,924724.6883968214,0.010815600763217704,0.009492553563557013
2015-06-14,231.64,234.0,230.94,232.09,3586.28113849,833168.2949541219,0.017859953721365666,0.012860129659778688
2015-06-15,232.08,237.09,231.55,235.92,10505.58465516,2462984.111093669,0.017746735010524903,0.014461396271001216
2015-06-16,236.0,252.05,234.35,250.09,17954.59381244,4362847.003572271,0.035276047083131715,0.042471105016545274
2015-06-17,250.09,257.39,243.2,247.76,16951.14131427,4244687.562404763,0.04154404905948383,0.0386473453762253
2015-06-18,247.76,251.58,240.0,248.4,11145.12980575,2751535.1565449056,0.0315002110522349,0.03169201718687399
2015-06-19,248.4,249.93,242.14,243.7,6783.0749926299995,1670728.0214005737,0.024189046741813318,0.0213539945119519
2015-06-20,243.75,245.56,239.93,244.76,4434.68706015,1075380.7712025996,0.022229309676971044,0.01813734330330902
2015-06-21,244.65,245.0,241.06,243.64,1946.29303002,473255.108519661,0.01664003089845453,0.013864348600434668
2015-06-22,243.6,247.99,242.64,246.0,5149.76385851,1264140.5822240072,0.02045453887324188,0.017243556004729734
2015-06-23,245.99,247.25,242.14,243.74,4953.90339619,1210473.9443137068,0.017947020721477927,0.014999431544676138
2015-06-24,243.85,243.99,238.2,240.19,6723.31332443,1622948.631688252,0.016435576143873396,0.01673501695621577
2015-06-25,240.19,242.9,239.18,241.98,5002.93130218,1207561.9766437246,0.015109632457064811,0.014319463629090862
2015-06-26,242.08,243.44,240.0,242.98,5271.85106551,1274791.9080746886,0.01268172621040937,0.010555784986743663
2015-06-27,242.98,252.0,242.36,251.21,7101.10270435,1756944.6325115901,0.01776432154626134,0.014582652890220607
2015-06-28,251.28,251.28,247.04,248.62,6104.31220293,1523352.1908867704,0.016849809490872256,0.014956383624138059
2015-06-29,248.62,256.94,248.3,256.04,15393.104327,3906955.597264698,0.022889284769873442,0.026250125958281228
2015-06-30,256.04,268.0,255.0,262.5,19902.44384422,5222923.747117547,0.030209748822005483,0.030612765859824635
2015-07-01,262.58,265.25,253.81,257.62,13395.15343894,3453549.172841391,0.025108828381732874,0.023782803271803998
2015-07-02,257.62,260.77,253.19,254.54,9826.99478118,2516013.6344980146,0.02008403271063024,0.01935343379334717
2015-07-03,254.54,256.44,252.4,255.92,9153.85256545,2331991.7570348596,0.015603455305601357,0.013964525342102374
2015-07-04,256.06,261.28,254.05,260.2,7909.85672863,2037170.4647290357,0.01487266678562959,0.013267935539860219
2015-07-05,260.2,274.74,258.75,271.5,21362.61364984,5689758.13302317,0.041462302544913524,0.03694795522472765
2015-07-06,271.39,278.54,267.13,268.51,20027.86146803,5473223.076211491,0.03964328037091469,0.03490843058673509
2015-07-07,268.53,271.69,264.01,265.51,13755.62997586,3670907.5376730477,0.02634124902776237,0.02239062600757277
2015-07-08,265.67,273.24,263.01,270.63,16042.26828995,4306278.36739308,0.0339970944418373,0.028849058900672082
2015-07-09,270.63,271.98,265.92,268.92,13906.64445122,3744382.499754041,0.03112154875416414,0.02250329146609601
2015-07-10,268.98,294.71,268.63,285.23,29151.3133528,8293989.052892539,0.06681723790895147,0.05409077017416012
2015-07-11,285.23,298.05,283.88,291.64,11693.22435391,3420301.697696531,0.04435479542182386,0.03138546968476877
2015-07-12,291.64,317.99,291.64,310.55,22497.46770684,6895307.430887559,0.047622836508851255,0.04245336529080336
2015-07-13,310.55,310.73,281.0,292.68,29775.97907189,8678174.401594326,0.06247184576100251,0.06586335284423511
2015-07-14,292.54,297.13,286.02,287.55,10361.07958336,3015587.986200382,0.0348032945322186,0.02625124211766648
2015-07-15,287.49,293.7,284.29,285.67,9798.37507573,2843033.981110897,0.027219153205454604,0.022580733927304964
2015-07-16,285.67,292.4,274.92,277.89,21103.34158645,5939696.015936945,0.03418848208103266,0.03332199319766425
2015-07-17,277.89,280.73,272.31,279.43,11477.05542457,3176203.987905874,0.02602108411796255,0.022127748332912714
2015-07-18,279.43,283.0,276.73,276.79,9362.07781804,2609812.7488436387,0.02706042436473798,0.019202288279336694
2015-07-19,276.74,278.1,275.01,275.47,5289.04082007,1460185.410552892,0.015491112263234233,0.008486602581282362
2015-07-20,275.47,279.35,274.62,278.96,8818.52863456,2445890.9506678833,0.019943433746874056,0.013377282469362078
2015-07-21,278.95,281.07,276.28,276.76,9000.55491406,2511701.5945327394,0.01842167444424924,0.011855679279809843
2015-07-22,276.49,277.97,275.0,277.68,8318.46305673,2299944.1796038076,0.020323988344837618,0.013886691526599168
2015-07-23,277.5,278.55,275.79,276.61,6439.61293326,1784839.6449006724,0.018739746759595933,0.012506574827601947
2015-07-24,276.61,290.53,275.9,289.01,15854.09655813,4513821.957668093,0.02297515832862152,0.02426549329532417
2015-07-25,289.0,292.0,286.5,288.78,7545.88543693,2181531.8071589107,0.01953919145777192,0.016672648654328697
2015-07-26,288.78,294.0,287.41,293.19,5298.46650719,1545280.8703933922,0.01789815925134799,0.015274362970391801
2015-07-27,292.85,297.44,286.43,294.29,14650.73287048,4276649.924546376,0.025171951918977344,0.021903167053502426
2015-07-28,294.03,297.0,292.19,294.01,8799.04307675,2593371.1108746096,0.021598478585979314,0.01602630397333005
2015-07-29,294.01,294.57,287.27,289.85,10236.16252198,2976113.8596055894,0.020037326847479903,0.01875506848783794
2015-07-30,289.85,290.08,284.53,288.01,8108.62119163,2332664.1686168825,0.01667456282386955,0.012802170238837843
2015-07-31,288.01,289.0,281.8,284.33,7902.76753725,2245800.6935532424,0.022333480136950426,0.016566935247050857
2015-08-01,284.33,285.16,276.66,280.19,7104.06661942,1992075.058875313,0.02148989444301942,0.01848361088630889
2015-08-02,280.19,282.9,276.57,282.32,4530.17731374,1265903.5211497368,0.023181477083208377,0.01459509813121649
2015-08-03,282.32,285.8,279.52,280.43,6310.6073655,1786965.5596078266,0.021785011847441096,0.016558652347132538
2015-08-04,280.43,285.88,280.43,285.0,6206.11834372,1760706.3675079644,0.02012115389172444,0.016041863615984635
2015-08-05,285.0,285.86,280.63,281.13,6549.54626379,1850411.564627533,0.0208902151391699,0.014032028560248468
2015-08-06,281.13,281.65,276.6,277.48,7123.8125234,1986041.5272335266,0.021100043019428735,0.013442390773055438
2015-08-07,277.48,280.43,274.19,279.63,8664.80904921,2403903.9102991945,0.01887305931554619,0.011795551031364399
2015-08-08,279.94,279.97,260.41,262.19,10269.86845712,2776879.0486241905,0.03133076078176674,0.02808209673636164
2015-08-09,262.19,268.95,261.01,265.05,8870.57957844,2343515.5079856785,0.02594351538804488,0.021226233302021925
2015-08-10,265.05,266.79,261.6,264.33,9697.41976405,2562664.2707053944,0.023091472641266816,0.01673355411049239
2015-08-11,264.11,271.5,264.07,271.15,8394.1157499,2235429.614715364,0.017945247866681953,0.01469602303276629
2015-08-12,271.15,271.16,265.71,267.73,9520.31458102,2552461.3396520205,0.022383421214230276,0.017740605312250954
2015-08-13,267.53,267.88,262.32,264.48,10710.97419941,2839303.8027729937,0.019553559129669964,0.013468552831877367
2015-08-14,264.48,266.99,262.0,265.4,8012.6030534,2121646.664732032,0.015721783246727416,0.012170571929751968
2015-08-15,265.57,266.5,260.45,261.46,5485.63052139,1450253.7937805762,0.019056775451812127,0.011994284650868232
2015-08-16,261.46,262.2,254.01,256.11,9633.275768040001,2480422.9980161893,0.030850036745230656,0.024846056575424914
2015-08-17,256.11,259.12,254.63,256.47,8655.18980482,2224308.53594424,0.022263961061876815,0.01767751423437175
2015-08-18,256.47,256.99,221.11,224.8,16141.82038254,3990290.9398183497,0.06675375930402028,0.07864441001683999
2015-08-19,224.0,237.66,222.01,226.92,24295.07255509,5617978.398464085,0.06659934294597145,0.052798359672428144
2015-08-20,226.92,236.66,226.4,235.54,15812.3347442,3691574.0747713367,0.03938304442836217,0.03343973186465175
2015-08-21,235.15,236.66,231.77,233.49,10296.31750333,2406866.8389015202,0.03279089681308353,0.022127294456558352
2015-08-22,233.49,235.2,223.01,231.0,15856.24555021,3633355.225725324,0.03819003163344238,0.029495203983713907
2015-08-23,231.0,234.03,225.85,228.89,12842.46669119,2948299.5546247195,0.03205820443558906,0.024116184029470154
2015-08-24,228.89,228.99,207.73,209.72,37523.08338374,8158696.052342882,0.06936707429348331,0.060426256510112165
2015-08-25,209.72,228.04,198.12,222.38,42308.00562946,9092541.487042306,0.07294017457745278,0.07339264436968555
2015-08-26,222.38,231.09,219.77,225.8,24007.59520406,5436171.485882373,0.05227863946320013,0.04126328566936953
2015-08-27,225.8,228.89,223.17,225.09,14366.26383499,3250053.2447194927,0.0320353426976451,0.023619557749459532
2015-08-28,225.09,235.93,220.29,231.65,22900.18694453,5242653.556602753,0.04537338221494325,0.034409720385542776
2015-08-29,231.76,233.9,226.67,230.54,15490.55919136,3565388.371190343,0.03994148086750742,0.02598699263254336
2015-08-30,230.41,232.75,225.04,229.0,15486.35994462,3533213.4916673433,0.035973597762384145,0.025086398306308266
2015-08-31,229.04,232.49,224.39,229.86,15803.51885514,3618113.953599537,0.03427058035511655,0.023446101985560255
2015-09-01,230.25,231.67,226.17,227.96,23925.1868464,5460229.189648858,0.034617404730851245,0.02144639411560009
2015-09-02,227.97,230.77,226.0,229.18,21470.76882887,4909265.96128282,0.027952320947285936,0.018747219777721938
2015-09-03,229.18,229.96,226.5,227.28,19739.62910007,4496098.398455862,0.02104856802507272,0.015386529699257497
2015-09-04,227.24,231.4,226.33,230.52,20870.0161942,4787067.289483704,0.02549536272508948,0.01812875183105375
2015-09-05,230.72,237.22,229.23,235.6,20103.04009089,4694053.380912688,0.025353077599288423,0.01972029481619363
2015-09-06,235.6,244.2,235.02,240.28,25758.89182891,6190996.604903047,0.03689135649138117,0.025832324408236934
2015-09-07,240.28,242.91,238.44,240.19,23152.03156204,5567383.859905363,0.02879702763462664,0.019201868145314466
2015-09-08,240.07,246.24,239.98,244.21,24023.87906083,5855175.851240994,0.03347081681059997,0.02285626709771444
2015-09-09,244.04,244.22,237.01,238.35,23251.86554434,5579860.013966134,0.028908811708227795,0.020323032739625733
2015-09-10,238.35,241.65,234.78,238.66,20694.91915142,4949273.74359909,0.02927705232092388,0.02078876258281538
2015-09-11,238.66,240.94,237.5,240.0,13805.17684681,3308901.946503488,0.02663735197414902,0.016987672297054796
2015-09-12,240.0,240.0,233.02,234.79,17449.11859951,4142496.5210594796,0.03163396878235831,0.022027569006348956
2015-09-13,234.79,236.09,228.0,229.66,19655.12043997,4545592.706761872,0.03137409878847766,0.022811462209839744
2015-09-14,229.66,232.92,223.99,229.71,16674.85661508,3829222.833745294,0.03741715290806651,0.030520360249874857
2015-09-15,229.84,231.21,226.5,230.03,17298.61216806,3976718.894893737,0.024476578047325132,0.02140522836639629
2015-09-16,229.99,230.5,223.0,228.34,18169.46229084,4141627.709680388,0.02832500371477284,0.023473097910314072
2015-09-17,228.34,235.0,227.0,232.17,14645.73629444,3380409.0280210725,0.02744393836014685,0.01867357158043185
2015-09-18,232.17,234.4,230.83,233.12,19458.90494591,4534279.081034445,0.02564313736472828,0.018671343428220816
2015-09-19,233.12,233.76,229.89,230.0,11230.75792442,2601667.0394698353,0.02501395814961306,0.015041710266866803
2015-09-20,230.0,231.7,229.0,230.16,13401.14495283,3086348.2459934386,0.036117364660579895,0.019084460226014306
2015-09-21,230.16,230.16,225.0,226.15,14081.30710162,3196679.950010145,0.036119807353617674,0.01971263043166965
2015-09-22,226.15,231.96,223.12,230.42,19332.87961688,4412330.958491749,0.04100564458647075,0.028332449818529244
2015-09-23,230.08,231.5,228.0,229.42,13586.08736522,3126166.665718802,0.030855345541659817,0.019691543029626477
2015-09-24,229.42,235.52,228.89,233.86,24202.73635768,5608979.50893525,0.02981682980139627,0.020246898019777946
2015-09-25,233.88,237.25,232.56,235.22,22555.44540032,5305024.055626458,0.029650394200445507,0.0181111306967592
2015-09-26,235.14,235.67,233.0,233.81,15109.42410853,3540680.341295248,0.027022546903884448,0.01488290965272923
2015-09-27,233.81,234.61,231.16,232.41,17506.44940939,4070493.648099346,0.029546343493247404,0.01504862683003993
2015-09-28,232.41,239.68,231.69,239.14,17566.82643528,4169908.5573461195,0.034124640269945855,0.022126687919099865
2015-09-29,239.14,240.56,235.09,236.94,19877.454879419998,4724036.984613672,0.03855493997667476,0.01998445408134935
2015-09-30,236.78,238.27,234.67,236.2,20934.84649353,4947948.128650138,0.027664879711692753,0.01566796739220584
2015-10-01,235.87,239.44,235.01,237.15,20341.00819203,4823691.505592439,0.032584827747127426,0.017554236399609634
2015-10-02,237.15,239.06,235.0,237.77,16908.0346728,4016866.7258510604,0.02662380615223978,0.015657157526326376
2015-10-03,237.77,239.86,236.3,238.95,17825.61763796,4248046.777247127,0.022254233485252572,0.01449860260836708
2015-10-04,239.06,239.98,237.62,238.6,15015.06671892,3587595.875671574,0.02826849992662224,0.012230127640029094
2015-10-05,238.6,240.85,236.1,240.84,20316.50364912,4840478.412810772,0.025466606237414327,0.015037327887959334
2015-10-06,240.84,248.19,239.52,246.57,26684.24752551,6487176.338690386,0.02968727672240423,0.01992181856546213
2015-10-07,246.57,247.65,242.3,243.2,23768.19691198,5826103.93967475,0.026025802115169326,0.016436608342873586
2015-10-08,243.2,244.76,242.06,242.9,13983.75205653,3407599.5655075638,0.02219280121296324,0.01174063832641464
2015-10-09,242.9,244.95,242.16,244.48,14099.91553839,3432774.1058752425,0.016815279575085863,0.01085426047954186
2015-10-10,244.48,246.43,243.0,245.71,17313.14235341,4239809.672059324,0.024483193118772187,0.013694310568369278
2015-10-11,245.71,248.5,244.53,248.05,19140.3554108,4731185.542790351,0.019250441366979273,0.011712575963292532
2015-10-12,248.05,248.47,245.01,245.81,10671.70376409,2633893.360958617,0.02071972277072345,0.011730860216696276
2015-10-13,245.81,250.89,242.82,249.73,25901.60284773,6381843.4575252235,0.03031715838246914,0.019587901689055356
2015-10-14,249.73,255.93,248.06,252.47,26942.8709963,6753822.913575963,0.026358187702180257,0.01827630098579259
2015-10-15,252.47,256.5,250.3,254.49,22037.62801049,5614519.399714677,0.028590526273226197,0.019118074870624256
2015-10-16,254.49,267.0,253.69,263.09,34816.74109381,9089458.041406836,0.032321261375421254,0.030363765077102204
2015-10-17,263.09,273.0,260.8,270.07,25328.14897726,6801665.651417648,0.049784000700010884,0.040685865056331455
2015-10-18,270.04,271.17,260.0,261.05,10003.12667189,2645265.64173844,0.04312004557844604,0.026428600929300005
2015-10-19,261.05,266.01,259.82,263.66,16704.69881339,4383596.675629797,0.039868989468812746,0.02555119539730377
2015-10-20,264.28,272.95,262.67,270.64,28967.44125269,7721178.475382319,0.030968822215305135,0.023367579798072143
2015-10-21,270.3,272.69,264.0,267.89,20396.77801306,5480627.533516949,0.0297325017722354,0.022688101234265044
2015-10-22,267.9,280.04,267.39,275.21,30166.42544252,8259787.1876064325,0.03088914695439505,0.024436523959913428
2015-10-23,275.21,280.19,273.46,278.6,21572.26847047,5985368.552925225,0.02809793367408542,0.023030470811058756
2015-10-24,278.6,284.0,278.22,282.84,20586.33501752,5768554.559380524,0.025114616478402258,0.01989909679444524
2015-10-25,283.03,296.0,282.2,283.96,30003.58655651,8679018.323881827,0.04393865426160298,0.03860587157066853
2015-10-26,283.96,286.99,279.25,286.9,21266.47299543,6035435.820470976,0.03191213926680989,0.02530611153026895
2015-10-27,286.9,300.0,286.15,295.54,34002.14865181,9964006.774630457,0.03912880141231021,0.035214487072590554
2015-10-28,295.8,308.48,294.4,305.67,31263.17100679,9435553.948619105,0.04536886465590711,0.03720596979911171
2015-10-29,305.67,319.6,301.7,314.82,32258.307426119998,10018923.320440253,0.042152083117911285,0.03426755246450712
2015-10-30,314.95,334.05,313.5,328.65,39364.02820732,12770243.163085131,0.06422324631419174,0.058420206872892205
2015-10-31,328.28,334.67,302.99,310.18,28765.17836259,9159884.555483196,0.052962273797590304,0.053000340902307416
2015-11-01,310.9,329.85,303.01,325.78,14281.54590222,4518640.363796984,0.05861299104334456,0.046465552178259616
2015-11-02,325.78,369.02,320.0,361.26,45146.50238984,15705489.75943622,0.06070181753062733,0.0624629797000988
2015-11-03,361.73,420.77,360.4,404.06,77212.78172074,30045887.067950577,0.12474170352546357,0.11010965213226183
2015-11-04,404.55,502.0,368.11,408.0,105959.25914077,47195483.03416179,0.23878356742166812,0.20851725005070132
2015-11-05,407.99,448.79,364.37,385.5,60174.71348846,24186070.836734835,0.1711912416479674,0.15881150609681596
2015-11-06,387.77,396.67,353.26,374.47,46952.53785182,17525402.429259393,0.1155841159459317,0.0951598987158991
2015-11-07,374.41,392.82,371.07,383.53,26348.5951725,10104700.799449045,0.06376607335726306,0.05450277745161064
2015-11-08,383.62,390.47,366.18,372.65,27445.01908688,10460175.116179029,0.055170913507843734,0.04724588093917664
2015-11-09,372.86,386.79,360.54,377.9,25934.97280336,9766801.258753985,0.0640026370104308,0.048552244640226255
2015-11-10,378.02,381.44,323.63,336.8,48890.59709485,17449126.927837726,0.0797547939549867,0.07070075437124052
2015-11-11,335.02,341.41,294.0,309.91,51510.30806168,16137468.852982277,0.11034761797887525,0.09580483520385244
2015-11-12,309.95,344.78,308.42,337.17,37744.44698848,12327615.577513762,0.08259221375583888,0.07343262893216346
2015-11-13,337.0,342.0,325.0,336.99,24663.47295722,8238703.893310645,0.06615156633458481,0.04991640552889209
2015-11-14,336.98,356.1,325.45,333.0,25628.37827293,8585934.88816754,0.058022701149482644,0.05832376583764887
2015-11-15,333.0,334.99,314.6,319.28,27643.56081053,8951491.060729837,0.05369822855263507,0.042927507129472166
2015-11-16,319.29,332.25,315.0,330.83,22243.82252044,7220418.945567069,0.04824523354506727,0.03510449969051938
2015-11-17,330.82,350.44,329.0,336.08,27718.675852289998,9336171.83996291,0.049521654264798404,0.04598522824977554
2015-11-18,336.0,337.89,330.28,335.65,27252.09998985,9115590.836828096,0.036818923436354796,0.0250337207914367
2015-11-19,335.68,336.48,324.92,326.02,26919.51670768,8933803.753096284,0.03205794411936814,0.023498910706344227
2015-11-20,326.51,327.73,310.0,322.04,21303.64116376,6793070.092896951,0.048584667319045684,0.03951315010430958
2015-11-21,322.04,328.94,318.52,326.5,5129.35325162,1666875.9999162126,0.022553841628877535,0.019130070846260488
2015-11-22,326.5,326.6,320.13,324.2,4062.21223126,1312860.2930429934,0.019786479313190157,0.015338882917491855
2015-11-23,324.2,326.09,320.39,323.48,5101.55728889,1649892.486486835,0.019958889784395396,0.014551103785743922
2015-11-24,323.48,323.5,317.0,319.7,8649.01893298,2774934.890855636,0.022803208448321857,0.016879414280711564
2015-11-25,319.7,330.84,316.0,328.9,12253.7599758,3965602.496819951,0.026812766096455696,0.025815510101825107
2015-11-26,328.9,369.7,328.53,353.21,35986.16248608,12571099.377820054,0.06566372641043708,0.05608426209080265
2015-11-27,353.9,364.8,347.84,357.14,13276.8300685,4754643.736363353,0.04736850452939188,0.041018492420924486
2015-11-28,357.42,359.44,350.41,356.95,6275.36735525,2225408.211182677,0.03200248432331027,0.025183728098951804
2015-11-29,356.78,373.15,354.45,371.48,7817.18354971,2854503.095777185,0.028809574765687716,0.025094405163455884
2015-11-30,371.2,383.0,367.11,376.71,18097.95321032,6808554.963980912,0.04165377673826711,0.0360787856707188
2015-12-01,376.7,379.0,354.56,363.06,15410.28235169,5616861.252666699,0.042198823237414404,0.04352648822209928
2015-12-02,363.06,363.06,348.64,358.89,12343.4077678,4390230.432253632,0.04197368813256836,0.03462945122901166
2015-12-03,359.11,370.53,356.21,361.42,12190.8839355,4424556.934532515,0.03847336624400855,0.03204080617252108
2015-12-04,361.48,364.3,355.92,363.62,9989.28021734,3597022.412751108,0.02666555924253008,0.02148628807898233
2015-12-05,363.62,389.89,363.0,388.0,16784.12666746,6339190.678569333,0.03872380759734306,0.039146928210468245
2015-12-06,388.0,399.85,383.0,388.24,14679.43603185,5755891.704858814,0.05223243426096308,0.047236614752542164
2015-12-07,388.54,399.91,381.01,395.57,14949.58607447,5870164.3356982805,0.0402639913007955,0.03804374110118033
2015-12-08,395.57,418.87,388.33,417.89,11455.14109168,4567676.543279825,0.03690988864140102,0.04127643114511121
2015-12-09,416.67,424.95,400.0,416.98,21039.908507340002,8729982.8892288,0.03774126919039377,0.04162333987128319
2015-12-10,416.69,419.79,408.91,415.57,8463.88473949,3514667.621318519,0.025664280328020518,0.023016784222735644
2015-12-11,415.57,454.48,415.13,453.04,29020.19839361,12717027.956367819,0.043254052445829215,0.039218799100323117
2015-12-12,453.12,467.8,403.0,436.19,29770.28379771,12867314.295918692,0.09845865144665787,0.0918392301335474
2015-12-13,436.08,442.97,422.03,433.07,11725.66723962,5100938.503222045,0.048055930010899396,0.03546603144329349
2015-12-14,433.13,448.12,428.42,443.36,13386.74415731,5908975.772790601,0.031858720714853926,0.026868008164189477
2015-12-15,443.36,464.99,442.94,464.53,18096.388283199998,8238187.82292223,0.028789020858999644,0.028548474389756735
2015-12-16,464.53,465.0,436.89,455.87,23377.12257344,10630453.824290302,0.05135604143362906,0.04949783505072285
2015-12-17,455.61,458.84,448.75,456.17,6598.6409486,3001439.147814786,0.027470932368014577,0.02089253325455636
2015-12-18,456.17,466.64,453.5,462.46,12914.73680338,5936832.327183005,0.03942013930802822,0.025987369336622525
2015-12-19,462.46,465.9,452.03,461.8,6839.17868702,3156193.021234565,0.02259261914342973,0.019052753500125117
2015-12-20,461.89,462.0,433.83,442.54,16626.4883553,7430794.74329736,0.03938957356301847,0.03568653685743971
2015-12-21,442.54,450.0,425.52,438.07,18930.86318614,8260231.846566264,0.05024960604669431,0.045354154144568844
2015-12-22,438.14,443.58,433.06,435.48,8146.01738798,3563739.6523571685,0.02645547360187002,0.02112475740725203
2015-12-23,435.65,445.52,434.43,442.56,7100.2282874,3125876.82418723,0.019587645047358715,0.017149992418578047
2015-12-24,442.56,459.54,442.56,455.0,10138.31555001,4601500.512737194,0.025967039837771363,0.02125097881506396
2015-12-25,455.0,458.33,448.0,455.51,2877.16735131,1305334.4046468718,0.021938220351677334,0.016725678137287172
2015-12-26,455.51,457.45,407.25,417.39,26672.12173065,11387612.488159662,0.06564417033309818,0.05862615842924945
2015-12-27,417.11,425.42,410.5,421.76,6968.57365917,2922013.7795196963,0.04148953183421821,0.03555048540036561
2015-12-28,421.78,429.86,417.01,421.46,7560.56299201,3203912.289228682,0.032824877181143554,0.02509985491608149
2015-12-29,420.81,433.33,418.55,431.82,10419.58536596,4443135.317927834,0.025989590179566337,0.02457037845098039
2015-12-30,431.7,434.97,420.75,425.84,7717.51026264,3315700.1328045623,0.03822577338157644,0.02562559250733743
2015-12-31,426.09,433.89,419.99,430.89,6634.8631670800005,2831728.4512732094,0.030523776400208643,0.025871473556628295
2016-01-01,430.89,436.0,427.2,433.82,3788.11117403,1640689.0859547828,0.033783140109607174,0.02046470756153915
2016-01-02,434.87,435.99,430.42,433.55,2972.06344935,1287697.680467375,0.020441317392058272,0.013567046835160423
2016-01-03,433.2,434.09,424.06,431.04,4571.09703841,1959125.1651313608,0.028496929226982364,0.020028409270169547
2016-01-04,431.54,435.86,428.44,434.17,5717.59545799,2475824.2924466133,0.023280850184709847,0.016050164467246792
2016-01-05,433.31,435.39,429.5,432.43,3881.72086195,1677480.78743809,0.01687015619134442,0.01121726150964656
2016-01-06,432.45,432.67,426.54,429.56,5507.61422624,2369733.7976170764,0.015452955666933227,0.0130029123964752
2016-01-07,429.99,459.16,429.25,457.0,16833.41915668,7538505.532836249,0.033813840125860944,0.03319251749730657
2016-01-08,456.87,465.0,444.51,452.7,10258.9945852,4656535.457416393,0.03431352812306402,0.02805121106259732
2016-01-09,452.02,454.0,446.68,448.84,4396.0450009,1976872.8448477641,0.02393322157285348,0.016253805151235725
2016-01-10,448.84,449.89,440.8,448.79,4078.61065365,1813396.6315122903,0.021083160886453605,0.01582010360716214
2016-01-11,448.2,451.13,438.0,448.0,7986.45843125,3559302.998791695,0.024732568843288016,0.019830862163213777
2016-01-12,448.0,448.0,434.35,434.85,6930.89654863,3067104.538534749,0.028043950088452604,0.022630494191727694
2016-01-13,434.78,438.35,424.5,432.64,10067.02104551,4326502.002692426,0.029240548166208767,0.02846474046012357
2016-01-14,432.64,434.0,427.0,429.55,4420.91215989,1903786.8601751265,0.020076100893918616,0.015244704498486639
2016-01-15,429.55,429.8,360.0,360.0,37326.70141453,14763085.362873705,0.07662904294041328,0.07639758100221986
2016-01-16,360.62,392.07,352.0,386.91,25019.25199317,9320424.288640622,0.06960559347776724,0.06854338638864942
2016-01-17,387.8,391.14,376.0,380.16,8416.94363509,3223434.7970121154,0.04418634634413522,0.037533940101388615
2016-01-18,380.16,388.5,373.63,385.49,7015.52993583,2681863.1777320164,0.03356896503377867,0.02918522393930932
2016-01-19,385.49,386.92,375.59,376.76,7223.00324232,2759325.1911675488,0.027587782469740075,0.023844025422275268
2016-01-20,376.9,422.98,372.53,416.32,25172.91741948,10076995.516969692,0.06280172454114831,0.052545948527742525
2016-01-21,418.9,421.25,404.59,409.59,9414.55707194,3888399.2165024206,0.037413622816457645,0.03647507903591234
2016-01-22,409.42,410.07,374.45,382.55,14744.75776299,5746833.930973462,0.051230142824092294,0.04885197700126427
2016-01-23,382.85,395.0,381.05,386.4,7664.89092787,2976119.4605449573,0.03849262266905631,0.03753962355802885
2016-01-24,386.37,405.97,385.36,402.16,5448.8452132,2177620.724274889,0.040468885727959404,0.03279068355561306
2016-01-25,402.16,402.31,385.5,390.9,8040.83085608,3170905.6606366397,0.03725631134261828,0.03069600546317424
2016-01-26,390.1,397.7,386.2,391.77,6589.1535502199995,2586282.8245910597,0.027884615253250974,0.024456740540110794
2016-01-27,391.77,397.0,390.31,394.95,4262.62933663,1681173.1201710806,0.020396972079850622,0.014489100435482492
2016-01-28,394.62,395.56,376.0,379.75,11414.04549852,4362153.521197817,0.032627677994131625,0.030037662007917115
2016-01-29,379.55,383.99,363.73,378.22,13544.14541999,5085511.116012312,0.0488022687637203,0.0396486418908599
2016-01-30,378.12,380.42,372.95,375.64,2587.1071732699997,975877.6074591574,0.029743754672208186,0.021867733170030573
2016-01-31,376.38,379.3,364.7,368.49,4166.66582034,1560053.354914745,0.035902467074696374,0.025951554994056766
2016-02-01,368.49,378.2,366.53,371.81,7255.13421769,2703798.9965752694,0.031058875277169423,0.02422242829601111
2016-02-02,371.81,375.0,369.73,373.05,5719.11332356,2134087.013807933,0.018106939029216253,0.0151435403476247
2016-02-03,373.05,374.0,365.0,368.38,7107.78660836,2632376.2042462723,0.02602295436147003,0.01862460692589019
2016-02-04,368.4,391.88,367.95,387.82,13446.47968297,5141157.664293907,0.03201901365728954,0.029275725705574553
2016-02-05,388.0,389.5,382.99,385.0,7372.61395629,2855342.682984913,0.0235083574459482,0.016278860724328104
2016-02-06,385.0,385.0,371.35,375.39,5735.69706556,2159254.6952025844,0.03808524500800532,0.026447315426944094
2016-02-07,375.39,380.0,373.04,375.0,2885.48241846,1085233.0095161095,0.025997059846601087,0.01550120630797737
2016-02-08,375.0,378.99,369.99,370.91,6943.10816682,2599758.4291505744,0.022787191603330415,0.01676256375613211
2016-02-09,370.95,377.0,369.12,373.2,5779.6801008,2157255.854423342,0.025698199976575686,0.01634855281962989
2016-02-10,373.2,383.85,372.12,379.66,10006.63329253,3793581.8834395246,0.027299676284252648,0.02071736476649397
2016-02-11,379.34,380.5,373.54,377.98,7471.96039009,2821035.0655386676,0.027173677242885073,0.018046199393627248
2016-02-12,377.98,383.48,377.07,383.27,5996.09236146,2285468.010461176,0.022486107875432468,0.013052824209971357
2016-02-13,383.0,390.99,382.0,390.99,7324.96634134,2836792.7085729125,0.02064813889149472,0.01687135274056413
2016-02-14,390.99,406.71,390.59,405.0,9758.39271132,3888556.115546895,0.02996142992642135,0.024346322344136986
2016-02-15,405.5,409.71,393.4,399.28,7906.69773619,3178975.245806497,0.03907800294125915,0.031192986808614053
2016-02-16,399.28,407.8,396.0,407.51,8354.83032093,3372970.547783742,0.02983624425754625,0.02022587124573523
2016-02-17,407.51,421.11,404.0,415.54,11842.77782874,4916431.626533151,0.027913207265511043,0.022683198802274894
2016-02-18,415.59,424.9,413.4,421.18,8588.92668864,3611121.5819424754,0.02449429677540018,0.02104143328561862
2016-02-19,421.15,422.0,414.0,419.54,5015.53810237,2102142.707932687,0.024724454107610018,0.01663356552759884
2016-02-20,419.98,443.96,419.5,434.63,11633.27274251,5040530.518931039,0.03194947869855748,0.03187957809940985
2016-02-21,434.63,447.99,426.0,438.5,10300.3526042,4515066.805034327,0.04601436304747232,0.03755190859748462
2016-02-22,438.33,439.5,431.15,438.27,5840.3160546,2551225.4975216035,0.02788877670296855,0.020407437347104606
2016-02-23,438.26,440.0,414.0,419.1,10509.60507822,4461600.243212211,0.038653825404855895,0.035654475645962455
2016-02-24,419.1,424.28,409.07,423.78,7258.35730294,3045266.071468252,0.03317840323587315,0.029587178672739085
2016-02-25,423.79,426.75,415.79,423.51,5597.96719924,2362200.3051592195,0.031995219571855346,0.02389938142672913
2016-02-26,423.38,432.0,418.01,432.0,4635.1202274,1965454.0813023855,0.024109766369367954,0.017298271385484554
2016-02-27,432.0,435.0,428.22,431.07,4159.35798035,1794466.2805023359,0.02539047943191579,0.016094083590195183
2016-02-28,431.07,435.0,422.29,431.68,3501.18941279,1503683.7886680174,0.025149841048240824,0.022327444201228983
2016-02-29,430.26,440.99,428.12,435.23,8463.34883153,3689263.2669962705,0.03315383919746062,0.03028408317445477
2016-03-01,436.75,437.5,427.01,432.5,6941.51621427,3004608.41283573,0.03776212585299363,0.026824723340431084
2016-03-02,433.33,434.5,421.31,423.45,5788.38363163,2485060.858176565,0.025806926667859924,0.019078821370030443
2016-03-03,422.4,424.47,415.85,420.29,7483.6467555,3144639.1930005173,0.029981645642682006,0.022255583799313427
2016-03-04,420.29,423.9,406.02,408.01,7789.00370914,3243649.5542241214,0.026800826365893718,0.020642134291449753
2016-03-05,408.18,408.98,382.0,399.83,16436.403861669998,6538497.027003868,0.05911298699538949,0.045464592610248426
2016-03-06,399.83,412.31,393.11,406.23,5692.00930852,2305618.7679917426,0.030851101271399846,0.02526332571160752
2016-03-07,406.15,414.96,403.03,414.01,5937.73379583,2435776.7395030297,0.02672397640865431,0.01907861740758019
2016-03-08,413.96,414.99,408.46,411.75,5576.2582036,2294688.675292089,0.020904059727574063,0.015695674273129873
2016-03-09,412.14,413.51,408.75,413.0,4876.78893016,2006490.5067735848,0.019307328011976637,0.013770035811089952
2016-03-10,412.99,416.9,409.31,416.0,5255.299453,2173149.342711765,0.01740114188602168,0.012883297394231781
2016-03-11,416.0,421.91,415.11,419.13,5950.80704895,2495555.6288257935,0.021199991544782085,0.013716788247803076
2016-03-12,419.14,420.93,406.59,410.9,4640.49424972,1916016.3959397927,0.02976630505010049,0.01977421056364262
2016-03-13,409.95,417.0,409.67,413.04,3286.86910903,1357877.3454462762,0.025226880246767763,0.013773735105056981
2016-03-14,412.99,415.22,410.5,414.99,4470.78743496,1849560.5657389658,0.018476048742980235,0.012987205091539203
2016-03-15,414.83,417.43,412.15,415.85,4569.87994639,1899075.6045914958,0.021060726230214096,0.01440797004178532
2016-03-16,415.84,416.82,413.15,416.57,4100.47706379,1702464.273578061,0.0185522226568612,0.0107069754272955
2016-03-17,416.52,419.0,415.66,418.49,3704.16067257,1549034.3735174236,0.01531402242692593,0.008385433780684048
2016-03-18,418.47,418.49,403.34,407.91,6391.24659493,2620834.685454597,0.023244948988533447,0.018123759951071714
2016-03-19,407.5,409.95,404.1,409.04,2870.24736036,1168239.480424483,0.022734572529920463,0.015973770050961785
2016-03-20,408.36,412.0,406.6,411.28,2579.0021275999998,1057287.5787421556,0.020497039018891498,0.013926689529767063
2016-03-21,410.62,411.96,406.5,411.67,3546.2789106,1451551.901928691,0.02076606294787686,0.012751777610489262
2016-03-22,411.67,416.99,410.35,416.64,3950.15519464,1639006.4357434837,0.016452026305130246,0.01177114270583011
2016-03-23,416.39,419.0,413.44,417.62,4946.39651107,2060233.3774300152,0.02127014758707118,0.014554868534093008
2016-03-24,417.62,418.15,412.85,415.17,2776.60883207,1155201.6062814815,0.018190485245654173,0.010873224146265457
2016-03-25,415.17,416.92,412.0,415.7,2588.7827232600002,1074850.0651723593,0.017798427034986096,0.014326992778040896
2016-03-26,415.6,416.99,414.0,416.96,1253.0063756,521130.4191948513,0.018106381559649186,0.00933112833780997
2016-03-27,416.96,427.99,415.77,424.77,5038.8775332,2134741.1330833687,0.02058865268944319,0.017221935576278838
2016-03-28,424.62,424.77,420.32,422.87,3283.79146452,1388218.488650838,0.02465033652637484,0.0129830646905465
2016-03-29,422.87,424.37,407.22,415.95,5955.0009902599995,2473050.623008191,0.0300207483945768,0.019172175132520917
2016-03-30,415.43,415.93,408.59,413.74,4824.85455188,1990577.8171173155,0.02324884258249729,0.016942410648398187
2016-03-31,413.68,416.99,411.4,414.66,3774.42082775,1566362.4944376894,0.020651779077232372,0.014357257864041278
2016-04-01,414.66,416.99,413.42,416.31,3736.77266241,1552972.0540504034,0.019010585576695167,0.011217265428102228
2016-04-02,416.31,420.0,416.01,419.0,2072.95050098,867219.3646061865,0.01874184511795008,0.012297221770570584
2016-04-03,419.35,419.48,416.1,419.11,1337.67303294,558972.9516483484,0.015032711661781118,0.0096574282385665
2016-04-04,418.51,419.85,416.0,418.75,3457.56274345,1445890.344466714,0.021337569142080817,0.012952852916498798
2016-04-05,418.81,423.0,416.61,422.71,3956.55659754,1666102.3169047497,0.02185664175482021,0.013317951189799403
2016-04-06,422.71,422.9,420.0,421.03,2396.3483709,1010421.4159978308,0.018874470028399648,0.01041912971262083
2016-04-07,421.03,421.99,418.09,420.0,3216.81131955,1352557.8451838188,0.019224904496837322,0.011257957040916887
2016-04-08,419.99,423.99,416.26,417.75,4584.13099271,1928622.5596447834,0.018921835266035147,0.01665134414911183
2016-04-09,417.75,418.71,412.0,418.24,3599.39669345,1497374.0581478553,0.016270986808979423,0.011391686656619776
2016-04-10,418.59,421.79,417.2,420.04,1779.82860787,747037.5947887443,0.011134293220719151,0.00901009190661585
2016-04-11,420.4,422.8,418.0,422.69,3487.8325098,1467235.3890037138,0.014999222765346407,0.010292601334966435
2016-04-12,422.79,426.67,421.0,425.54,6082.73402325,2581772.002684395,0.017404295464914083,0.011749779032910346
2016-04-13,425.32,426.0,422.27,423.93,3917.08383409,1661378.2014053026,0.015738721701826275,0.009474362635542109
2016-04-14,423.6,425.35,420.57,424.86,3863.79952226,1637469.796139264,0.015598176312526635,0.011374977085485486
2016-04-15,424.4,430.0,423.07,429.45,4406.24086239,1883216.00065776,0.01739901077434764,0.01072060426009648
2016-04-16,429.45,432.87,427.12,430.69,1848.30276214,794850.5452862584,0.0224383784465124,0.013110065006970909
2016-04-17,430.18,430.91,424.24,427.42,1502.82305955,642513.158686994,0.022103354756623034,0.012613199841304183
2016-04-18,427.15,430.01,425.8,428.14,3180.43077191,1359429.791015481,0.02011708807882471,0.010999383495481494
2016-04-19,428.14,436.82,426.24,435.63,3798.23746594,1634319.1930303238,0.020903178229195178,0.012554059250484521
2016-04-20,435.7,444.0,433.11,442.13,7602.64664993,3334277.686532346,0.02452335662594096,0.014927204014570962
2016-04-21,441.99,452.11,440.0,451.0,5421.15632535,2417967.268685068,0.023481171858478103,0.014834680472750663
2016-04-22,451.0,451.36,442.96,447.7,5494.44115676,2458438.742471351,0.019103565656679637,0.01238496177246766
2016-04-23,447.16,452.19,444.46,451.92,2250.0352108,1008196.9681165933,0.02142168907439709,0.01295077030382766
2016-04-24,451.92,470.02,447.06,460.02,7103.31254852,3245145.6876134616,0.03796217619500967,0.033112534461443396
2016-04-25,460.03,469.47,455.13,462.33,5607.18864396,2589565.386315115,0.029894691742723342,0.019227074720293915
2016-04-26,462.29,469.87,462.13,467.42,4629.18548678,2155137.4609039356,0.029817714805904706,0.01873232067717202
2016-04-27,467.39,469.03,443.2,445.38,7084.23987101,3233421.7211380266,0.03956344329823804,0.02973684989028867
2016-04-28,445.39,451.0,435.0,449.14,8736.25774023,3883442.481492185,0.032632569152720566,0.027136244808686476
2016-04-29,449.94,456.53,445.62,456.53,2982.5407793599998,1347455.5129253066,0.021059855797669592,0.012940924410370725
2016-04-30,456.53,456.9,446.5,448.37,2419.58249945,1091496.341991074,0.030996020977262867,0.01728140228981468
2016-05-01,448.37,453.78,446.84,453.0,1190.6981509500001,537309.7551724949,0.021324331793409482,0.011949309098445675
2016-05-02,453.0,453.8,438.59,444.06,6362.93159046,2824509.933283346,0.032465945642444524,0.022275936735403328
2016-05-03,444.06,452.0,440.78,450.61,5576.91459995,2497135.3507219083,0.024021939388781603,0.015953236521528722
2016-05-04,451.18,451.68,444.15,446.63,3327.60727439,1488126.9907184136,0.0218845907357363,0.014249607893498358
2016-05-05,447.36,450.0,445.11,448.5,2569.5932008,1150486.3837589915,0.019349944122842338,0.01174558350501633
2016-05-06,448.5,463.97,447.03,458.48,5540.13889435,2518232.5629785047,0.02197053079228346,0.017151518212543692
2016-05-07,458.98,461.0,455.95,458.07,2004.63685564,918979.476876516,0.02258390316408043,0.012321235926945995
2016-05-08,458.97,459.69,455.95,458.21,1353.23221968,619032.2156861516,0.01896853404527893,0.010477126354988708
2016-05-09,457.75,464.79,455.62,460.82,3536.50388948,1625511.5070898382,0.021861476173256754,0.01440591861507664
2016-05-10,461.49,463.0,447.38,451.62,5746.15794317,2608061.892486171,0.025176966586307855,0.020698925665181427
2016-05-11,450.88,457.99,450.32,452.91,3352.58050446,1520417.5616803928,0.019143532106413445,0.014816371137727638
2016-05-12,452.95,455.25,448.88,455.2,3453.49239803,1561179.9595995655,0.016461705757788336,0.010838462676019454
2016-05-13,455.2,456.82,452.04,455.91,2822.65051924,1284042.1885446284,0.02033791056002845,0.010726407623598453
2016-05-14,456.42,457.25,453.51,455.57,1377.71832273,628066.590596282,0.0179211341323648,0.00916657234215235
2016-05-15,455.57,458.08,454.72,457.56,1612.71056651,736315.7852065824,0.013110502804764331,0.007043437672693642
2016-05-16,457.56,458.0,451.11,454.0,3248.19201842,1479704.7600657027,0.0177710680031222,0.011965332844782406
2016-05-17,454.0,456.09,452.0,453.08,3430.47946611,1555848.1216417856,0.015613962685700877,0.008752810671893386
2016-05-18,452.96,455.68,452.0,452.92,2608.23175369,1184340.8145741103,0.015494355771369593,0.008708983448467716
2016-05-19,452.47,453.85,435.03,436.3,5961.1150858,2667188.167472973,0.020996560649037283,0.018809698053442396
2016-05-20,436.3,444.41,435.06,442.72,3448.22731015,1521078.2283572576,0.019051174044498773,0.013801282897560954
2016-05-21,442.84,443.98,435.28,443.31,1916.43483232,842554.3871938916,0.01585492161795808,0.012812599157167395
2016-05-22,442.72,443.47,435.0,438.8,2350.68206329,1032191.7499650241,0.02093484632437091,0.013653137280067233
2016-05-23,438.72,442.99,436.4,442.99,2625.60063214,1157296.4325580013,0.01799466964238418,0.011725505459461645
2016-05-24,442.63,446.37,441.0,443.97,3072.77859999,1366739.0457816022,0.014144838024426584,0.00865455209868955
2016-05-25,443.97,449.6,443.97,448.7,3663.3159109499998,1639529.9119174764,0.016977612577461124,0.00993519052904132
2016-05-26,448.7,452.98,446.8,452.07,3768.49837209,1696045.6661647514,0.018575596331890643,0.009945520243809245
2016-05-27,452.07,478.16,452.07,472.05,12234.20331935,5760443.724303346,0.053443433605497526,0.038576240569892416
2016-05-28,470.58,529.08,468.0,519.41,12568.03112362,6209842.307088929,0.0803629042271067,0.05641076969051674
2016-05-29,522.13,540.0,485.0,517.84,8215.67477949,4269577.739168136,0.09201492782910217,0.07754116359563548
2016-05-30,517.6,535.0,510.01,527.64,6074.77470614,3197611.3138814764,0.06950962993225412,0.056555259299351485
2016-05-31,527.64,548.5,515.0,531.84,12071.18195862,6469371.038264445,0.06479945374017178,0.04857821814414524
2016-06-01,531.84,542.87,525.49,536.95,5456.942657,2919951.92638317,0.03281612248729372,0.024337514012832934
2016-06-02,536.95,540.0,529.13,538.0,3939.35132757,2110255.5354488604,0.02681356303973343,0.01895203410568877
2016-06-03,538.0,578.37,535.74,569.94,8801.7746347,4919357.895247724,0.03561957513085571,0.034774438222116504
2016-06-04,569.94,588.71,558.54,573.8,6216.6271931,3571007.288782051,0.04627866689149598,0.04191596575183957
2016-06-05,573.5,582.0,566.0,573.91,5415.93469447,3104359.039204954,0.0485786853061719,0.027461603284779697
2016-06-06,573.91,586.02,573.8,584.5,4465.51612085,2599507.112314838,0.034243093701594035,0.019717478571007408
2016-06-07,584.12,594.44,563.0,577.54,6705.91830357,3888793.339284541,0.0366123164539551,0.028209377864609423
2016-06-08,577.54,584.25,571.86,583.03,3259.15110512,1886187.47844569,0.022925907869187183,0.01664026334140717
2016-06-09,583.01,583.1,572.97,575.01,3770.7182618,2174485.279858499,0.029250397123739013,0.018169823278385698
2016-06-10,575.01,580.0,572.0,578.01,3458.56492292,1992628.5182992923,0.02948369339478764,0.014347270840607402
2016-06-11,578.01,611.0,575.93,610.0,4000.07125397,2358454.9610352144,0.0336950687283445,0.030402281720474534
2016-06-12,610.0,683.02,603.21,672.13,14138.30680118,9092622.553350847,0.07068063726146918,0.057175524211864844
2016-06-13,672.13,725.0,655.02,704.49,17280.60397099,11954166.64756852,0.08990275706508946,0.07853199895474991
2016-06-14,703.81,704.5,655.0,685.25,10633.44050212,7251643.194429824,0.0372886119228266,0.040482166896172955
2016-06-15,685.25,695.77,672.12,695.0,5783.92382786,3958046.6486122976,0.03158733292015874,0.02556285170218694
2016-06-16,695.0,773.07,689.8,766.62,17946.82684698,13258718.743187908,0.05428983483709282,0.054369164293004306
2016-06-17,767.37,778.7,706.37,745.22,14687.27083679,10850545.934518902,0.06648366963997103,0.06250409498674989
2016-06-18,745.0,778.85,723.02,754.83,5903.47180558,4452782.822669923,0.05378604168880477,0.049473785044010565
2016-06-19,754.83,764.93,740.11,761.44,2617.27920864,1975455.7744902764,0.044544875702932446,0.02923876305749003
2016-06-20,759.12,763.99,723.4,730.85,7975.97107838,5924383.556291413,0.05051995991327294,0.04766467295681463
2016-06-21,725.0,728.18,625.0,667.54,33056.28964434,22267066.37646656,0.09846633811975695,0.10265730563147726
2016-06-22,665.36,677.63,588.03,601.3,16456.40877924,10464359.746073127,0.06944223106609153,0.06698083024361705
2016-06-23,600.51,632.67,540.17,624.91,24329.07931933,14289816.979334943,0.10132667613777409,0.1092322299083619
2016-06-24,622.59,683.88,620.82,661.71,16163.8016025,10565220.846038176,0.09052361776315251,0.07488567258603317
2016-06-25,660.76,684.45,639.4,659.86,6576.67165429,4373153.620277137,0.07200900807448177,0.057871219599882597
2016-06-26,658.8,662.9,608.64,630.16,5838.1489745,3672486.487064929,0.06509908916690531,0.05081602175785795
2016-06-27,630.16,658.0,618.03,657.5,8668.59311399,5536684.785050605,0.05341697459262284,0.044599157680907
2016-06-28,657.49,665.51,635.5,646.08,5478.35678011,3545933.734105034,0.03951006490628147,0.031124003027931196
2016-06-29,644.33,645.0,621.09,634.11,9132.47818623,5771190.397256625,0.050094445278832396,0.0330296426630871
2016-06-30,635.91,671.22,628.06,667.95,7479.78991538,4897960.960726455,0.04771488845987697,0.030332193684033004
2016-07-01,666.33,684.1,659.71,674.86,6432.9196212,4340051.262409177,0.04417981175178967,0.038376274548586484
2016-07-02,674.86,704.93,672.74,702.48,5506.04313621,3811606.839353229,0.0318208010660961,0.028454271272809254
2016-07-03,702.48,704.99,646.29,658.27,7320.31995024,4905000.268755406,0.054257886869310254,0.04662354783130896
2016-07-04,658.27,682.35,640.1,680.35,4290.13225288,2871208.7787216646,0.04166512676863427,0.03528605276442419
2016-07-05,678.74,682.36,661.57,668.94,3112.7271219,2092647.10534636,0.033618704420545376,0.023400785980467607
2016-07-06,668.94,679.0,662.13,674.7,3590.61112814,2415825.9840996405,0.027679711624080124,0.020974771803181358
2016-07-07,674.7,678.43,605.5,638.19,12686.97748136,8059504.90923919,0.06200810142117309,0.06117052431227109
2016-07-08,638.89,665.99,635.0,663.0,6579.38521243,4254321.697920532,0.038890424983599195,0.026298941892192815
2016-07-09,663.0,663.99,626.0,647.78,6180.15042485,3995687.568231188,0.06789127227981921,0.04953781752382976
2016-07-10,647.78,650.88,636.8,648.76,2313.34939114,1491130.193073529,0.033351162009710306,0.021724912974368123
2016-07-11,648.77,659.6,639.31,649.32,2978.13685533,1932969.0889094132,0.03420381922639309,0.02292333473559659
2016-07-12,649.32,678.0,646.05,663.52,4288.07627477,2840523.6001179847,0.03174400944281844,0.025643932045209906
2016-07-13,663.52,669.97,651.03,655.06,6573.2020306800005,4343189.783006577,0.03023053215153497,0.021615940927633175
2016-07-14,652.24,664.93,650.01,659.1,2392.43467683,1576669.9080341328,0.02936021714029417,0.017266330617004465
2016-07-15,660.3,670.01,658.41,664.6,3228.34264303,2143971.7724675597,0.025030121305967757,0.015344831247339798
2016-07-16,664.6,666.67,655.0,662.45,1682.67647056,1111647.6317290906,0.028283351306212724,0.014854753858646663
2016-07-17,662.45,684.19,661.35,679.54,3437.77012475,2320679.995593189,0.02996183247540266,0.02093932027175971
2016-07-18,679.54,682.21,666.12,672.1,3012.20623456,2037539.3508020309,0.03117976834619678,0.018922831481225203
2016-07-19,672.1,675.81,666.0,673.48,1904.43446142,1278270.1574756943,0.024602021334851277,0.014595302499847817
2016-07-20,674.8,675.0,660.0,667.03,3418.62509416,2281977.2013972527,0.024019669261782204,0.014498345452092982
2016-07-21,667.01,667.1,660.1,663.99,2503.04270767,1661092.7372338383,0.01968049597477776,0.01034293665044939
2016-07-22,663.25,666.3,645.0,649.95,5191.5550657700005,3407620.7843784248,0.028356720855383172,0.019057077653456163
2016-07-23,647.88,656.77,646.0,655.52,1284.52223933,837854.8509784545,0.027051295265226667,0.014355308297571052
2016-07-24,655.52,665.0,651.99,661.47,1427.97990306,939616.1607505616,0.02911822794342538,0.013606917756245054
2016-07-25,661.47,661.99,652.28,654.96,2441.94401025,1600656.5292503713,0.027083140619105415,0.01347169077837196
2016-07-26,654.96,656.94,645.01,651.24,3552.82907397,2311427.8134153066,0.025832231576296716,0.015922118295999026
2016-07-27,651.24,659.98,646.31,653.48,2664.94311137,1742121.528197365,0.029807778099772027,0.0178355177118091
2016-07-28,655.13,657.89,652.41,653.07,1909.23654208,1249830.3908220485,0.023863466719683663,0.011637026799173677
2016-07-29,654.84,657.48,653.0,654.61,1297.14816627,849130.0855683013,0.027536325180795487,0.011173981145717778
2016-07-30,654.88,657.5,652.19,654.67,719.15982547,470932.38440998207,0.01997435681189948,0.00978516675147733
2016-07-31,654.67,654.71,614.97,623.83,4933.61939038,3126066.1750615207,0.03543947550652331,0.029882569192869912
2016-08-01,623.83,630.0,603.63,606.35,5512.82137405,3399775.9795346735,0.03685926023609456,0.025995609624412937
2016-08-02,606.84,613.03,465.28,540.0,22142.66733973,12111862.628608555,0.12202053352077152,0.13157990386235574
2016-08-03,540.0,572.34,521.0,563.42,15453.58615956,8474355.645817064,0.06070062407273563,0.06632637479415221
2016-08-04,563.42,583.97,552.0,576.13,8499.83692796,4848347.059700055,0.049279419857567175,0.04903983733976029
2016-08-05,578.14,578.2,562.0,572.5,4811.23583899,2744793.865517569,0.03339301879320532,0.02365714182248913
2016-08-06,572.98,592.0,562.56,589.48,6021.3087891000005,3470965.6301068277,0.03576801797434978,0.030252339014367635
2016-08-07,589.47,598.82,582.12,592.47,2910.30990604,1720478.821139037,0.03332151713878638,0.021980492632320943
2016-08-08,592.47,594.0,583.58,591.88,3181.85250852,1876403.0389238745,0.028733489096873198,0.01802533268672165
2016-08-09,591.88,591.88,579.43,582.75,3174.70598792,1857451.055779928,0.029960079509399242,0.020549873346398632
2016-08-10,582.71,603.0,580.01,590.27,5217.75905561,3092051.4717502194,0.029446877531868455,0.022345408658943834
2016-08-11,590.46,597.78,585.22,585.22,2543.68401092,1504783.9700341967,0.027621376065642536,0.01709709632946529
2016-08-12,585.25,591.19,580.47,585.91,2177.37864395,1276303.7178986764,0.0236019617336277,0.016746725670846632
2016-08-13,585.34,589.98,581.71,583.52,962.30229892,563695.9447940729,0.02355301101959853,0.01361650751743137
2016-08-14,583.54,583.92,556.24,568.76,4812.88862744,2748632.6378981774,0.031436705547110894,0.02767240036844087
2016-08-15,568.76,573.69,554.9,565.55,4633.74558455,2619635.6787162265,0.030505953476555117,0.0211998159159526
2016-08-16,564.2,579.8,563.0,574.99,4837.18871903,2766187.440789501,0.025744604818411832,0.020106525321813534
2016-08-17,574.95,577.86,566.02,570.91,4108.5976507000005,2348154.8664781004,0.02649542609997076,0.015375033313590337
2016-08-18,570.91,575.87,568.79,571.49,3967.28412511,2271964.540156027,0.021838243377919373,0.014240746182286554
2016-08-19,571.49,574.86,552.3,572.91,4652.00521466,2652227.5163858766,0.022809504607036526,0.026786759439176598
2016-08-20,572.98,581.02,568.52,577.88,2431.78684382,1400119.0970061747,0.02220918480952343,0.012171512671793878
2016-08-21,577.7,583.99,576.01,577.55,1139.76224273,659696.6236977228,0.025018886922959865,0.013290869769757756
2016-08-22,577.55,585.95,572.5,582.78,5086.06256577,2950537.7474529105,0.022384628755708458,0.013049778996580993
2016-08-23,582.78,584.99,576.0,580.23,4182.04589939,2428301.488262194,0.024556112987543496,0.01657579752188661
2016-08-24,580.27,582.1,575.4,577.58,2991.01460758,1731504.491031484,0.021289830726867548,0.012918819509796186
2016-08-25,577.65,578.75,571.16,575.71,4231.40701036,2432288.26585651,0.025105650717712518,0.012519140265532832
2016-08-26,575.75,582.46,574.1,578.78,3300.29774328,1907554.8726057105,0.023614616516478264,0.014080482643162388
2016-08-27,577.92,579.09,564.81,568.31,2702.58036182,1540058.0705151712,0.01931624062998616,0.012614110106545446
2016-08-28,567.51,573.34,566.8,573.2,1034.07669959,589959.5696241674,0.02067406185086525,0.010402631428824204
2016-08-29,573.2,575.0,568.6,571.5,2333.00891707,1337383.1664022696,0.020832994294513154,0.011610902948418485
2016-08-30,570.74,576.5,568.55,575.91,4439.35420543,2549483.3847974925,0.020231330143867948,0.012893761154228696
2016-08-31,575.91,576.49,568.4,570.75,3917.82520705,2238100.4859671555,0.017740172033221212,0.011827916362925855
2016-09-01,570.75,572.86,566.86,571.05,2833.21048959,1614755.4927134502,0.020179289654340907,0.011622845277505895
2016-09-02,571.05,574.2,567.03,572.0,2996.65467508,1711608.7700541602,0.017718038492555443,0.009057283346849349
2016-09-03,572.0,598.64,569.01,595.01,4645.77734019,2709777.1588327424,0.030941917306853334,0.024504501215608043
2016-09-04,596.25,609.05,590.88,603.72,3951.19879148,2375055.5217215554,0.026883401358701382,0.019980729160620773
2016-09-05,605.72,607.31,592.46,603.48,3838.1755876,2307583.0324733886,0.033069896178429904,0.021157807821503408
2016-09-06,604.98,609.74,601.0,608.16,4038.33754573,2448579.7012435654,0.02092199826544598,0.012856054965631563
2016-09-07,608.93,615.92,604.7,615.16,4502.71072652,2749870.9329616446,0.02151410355963486,0.010743724787623546
2016-09-08,615.16,628.98,611.66,625.67,4354.95251639,2711831.9661363964,0.022682362908972846,0.01658601293144408
2016-09-09,625.67,627.49,612.93,622.01,3274.0756508599998,2031586.573372647,0.021035378489430004,0.014422685599530447
2016-09-10,622.01,625.0,618.67,621.65,1527.83753513,950863.7718523892,0.021228598898788583,0.01116902817857756
2016-09-11,621.65,628.99,594.63,606.32,5336.9515717,3238075.3378068623,0.04227166316468956,0.0352644711067957
2016-09-12,604.08,609.15,602.0,608.04,3512.28237051,2126722.7092903755,0.026125748315274373,0.013366412931711508
2016-09-13,606.4,609.61,603.28,607.46,3471.52717479,2106056.367623091,0.024653321500834807,0.013263046584055868
2016-09-14,607.45,610.69,605.98,608.5,2895.4604519,1761254.4167512932,0.020909442936904825,0.009751883551430062
2016-09-15,608.5,608.99,602.3,606.71,3085.66694768,1870573.3627922186,0.02143495747775178,0.010219075752438545
2016-09-16,606.65,608.99,603.5,605.69,2612.88007635,1585076.9767649488,0.020715591175318248,0.00942279975878349
2016-09-17,605.69,607.59,601.1,604.1,1117.48707654,675020.5087497149,0.026059964183361883,0.010218775906794944
2016-09-18,602.93,609.06,601.97,608.0,1307.05511292,792165.028062741,0.018503695990370158,0.008801723577393719
2016-09-19,608.0,609.5,603.0,608.72,2476.59039745,1504448.7578541664,0.01794266233132045,0.009688004876909313
2016-09-20,608.72,608.88,600.94,600.94,2680.44760563,1625503.6266501632,0.020750790708172633,0.010251661218429988
2016-09-21,600.85,601.01,592.1,595.46,3671.19191264,2183411.534410997,0.023357739054923745,0.01240980596690313
2016-09-22,595.46,596.42,592.5,595.41,2421.45482616,1440734.8330953687,0.020618831675894133,0.00856280537154381
2016-09-23,595.42,602.9,593.0,601.42,4007.88275861,2394070.624338722,0.020330586832288725,0.010135890893205091
2016-09-24,600.47,603.59,597.76,599.33,1140.23303781,685102.6588294184,0.02330387871780185,0.010566217417236122
2016-09-25,600.05,601.99,596.0,598.98,1086.83579854,650964.2989148054,0.02573753594010972,0.00979281301510269
2016-09-26,598.95,607.27,596.1,606.47,4056.39371551,2445358.3712149966,0.022438895890353673,0.013583091449384856
2016-09-27,606.7,608.37,600.02,604.26,3055.81637038,1845862.8836523867,0.02041601031300808,0.012828883375537005
2016-09-28,605.07,605.3,601.41,603.95,2202.74962821,1328971.8699473783,0.019466658688696407,0.009394383542562581
2016-09-29,603.95,605.99,601.0,605.6,2718.01919323,1641277.5756516955,0.017003559673514943,0.008894720592586296
2016-09-30,605.59,608.39,603.15,608.23,2633.44489285,1593478.7735201102,0.01777270275300719,0.009350362597080298
2016-10-01,608.23,614.28,608.23,612.98,1458.84374513,892039.5629382622,0.016247268290797597,0.007028346638827387
2016-10-02,612.98,613.0,605.0,608.6,1407.0592925,856258.094834251,0.023740452751483485,0.011163234980014614
2016-10-03,608.6,612.98,606.6,611.16,2245.89234656,1370382.2667983037,0.014104689381232084,0.008029126313975555
2016-10-04,612.84,612.84,604.99,607.19,2955.42383816,1795643.4647193106,0.01953388755303217,0.01094784128509394
2016-10-05,607.19,612.0,605.76,608.49,2410.92611361,1469822.1509684955,0.017857022884935746,0.00945658534663918
2016-10-06,608.49,610.5,607.09,610.25,2039.82035671,1242896.4447543812,0.011541191847804635,0.005783210448954859
2016-10-07,610.25,616.34,607.52,614.88,4033.82185438,2468197.6916910433,0.01728362680010861,0.009702459053519201
2016-10-08,614.88,616.99,612.5,614.34,888.66002111,546009.3876383383,0.018036689286573936,0.008770470991294766
2016-10-09,614.34,614.98,610.0,613.06,1174.26113887,719888.5914160338,0.024794979448545022,0.00953877751002087
2016-10-10,613.06,616.47,612.12,616.0,2295.52302846,1411011.4530269152,0.01965614258078452,0.00946318863770179
2016-10-11,616.37,639.0,614.56,639.0,8087.31933662,5103329.070604058,0.037322556823825535,0.02646118735266543
2016-10-12,638.3,640.0,628.76,634.5,2658.52776787,1690857.004174982,0.0196419192014993,0.01222017159877158
2016-10-13,634.5,636.0,630.0,634.02,2381.50067975,1511074.0163757866,0.021883784660499575,0.012289504319541568
2016-10-14,635.16,639.99,630.45,638.2,3154.82335026,2003777.1579956315,0.019769123030855918,0.012837259833570026
2016-10-15,638.2,642.0,635.25,635.96,1421.85361066,908344.6170675975,0.02889625256116125,0.012047189345960323
2016-10-16,635.96,641.4,635.18,638.97,1289.53724609,823478.1440226876,0.024370800189209826,0.010222198488673609
2016-10-17,638.97,639.99,632.1,636.91,3958.0365344,2515742.21786101,0.026197682725950425,0.013465508999710638
2016-10-18,636.91,637.8,631.52,635.95,2731.17634977,1735613.181931517,0.02330871660581908,0.012499708023917172
2016-10-19,635.95,638.04,624.13,627.98,4472.89998392,2823774.136481741,0.017710104388520057,0.014283300286058462
2016-10-20,627.84,630.22,625.0,628.89,2040.00987473,1280391.75818705,0.015428355931516292,0.008048392065301445
2016-10-21,628.05,632.36,627.5,629.0,3050.50932903,1919921.2000710734,0.012977630092469815,0.007715761490690352
2016-10-22,628.99,656.0,628.57,654.52,4351.6194781799995,2812664.9111407804,0.021693409804996885,0.01675030121919572
2016-10-23,654.52,656.0,647.51,648.74,2535.01019265,1651729.806948395,0.027531484637595145,0.0142137775553167
2016-10-24,648.74,652.25,640.0,648.6,4679.0014143,3029594.3454590477,0.030545457159527705,0.01902804256109307
2016-10-25,649.03,657.58,643.0,651.97,6106.91617897,3983546.7231412167,0.024634977626216328,0.01846907638366202
2016-10-26,651.97,677.0,651.69,675.11,6716.23146341,4465416.938674617,0.020097053237922793,0.017867795247087703
2016-10-27,675.11,685.89,665.59,684.71,4545.43620804,3090206.580893193,0.022590893018574133,0.017637647267223045
2016-10-28,684.71,687.23,677.05,685.91,3574.07546814,2447112.316183963,0.024991232899405035,0.01626879128424218
2016-10-29,685.91,717.99,684.89,711.13,4034.88400838,2840240.531423529,0.03524017896021578,0.02224882097721539
2016-10-30,711.1,711.78,691.49,697.23,3752.5253719,2631833.257765917,0.04010099539291721,0.02798045355539592
2016-10-31,697.23,706.97,683.6,697.01,4655.89251212,3246800.1713324287,0.03168901602185353,0.023431352822952306
2016-11-01,697.04,737.0,695.38,726.6,6570.01885443,4748508.948802773,0.04959600874545828,0.03220786885227768
2016-11-02,726.6,742.0,717.32,742.0,4320.53171915,3133772.8378768177,0.029644781528656808,0.019114077626865043
2016-11-03,742.0,745.19,670.32,685.22,12102.24273144,8616396.921548069,0.05898845827529921,0.05743482296123082
2016-11-04,684.84,707.67,681.0,702.7,5345.6792147,3724925.7897102763,0.036620493797980075,0.03245537649342244
2016-11-05,702.95,707.34,694.71,703.46,1918.31151101,1345930.1649466234,0.02431700684245743,0.014743004481129182
2016-11-06,703.33,714.36,697.92,709.93,2292.8635227,1620947.2132496594,0.02694841219251475,0.018651138058987875
2016-11-07,709.92,709.92,698.26,702.86,3020.87240328,2123793.266270377,0.029172503386304928,0.017917648306284773
2016-11-08,702.86,712.92,701.02,709.31,5526.47459343,3906042.463599847,0.021622201636488512,0.013684547029682909
2016-11-09,708.17,740.86,705.45,721.5,9726.2512339,7081700.2416610485,0.02641494697013723,0.025856269285663886
2016-11-10,721.5,722.0,707.0,714.47,4996.45256408,3571375.0633447766,0.018817901358000613,0.01903769808180314
2016-11-11,714.48,720.94,712.24,716.39,3328.33076179,2382930.100522427,0.013760902204416251,0.010329009426036243
2016-11-12,716.39,716.39,701.0,702.28,2811.55106984,1987322.8687403726,0.018750174183512762,0.012592032034173398
2016-11-13,701.17,702.89,683.23,700.38,6023.54902216,4175940.667069238,0.022629773379312573,0.01741975493907562
2016-11-14,700.38,705.89,697.14,703.82,7566.58050969,5301359.090659786,0.013532254001451943,0.009327474260055401
2016-11-15,704.98,716.54,703.05,711.06,5668.93994884,4030265.286754745,0.017586013388309396,0.013678771841926595
2016-11-16,711.07,742.87,708.44,739.71,11585.04541819,8452480.146420052,0.02913943195565142,0.03197993776636109
2016-11-17,739.71,749.98,732.22,735.24,6681.43151549,4970424.71204711,0.035769809607860324,0.02177247998956375
2016-11-18,736.0,752.95,731.31,748.98,4271.04146281,3180447.549603774,0.025303254503391923,0.017614993869647606
2016-11-19,748.98,755.07,742.63,750.75,1965.43652251,1471131.0883140902,0.02447115830547955,0.016479068749997054
2016-11-20,750.75,753.82,714.0,727.09,5525.9596111,4044683.7526658187,0.028904511513124807,0.029179863761875032
2016-11-21,727.09,739.2,727.03,736.76,4017.57762466,2948795.1550882417,0.019600469526606164,0.013768115255680237
2016-11-22,736.76,750.0,730.27,749.22,5034.70408511,3735819.4424096593,0.02008284557699618,0.014478474611201301
2016-11-23,749.13,749.98,729.92,740.18,4462.77871527,3299520.5840601595,0.02817251543933729,0.02275636434311943
2016-11-24,740.18,741.15,729.0,735.63,4039.81535353,2967572.1756567354,0.024375070163383684,0.01545281895770295
2016-11-25,735.63,737.07,728.0,737.07,3356.08903132,2460493.476262904,0.015701013950245812,0.009968545503338023
2016-11-26,736.96,737.56,722.3,729.91,2314.57662144,1685198.3955328849,0.020570057165787897,0.015209157613908463
2016-11-27,729.91,732.0,722.44,727.32,3447.86947559,2508519.2194516994,0.021369479658589804,0.014169367606071178
2016-11-28,727.32,732.44,724.1,729.54,4741.11519229,3458071.575109381,0.021755979500164835,0.012081920472870919
2016-11-29,729.54,733.29,721.0,730.76,5406.90035323,3946075.154748664,0.024072773321600082,0.01413809107068946
2016-11-30,730.76,744.49,727.0,742.06,6249.618523,4608849.948147846,0.018923886313819072,0.01330214921809847
2016-12-01,742.06,754.98,740.18,751.54,6124.50185948,4590110.484376029,0.014626475006272587,0.00926181953134198
2016-12-02,751.55,778.07,750.77,769.99,8098.57532493,6210157.316083683,0.028632962121227422,0.019089441430615278
2016-12-03,770.91,770.99,752.41,760.75,2772.6612477099998,2113592.8863762184,0.03373034021080961,0.020292734769784652
2016-12-04,762.97,762.97,752.41,762.0,3215.68481818,2440251.2358792257,0.018978394684114917,0.011691030267626976
2016-12-05,762.0,762.09,743.0,750.24,5567.77285717,4176028.9042292116,0.02336660580864956,0.017345278255924173
2016-12-06,749.51,759.9,747.99,758.98,6763.73852485,5108676.822689391,0.019989876411902103,0.015982731630633146
2016-12-07,758.97,769.61,751.78,763.99,4809.70777587,3665459.724032326,0.022432587096270468,0.014362378056086882
2016-12-08,764.05,772.01,762.29,766.84,4892.93925488,3758713.7482781634,0.01895608956699509,0.013540885725337048
2016-12-09,766.84,773.99,766.29,769.57,2868.41656863,2209627.4236176694,0.01664379228335171,0.010306414858135233
2016-12-10,769.57,774.12,768.11,772.28,2200.70812765,1700253.1009892516,0.010609487481531633,0.006423258001955265
2016-12-11,772.28,772.28,764.01,768.97,1421.13041748,1090782.4283273797,0.01953572142752518,0.010234846022450002
2016-12-12,768.97,779.0,768.96,776.9,2805.19133166,2174709.528652094,0.010855010089093939,0.007481211539831762
2016-12-13,777.0,793.27,765.1,775.35,4918.81400706,3827113.2537785904,0.025882842998202316,0.021443593671387897
2016-12-14,775.35,781.0,770.74,777.09,2333.38039481,1812255.6098178593,0.017748445171029994,0.01321864552936978
2016-12-15,777.03,779.08,771.0,775.89,3039.82232695,2360618.8473146562,0.011971987498781145,0.009537896090296807
2016-12-16,776.3,782.46,771.24,781.32,3475.77113231,2706242.1380446684,0.019105626035412594,0.01329281731030003
2016-12-17,781.32,790.88,780.36,788.52,2389.76188083,1878555.4848393355,0.011606673589476526,0.01035906238361729
2016-12-18,788.52,790.99,780.0,788.67,2519.24374939,1983889.9106706048,0.009531394179524562,0.009906282864808581
2016-12-19,788.34,794.39,787.01,791.0,3917.87027522,3100600.486662387,0.01609976571825433,0.009828719292552177
2016-12-20,791.0,803.0,787.1,798.65,4118.6935046300005,3268204.579032016,0.015438405370006675,0.011246345898491404
2016-12-21,798.83,834.97,796.82,832.75,9391.36496102,7667955.5062599275,0.022839634587927787,0.018561284018349444
2016-12-22,832.75,875.0,827.29,859.96,12070.35326085,10328714.727996178,0.04254392353084534,0.03329943961980237
2016-12-23,858.94,920.0,858.93,914.0,16526.62879671,14842567.15997188,0.04167611606266972,0.043722839830000325
2016-12-24,914.48,918.5,878.89,892.61,6026.45470401,5426134.108014457,0.025191478125899124,0.025830395222318062
2016-12-25,892.61,894.97,859.0,890.67,4658.23642176,4071575.5663289637,0.025806201991006812,0.020889708764982272
2016-12-26,890.65,905.18,888.0,897.1,3467.54622755,3117382.8764289687,0.02253251683969842,0.01723171055450113
2016-12-27,897.82,936.42,891.0,930.34,7225.77311731,6665978.108015195,0.022789433915588315,0.02077210186553345
2016-12-28,930.34,976.48,929.49,976.47,12285.11131172,11749272.270297077,0.031627740227713544,0.02732411626093305
2016-12-29,976.48,980.74,950.0,969.58,7858.45685371,7599677.710029799,0.02110176865611284,0.02056528029299864
2016-12-30,969.99,970.0,931.0,959.54,10755.03649428,10229555.814008933,0.026436084304055193,0.02454623149113479
2016-12-31,959.54,966.37,944.11,966.3,4162.92129897,3978749.2048952337,0.018042460420665395,0.015220851526487613
2017-01-01,966.3,1005.0,960.53,997.75,6850.59330859,6765936.165117411,0.019554330496628896,0.018780257760088598
2017-01-02,997.75,1032.0,990.01,1012.54,8167.38103018,8276030.793166411,0.03379371371236767,0.028102349074403676
2017-01-03,1011.44,1039.0,999.99,1035.24,9089.65802529,9276734.580567073,0.03522975643138628,0.025635297249631504
2017-01-04,1035.51,1139.89,1028.56,1114.92,21562.45697196,23476506.06854417,0.06460412364036322,0.05809027384335048
2017-01-05,1114.38,1136.72,885.41,1004.74,36018.86111991,36190813.62907297,0.15499992955746783,0.14336378818276171
2017-01-06,1004.73,1026.99,871.0,893.89,27916.70309893,25531436.933740128,0.09726216117799076,0.09691494072235371
2017-01-07,894.02,907.05,812.28,906.2,20401.11359103,17619070.31558711,0.09094337177756322,0.08743506374631044
2017-01-08,906.2,941.81,881.3,909.75,8937.49270783,8164011.031562813,0.05741183608999141,0.050465845597562266
2017-01-09,909.8,912.87,875.0,896.23,8716.18294096,7782148.932773347,0.050155017591722216,0.04060849169847421
2017-01-10,896.09,912.47,889.41,905.05,8535.5216881,7706384.169592533,0.032398690705575155,0.024067814176804345
2017-01-11,905.24,918.4,755.0,778.62,35893.76836795,29452194.072808374,0.09876498819068409,0.09789392437045277
2017-01-12,778.7,832.99,751.34,807.47,17400.14155465,13632462.289825585,0.06819277299561757,0.061819015634418197
2017-01-13,807.51,831.4,775.0,825.86,11409.52033002,9224970.693684436,0.05408749450893174,0.04273938656132972
2017-01-14,825.98,837.76,810.0,818.27,6614.71899162,5469742.265374147,0.03339901331307157,0.028965029174610787
2017-01-15,819.52,823.45,808.0,821.86,4231.46390349,3454909.0142463073,0.02462292077536677,0.020191135917359212
2017-01-16,821.86,835.0,818.09,831.81,6166.04397741,5107434.949496118,0.022216988184444796,0.017545758043903504
2017-01-17,831.76,908.5,827.0,905.99,12264.16938457,10774970.286989484,0.04123457457968869,0.04128238641006127
2017-01-18,905.95,915.99,851.74,887.7,11181.89887846,9830026.487186905,0.04364128352041198,0.04262164742795377
2017-01-19,887.69,910.0,878.89,901.01,11094.60329761,9928565.117997428,0.028723287157457634,0.025724338722339046
2017-01-20,902.23,902.43,880.0,895.8,6618.62776406,5915721.125578391,0.021225855074313977,0.016960620253903717
2017-01-21,895.81,928.0,895.0,921.98,5865.63203056,5373760.990554909,0.0235450408918378,0.021988374209702385
2017-01-22,921.98,937.74,886.76,923.76,7166.6654789,6566288.860952884,0.034481586726086554,0.03161502559555915
2017-01-23,923.75,927.57,913.21,913.52,3514.74142946,3234650.231264955,0.024728818249297194,0.018964434843126977
2017-01-24,913.15,923.0,881.48,885.47,9405.046565,8497003.397699634,0.03324443378159131,0.029572070038202412
2017-01-25,885.47,904.01,884.5,893.43,5291.55474211,4725942.378078207,0.019487881866029802,0.01843820160238847
2017-01-26,893.25,919.49,892.86,914.83,5164.8970199,4688154.508262675,0.01565119426343206,0.012849222595833019
2017-01-27,914.95,924.88,908.01,918.02,4830.53516221,4433882.884482725,0.017002897193226552,0.013596190495420983
2017-01-28,918.02,920.99,913.08,918.6,1175.86352983,1078818.6264300456,0.012404174157301363,0.009146841630646756
2017-01-29,918.6,919.99,910.45,912.01,1349.01480033,1234846.4379603947,0.012883257253701616,0.0076264690463822135
2017-01-30,913.12,923.0,910.0,919.99,3121.18754443,2864811.682838595,0.013972679599110532,0.00831610727499245
2017-01-31,919.99,970.0,917.5,963.99,9507.10183224,9025348.215038251,0.02782939786698688,0.024167919543091252
2017-02-01,963.99,986.96,962.0,983.67,6954.39947163,6750109.57497359,0.023734664095818557,0.0194930585564451
2017-02-02,983.79,1011.65,973.12,1009.17,8269.68053649,8223035.797673747,0.02175267122766471,0.019146685612962108
2017-02-03,1009.15,1022.64,987.01,1016.99,10928.024221310001,11026744.08427029,0.03457332299982346,0.03288481835937216
2017-02-04,1015.06,1044.23,1004.0,1033.18,5752.28733969,5883830.510339376,0.024861524638322613,0.022787509223264762
2017-02-05,1033.72,1034.6,1004.7,1011.07,4348.17045024,4416516.621066172,0.023459511754316268,0.020326048649795096
2017-02-06,1010.03,1031.94,1005.1,1023.99,5080.84835472,5189349.613871165,0.021431650970349995,0.0197299229461308
2017-02-07,1024.0,1056.25,1021.3,1052.48,5372.1326253,5605781.060966867,0.01773249930762084,0.014407660452712712
2017-02-08,1052.48,1070.0,1025.0,1050.4,9633.26465194,10074810.270129925,0.03846630578452239,0.02993600194217941
2017-02-09,1051.73,1074.69,913.73,986.0,25150.07016403,25066746.43730571,0.08865679827599426,0.09288637357204155
2017-02-10,985.71,1010.68,950.0,996.08,10731.29006905,10489833.976707442,0.04757820276488254,0.0433695887770873
2017-02-11,995.49,1020.0,987.62,1012.4,4472.51261675,4507772.738020542,0.02442889751721079,0.020838787187119654
2017-02-12,1011.01,1011.97,991.98,1000.73,2683.99735828,2689742.014728483,0.01814565483524985,0.012958665004450004
2017-02-13,1000.73,1007.89,975.1,1000.79,4547.26036851,4522438.197174616,0.03264555326241768,0.023925290067401
2017-02-14,1000.74,1019.0,987.97,1008.88,6761.10806309,6805943.355406329,0.02617013632944441,0.025995825517072527
2017-02-15,1008.88,1013.8,1000.97,1011.53,3095.66000003,3123921.3774799276,0.016365596367146715,0.010950510778457243
2017-02-16,1011.53,1043.21,1010.75,1032.7,5996.10412989,6168666.096506515,0.023524010643702766,0.02020207407576262
2017-02-17,1032.91,1064.99,1031.98,1055.46,6085.02260605,6386087.004839037,0.02542715268680008,0.02004247876056899
2017-02-18,1055.75,1068.99,1046.14,1056.4,4474.94930623,4746727.110129396,0.026743143852640188,0.019251428901075836
2017-02-19,1056.4,1061.9,1039.07,1051.8,2270.8499116,2388841.6674306644,0.024857120075335543,0.018221734598843773
2017-02-20,1051.8,1089.99,1044.39,1084.0,3664.37368596,3904518.67177237,0.02440116553891479,0.020968627802099266
2017-02-21,1084.0,1126.86,1077.0,1124.62,8395.47371599,9273966.910469208,0.03337886000534758,0.02588179543781438
2017-02-22,1124.62,1143.0,1098.16,1130.01,11673.08926566,13142836.290754424,0.028784068649976277,0.02558958150308742
2017-02-23,1130.02,1193.92,1120.73,1188.11,11753.23856018,13552839.592193073,0.035898293850808026,0.02764619336382407
2017-02-24,1183.53,1220.0,1091.1,1180.14,19598.23102576,23025694.177224256,0.09425273055843156,0.07223824061094693
2017-02-25,1180.05,1184.73,1127.0,1152.2,6238.43763039,7224910.915943928,0.04363607056481051,0.033862427727559555
2017-02-26,1152.11,1184.97,1133.0,1179.05,3536.48621434,4127437.021177706,0.02948075456798853,0.02528533644525973
2017-02-27,1180.46,1197.99,1169.0,1194.64,4640.77358977,5511160.508269478,0.03328395799233865,0.023636111790988904
2017-02-28,1194.64,1209.99,1176.27,1191.21,7562.47409479,9016188.988220444,0.02723086648168306,0.02658073088358208
2017-03-01,1191.16,1231.0,1188.3,1226.39,6013.0658229,7277141.547473066,0.022409501601656022,0.019448430223168583
2017-03-02,1228.0,1283.25,1215.0,1257.6,7762.73243908,9678756.367484652,0.029379540135976993,0.03138832349796486
2017-03-03,1257.6,1298.0,1255.0,1285.33,7545.47720312,9615671.624918759,0.03377222893127479,0.029008355297364286
2017-03-04,1285.33,1289.55,1230.0,1260.0,4951.23210502,6237778.993081029,0.033617602804331674,0.02757680622032263
2017-03-05,1260.0,1275.0,1240.0,1273.0,3026.01739466,3808489.238151178,0.026032147390164462,0.017985474790248247
2017-03-06,1269.98,1285.0,1251.0,1278.49,4249.64793811,5418524.439622839,0.02102890491035724,0.01642735827210051
2017-03-07,1278.49,1281.62,1175.97,1233.05,14450.03793683,17884512.202300295,0.056830877094743625,0.05411048996152456
2017-03-08,1233.86,1245.49,1145.5,1150.05,13399.43820916,15908840.831986679,0.061742480467649914,0.053935521232196464
2017-03-09,1149.34,1208.0,1135.01,1190.89,7654.73834924,9019963.926305994,0.03212959233785,0.034513807998266664
2017-03-10,1190.99,1350.0,975.0,1116.97,33467.943558,38800924.8776948,0.22801976780651725,0.19716064408621395
2017-03-11,1111.55,1198.0,1106.51,1176.55,7346.7869927,8526429.886711815,0.049287929790900534,0.0431499256432303
2017-03-12,1176.58,1241.85,1170.9,1226.62,5793.90851583,6999274.561616866,0.03329999964405147,0.0320136655083772
2017-03-13,1226.42,1249.02,1215.43,1242.46,5637.3629626599995,6964717.91240351,0.029295800168985843,0.024861292774037327
2017-03-14,1242.46,1260.0,1226.5,1245.86,5745.49650884,7156718.591313439,0.021196044057655263,0.017827601391224267
2017-03-15,1245.82,1260.0,1238.32,1257.32,3930.50022526,4920205.705849632,0.018482631433196714,0.01563338495559777
2017-03-16,1258.75,1258.96,1130.0,1172.62,15246.55276022,18269884.427108243,0.05676884705304524,0.05047912480257923
2017-03-17,1172.0,1173.23,1063.0,1071.02,16704.5732203,18716502.375315256,0.08396864768581616,0.07369436569994878
2017-03-18,1068.16,1099.0,944.36,969.4,21292.60430849,21553058.781762578,0.11627197497224756,0.09594386691262492
2017-03-19,969.4,1063.7,969.4,1017.97,12201.86141156,12337533.408741688,0.06900679145593482,0.05989988732114387
2017-03-20,1012.88,1053.0,1010.01,1035.96,7497.91103414,7766622.947688327,0.040847757045215434,0.035824321349814586
2017-03-21,1036.23,1117.9,1034.92,1114.39,11125.49539514,12069544.601767857,0.03702600974198294,0.03651220712052217
2017-03-22,1114.39,1114.39,988.0,1037.56,14521.256356599999,15063182.175141873,0.07636223562083379,0.061477102149525106
2017-03-23,1037.6,1054.4,1010.69,1029.65,5916.99539286,6135020.062803347,0.03581353515864017,0.03224715472283149
2017-03-24,1030.84,1032.0,920.0,929.06,16072.41708326,15704993.508034194,0.06623206422169352,0.053700857472202254
2017-03-25,928.1,963.36,891.33,956.02,13507.43542088,12469315.014941573,0.07559423502625381,0.06691578621767
2017-03-26,956.02,997.0,937.52,960.0,9012.91765111,8743839.72944225,0.06423438253544948,0.048158199593386235
2017-03-27,959.08,1043.0,952.95,1039.92,8687.08711524,8754557.567630732,0.044086076168767266,0.042294210446913845
2017-03-28,1039.09,1068.26,1014.9,1043.99,9115.51712488,9539496.42682061,0.04056285972308789,0.033118871218913166
2017-03-29,1042.83,1059.43,1008.16,1035.96,9379.71932021,9677930.357457848,0.037899882158016006,0.04093588843107995
2017-03-30,1037.29,1050.17,1017.14,1033.7,8645.37787081,8924623.214227336,0.03151686784549577,0.030804378750811295
2017-03-31,1033.7,1081.0,1031.43,1070.31,12058.788094559999,12716282.896763682,0.040408732013956256,0.03057341691637319
2017-04-01,1071.34,1097.0,1061.64,1083.94,5209.12836262,5617134.445506488,0.028885707357103232,0.026276676149194773
2017-04-02,1083.95,1100.0,1066.49,1078.01,7639.89621671,8274810.41367716,0.03481526661880611,0.031935915699989006
2017-04-03,1076.59,1152.0,1076.19,1144.77,11076.86273059,12487836.675215187,0.03502733065986305,0.033851197916485644
2017-04-04,1146.42,1162.93,1118.85,1143.0,7420.8662382,8472359.09611559,0.031209727518895034,0.02939072507016687
2017-04-05,1143.0,1145.0,1111.0,1134.58,5588.97640824,6300599.08376727,0.024247640396992107,0.021034708076740672
2017-04-06,1134.86,1201.37,1134.36,1190.85,9134.29559762,10690485.503378004,0.029193565000847747,0.023897133261852967
2017-04-07,1190.72,1202.0,1176.0,1190.66,5450.27271426,6486692.562974069,0.026186510752779415,0.02301582662159982
2017-04-08,1190.66,1197.3,1166.66,1184.03,2720.79822734,3224763.8672579806,0.0215336997718291,0.019324194338421315
2017-04-09,1184.03,1216.87,1173.98,1206.2,4817.42424874,5765918.450061364,0.02029867226870958,0.017211522278493166
2017-04-10,1205.2,1219.71,1195.0,1209.25,3656.81631296,4416993.02536995,0.02099728709728273,0.01710634792635067
2017-04-11,1209.99,1229.0,1198.02,1218.99,3487.75310814,4230281.831315485,0.017149894546179573,0.01498086614981344
2017-04-12,1218.99,1224.57,1208.0,1212.17,3475.19462571,4225237.299519555,0.02200985009711643,0.016467480875773346
2017-04-13,1212.16,1219.45,1141.0,1172.91,7135.3029565,8411589.956690576,0.04523857007136187,0.037105784742920714
2017-04-14,1172.56,1193.0,1142.0,1170.34,8982.76789635,10478697.762938095,0.03780653087236103,0.03454798140593244
2017-04-15,1169.53,1192.5,1165.0,1173.45,1804.4507968,2128305.100777773,0.021264000544209415,0.014614762088250013
2017-04-16,1171.0,1179.3,1150.0,1162.31,2663.99028304,3094742.5039822776,0.040234819951958906,0.023319292072085312
2017-04-17,1162.31,1192.5,1161.0,1176.54,3568.82507477,4212369.822402512,0.02805593190910756,0.022941398854371846
2017-04-18,1176.59,1210.0,1175.95,1202.58,5514.18240451,6636815.070300778,0.018036663259838152,0.01552936733911493
2017-04-19,1202.59,1209.99,1190.0,1203.98,6046.51943656,7251339.837783998,0.018580916930541605,0.01581184392211224
2017-04-20,1203.98,1243.88,1201.66,1234.19,5972.93539154,7302798.470648137,0.022809192344487188,0.017432839057785362
2017-04-21,1234.93,1252.32,1231.65,1243.61,5023.0385204,6238078.488782242,0.02176961432357664,0.015007425352753059
2017-04-22,1243.6,1247.15,1199.0,1233.2,4173.28321472,5126997.960532148,0.025177010789362277,0.022500212318751135
2017-04-23,1231.85,1248.99,1223.42,1241.99,2604.72196524,3218854.588625389,0.018312495385597486,0.01732762762617534
2017-04-24,1241.99,1254.0,1234.0,1253.58,3048.68890003,3788868.114555634,0.0148426259398199,0.011394892612177496
2017-04-25,1253.58,1280.0,1251.07,1269.0,5249.77353318,6652567.046218163,0.015676383427365867,0.014800751452352852
2017-04-26,1271.4,1330.0,1265.0,1287.99,8707.63904245,11257731.711979955,0.024159108933134332,0.026899289862647936
2017-04-27,1287.92,1342.02,1285.0,1331.53,6669.98746832,8813183.259511502,0.021635414291091323,0.020502268108016287
2017-04-28,1331.0,1347.02,1299.0,1330.7,8234.2755437,10884311.982216548,0.0331309588277689,0.03433965182175713
2017-04-29,1333.93,1342.8,1316.0,1333.0,3927.45061482,5226843.068989418,0.02868117243512449,0.01921856335320163
2017-04-30,1336.77,1356.0,1315.68,1350.21,3536.1758111,4719447.060736717,0.03102092409238239,0.018324108389234334
2017-05-01,1348.88,1425.0,1341.22,1390.86,8604.41493207,11924028.89993675,0.046148880655557944,0.036013428942452345
2017-05-02,1390.86,1481.73,1388.0,1447.75,8920.68985793,12832703.232523214,0.044786858842498195,0.03731749853722123
2017-05-03,1447.75,1516.04,1431.02,1503.22,11077.5894872,16381526.97806931,0.035871063966849026,0.03455606829840046
2017-05-04,1503.25,1623.01,1444.94,1537.23,19548.52973673,30115589.169541124,0.07386577131751819,0.0722259859267086
2017-05-05,1537.36,1609.0,1495.0,1514.9,15603.68436616,24261539.114413437,0.0691743406514571,0.05957140742309638
2017-05-06,1514.9,1578.97,1505.0,1558.02,7901.1428401,12178798.784089865,0.03691793077162316,0.0360284863665992
2017-05-07,1554.04,1565.0,1525.0,1554.01,7667.78585113,11808438.958524494,0.035652830718041977,0.02801118790380784
2017-05-08,1554.38,1653.97,1554.38,1649.54,19262.35352625,30654963.812798478,0.05957819931137905,0.04822633261087781
2017-05-09,1649.55,1760.4,1616.05,1720.28,16807.73323227,28744654.01651751,0.060921615752532646,0.05426275501418073
2017-05-10,1720.26,1794.21,1682.0,1772.58,11265.37863829,19699665.304843187,0.03632619730133732,0.03532814878747686
2017-05-11,1772.58,1892.0,1745.01,1828.45,14740.21932638,26993608.635658033,0.047046421403769925,0.04818977658739895
2017-05-12,1830.85,1832.0,1650.0,1691.51,17062.84462773,29856730.195689544,0.0654300855932268,0.05943129376283388
2017-05-13,1690.33,1785.82,1601.46,1776.89,10532.23451343,17800230.40767524,0.06386866862572972,0.056247916492196556
2017-05-14,1776.8,1815.0,1753.0,1784.0,4816.73208815,8584726.155646136,0.04485563439841953,0.03616330045760126
2017-05-15,1782.3,1784.0,1682.56,1705.48,13316.80217814,22954159.574974015,0.06197592547089213,0.05293950158485384
2017-05-16,1706.07,1750.0,1641.22,1700.01,16554.0885802,28258296.28251225,0.05383717246267682,0.04466213276432608
2017-05-17,1700.01,1840.42,1670.01,1782.99,17797.31852412,31599623.25867273,0.08601334967134816,0.06348781688333723
2017-05-18,1779.0,1881.8,1766.33,1878.99,11916.1233907,21761228.77058376,0.042733991436758774,0.03933476802891437
2017-05-19,1879.0,1969.99,1874.99,1958.0,14124.61831495,27221149.6590366,0.03684626156427179,0.034584327039152124
2017-05-20,1959.09,2021.0,1914.0,2013.99,12309.94747354,24249223.082695678,0.04117842429732372,0.03699479752834728
2017-05-21,2013.99,2063.11,1961.52,2017.55,6755.83436855,13644681.983772371,0.047663656135425767,0.042521138992898215
2017-05-22,2017.55,2230.34,2001.0,2099.97,16338.53540635,34516278.92840811,0.10089740458319406,0.0775468114682967
2017-05-23,2088.76,2275.0,2088.45,2264.23,14138.91966835,31140920.95885634,0.05905508611512926,0.051735567447846895
2017-05-24,2265.9,2481.75,2264.64,2420.29,22144.5982011,52781009.28354366,0.05652863710832008,0.05594570940505125
2017-05-25,2420.29,2760.1,2221.0,2292.53,32964.76142591,83025828.78906836,0.15725002784172235,0.1467474517821162
2017-05-26,2277.01,2599.12,2060.0,2279.82,28326.82201443,66459806.496956244,0.1509396738351659,0.131543644000598
2017-05-27,2280.7,2339.94,1850.0,2042.0,26216.2751269,54112605.87696674,0.15574655764523476,0.1416443282273103
2017-05-28,2042.89,2313.96,2041.48,2178.81,15375.21812611,33656842.13025903,0.09281850356224106,0.08785839821405375
2017-05-29,2172.54,2350.0,2110.0,2292.1,12129.27808588,27371131.033465486,0.07039643105238465,0.062490225018573146
2017-05-30,2290.18,2339.08,2160.0,2203.51,13888.85097299,31433705.009289335,0.07083103931265711,0.060403953998190436
2017-05-31,2201.7,2334.0,2154.28,2298.01,16279.2924315,36865064.23427324,0.0592274337184403,0.05601573154854426
2017-06-01,2298.01,2456.39,2296.81,2413.63,18401.66360125,43990581.15494295,0.05698606165980292,0.04598341246832591
2017-06-02,2413.58,2489.0,2370.03,2488.94,12428.70059429,30186192.624904566,0.04050873992332865,0.03421816282848849
2017-06-03,2488.94,2584.34,2445.0,2540.94,10810.58468925,27298834.28126883,0.03650340517602937,0.031980320169432544
2017-06-04,2538.1,2569.0,2460.0,2530.27,8828.62494281,22266004.81595814,0.0443434341632155,0.037405847223599555
2017-06-05,2530.27,2699.35,2525.28,2698.0,12221.444806,31923682.864368614,0.03476181825582105,0.027228848016041685
2017-06-06,2698.0,2933.0,2689.4,2880.74,26695.67081758,75265792.05628832,0.07083487821542174,0.06869570725277178
2017-06-07,2875.71,2893.28,2612.5,2683.03,16967.04353572,47197231.66711345,0.06436076209305679,0.05877725842696408
2017-06-08,2680.24,2815.0,2613.13,2806.0,13251.40544911,36432177.77664686,0.05213503189947711,0.044368510848381816
2017-06-09,2805.46,2868.23,2780.43,2822.32,8036.31356941,22702263.10403771,0.03379042321509154,0.02807852421578947
2017-06-10,2818.0,2912.98,2800.0,2899.99,9593.36119146,27433917.202193946,0.041265090511191815,0.03551014196909452
2017-06-11,2899.01,2967.46,2861.53,2954.22,6830.60683981,19890423.76045285,0.029928454253079956,0.026743503605046338
2017-06-12,2954.23,2980.0,2480.03,2667.06,31534.9460555,85777804.53440444,0.11456852414816507,0.09787249564931733
2017-06-13,2656.97,2783.62,2638.62,2703.02,16275.83441252,44217562.10172919,0.057484288251680275,0.04673223200776932
2017-06-14,2705.99,2801.0,2320.0,2450.0,29478.82028393,76118387.43967465,0.09210553245770214,0.08703466937848615
2017-06-15,2451.42,2516.2,2120.0,2424.91,36751.09130817,84956257.3933399,0.12165208979639912,0.12007667972221794
2017-06-16,2424.96,2540.0,2307.66,2484.68,13802.39329983,33834561.106297106,0.061712572433136256,0.05858397249468824
2017-06-17,2484.68,2674.4,2420.53,2630.0,11142.985185559999,28566938.079827778,0.048093543528672164,0.04378215446722184
2017-06-18,2630.06,2665.0,2460.62,2516.98,9424.23118056,24024038.959971935,0.06312057079186967,0.0557254860932151
2017-06-19,2516.98,2598.0,2480.96,2598.0,10570.672525,27012012.119943313,0.04003512620342726,0.039347717691751494
2017-06-20,2598.0,2783.0,2581.0,2740.0,15891.69948817,42540352.07597769,0.04105169513720344,0.037623531486828024
2017-06-21,2734.03,2789.0,2611.0,2657.04,15676.32352625,42303730.87689787,0.061742310623963396,0.05179413020521723
2017-06-22,2658.67,2740.0,2594.61,2713.48,10792.78764641,28957718.29068309,0.040312704850154236,0.03688932943354826
2017-06-23,2713.48,2745.0,2657.46,2685.05,8232.48064925,22348530.949751347,0.03211473767710625,0.024723569455925114
2017-06-24,2685.05,2724.96,2512.13,2557.66,13342.81785584,34942043.022742964,0.05905215595868403,0.04657859103483629
2017-06-25,2557.66,2635.72,2432.0,2502.03,10339.57437415,26248023.324217293,0.05593663174264248,0.045849744725878494
2017-06-26,2502.26,2550.03,2315.01,2421.22,22094.21151071,54092346.2768623,0.07422542392758448,0.06786533250169192
2017-06-27,2421.21,2565.0,2291.0,2565.0,19129.59650756,45782575.81603384,0.07144912197500301,0.06296250584474461
2017-06-28,2565.0,2593.0,2468.01,2559.9,12274.54530348,31102646.097406615,0.04795046882837544,0.046741825561775155
2017-06-29,2550.99,2594.78,2500.31,2541.59,8125.37763725,20773916.966552395,0.03726037403870624,0.03173227076007411
2017-06-30,2538.41,2564.58,2451.0,2465.49,8715.71676156,21952781.30473537,0.03632280905957396,0.029182595850536244
2017-07-01,2465.48,2517.11,2390.0,2412.41,8885.89349655,21756289.614205234,0.043962077890207264,0.036145878864021465
2017-07-02,2421.3,2528.72,2374.34,2504.37,8744.53441127,21389344.297813646,0.040109210950716304,0.03325808026782116
2017-07-03,2504.81,2595.0,2472.68,2550.47,11520.70730801,29217427.74995962,0.032484440112152825,0.03208496040763757
2017-07-04,2540.07,2639.47,2540.07,2596.12,9662.75941445,25106499.668947905,0.03656183549222382,0.029258113487880582
2017-07-05,2594.52,2623.0,2530.1,2602.9,10882.83901071,27953283.835980102,0.028337580012954014,0.024720243994057343
2017-07-06,2598.37,2614.0,2522.0,2600.39,8333.98094907,21528954.341026682,0.047293459704586684,0.028616743395060724
2017-07-07,2599.01,2605.0,2475.0,2501.46,9430.6154578,23871609.946540974,0.03203829312158888,0.028950162773381402
2017-07-08,2501.46,2555.0,2462.0,2550.07,5405.89088691,13585707.505766137,0.032774849689588825,0.025444209908685216
2017-07-09,2550.13,2564.65,2500.5,2502.28,4483.14413363,11362777.284692526,0.029698532709884113,0.020646354014628988
2017-07-10,2504.0,2527.88,2261.85,2323.45,17296.34045274,41643813.40413689,0.05715146363177549,0.05249265111846079
2017-07-11,2326.12,2399.0,2242.62,2305.98,17580.96163529,41153845.47219268,0.0537582194370698,0.052744110649211945
2017-07-12,2301.55,2408.84,2239.54,2388.0,12883.55493809,30260890.789599415,0.04946495570104131,0.04353817819990153
2017-07-13,2383.97,2425.16,2312.93,2339.99,8429.85040306,19959979.973730274,0.034786914435493387,0.030030674216477087
2017-07-14,2340.0,2357.84,2140.0,2213.37,12659.01704362,28329270.900505483,0.05414238204600422,0.04780920490302553
2017-07-15,2209.44,2219.99,1967.65,1970.51,19886.67952318,40933955.170237705,0.09263648588802599,0.07725216218349314
2017-07-16,1970.51,2044.44,1830.0,1917.63,25562.70564457,49017892.99602504,0.08583217314043493,0.08161306658457607
2017-07-17,1917.72,2229.97,1910.57,2226.0,26448.50140255,55062965.12396932,0.06792972966843026,0.06770618073722519
2017-07-18,2226.0,2392.0,2164.0,2303.71,25204.48960246,57675486.64183732,0.07117124018029211,0.06804879271061241
2017-07-19,2308.82,2402.5,2223.0,2265.21,17009.88349592,39256668.4177523,0.06258794986622696,0.05940323780135581
2017-07-20,2265.51,2938.0,2265.51,2875.03,30989.89112526,80388585.79656495,0.1130691150419345,0.09352871646843278
2017-07-21,2880.0,2887.45,2611.39,2670.0,20724.16050338,56456097.015391216,0.09642679324092295,0.08748330899134886
2017-07-22,2667.01,2882.0,2644.59,2832.71,12819.63134804,35807314.858699135,0.05746951461818705,0.05236998785424019
2017-07-23,2824.82,2855.0,2640.0,2749.02,11001.96460067,30309041.77379112,0.07205181786107048,0.05762875846778256
2017-07-24,2756.8,2800.0,2701.0,2759.98,10001.9150661,27562636.032398764,0.04123382645081125,0.03508745096178085
2017-07-25,2759.95,2775.79,2450.0,2564.82,21326.54783885,55119744.58596138,0.07456087853860636,0.06801126602232488
2017-07-26,2564.74,2608.96,2400.0,2524.99,17713.6744658,44110782.620422445,0.073613323406714,0.0672510685186451
2017-07-27,2524.99,2695.0,2509.63,2666.33,11826.47519948,30470881.924916796,0.042962663476921,0.041380229707490564
2017-07-28,2666.33,2825.0,2655.82,2777.01,14069.50149214,38674831.60744748,0.053509644651429114,0.04757760401209975
2017-07-29,2777.01,2785.65,2631.78,2680.56,10782.21753675,29162093.8927272,0.05051369824279645,0.04672382951439404
2017-07-30,2681.6,2774.45,2569.69,2742.37,9678.16126067,25850256.960408095,0.0513745120322684,0.051990043482411624
2017-07-31,2745.76,2889.99,2680.01,2855.81,11114.33554221,30775400.322355956,0.04576170475486114,0.045438134616329465
2017-08-01,2855.81,2929.17,2615.0,2731.0,12525.07669112,34319180.323908776,0.08536162775121581,0.08176712597463404
2017-08-02,2732.0,2760.0,2650.0,2703.51,9486.62552563,25701752.871771883,0.04185422982035978,0.03767159569091651
2017-08-03,2703.51,2807.44,2698.83,2793.37,7963.69799924,21942378.667501982,0.024205464436363365,0.021048532053606635
2017-08-04,2793.34,2877.52,2765.91,2855.0,7635.8216719,21649647.013284322,0.02937451953947676,0.026798399909001944
2017-08-05,2851.01,3339.66,2848.32,3263.62,16996.27310091,53864970.99245301,0.07815353602817042,0.07423671347733807
2017-08-06,3263.51,3296.51,3146.1,3222.75,5998.73578852,19415356.185615852,0.04563817448541386,0.04055356167192425
2017-08-07,3216.78,3430.0,3186.0,3387.55,12046.11726501,40234982.214820005,0.04415700672481417,0.037410443460942765
2017-08-08,3387.54,3490.0,3300.0,3412.41,15835.37020781,54047554.11907721,0.04559162582901739,0.043939920204087754
2017-08-09,3408.46,3423.1,3178.72,3342.99,14286.84413824,47355948.73813342,0.059030342318835936,0.05166777154900445
2017-08-10,3342.99,3448.0,3311.17,3413.03,9031.12128021,30662056.576518904,0.03398629445563859,0.028016604289994716
2017-08-11,3410.0,3705.0,3390.67,3645.06,11927.37333424,41893016.90826935,0.040133495407190314,0.03465969605552749
2017-08-12,3651.74,3934.0,3586.95,3855.1,12351.07466143,46808256.167206496,0.06081314135801889,0.056211261198048784
2017-08-13,3855.04,4190.0,3841.71,4053.87,15889.82978854,63678321.19247599,0.08389850606500197,0.07736361541714969
2017-08-14,4053.87,4329.43,3964.96,4306.23,14212.30420724,59839433.8064571,0.05302848051298068,0.05156073232194432
2017-08-15,4320.95,4400.0,3800.0,4155.67,25515.71801437,104670300.00736423,0.09208569759207959,0.08200320202904987
2017-08-16,4154.99,4379.78,3926.06,4378.84,12923.63728054,54201451.11392368,0.06890906421386339,0.06203827299977461
2017-08-17,4361.99,4480.0,4167.21,4276.5,14573.18592909,63221690.21138223,0.05687495227149666,0.05711509989980004
2017-08-18,4260.47,4368.0,3964.96,4100.0,17516.99336076,73243722.71898398,0.05990837904945031,0.0537561570428825
2017-08-19,4100.0,4188.0,3900.0,4099.55,15036.18405113,60622180.53812361,0.060221380188010244,0.059842799808345296
2017-08-20,4091.99,4125.95,4000.0,4058.68,6237.9728963200005,25297075.43949622,0.04833856396825408,0.03878964672791759
2017-08-21,4058.64,4080.0,3949.78,3987.52,9782.05659401,39205294.96854992,0.03888056834290481,0.030193004712841198
2017-08-22,3987.51,4139.31,3600.0,4085.0,23522.75816636,91607936.47028452,0.07757276426289353,0.07162492904636554
2017-08-23,4078.0,4248.97,4051.94,4108.12,14979.40348147,62131225.74471115,0.049957061941187514,0.040843514656294315
2017-08-24,4121.78,4350.0,4082.57,4300.34,10782.69436738,45188812.05087737,0.040852970441077996,0.034091861732569166
2017-08-25,4308.8,4449.98,4270.0,4355.98,9699.61003374,42278545.587829076,0.040337299595779925,0.03780437441952499
2017-08-26,4348.17,4369.78,4232.43,4333.38,6559.66860375,28232267.488755032,0.031266862923122946,0.026089299358206502
2017-08-27,4333.38,4393.3,4290.32,4337.68,3979.12445283,17265128.919350695,0.027899991999601303,0.020269303760540865
2017-08-28,4329.91,4399.72,4169.01,4379.99,8641.0024459,37082544.51114851,0.030308460246931082,0.029099490224536582
2017-08-29,4385.0,4649.78,4336.26,4578.82,11879.64283069,53506929.23288729,0.04662338042924973,0.03968652788413996
2017-08-30,4578.82,4642.22,4479.0,4573.2,8720.03503995,39802266.79965531,0.027418222943009152,0.023937717663350337
2017-08-31,4573.15,4765.21,4566.66,4734.26,8911.41245939,41730807.860144064,0.026982215183217972,0.022330250345558092
2017-09-01,4734.26,4935.0,4671.09,4921.7,15367.52969736,73893290.99122925,0.02874294804410025,0.02670859492475206
2017-09-02,4921.71,4979.9,4488.5,4599.9,16977.79362226,79485227.49399522,0.07397917006491915,0.06818118664664258
2017-09-03,4599.9,4700.0,4385.0,4606.26,11224.9145563,51111913.87249231,0.05162244967265279,0.04903187683367796
2017-09-04,4603.68,4613.97,4058.5,4277.0,25069.12523005,107820477.87845989,0.07268274816435208,0.07317009494449656
2017-09-05,4282.53,4474.88,4001.93,4396.52,20884.21969353,88452547.03944387,0.06960669120813279,0.06889586523469328
2017-09-06,4397.38,4649.23,4356.42,4605.8,16634.10420534,75315373.16385469,0.050557226047008415,0.0444533984567856
2017-09-07,4605.81,4674.34,4475.0,4615.0,9254.85142692,42441050.809383,0.036203239851997755,0.03271533220954479
2017-09-08,4615.0,4679.97,4125.99,4312.0,23693.30162259,103567715.03254838,0.07849862017173588,0.06945168790734796
2017-09-09,4327.41,4379.78,4164.0,4308.72,9974.38823453,42694105.82422728,0.04855416283912966,0.04902308542258661
2017-09-10,4322.44,4322.44,4010.0,4226.22,14724.20414387,61045567.37899716,0.05420692994591825,0.05025630551620572
2017-09-11,4226.21,4353.49,4092.4,4207.31,11191.59504385,47148244.61005771,0.04877681834643668,0.04853448422009011
2017-09-12,4198.89,4377.65,4080.0,4172.56,13294.43769742,56267564.95284312,0.048450795447503185,0.041366118262995306
2017-09-13,4170.6,4179.14,3720.01,3865.34,29636.38096311,115516497.42430225,0.07573068870845004,0.06870507721301485
2017-09-14,3861.89,3921.74,3210.0,3227.79,41319.3971257,146117940.12424847,0.10631547992118114,0.09886671700196223
2017-09-15,3227.79,3820.0,2972.01,3700.01,60278.94654177,203201893.20372936,0.14788758627975832,0.1455489960739906
2017-09-16,3699.89,3872.9,3500.0,3678.93,23158.22891071,84913031.536313,0.08865125343906748,0.07863053261396077
2017-09-17,3669.07,3772.52,3463.0,3662.99,11770.21765049,42666587.56517909,0.06318940091663729,0.05371878460273392
2017-09-18,3662.95,4122.7,3659.42,4101.6,17207.59892439,67996861.4901148,0.058162293055562184,0.056344245771041405
2017-09-19,4102.0,4119.7,3848.35,3888.8,15278.9304404,60399822.79074316,0.05867756202091636,0.05288351003443418
2017-09-20,3888.8,4050.0,3820.56,3874.46,11660.27181331,45854372.78118481,0.044822402783505216,0.04209094384761901
2017-09-21,3864.0,3914.0,3573.0,3617.05,17904.29717206,67009034.74110122,0.060948431002828554,0.05218491157344594
2017-09-22,3607.83,3761.84,3514.0,3612.18,15007.73844949,54281678.692634,0.053681629560472385,0.04981832282740143
2017-09-23,3611.91,3810.25,3552.0,3779.17,10123.23213552,37616287.985638484,0.03940256651512965,0.038497598318347384
2017-09-24,3781.13,3783.25,3615.0,3664.22,6508.72499023,24018303.422652736,0.03832464696146868,0.036383941615267555
2017-09-25,3667.01,3968.59,3658.39,3918.0,14979.78226289,57639007.479726925,0.04490239980943117,0.04337698421731923
2017-09-26,3920.66,3970.0,3850.61,3888.03,10014.62367124,39218073.736228555,0.03034019206271828,0.0248632956690911
2017-09-27,3883.95,4226.73,3870.0,4199.29,15075.83871664,61259655.99561797,0.036177382723118934,0.03243185856594291
2017-09-28,4202.34,4270.01,4123.5,4184.84,9625.92938226,40312670.57905354,0.033437039212101526,0.03088062123678504
2017-09-29,4183.47,4227.62,4022.02,4164.82,12191.93065131,50340083.94479097,0.04369144850659694,0.03695206240125472
2017-09-30,4162.04,4349.0,4154.28,4326.09,7496.78249925,32067224.710706618,0.030196552684934867,0.023434661175445105
2017-10-01,4326.09,4377.22,4216.0,4377.22,7211.3351358,30880241.69445383,0.028278477098632314,0.02340059985657081
2017-10-02,4369.33,4453.0,4352.0,4391.48,8259.8186315,36293133.20096895,0.02856480230644488,0.027761026533365377
2017-10-03,4391.41,4425.0,4218.0,4315.83,12468.05725642,53559286.973365426,0.03376732107098832,0.03383511042530917
2017-10-04,4315.73,4343.0,4170.07,4219.53,8518.99274917,36072297.540620394,0.028709300302124194,0.027548934899597866
2017-10-05,4219.74,4358.97,4137.96,4301.09,8419.96284162,35915082.259046465,0.03012191398121563,0.026951863646758483
2017-10-06,4301.09,4425.0,4278.4,4362.95,8377.30164966,36557347.811519384,0.02862976563295361,0.026900978332518977
2017-10-07,4356.09,4463.0,4312.82,4423.3,4646.40562117,20322999.739636194,0.026496871403059376,0.022522153962719216
2017-10-08,4422.72,4612.0,4404.5,4597.98,10083.86684927,45497645.258073874,0.02865005959688571,0.025139172796990537
2017-10-09,4597.97,4865.0,4541.0,4764.7,12923.66661677,60478451.51360184,0.038253577521872494,0.03410375053964311
2017-10-10,4761.67,4909.97,4700.0,4749.29,11666.02496241,56094812.79119395,0.03615113048570352,0.03387460045457141
2017-10-11,4747.9,4869.78,4700.0,4822.01,9866.89562175,47261278.26285102,0.03143581697335973,0.024064621500073363
2017-10-12,4822.01,5445.0,4793.66,5445.0,19916.22801995,102571429.22555684,0.04770516988610314,0.048191013117226005
2017-10-13,5444.0,5846.43,5380.0,5653.6,27827.38028536,155836044.70667312,0.08269360781554627,0.07764231035079018
2017-10-14,5653.58,5817.34,5558.26,5801.29,8410.9362308,47789830.10031749,0.0387725580265533,0.03469164493742209
2017-10-15,5795.01,5830.0,5415.0,5679.7,11542.94583367,64468914.15957333,0.04795127772310541,0.04961274670873582
2017-10-16,5683.92,5807.11,5548.0,5745.72,9066.79974453,51508137.062598564,0.03941513971615133,0.03464947084019618
2017-10-17,5752.2,5776.31,5506.78,5597.31,9105.28187907,51031750.69938356,0.03604935596110653,0.033345904614038184
2017-10-18,5591.97,5617.75,5101.36,5582.05,18961.67579669,101672174.93331957,0.06264179777599774,0.056389603075720725
2017-10-19,5572.64,5735.14,5512.06,5698.69,9919.83821694,56086731.15279571,0.0418750256795763,0.03633879822050977
2017-10-20,5700.0,6074.0,5589.8,5977.29,15109.06365101,89033933.5562095,0.045850763865119354,0.0426865723499314
2017-10-21,5977.26,6180.0,5871.0,6013.46,15357.42373371,92920617.79227604,0.04628610381679616,0.04392079697390815
2017-10-22,6010.85,6071.07,5700.0,5969.0,12232.52332991,71906540.25034505,0.05127298048954572,0.05115397337781692
2017-10-23,5967.38,6045.34,5617.75,5871.17,15331.63502934,89529298.3780065,0.054947777729292775,0.052232899608320726
2017-10-24,5869.82,5870.0,5453.01,5523.4,17286.72373931,97586108.04160993,0.059210237446330145,0.05317690871710859
2017-10-25,5518.49,5748.0,5366.0,5735.88,12349.1067022,68382553.74345146,0.049642876922207584,0.04480001600721854
2017-10-26,5741.35,5988.0,5683.0,5890.0,11788.30258919,69085559.52981697,0.04261085797855855,0.03766098276286864
2017-10-27,5889.99,5994.06,5674.06,5771.89,11911.04199625,69059993.89041854,0.04117503914193501,0.03515317567411026
2017-10-28,5773.03,5875.66,5646.18,5730.69,5926.29737158,33998229.28088443,0.03287233353476965,0.027994224818486502
2017-10-29,5731.7,6316.85,5683.0,6137.37,16086.62569466,96383034.7874489,0.05245615452332847,0.04551527940654416
2017-10-30,6133.01,6229.77,6024.03,6119.99,9574.64365313,58641140.80643949,0.03557552069282355,0.029823937892589285
2017-10-31,6120.0,6449.78,6072.81,6434.21,13423.30855051,84371849.90827964,0.033081657176472816,0.030521605666503332
2017-11-01,6434.24,6756.36,6340.01,6741.59,12967.22211638,84905554.40986511,0.03479748847076981,0.030747280958956673
2017-11-02,6745.04,7354.1,6700.0,7030.0,26514.65119452,184974517.98794273,0.08483153341309091,0.08196176194255894
2017-11-03,7030.0,7500.0,6925.22,7146.82,15999.78379684,116044108.82411319,0.057978521120633314,0.04754916013277548
2017-11-04,7145.24,7569.9,6994.0,7388.83,9200.11461844,66746431.104662046,0.04363453599726899,0.03890462845789601
2017-11-05,7388.79,7590.0,7275.16,7372.72,9218.32689776,68648957.48823789,0.04528776520029055,0.03844690617845481
2017-11-06,7373.3,7421.39,6922.07,6967.68,19323.12875746,138591944.57072344,0.05661301785243836,0.04986585422632378
2017-11-07,6967.64,7244.69,6945.0,7130.28,11634.26529651,82645535.12299481,0.04278326077130169,0.03915858835730659
2017-11-08,7131.38,7888.0,7080.01,7450.32,24679.7205496,183500986.07463184,0.0854185969638432,0.07866387726875976
2017-11-09,7465.06,7490.0,7061.2,7148.0,14799.26577204,106987931.44818549,0.049968853860270536,0.045153657450204686
2017-11-10,7150.61,7343.18,6429.44,6588.18,26614.27605231,181280686.3592532,0.06626136344126536,0.0634191980512528
2017-11-11,6588.18,6820.0,6218.0,6355.13,14942.70255533,96815699.84374471,0.0714490476749243,0.06423847060318957
2017-11-12,6355.13,6488.88,5555.55,5870.37,37315.1566398,225638748.82042584,0.12907143707177912,0.11952358767513467
2017-11-13,5870.03,6775.75,5846.0,6525.17,27202.28180796,173966826.6072293,0.09044739743538065,0.08363737513909253
2017-11-14,6524.69,6750.0,6466.88,6609.0,12072.05308804,79507704.94625847,0.05073257583998169,0.04114539721737136
2017-11-15,6609.0,7350.0,6609.0,7294.0,16869.89791295,119185893.56214139,0.053821669069537365,0.0483646450828833
2017-11-16,7294.0,7976.79,7120.85,7846.96,19272.37147666,145771831.39589387,0.052911377011171934,0.05048087287963904
2017-11-17,7846.96,7997.0,7528.5,7674.99,17714.36787452,138118716.40387315,0.061398737580351796,0.05531017245141018
2017-11-18,7675.0,7858.0,7431.54,7771.03,7326.81014016,56274036.97092504,0.050308102734234514,0.04373196107638889
2017-11-19,7775.55,8087.35,7675.0,8016.58,8307.77750857,65337005.61907509,0.035907196544848974,0.03142465994940112
2017-11-20,8016.58,8269.99,7900.0,8226.17,8179.45772727,66364185.314806275,0.02819641568535349,0.024960734173829005
2017-11-21,8226.14,8354.46,7770.0,8095.23,13686.511238699999,110796991.9174479,0.06379757535451955,0.0502749524700373
2017-11-22,8095.19,8310.89,8045.76,8214.69,8078.58080138,66223082.948504776,0.03469224834914899,0.029418541179968706
2017-11-23,8214.69,8279.76,7980.0,7989.0,7811.79339997,63659931.78148848,0.03243313597499726,0.027292178780967593
2017-11-24,7988.96,8340.0,7876.0,8199.19,9289.98925704,75762440.97230728,0.03576751841549176,0.03275136039862018
2017-11-25,8199.83,8737.0,8114.78,8717.99,11611.66637888,97622764.7501739,0.033831417864410185,0.03066245355206435
2017-11-26,8718.0,9366.6,8538.2,9271.06,12021.21548696,108526863.72620824,0.058215651822124646,0.05153914766443211
2017-11-27,9278.99,9721.7,9267.0,9708.07,13272.45254013,126476548.23016122,0.05018640736394694,0.049471108874094415
2017-11-28,9708.06,9968.0,9582.25,9868.82,11214.92993115,110503296.80496393,0.03290036650686465,0.025793029328051206
2017-11-29,9877.63,11395.0,9250.0,9824.68,33432.33996208,346940351.0207574,0.1285293288078837,0.1306105080794999
2017-11-30,9833.7,10618.29,9000.0,9947.67,25433.45836367,247090643.9137305,0.12369410141017012,0.1260902483462179
2017-12-01,9927.29,10949.89,9370.11,10840.45,16708.03224846,171885313.82373995,0.08147711854657352,0.07999561032215856
2017-12-02,10840.45,11200.0,10637.69,10872.0,9267.16105468,101267201.9139515,0.05947819808589293,0.05202063116579534
2017-12-03,10875.68,11800.01,10513.16,11250.0,14238.525877,160145423.96850488,0.09425164650639203,0.08249153176661303
2017-12-04,11250.0,11613.07,10850.0,11613.07,13621.48197282,154170772.48433578,0.062024140494331366,0.05736922582104502
2017-12-05,11613.07,11850.0,11384.25,11677.0,11875.03377686,138422534.30680043,0.0503527914191285,0.04355881794365817
2017-12-06,11676.99,13700.0,11659.8,13623.5,19784.87348713,250625242.20962766,0.075553912657501,0.061121243242389094
2017-12-07,13623.0,16615.62,13085.9,16599.99,25787.67655646,382730767.8444987,0.1302082084773454,0.11842775198305715
2017-12-08,16599.99,16666.66,13482.42,15800.0,25473.39531065,389463895.65406436,0.1557006365962141,0.14311373608603342
2017-12-09,15799.87,15998.5,12701.05,14607.49,16587.47292694,238968897.95953763,0.11334394439749416,0.11446686806656063
2017-12-10,14601.01,15385.0,13011.0,14691.0,18487.98304099,263268672.60060102,0.14486720105460402,0.12634068980061833
2017-12-11,14690.99,17270.0,14677.19,16470.0,16583.72315538,270234114.09047544,0.07829278859847785,0.07114402032996155
2017-12-12,16470.0,17428.42,15967.29,16650.01,13517.89210328,227882946.51837036,0.05581076223880467,0.05454289854090391
2017-12-13,16650.01,17107.03,15497.69,16250.0,17136.7058582,281654639.4095075,0.07204880414614138,0.06933610330013514
2017-12-14,16245.02,16830.45,15852.69,16404.99,13409.52428786,219302743.12894616,0.05687252148671382,0.05377783186445362
2017-12-15,16404.99,17934.0,16337.19,17471.5,18998.38813709,329367866.3187205,0.062197697744147046,0.05948127796730561
2017-12-16,17477.98,19377.0,17269.99,19187.78,9761.22080853,179924392.8776948,0.04289922054056566,0.04111183838822443
2017-12-17,19187.78,19666.0,18465.0,18953.0,9749.24915462,186343100.30525386,0.0589260793719626,0.05112932345955795
2017-12-18,18953.0,19220.0,17835.2,18940.57,14678.94144797,273550643.1208501,0.06779093766976968,0.06476561811312392
2017-12-19,18940.58,19160.79,16831.26,17700.0,21528.13766503,387230642.29120654,0.08073538743913189,0.07149153057498052
2017-12-20,17700.0,17950.0,15343.04,16466.98,31172.2288067,521458543.24134827,0.12742413346850598,0.12619994160845469
2017-12-21,16466.98,17281.17,15005.0,15600.01,20377.86043859,326751682.0535253,0.09128316433036328,0.08462669427292452
2017-12-22,15600.0,15795.61,11159.93,14009.79,57444.885803260004,772293953.7053511,0.24186200530981322,0.21644838388609078
2017-12-23,13980.0,15756.22,13496.48,14619.0,21786.4086642,322111523.4737575,0.12357440352085677,0.12013367280387541
2017-12-24,14619.0,14619.1,12488.0,14157.87,18519.48932254,250495097.2564938,0.13797590371778018,0.12524949615757117
2017-12-25,14107.87,14650.0,13210.0,13911.28,11564.54433309,161328084.58722976,0.1107598924044903,0.0999489347985272
2017-12-26,13925.5,16147.87,13746.95,15764.44,15051.16401761,230992511.38498908,0.08244111140053036,0.08439200834981021
2017-12-27,15764.45,16480.52,14484.0,15364.93,15643.75488215,241914565.70381093,0.08513988425106049,0.07967791542949955
2017-12-28,15390.05,15474.19,13500.0,14470.07,16557.21732271,234382504.67555553,0.110695611007305,0.11452827025093498
2017-12-29,14436.99,15111.0,13998.0,14340.0,13505.70299216,195743655.68334067,0.07404013654982634,0.06781104551000461
2017-12-30,14351.0,14463.28,12050.0,12640.0,21749.67444609,286114766.57671124,0.10876041926344975,0.1071229196167617
2017-12-31,12640.0,14296.06,12491.21,13880.0,11583.41864698,154555556.9586758,0.0871868851193574,0.0847116288834827
2018-01-01,13880.0,13941.75,12801.38,13443.41,7688.0306846,102812895.87170534,0.07605583949445355,0.06491631748560137
2018-01-02,13394.2,15257.53,12910.58,14678.94,16299.66930279,229127940.10242346,0.08262397114045672,0.07752869709655935
2018-01-03,14670.96,15500.0,14546.28,15155.62,12275.00119668,183665830.33239445,0.0588682460749975,0.060618043957867324
2018-01-04,15155.62,15430.27,14192.37,15143.67,15004.01859256,222200072.48043856,0.06487541570223107,0.05704712036643958
2018-01-05,15143.67,17200.0,14810.0,16928.0,16248.914679559999,259737630.09351984,0.061982038821857065,0.05916710130417495
2018-01-06,16927.99,17234.99,16220.0,17149.67,9501.01675546,158400753.50449216,0.05186010830405989,0.049020060530099135
2018-01-07,17142.43,17149.97,15707.16,16124.02,8632.81384337,141550022.5419077,0.04903770752225049,0.04798422362587222
2018-01-08,16173.98,16300.0,13900.0,14999.99,16676.34994239,251927819.23645684,0.09066155438883419,0.08808976730219267
2018-01-09,14999.99,15367.18,14123.97,14403.51,13913.52469368,204617326.16898364,0.06852939789602708,0.06730271259829441
2018-01-10,14403.51,14900.0,13412.0,14890.02,18479.01253046,261233575.46091333,0.07918526751339101,0.07940096856323561
2018-01-11,14899.99,14973.07,12800.0,13243.83,19630.07517112,266908688.69971564,0.11428798729057435,0.10663422070610867
2018-01-12,13249.99,14152.19,12807.27,13781.41,13433.08481363,183419250.24918813,0.07142696535052309,0.06523760950166628
2018-01-13,13829.28,14619.1,13789.42,14197.78,7488.98701847,106601194.90357715,0.052302637368978715,0.047002288761448796
2018-01-14,14197.78,14365.81,13072.22,13647.99,7588.63558972,102719947.3327729,0.062211866419215986,0.06207707881325601
2018-01-15,13647.99,14394.36,13429.25,13607.04,9444.63530824,131051718.12871855,0.05107838508682925,0.048515504563080215
2018-01-16,13581.66,13607.04,10162.0,11386.34,38789.88308789,457745893.9101632,0.16740151540276155,0.16084761887748264
2018-01-17,11393.97,11794.07,9222.0,11191.35,41356.1897379,433198759.492193,0.16265881827328482,0.1648717907693465
2018-01-18,11199.0,12146.0,10693.0,11247.57,22195.26202056,256106174.5427531,0.11120208530086108,0.10087716333959151
2018-01-19,11290.9,12050.39,11025.18,11552.0,13203.25567513,151835912.74645478,0.08870182685850582,0.08487463316838088
2018-01-20,11560.82,13052.12,11515.94,12775.99,10324.05733414,128914690.26537676,0.0716619139959813,0.06911808807962255
2018-01-21,12782.99,12791.88,11100.0,11558.87,11596.44128787,137158411.72184944,0.0814498617381624,0.0737844913945758
2018-01-22,11558.87,11910.78,10028.41,10808.99,17067.72925582,186000397.5449764,0.09762110685138052,0.09257416149125203
2018-01-23,10810.0,11409.87,9927.54,10851.82,17250.17614645,184384005.65392286,0.10506080220531916,0.09916203157576844
2018-01-24,10848.99,11500.0,10488.13,11400.96,11646.79059794,128804993.99233498,0.08088263008502918,0.07443519855463974
2018-01-25,11400.98,11741.82,10868.57,11155.54,10212.92183381,115410746.62127848,0.06215046434920965,0.05496667792072407
2018-01-26,11140.01,11635.0,10263.32,11092.95,15074.66641243,164038322.26722696,0.07858990602643942,0.07416235718856871
2018-01-27,11093.74,11630.47,10815.84,11446.54,10309.80746248,116365911.04040511,0.06296156680239817,0.06113841429489681
2018-01-28,11446.54,11989.15,11360.52,11685.58,9956.09249576,116517688.48593971,0.0434299548584188,0.04462855079296411
2018-01-29,11685.58,11820.01,10991.0,11162.62,9996.35689848,112802335.91922186,0.04831208802143973,0.04811251153492944
2018-01-30,11162.62,11222.36,9731.2,9971.0,21082.19252764,219153328.21417093,0.07904863209133678,0.0733760964220713
2018-01-31,9971.0,10324.0,9514.96,10149.0,12743.50947059,126748406.49444318,0.0763021476306309,0.06781865151001583
2018-02-01,10148.99,10187.56,8455.0,8998.99,26356.58883931,243103412.8140092,0.09467911044418512,0.0917656712879725
2018-02-02,9010.87,9096.79,7625.25,8838.83,44406.01982931,373424974.81074566,0.14037536116446153,0.11944015333281721
2018-02-03,8838.29,9491.2,8170.71,9225.86,16208.37411342,144717361.46494484,0.08913989112302521,0.08377663967847973
2018-02-04,9225.31,9350.09,7825.0,8191.0,19110.67246079,162008302.30020717,0.10846235115702713,0.08929210271694524
2018-02-05,8190.78,8335.56,6600.0,6874.27,46544.42880431,342299255.02788264,0.15042177579025134,0.13454797603113938
2018-02-06,6878.65,8150.0,5920.72,7737.37,70961.36965826,487609398.55088866,0.191782308128453,0.18936834560405164
2018-02-07,7737.26,8649.0,7213.8,7588.01,32640.89253754,260730088.77706295,0.12081151475259967,0.11531736161400472
2018-02-08,7588.01,8644.36,7565.5,8259.76,22746.39118112,187176814.1666654,0.09358148154709657,0.08741975898731542
2018-02-09,8259.42,8779.62,7753.32,8693.98,18418.11709042,152073542.27201402,0.07827412724757384,0.07875723621983814
2018-02-10,8693.98,9090.8,8170.86,8560.0,14670.55870203,127059217.40871604,0.0769025280022127,0.07325446242309427
2018-02-11,8560.0,8560.0,7820.0,8067.0,12711.7858457,103551846.31096445,0.07654248090111992,0.07318481383844724
2018-02-12,8077.25,8995.0,8067.0,8899.0,15071.04029684,130559581.59001523,0.06937015077383211,0.06076527178026869
2018-02-13,8891.2,8951.89,8360.13,8522.99,11374.52415254,97691604.10963921,0.054391357923687086,0.04934945840355319
2018-02-14,8504.57,9515.0,8504.57,9490.98,17468.73886593,158851926.69006264,0.05109858423776926,0.04770965255350839
2018-02-15,9490.98,10234.0,9350.0,10018.0,21036.3373175,206839718.61476782,0.06556151651853001,0.06105314122108154
2018-02-16,10011.3,10300.0,9707.51,10196.0,11857.64277513,118860112.83103518,0.05066461386581112,0.04849989180172164
2018-02-17,10203.14,11135.83,10053.5,11101.0,14511.16913676,155326846.2713893,0.05124768429556264,0.045471253588185344
2018-02-18,11101.0,11300.0,10153.15,10421.06,17623.07943135,188705609.7184188,0.07220473650654707,0.07189527364100917
2018-02-19,10433.68,11262.48,10307.51,11173.0,11698.25622611,127819383.29797694,0.05783843983935504,0.05363275801243109
2018-02-20,11159.12,11780.0,11080.37,11233.41,15880.9090398,182184086.82015094,0.058226935307644195,0.05301727789006705
2018-02-21,11233.42,11275.74,10256.0,10449.4,19959.67715652,215354922.34524322,0.07481886947555584,0.0679348619013248
2018-02-22,10446.79,10935.0,9731.2,9843.34,20204.69095384,206033658.9373431,0.06727307643062996,0.06668957885478963
2018-02-23,9843.33,10405.3,9600.0,10166.1,16044.03930333,160787769.70975608,0.055027252386945974,0.051786920280691796
2018-02-24,10135.2,10540.63,9373.48,9689.99,13972.71472351,137774416.96232593,0.06711697202716174,0.05950262941787858
2018-02-25,9688.26,9883.41,9260.0,9590.04,11037.17695269,105393272.09950866,0.05422158736780919,0.04876734498180049
2018-02-26,9595.99,10461.97,9376.34,10324.7,16156.80505618,162323385.94351387,0.0549440410193756,0.04990512043774437
2018-02-27,10329.99,10850.0,10150.0,10566.3,10408.47993775,110092998.93834028,0.04652877305700464,0.04439704488041246
2018-02-28,10572.49,11064.75,10255.07,10314.9,10490.74905816,111447499.26885372,0.04826341723440957,0.04596516139518504
2018-03-01,10314.99,11090.0,10223.41,10903.13,9481.66514611,101716512.88066946,0.04196761856497874,0.03942381435004229
2018-03-02,10917.37,11175.0,10774.01,11029.99,8329.09790086,91460553.27721481,0.04078322099190786,0.03844900994511166
2018-03-03,11032.81,11503.24,11022.85,11445.0,7786.26753951,88245227.94320248,0.03180463991085595,0.03027518494025875
2018-03-04,11445.0,11511.0,11054.91,11463.27,6831.63070279,77068319.39905034,0.029292125444109734,0.03168408791197447
2018-03-05,11479.68,11688.0,11383.66,11419.24,9933.67623336,114607529.2481706,0.028435071455931122,0.025843537092987524
2018-03-06,11417.39,11420.01,10560.19,10723.76,14734.41949313,161488770.96693468,0.039701458704192054,0.0407215652167381
2018-03-07,10723.01,10911.78,9450.0,9913.03,26116.51184803,264030567.2879458,0.07565131533666415,0.07547740896393512
2018-03-08,9904.52,10150.0,9078.95,9285.32,22522.42746991,217347204.81003585,0.0699190744267381,0.0737748890756623
2018-03-09,9293.06,9420.39,8366.0,9230.0,29014.16684454,257055931.05825356,0.09341474244590968,0.09674744522054929
2018-03-10,9228.83,9514.96,8697.0,8791.47,12886.58857926,118142086.26180436,0.06003798728586978,0.05260001412345627
2018-03-11,8795.04,9768.37,8450.0,9535.04,16407.54237557,149773446.85437027,0.07505951357959155,0.07424533454611373
2018-03-12,9535.04,9892.0,8742.07,9120.75,18751.02057959,175084801.57504845,0.07517229236833732,0.07423066920577223
2018-03-13,9115.24,9482.79,8830.0,9142.32,16001.47534639,146454866.8443179,0.0824448851989153,0.07490334645581351
2018-03-14,9152.07,9356.14,7948.0,8196.69,21191.0231358,182195436.22664678,0.07232178490589755,0.06676454780393512
2018-03-15,8195.99,8425.0,7682.0,8265.05,18387.61138793,148601899.41199833,0.08202367762596946,0.07672484660648712
2018-03-16,8265.05,8613.06,7914.08,8258.54,16498.62433531,137237523.26695204,0.06602220633657303,0.05835352355095136
2018-03-17,8258.54,8356.4,7730.23,7860.83,12048.6688914,97285706.70895295,0.05401850391575639,0.05079620493690207
2018-03-18,7860.83,8324.92,7325.37,8188.24,19547.36114711,150323154.3945466,0.08482987352690514,0.08177980804767343
2018-03-19,8205.55,8718.74,8114.17,8596.93,19396.08835883,162451951.38979614,0.0680012407009309,0.060643789726928424
2018-03-20,8596.79,9051.0,8313.01,8904.02,13454.8222604,116492917.49829239,0.049706957212526486,0.0503864554408599
2018-03-21,8904.02,9188.1,8754.83,8893.79,12100.99713332,108606095.17427368,0.04150640532695166,0.04070115056890574
2018-03-22,8892.18,9099.59,8503.52,8704.67,12587.63392229,109925879.40836734,0.04150187350590299,0.04256650022618182
2018-03-23,8708.52,8920.79,8265.0,8920.79,13749.78486097,117140530.80402356,0.044506506922644094,0.046855772785728056
2018-03-24,8917.99,9020.0,8505.0,8547.0,9731.98236841,85802747.63271277,0.042406032262009535,0.04057447181872582
2018-03-25,8541.96,8680.0,8368.63,8453.9,9155.91214778,78006397.15386708,0.04250250325061338,0.03999182436565086
2018-03-26,8451.12,8500.0,7831.15,8149.66,17693.4153393,145248142.3554071,0.04866156269111701,0.04620729563202748
2018-03-27,8152.26,8211.62,7742.11,7791.7,12385.25028422,98485329.63036127,0.05263439558281461,0.05545929016631141
2018-03-28,7791.69,8104.98,7723.03,7932.41,8437.64467971,66898788.39756264,0.037360150070312244,0.03498551046737635
2018-03-29,7932.41,7968.0,6914.53,7088.38,22138.11413228,163981596.1891242,0.06504260223925272,0.062297973646907194
2018-03-30,7086.14,7302.35,6550.0,6850.0,29101.44802706,199595918.81546322,0.08684683493665675,0.09479555196597841
2018-03-31,6839.63,7231.73,6794.26,6928.62,11579.59705718,81339026.42872088,0.05517550903980107,0.05718497430538678
2018-04-01,6926.5,7045.71,6427.16,6813.52,18046.94087395,121193258.3845399,0.065941342774694,0.06330965596018032
2018-04-02,6816.31,7106.5,6759.96,7052.76,13624.16035566,95188434.96948673,0.047038703647480334,0.04730260982459236
2018-04-03,7052.75,7506.84,7001.28,7416.27,16089.54162903,118040677.43160453,0.041769480713184454,0.04010618359113528
2018-04-04,7415.53,7430.0,6710.38,6799.95,15779.20246661,110950374.66149029,0.04964563727533327,0.04961034701341805
2018-04-05,6799.37,6928.7,6578.95,6771.69,11894.53597807,80271441.33243777,0.05690623689634642,0.05410185472183075
2018-04-06,6771.3,6850.0,6510.0,6618.33,8478.41806897,56307791.648906104,0.04234494220143805,0.03921210362722068
2018-04-07,6627.7,7069.13,6600.99,6904.9,7683.0416526,52999197.817403674,0.041843142507520255,0.03615144828351941
2018-04-08,6904.21,7104.52,6894.8,7027.26,4352.69794202,30481983.283134617,0.02704415615338872,0.02716104955228511
2018-04-09,7027.26,7175.83,6611.49,6780.1,10103.91621615,69087488.53004894,0.046595019203982756,0.04068332106715553
2018-04-10,6782.39,6900.0,6653.21,6835.67,6480.19276418,43982431.189796045,0.02892777323118938,0.025794660189896762
2018-04-11,6824.75,6984.92,6809.26,6940.94,5825.41064556,40165363.857559584,0.021948382703325182,0.019168398011686814
2018-04-12,6940.94,8069.34,6758.45,7923.78,19033.3803344,143717985.38104504,0.08266475058573117,0.09992868006957631
2018-04-13,7923.78,8239.33,7753.32,7896.92,19605.94275077,157411178.502899,0.048713189222729485,0.05105018820942799
2018-04-14,7885.9,8232.14,7835.0,8000.41,8935.53071477,71641302.74517655,0.03811782744655283,0.039738660997677366
2018-04-15,8003.39,8417.0,8001.23,8354.22,7542.84081564,62266498.44773258,0.03227217452300633,0.03281760050018358
2018-04-16,8353.43,8424.99,7905.0,8048.15,10866.60295749,87975287.92050074,0.039155884337225305,0.035785438682838636
2018-04-17,8054.68,8160.85,7806.81,7890.87,9277.15121538,74461332.538973,0.032632134016911965,0.029009339482257444
2018-04-18,7890.87,8235.0,7870.35,8172.84,9227.20459808,74538788.26576552,0.040496700767694,0.03330889742150407
2018-04-19,8172.83,8297.99,8074.44,8271.31,9436.84632763,77477783.13510934,0.02497666099119114,0.026758610153218097
2018-04-20,8273.0,8934.0,8216.9,8861.0,16059.62267134,136292448.8910203,0.03464688562561079,0.040729337901133734
2018-04-21,8865.78,9023.4,8608.0,8920.71,15336.30792743,134955769.60976338,0.03244717588677944,0.0314301340076312
2018-04-22,8924.93,9036.52,8760.0,8789.96,9346.45175925,83088298.12622495,0.03332533774965151,0.03111543828246478
2018-04-23,8781.7,9006.39,8771.22,8946.95,10286.1177149,91458143.36395852,0.024313038685342563,0.022322498975983346
2018-04-24,8942.0,9737.16,8930.0,9648.0,20460.50898304,190732052.7045962,0.03916333935554311,0.036019783856875126
2018-04-25,9648.36,9755.53,8751.0,8864.99,33035.90404482,303206502.8839212,0.061435593564200204,0.06207027460017924
2018-04-26,8855.07,9326.79,8647.29,9274.48,20042.96970211,178010213.1398724,0.04661819020437099,0.04373453061317847
2018-04-27,9277.32,9387.82,8901.09,8921.43,11375.51437547,104647049.22636524,0.03560850926088671,0.03476615319495585
2018-04-28,8916.54,9442.34,8854.47,9345.11,15558.40230193,143749107.74821895,0.04058330296991765,0.03958483243536282
2018-04-29,9352.97,9538.75,9180.0,9393.99,10940.71803063,102347984.42907062,0.0325804086792735,0.02881645595774843
2018-04-30,9396.32,9443.96,9111.0,9242.17,8085.68829456,74980737.26983076,0.029600044608915032,0.02739626499400855
2018-05-01,9243.51,9249.99,8815.91,9066.9,12138.2639605,109022129.6452185,0.03193128003023843,0.03377015581984173
2018-05-02,9066.9,9259.16,8975.23,9222.0,10575.17497792,96351890.90991087,0.023836080574405227,0.021713342750709252
2018-05-03,9220.0,9799.99,9165.19,9732.43,11670.79957863,109939441.40666793,0.03237298260316767,0.030377797926067752
2018-05-04,9737.0,9784.73,9527.38,9696.57,7326.05207111,70714604.04657708,0.03487844160133941,0.029179231627076894
2018-05-05,9689.0,9948.98,9670.68,9823.28,7403.10502352,72757237.18826085,0.028316448663877246,0.0248090368286536
2018-05-06,9827.04,9918.41,9375.0,9623.54,8155.5768566,78141644.9383009,0.03165078169052305,0.03053376144811245
2018-05-07,9621.99,9634.5,9175.0,9359.52,13616.3485933,127010945.19477916,0.03321713104419978,0.03258771464289584
2018-05-08,9356.79,9450.0,9015.0,9167.69,11418.31053651,105417055.91189347,0.03180913850552431,0.028479569531520445
2018-05-09,9181.52,9368.79,8974.62,9308.49,11368.83432539,104322923.17839524,0.027664470203654718,0.02448110048250644
2018-05-10,9308.49,9393.0,8987.74,9020.99,11764.9775057,108651383.81968279,0.027882643869951294,0.02690391440627055
2018-05-11,9007.19,9018.38,8351.0,8411.42,20383.92660992,177261087.67491382,0.044431464494859366,0.0408189058123105
2018-05-12,8408.79,8652.8,8208.81,8481.6,15464.92940302,130060265.1042169,0.047428697091322004,0.04373472973004879
2018-05-13,8481.72,8775.9,8335.56,8696.58,9835.22450915,84290201.46089852,0.038970399673585746,0.034607384067228956
2018-05-14,8696.54,8900.9,8286.57,8674.36,18861.93709627,162153105.55505157,0.04764581943652171,0.047550180321540875
2018-05-15,8674.53,8865.0,8400.0,8474.99,12391.83198691,107034294.05604017,0.03827617155709989,0.038081505108039516
2018-05-16,8481.99,8505.33,8100.01,8346.59,12705.12321984,105039038.1411672,0.04981413589351188,0.04394906656099616
2018-05-17,8337.77,8500.0,7980.0,8067.03,8259.12452442,68208899.28856805,0.03474956905120242,0.0338717730282707
2018-05-18,8058.16,8275.1,7929.53,8248.87,7181.20388348,58102365.19225532,0.03386734515922256,0.031411776737761875
2018-05-19,8248.99,8395.0,8141.08,8231.2,3784.07576637,31248939.849272218,0.02581538580773423,0.023692301153407872
2018-05-20,8225.55,8590.0,8170.71,8518.48,5314.99889979,44517476.82721108,0.025530489871752476,0.023323858207671303
2018-05-21,8518.64,8589.1,8320.0,8391.76,6126.97105348,51771537.59664658,0.0233402040275411,0.023381347166792753
2018-05-22,8403.23,8417.65,7951.41,7984.08,9101.06078693,74538338.61690947,0.025792530688035255,0.027122121635343607
2018-05-23,7983.98,8032.01,7435.49,7502.89,17635.90129337,136147161.364747,0.04511783989004294,0.042739997589590115
2018-05-24,7509.99,7733.99,7267.24,7586.88,11648.36524358,87500214.04785486,0.046859681816667234,0.04509583928770683
2018-05-25,7579.3,7661.07,7328.13,7471.18,10088.84331121,75371336.8449645,0.03733275461185631,0.03749805182837874
2018-05-26,7459.21,7622.87,7276.04,7335.99,4043.55765023,30225457.328749754,0.030012012159513088,0.03224782568870517
2018-05-27,7335.99,7412.57,7213.09,7347.39,3144.45110906,22999072.000734925,0.025436882801997296,0.02632410863715535
2018-05-28,7348.64,7445.0,7084.99,7112.5,6583.63252959,47650407.80720344,0.03015593148917269,0.02973224117901476
2018-05-29,7112.2,7537.0,7026.9,7469.45,11049.92099287,80839982.00865507,0.03492764236725859,0.03728115514720359
2018-05-30,7469.45,7559.0,7273.89,7375.73,8940.4540053,66451831.460024215,0.02615578341726119,0.025639782584948683
2018-05-31,7375.64,7601.23,7330.22,7492.28,7339.00726931,55147545.81353664,0.028926123397656784,0.024590846848889552
2018-06-01,7492.28,7620.01,7348.45,7511.6,6762.6275727,50594010.31035517,0.02893934473199339,0.027725395033947674
2018-06-02,7511.72,7700.0,7438.92,7642.0,4012.16875521,30483359.689746175,0.023785121178436078,0.024693415829089047
2018-06-03,7642.0,7790.69,7581.03,7703.67,4729.21008365,36377255.29618302,0.018940870962036865,0.020524280007649272
2018-06-04,7712.97,7764.44,7449.68,7488.26,6990.5513527,52875502.24517976,0.021234269614810394,0.021820918453013382
2018-06-05,7494.99,7685.0,7360.0,7617.98,9968.45508961,74709026.99126752,0.025685975973266804,0.02622162270236109
2018-06-06,7617.98,7695.46,7482.61,7658.57,7058.05577232,53677620.35187504,0.02493041966496996,0.023995721737576997
2018-06-07,7658.99,7750.0,7618.99,7689.28,7545.00925066,58065058.23966306,0.018811310100372756,0.018175054978716472
2018-06-08,7676.41,7697.0,7542.0,7618.11,4676.55832777,35625516.19699502,0.019833792884800767,0.016174195020042713
2018-06-09,7618.11,7686.45,7468.31,7492.7,2713.78104511,20613207.520282593,0.02015227689726656,0.017047079289931922
2018-06-10,7498.0,7498.0,6627.7,6781.17,14392.69540615,100253092.58176039,0.049983884637089755,0.061235898042387084
2018-06-11,6781.17,6919.97,6634.86,6880.61,11409.52423218,77092883.90182972,0.03300271825487993,0.03532280328555116
2018-06-12,6880.76,6880.76,6461.42,6557.67,8827.5994997,59087534.6414497,0.0376608908247525,0.0331594074504454
2018-06-13,6557.66,6624.45,6120.0,6307.4,19190.50457858,122787957.60768265,0.055359074991694845,0.04269026940031751
2018-06-14,6308.49,6708.1,6270.69,6646.1,14185.83821156,92149581.85195479,0.04279237095366236,0.04250741411945243
2018-06-15,6638.8,6666.66,6370.0,6390.6,7132.20678871,46689182.015742585,0.03273910504510278,0.03201198625553322
2018-06-16,6390.6,6557.81,6333.63,6487.92,3553.69972603,22962687.473866843,0.027191967913218984,0.02905220855735251
2018-06-17,6487.92,6575.35,6429.23,6453.41,2828.75680848,18414114.218096107,0.021562401547012413,0.019015713182125596
2018-06-18,6451.03,6793.0,6381.25,6707.5,5940.1743975,38926516.15646039,0.041591149267953514,0.030635358697345853
2018-06-19,6711.3,6841.81,6660.21,6736.52,5443.67979628,36646855.32785972,0.021418299830843153,0.020256333665837026
2018-06-20,6728.44,6809.26,6558.95,6756.58,5193.76884592,34697174.02932565,0.02465211849533421,0.02538373862093183
2018-06-21,6756.6,6792.2,6677.85,6718.33,4837.32442832,32568233.587194547,0.01735759264615729,0.015799884884084025
2018-06-22,6718.33,6737.97,5940.0,6050.45,18544.14405465,116498541.31250814,0.05294088170466263,0.05064636882338327
2018-06-23,6055.17,6261.0,6048.54,6177.38,4585.87147205,28154193.44779777,0.031974301599348526,0.02796549223278818
2018-06-24,6169.91,6255.05,5780.0,6153.4,11423.59392896,68419428.73938946,0.054255569316760684,0.05964906451895679
2018-06-25,6153.6,6365.34,6075.01,6253.61,9689.68930701,60137870.93445814,0.030209694340743352,0.03690284044295093
2018-06-26,6252.28,6277.0,6025.68,6068.0,7751.62208792,47959740.56620635,0.03180036773680384,0.02977085788877861
2018-06-27,6073.99,6181.11,5985.0,6135.64,7446.86155074,45364858.512491114,0.023723850731109285,0.025304910060730487
2018-06-28,6135.64,6165.49,5818.14,5848.33,8878.39857291,53457115.21141741,0.02997371120189802,0.028501214672517084
2018-06-29,5845.2,6299.0,5774.72,6204.24,12067.37316767,71665435.90143909,0.055373302403845644,0.04767922934785672
2018-06-30,6204.01,6510.0,6190.28,6385.71,6915.08887702,44066793.88527161,0.03721843234369979,0.03464118915770083
2018-07-01,6385.75,6438.55,6259.34,6349.99,4160.70556721,26417037.251921017,0.02491488517342822,0.02281098540860001
2018-07-02,6345.48,6667.57,6270.69,6612.98,8799.80247408,57170540.12802329,0.03803680955911146,0.035682973421678865
2018-07-03,6605.46,6666.0,6464.39,6507.99,5924.86541706,39009251.421401344,0.021075955862210886,0.023422567829511094
2018-07-04,6507.99,6792.28,6413.2,6584.25,6706.7340062,44112953.93633967,0.040108856778824455,0.03216311268555354
2018-07-05,6575.62,6700.0,6445.31,6533.69,7692.21577694,50624723.04151648,0.032694828966867255,0.033815701202316445
2018-07-06,6533.69,6636.15,6449.76,6596.53,5457.67218749,35716855.0293901,0.022370792565933294,0.022975407589188725
2018-07-07,6604.74,6820.0,6510.0,6759.99,4842.79587112,32056936.744870927,0.030078706144498438,0.02790501772341427
2018-07-08,6755.46,6783.54,6674.6,6706.6,5145.84575684,34674997.928435616,0.01667897886732808,0.015048416885462875
2018-07-09,6706.6,6814.72,6620.0,6666.75,7165.21723333,48063377.89100773,0.018004482837902673,0.021196823252101506
2018-07-10,6666.75,6683.9,6270.84,6299.46,9163.01977492,59054371.846167125,0.02858569367560695,0.030429587835881934
2018-07-11,6304.45,6400.0,6285.0,6380.0,6370.13680136,40427253.354135714,0.021164780814397877,0.02158759633608356
2018-07-12,6379.13,6380.0,6072.0,6243.88,7792.46685782,48272017.750260055,0.025460236794200477,0.03139397556805469
2018-07-13,6243.53,6337.25,6121.01,6215.59,5901.29571452,36794471.59815182,0.020469245129969227,0.02262977576167859
2018-07-14,6208.78,6317.84,6180.0,6243.98,2584.7339623,16132752.916712275,0.019100854434073923,0.02008339522167873
2018-07-15,6245.99,6397.21,6227.76,6349.3,3556.2931071900002,22533801.929870084,0.017041015234113183,0.017257606498083042
2018-07-16,6353.25,6755.0,6333.63,6721.04,9404.05647649,61768608.457477756,0.026038220653336476,0.02878131423833888
2018-07-17,6721.21,7468.31,6657.95,7310.71,12703.29651293,89453041.31666495,0.05820239936042032,0.05495556526315785
2018-07-18,7310.71,7599.98,7239.15,7374.88,13347.87637571,99042799.76013419,0.03845149904258113,0.037305638857118614
2018-07-19,7384.92,7570.9,7278.84,7471.42,8803.25309749,65193104.81343631,0.027037472745121926,0.02803390259113264
2018-07-20,7474.35,7696.88,7265.0,7330.84,9379.17143244,69729771.03159662,0.03795093703965971,0.03712825668679174
2018-07-21,7330.84,7458.0,7212.0,7409.92,4049.81022253,29659863.144702327,0.021997393938275964,0.020354761125085073
2018-07-22,7398.16,7581.03,7336.15,7396.6,5107.9788128,38056532.82229026,0.02946609459001376,0.028736654301700314
2018-07-23,7393.5,7800.0,7369.86,7719.62,12572.45317131,96580155.2879842,0.030888098427266912,0.03061454376924153
2018-07-24,7712.46,8496.96,7691.14,8403.83,18707.41156484,151312231.89710626,0.03311087736399908,0.03980393936106538
2018-07-25,8394.48,8475.0,8049.22,8174.06,10348.06857767,85275835.95837036,0.030462691663188535,0.03130519965196268
2018-07-26,8174.06,8314.23,7855.97,7926.0,8091.87166049,65853676.647670664,0.03301272082243044,0.03149958453787906
2018-07-27,7926.0,8274.98,7798.48,8183.05,8701.76587806,69764681.90336923,0.034826526022484885,0.03683696950335501
2018-07-28,8177.72,8259.0,8051.43,8237.74,2765.6804906,22599030.429534655,0.021659382898907297,0.01946323391492244
2018-07-29,8231.07,8299.99,8109.74,8216.74,3980.2794076,32666975.74656616,0.01684432824853403,0.017827556666808405
2018-07-30,8216.74,8295.0,7853.01,8160.21,11785.89207823,95510949.67062248,0.03088863032129478,0.035510265273542
2018-07-31,8162.28,8162.37,7633.67,7725.43,11994.08614156,94086644.85252109,0.03410295459470075,0.034810551084400655
2018-08-01,7726.85,7761.56,7440.0,7602.01,11406.76843741,86286436.61170025,0.032139713929723285,0.030555307034577265
2018-08-02,7600.22,7709.98,7455.0,7536.37,5262.23613199,39928165.82878155,0.023023890226115968,0.023661218638888454
2018-08-03,7535.0,7542.92,7286.41,7416.98,9585.77930917,70898250.24215187,0.02806994528503131,0.028937847498134807
2018-08-04,7416.98,7494.48,6926.0,7009.99,6831.75139028,48814985.485664845,0.037583001351951445,0.03582857179880917
2018-08-05,7009.94,7086.8,6888.88,7032.61,6039.1351446,42187763.324649744,0.030727383197296225,0.02931789138241768
2018-08-06,7028.89,7157.93,6835.06,6936.11,7317.64296455,50902440.4134183,0.027845965580697716,0.026627517232572076
2018-08-07,6932.18,7155.0,6671.0,6717.68,10039.39296375,69581540.68934044,0.040404075711807416,0.03378735091093666
2018-08-08,6717.67,6717.68,6121.0,6283.59,14668.56802221,94149072.2785701,0.045714422599969703,0.050218697025606523
2018-08-09,6283.89,6627.0,6190.01,6543.76,9484.88670496,60591632.41073176,0.037181501774383195,0.04027374521991082
2018-08-10,6544.98,6584.05,5995.75,6139.99,14096.00988894,89108136.15496321,0.055480531142976214,0.04985192809878774
2018-08-11,6139.99,6494.13,6000.0,6239.98,6818.37504816,42395583.59615451,0.05502000620008512,0.051231105610166076
2018-08-12,6240.49,6493.77,6163.44,6310.82,7169.89323056,45232340.79465676,0.04231955861508058,0.045726666130462806
2018-08-13,6311.99,6544.37,6142.2,6252.63,8896.68083746,56400003.47232401,0.031030753157728408,0.03329183965263976
2018-08-14,6252.63,6254.02,5880.0,6193.62,14235.27018218,86050894.4427683,0.04456686323927171,0.04675879910502354
2018-08-15,6194.3,6628.5,6186.02,6272.3,12501.11334781,80085667.62118627,0.048727542290547134,0.047846190392056
2018-08-16,6273.34,6477.57,6208.37,6313.51,7099.2611636,45052235.93625467,0.03784088917382525,0.04002948388896792
2018-08-17,6314.08,6584.49,6290.64,6580.15,6635.58158998,42958234.877605736,0.03709920409110562,0.032294946551935544
2018-08-18,6578.13,6615.0,6303.0,6399.28,3496.80232127,22508591.766592782,0.030479774550510944,0.02744941396204813
2018-08-19,6397.37,6545.0,6312.0,6481.99,3138.7113182900002,20148862.092231024,0.025259958587197033,0.0260738289201755
2018-08-20,6481.63,6522.99,6223.9,6260.82,6254.82080784,40034367.899381764,0.027972112022800682,0.026418614118725228
2018-08-21,6260.83,6513.28,6246.05,6479.27,5655.04172504,36214298.5669884,0.02330269990425727,0.024345302828107707
2018-08-22,6478.99,6906.81,6250.0,6355.76,11955.65069577,78162651.49891801,0.06500394095778907,0.05464123482185822
2018-08-23,6355.97,6575.99,6344.8,6525.01,4028.43387247,25923289.008565977,0.02245049554707651,0.02273740280814898
2018-08-24,6525.99,6721.09,6445.32,6692.94,6374.54257854,41835893.397371106,0.02491268448280387,0.02274149824753866
2018-08-25,6692.99,6800.0,6664.25,6732.4,4980.64928331,33434027.5350207,0.02042977914534954,0.02083971227688991
2018-08-26,6732.99,6775.34,6558.95,6700.46,3475.7202496,23150548.365456197,0.020839692912868957,0.022066115482054765
2018-08-27,6700.13,6944.47,6641.35,6904.51,5863.68824836,39522143.4600947,0.022690557797982507,0.02482791718209883
2018-08-28,6911.7,7125.28,6861.17,7080.94,8222.247652349999,57562261.208963715,0.021810258939343897,0.022279778090499056
2018-08-29,7079.46,7124.06,6890.0,7032.96,5730.97892652,40315458.723296925,0.020338820104763473,0.023070629404254722
2018-08-30,7032.96,7055.97,6792.85,6984.01,6875.26197217,47506449.24152796,0.02316524342411167,0.0253486211292766
2018-08-31,6984.34,7101.03,6879.0,7017.35,5790.38050638,40420117.39347094,0.0206888702374896,0.020792529534591528
2018-09-01,7015.78,7300.18,7015.22,7185.01,4590.45724112,32869059.12028165,0.023789264625060792,0.021398432473238603
2018-09-02,7185.01,7334.5,7130.63,7290.31,3297.68658519,23898560.257079497,0.022207361771082484,0.021638785274245127
2018-09-03,7291.94,7340.08,7184.0,7258.99,2829.87707292,20545502.560359493,0.01835116439398483,0.017571107468810326
2018-09-04,7261.29,7411.85,7231.0,7361.0,4531.14780379,33227068.11626633,0.018337871228037712,0.015016051428503268
2018-09-05,7353.48,7387.0,6650.0,6679.3,12408.79698551,87082127.20961952,0.04656532510622967,0.04847310802468147
2018-09-06,6671.95,6705.59,6253.29,6493.09,14674.0236716,94118627.79125878,0.04842368780570054,0.05305839247449074
2018-09-07,6488.01,6525.0,6322.0,6400.0,6541.96747088,42092227.6907054,0.0285072724644611,0.027251580599037966
2018-09-08,6401.01,6465.46,6113.23,6178.31,4284.19484304,26894232.651230235,0.039654160246473134,0.030433072942334508
2018-09-09,6178.31,6451.51,6094.38,6236.04,4104.31379555,25827219.131484643,0.03719345136864029,0.03435073411406802
2018-09-10,6238.99,6351.13,6223.9,6301.99,5371.72530672,33763131.17435914,0.021215174950869397,0.0203218787895665
2018-09-11,6303.99,6405.0,6162.06,6279.99,7076.79725968,44475796.22233572,0.021910753437584963,0.024737179908799346
2018-09-12,6274.6,6350.0,6192.89,6322.45,4282.15960066,26840932.996931754,0.01810227736626415,0.017619572747656215
2018-09-13,6326.83,6537.46,6324.37,6485.7,6985.34747474,45120808.62406666,0.02089824647549179,0.02245818916695507
2018-09-14,6482.95,6587.0,6384.36,6476.51,4598.02098322,29855123.456436627,0.02535873839761922,0.02486559196363225
2018-09-15,6476.51,6570.1,6466.74,6520.15,1328.81956289,8661270.430261943,0.01838715939209493,0.015191814365919149
2018-09-16,6520.15,6524.84,6349.47,6499.98,1098.62806031,7096882.989547274,0.019423022415900628,0.019505151407662406
2018-09-17,6499.28,6530.24,6200.0,6254.52,4386.88772482,27744226.495194007,0.024921104440214267,0.02508016347709471
2018-09-18,6251.49,6390.0,6226.63,6332.34,4196.47314808,26443043.07950687,0.0181684542029849,0.019938859755591013
2018-09-19,6330.0,6510.0,6100.0,6388.4,7232.08338006,45779362.02443426,0.03972060197150789,0.04695852590729287
2018-09-20,6388.4,6535.11,6333.63,6492.98,5177.64510387,33213809.05950642,0.022734834843654433,0.02305123635415835
2018-09-21,6492.98,6775.34,6483.83,6749.45,8569.98587321,57197445.494285725,0.025167849442060294,0.02493149870720213
2018-09-22,6748.85,6826.28,6624.79,6710.01,5491.80951385,36796272.15990686,0.02223732255353964,0.019866727251780583
2018-09-23,6710.01,6774.91,6659.0,6702.22,3248.80491931,21798334.489364278,0.015051894019485723,0.014209236359951
2018-09-24,6703.37,6721.68,6550.96,6581.52,4030.72562001,26700876.687933367,0.019476466768722136,0.01661582425012478
2018-09-25,6578.7,6579.59,6324.96,6428.99,8206.61700477,52641192.81614165,0.02428672259379199,0.02351230318738308
2018-09-26,6428.09,6540.0,6379.44,6461.51,4295.92674134,27797514.901122414,0.016769220278541257,0.016268716025600066
2018-09-27,6454.32,6736.85,6431.95,6681.62,5664.85211251,37187031.68270745,0.021093224225947598,0.02194239476079272
2018-09-28,6684.5,6792.28,6525.67,6610.76,7642.04936428,50893460.275801405,0.027277879340226012,0.02902190054886968
2018-09-29,6609.02,6609.02,6454.0,6579.38,3382.01592212,22126884.779126987,0.02433505690187559,0.021031656330726477
2018-09-30,6574.29,6628.06,6510.0,6597.81,2482.69507513,16323701.04034598,0.018738398116607737,0.015719702515017125
2018-10-01,6597.79,6638.15,6477.57,6571.2,4796.040132,31460394.47230415,0.01826777441594467,0.016788756205265355
2018-10-02,6571.2,6597.0,6447.28,6500.0,4116.13342419,26864793.629669175,0.01431637226719011,0.015408619343581526
2018-10-03,6500.0,6510.0,6396.34,6456.77,4774.76328174,30760264.32780205,0.01729931850135003,0.016662859442403786
2018-10-04,6454.81,6604.89,6450.58,6547.56,3832.70048916,25106306.008214112,0.01746652192521961,0.016278724141405826
2018-10-05,6548.83,6641.35,6510.0,6582.12,3807.26928181,24953550.041010164,0.013218144060265,0.013324028049022973
2018-10-06,6582.11,6595.69,6526.28,6544.08,2022.78075908,13254226.538928006,0.01016537218433482,0.008632788421225761
2018-10-07,6547.93,6600.0,6493.92,6577.63,2455.65659087,16088724.908185503,0.012746259172863044,0.009790340058195412
2018-10-08,6574.15,6656.63,6541.06,6604.75,4079.04424933,26897590.798489712,0.011796931795523892,0.011891543105082574
2018-10-09,6604.76,6623.14,6553.13,6588.8,2254.95026959,14849546.857783463,0.008521220147626931,0.007130414588604436
2018-10-10,6588.72,6589.79,6387.91,6517.55,5177.06675956,33583081.278690726,0.02625977276657842,0.01732565461669056
2018-10-11,6517.55,6520.43,6055.28,6152.76,9616.23958351,59636798.25391707,0.05131011517938143,0.04721264066756884
2018-10-12,6152.76,6243.79,6109.79,6185.15,3246.3815572,20109996.49519963,0.013550391269228801,0.012597755619686969
2018-10-13,6182.03,6219.77,6168.83,6199.69,1954.04680593,12104835.819798172,0.010506950092015854,0.00970740452790508
2018-10-14,6201.23,6349.47,6143.08,6183.0,2525.73820085,15730536.434751635,0.012093557005980228,0.01724701633846367
2018-10-15,6185.04,6756.0,6149.28,6441.74,16895.88930388,109121616.36962306,0.05318594525989078,0.051873332820314
2018-10-16,6438.2,6493.77,6386.4,6461.2,4703.09390629,30286194.02771727,0.016738498501743842,0.014806457153994075
2018-10-17,6457.67,6465.39,6407.69,6437.29,2961.26337446,19060573.83831934,0.010625063459811214,0.009350922095656529
2018-10-18,6440.07,6490.0,6350.0,6396.18,3823.16928503,24538910.21511573,0.014151910544531989,0.012931564756142244
2018-10-19,6394.23,6412.4,6355.99,6383.46,2290.0590117,14619166.974790992,0.010028984671085138,0.009139696335205519
2018-10-20,6380.47,6424.16,6363.02,6412.86,1261.97849549,8074329.084308476,0.010781147512905844,0.007843418238749478
2018-10-21,6412.86,6470.0,6401.01,6413.38,1541.01151749,9914945.68726239,0.009412397827953493,0.00846724216268745
2018-10-22,6412.62,6429.23,6372.53,6406.06,2407.5354618,15414880.928490441,0.009233351473508197,0.007624976672453815
2018-10-23,6409.39,6421.58,6354.26,6393.41,2851.00556658,18229205.186333854,0.00964086055811542,0.008624030085753832
2018-10-24,6396.24,6473.0,6393.0,6411.96,3535.33808825,22734339.65744714,0.010878127965563191,0.009632835978999868
2018-10-25,6411.96,6422.73,6361.73,6393.53,3046.60380599,19490225.152262382,0.007968646273455615,0.008544771494831849
2018-10-26,6393.38,6450.3,6377.81,6406.1,3323.82631782,21303512.143058017,0.013288245588143585,0.009503330810696507
2018-10-27,6406.1,6420.01,6381.25,6407.66,890.1271569,5701149.845975642,0.007597449628336346,0.005385270541598027
2018-10-28,6407.66,6420.0,6383.0,6405.57,839.29766473,5373553.520662312,0.005793376279311804,0.004982132190278811
2018-10-29,6404.27,6420.0,6208.37,6266.52,5190.82201499,32691621.62212258,0.021933771755924723,0.01983207737927983
2018-10-30,6266.47,6289.0,6240.0,6269.46,2523.57742936,15805658.076978993,0.01029783813113705,0.008151881485571881
2018-10-31,6269.46,6350.0,6199.25,6303.27,5148.08262352,32333278.225863475,0.01493489579018813,0.016805533494809354
2018-11-01,6304.5,6365.33,6288.01,6340.99,2190.97047686,13838667.4739978,0.00825466174841686,0.0071289246758837205
2018-11-02,6343.85,6381.25,6328.33,6350.43,2678.06948097,17012856.941890653,0.00896572575361697,0.007513862834654143
2018-11-03,6350.43,6351.74,6312.48,6335.0,1084.13861953,6864529.631702272,0.007679874065558659,0.005479071559153962
2018-11-04,6335.0,6475.0,6310.57,6421.76,2673.81391399,17111976.039747797,0.013875540288059702,0.014597847301589733
2018-11-05,6428.23,6441.43,6369.89,6403.2,2335.48865475,14954908.232212134,0.009554056203466825,0.008624675476649944
2018-11-06,6404.97,6460.01,6378.24,6447.5,4270.33460011,27417237.041738015,0.009739403361662125,0.009989312259680675
2018-11-07,6448.17,6544.0,6442.47,6501.0,4800.82491273,31250158.09066018,0.013589529160026075,0.012827553470201397
2018-11-08,6501.0,6511.27,6388.88,6405.49,3966.97303181,25568658.485006113,0.013033118119271684,0.011850126385563107
2018-11-09,6405.49,6418.18,6307.0,6325.0,3218.12902607,20476865.13952309,0.01063812434872561,0.011683220650242451
2018-11-10,6325.0,6377.26,6323.0,6349.32,1523.39384996,9678602.497862717,0.010166340628475438,0.008479823408894005
2018-11-11,6349.32,6365.0,6269.46,6357.54,1718.26855567,10846448.722379537,0.010138314841511035,0.011002006634095306
2018-11-12,6352.57,6388.21,6298.5,6318.0,3526.03903239,22379371.008444346,0.010348123776113667,0.010030868259597822
2018-11-13,6318.01,6328.36,6244.35,6260.91,3630.56272124,22829349.340056296,0.013070106788861915,0.013340195702818417
2018-11-14,6255.86,6298.47,5324.0,5595.91,25121.93301356,144005653.76167724,0.07712726384524264,0.08144260558084855
2018-11-15,5592.23,5641.0,5199.8,5585.0,19945.90828161,108880358.92921086,0.05952536887208863,0.06144588321017767
2018-11-16,5571.12,5610.0,5411.74,5508.71,8074.6055758,44660139.128071606,0.028635790362813118,0.02648942932532667
2018-11-17,5508.71,5550.66,5452.63,5503.36,2732.79162871,14992488.845026383,0.020692583259458455,0.01852057332247512
2018-11-18,5503.36,5658.47,5500.0,5559.26,2576.4553201,14294089.821582023,0.01592173711558007,0.01681229132792332
2018-11-19,5553.01,5559.69,4694.44,4735.44,28910.66553331,147168043.97391683,0.06917975428011378,0.06867674738412864
2018-11-20,4732.92,4897.36,4048.58,4352.0,39775.38943928,177315649.39170933,0.11786303105866121,0.12173586912138241
2018-11-21,4349.41,4635.0,4242.33,4538.01,20678.25000596,92039307.7012013,0.08006392028197035,0.07547165930413098
2018-11-22,4551.47,4589.53,4194.98,4275.23,10258.46172893,45517351.77338026,0.04699984798684009,0.04813788494602783
2018-11-23,4268.4,4364.46,4061.02,4288.26,13322.77736822,56397342.547673434,0.052599254598736885,0.05694057271182492
2018-11-24,4288.25,4376.88,3638.48,3785.65,14236.74417437,56516813.78354751,0.0779201872031679,0.08384555211434248
2018-11-25,3780.67,4120.0,3474.73,3938.89,26969.94763424,101737537.5787997,0.11123356309773616,0.1032963364386074
2018-11-26,3934.22,4069.59,3522.28,3727.34,24357.88293934,92771689.46487673,0.09320935902818478,0.09154036487299426
2018-11-27,3727.34,3834.35,3548.76,3771.01,16814.00296565,62237864.96669224,0.06236468158239339,0.06658337291301823
2018-11-28,3771.01,4355.08,3771.0,4220.16,22983.71348838,94270344.60830916,0.06554442138601545,0.06729212499793272
2018-11-29,4219.77,4409.77,4086.97,4249.8,15944.01262628,67542517.98417428,0.06001697944445429,0.06173610571197323
2018-11-30,4250.0,4300.0,3861.0,3971.06,14364.62144791,58008839.94908675,0.060237752526757414,0.05567756603818867
2018-12-01,3970.56,4264.47,3904.34,4140.39,6412.23253743,26283839.98726573,0.04700317222582054,0.0449328300533165
2018-12-02,4140.4,4265.0,4030.0,4102.05,7019.16205825,28950316.97086406,0.047992198343539634,0.046887726789684565
2018-12-03,4099.63,4115.15,3747.0,3834.34,10726.6773046,41854401.50527136,0.048889026738907486,0.049231497056223754
2018-12-04,3830.81,4033.98,3730.0,3903.52,12249.9368879,47826023.940478705,0.04531179543717152,0.053343110149909036
2018-12-05,3903.52,3913.62,3662.35,3696.69,13443.22072621,50831921.0382042,0.04374386151950684,0.04227309840054169
2018-12-06,3694.03,3844.79,3415.22,3437.26,15480.96697218,56620185.50774277,0.0694512687498538,0.06895805814203643
2018-12-07,3437.22,3531.0,3210.0,3380.68,26513.2316249,88909200.75061478,0.07025791054995413,0.08396218519737304
2018-12-08,3376.27,3495.99,3241.0,3398.8,10176.34927433,34421066.11485271,0.06109862316722104,0.0652486199485429
2018-12-09,3398.8,3633.2,3371.09,3529.75,8011.02295177,27991928.119917043,0.04420942080815925,0.040889237544567754
2018-12-10,3528.68,3588.43,3355.0,3408.0,10375.26877055,35760483.012590416,0.05062506512991655,0.042927829471410106
2018-12-11,3406.41,3427.27,3292.65,3353.42,8951.71070828,30055728.565968245,0.03274337345526321,0.029715138920977355
2018-12-12,3345.01,3490.0,3325.7,3430.18,7284.10378196,24837611.402097926,0.031379291858642494,0.030935019436926742
2018-12-13,3430.2,3441.13,3221.14,3262.73,11715.01908312,39160539.336417235,0.03886442989549545,0.03652795580794922
2018-12-14,3263.55,3294.81,3135.55,3195.75,14437.50526664,46484008.12863406,0.040586940618736474,0.03829236035170535
2018-12-15,3194.04,3230.0,3122.28,3179.54,5814.86853241,18444818.66801291,0.02789575787155164,0.02555614042779544
2018-12-16,3180.84,3259.43,3178.23,3193.78,6033.50714633,19437127.04070566,0.021948589814386212,0.02136334248977412
2018-12-17,3191.41,3590.0,3181.26,3496.73,16389.79444903,55615098.924884126,0.04811599753425234,0.048565176404619735
2018-12-18,3499.37,3684.0,3422.77,3667.16,13792.36427592,48511088.20623461,0.039634801101085804,0.04331813226413993
2018-12-19,3667.16,3924.01,3642.69,3684.5,21125.61437541,79548881.07159472,0.05287995781026901,0.050334673149015366
2018-12-20,3684.03,4172.07,3656.75,4073.77,25986.85291601,103375470.70223379,0.07267422569542642,0.08009921077608047
2018-12-21,4073.58,4162.0,3770.0,3841.08,16967.23460506,67244796.95394972,0.06666163315608792,0.06602079241219291
2018-12-22,3842.59,4010.16,3780.09,3980.9,7697.59815203,29745696.65517894,0.04175736430928586,0.04301300176021565
2018-12-23,3977.65,4051.0,3900.0,3943.83,4609.89261726,18334734.473563883,0.03764663096703412,0.03330338525484217
2018-12-24,3947.82,4236.84,3944.84,4036.0,12017.91713092,49656800.92620916,0.051533564454352386,0.060445822120372285
2018-12-25,4034.54,4049.23,3674.73,3779.99,11801.43441841,44620257.92623663,0.06808384996775538,0.0614308333295349
2018-12-26,3780.0,3863.34,3678.8,3810.01,10064.18282348,37997218.56325148,0.04209306537561096,0.0382957287964605
2018-12-27,3810.01,3841.17,3566.0,3591.69,11850.0123819,43864842.76204507,0.03804913018324588,0.038428497781542045
2018-12-28,3590.26,3970.0,3575.0,3884.97,13055.71840689,48898763.201391935,0.04985101836015528,0.05226423035337529
2018-12-29,3884.66,3961.85,3702.51,3725.48,6901.3823317999995,26688229.91506808,0.046521441072555916,0.048023325452247
2018-12-30,3728.96,3870.0,3688.76,3835.79,5736.45370818,21719771.726640154,0.03559660155129723,0.03915804003600905
2018-12-31,3831.03,3842.89,3630.0,3693.3,6667.16373743,25008411.881046344,0.04020268789675015,0.034919811482648125
2019-01-01,3693.85,3845.46,3629.66,3823.44,5149.60627729,19112182.305899143,0.03159951881692459,0.030907015171931757
2019-01-02,3825.41,3918.67,3770.0,3885.87,5534.46951453,21204648.83259347,0.027030542552850874,0.02574114780079879
2019-01-03,3890.27,3893.4,3760.0,3787.81,4803.2461092,18342230.15478194,0.025800022117947873,0.02165071837008398
2019-01-04,3785.64,3850.33,3732.38,3817.71,7452.05894356,28218551.1589586,0.024984578701787427,0.026304991767141895
2019-01-05,3822.0,3887.09,3780.0,3791.84,3656.37531439,14019179.413419094,0.02644582689783923,0.021093705490137622
2019-01-06,3795.38,4090.0,3753.0,4040.71,5400.71486407,21426605.639127266,0.04623288702668314,0.044481163730530654
2019-01-07,4040.71,4070.0,3964.01,4005.45,7445.09600426,29914392.38878444,0.024409905921657808,0.023377832188998256
2019-01-08,4005.0,4112.0,3934.73,3994.9,11819.98676966,47479488.987771235,0.025522084539628894,0.028427351631431487
2019-01-09,3994.75,4060.0,3948.44,4002.13,7390.13399203,29623432.965948656,0.02180758405999572,0.021085048683254542
2019-01-10,4003.09,4036.22,3503.44,3627.51,16118.42088248,60576493.59934185,0.06451414471453612,0.06566824333157611
2019-01-11,3627.65,3704.6,3569.85,3632.02,10571.08164263,38423458.304798014,0.02614272406995007,0.02894404847154948
2019-01-12,3631.0,3650.35,3557.09,3617.13,3184.35219414,11537938.849480392,0.015853103930432513,0.021023394198165492
2019-01-13,3617.75,3654.02,3476.0,3515.95,5908.52280454,20937348.795280095,0.030200897794552914,0.03034017905099854
2019-01-14,3517.03,3714.0,3506.0,3664.28,9925.99072165,35860975.5492831,0.028914967746404514,0.03401129149341807
2019-01-15,3664.28,3687.02,3534.68,3576.93,8059.8173777,29239886.957744054,0.026148986448197853,0.024805613855869074
2019-01-16,3576.92,3669.0,3570.48,3605.91,7675.06606371,27663131.642305814,0.023026927667319542,0.02336649084650236
2019-01-17,3609.5,3660.0,3534.25,3638.01,7499.52552971,27015905.278288968,0.022139225550759478,0.02397140908488884
2019-01-18,3638.01,3641.9,3577.0,3609.21,5023.5102908,18145313.431511205,0.014226959333232135,0.015562492922278534
2019-01-19,3609.29,3774.0,3602.6,3681.0,4080.88346413,15096181.935382424,0.04131689589090113,0.02699496817601643
2019-01-20,3680.0,3703.27,3470.0,3536.72,5591.01583422,19975166.924709734,0.0301079738305074,0.03219855281427018
2019-01-21,3537.42,3573.29,3485.58,3531.51,5821.89983137,20585699.121515453,0.017980681095376875,0.0183887100468122
2019-01-22,3531.51,3615.8,3401.36,3576.81,6877.0636755000005,24386946.608924363,0.05024481403324615,0.032108447349482254
2019-01-23,3574.44,3620.23,3518.0,3552.32,6170.84267224,21999008.16275878,0.020091658811857042,0.020817757442067836
2019-01-24,3553.2,3598.0,3524.0,3570.73,4488.01463801,15952657.329493491,0.015286858518388237,0.01604448732257915
2019-01-25,3570.67,3578.79,3511.0,3560.0,4961.79512299,17621541.67742889,0.015947456038593273,0.017197492622123188
2019-01-26,3560.94,3657.89,3536.51,3555.56,2697.88387935,9673822.098101366,0.018682020815601975,0.019906315875277233
2019-01-27,3555.31,3564.12,3456.0,3533.23,3852.6596409,13628939.129027005,0.015813843221422257,0.020174441011334098
2019-01-28,3532.23,3536.77,3357.3,3429.5,10345.1009104,35525274.48525014,0.024117580508009294,0.026624613253583607
2019-01-29,3431.43,3438.76,3322.19,3390.5,7284.38686266,24706152.813032024,0.01811417695673455,0.019762607450638525
2019-01-30,3391.25,3465.05,3372.34,3437.35,5704.02340186,19555175.699694447,0.017726139871084737,0.016849789633130944
2019-01-31,3438.0,3474.2,3392.6,3413.11,5951.8181698,20360609.537626226,0.014753885402826418,0.016652891044438057
2019-02-01,3413.69,3460.0,3364.53,3434.83,6659.84752495,22736291.137156572,0.01529750768749691,0.016990933915384577
2019-02-02,3434.83,3485.0,3406.38,3462.82,3051.95860768,10490200.460310625,0.0125934806986791,0.014493736258318261
2019-02-03,3470.5,3476.33,3384.67,3414.82,2813.89222442,9627452.789118469,0.01602385364839865,0.014685752837038178
2019-02-04,3413.75,3439.46,3394.85,3410.87,3244.08497898,11074513.996956272,0.011039257920033387,0.010504237872352388
2019-02-05,3409.81,3435.0,3396.0,3431.39,4045.62530164,13840500.517026378,0.010917017188311628,0.009800218517081719
2019-02-06,3431.81,3445.6,3328.7,3364.62,6137.40639817,20701211.961183205,0.014430337388792496,0.01856574870263973
2019-02-07,3364.0,3383.29,3350.0,3359.33,4293.5558141,14448026.521799268,0.008978698959711914,0.007481105476854125
2019-02-08,3358.39,3711.04,3337.91,3622.94,14388.64754224,50265466.298768826,0.053071821199212416,0.05101754143337965
2019-02-09,3626.12,3639.74,3589.52,3622.62,4054.50461695,14660182.418389583,0.01471159573881977,0.013762134846682718
2019-02-10,3622.74,3662.43,3576.16,3650.37,4155.50568273,14996876.135994256,0.014367875649125797,0.014763163409820044
2019-02-11,3651.32,3652.56,3578.7,3588.7,7931.40887407,28526406.055885594,0.015931125754744632,0.01572547007342692
2019-02-12,3588.99,3619.93,3548.28,3585.94,10074.81670532,36046605.766822614,0.015470543605359838,0.017112502529347283
2019-02-13,3585.7,3629.81,3541.0,3574.93,7992.74321134,28611680.003698297,0.014098224686107615,0.013498079222464286
2019-02-14,3575.01,3590.74,3531.01,3560.46,5910.24312876,21085678.931032643,0.013759426916234385,0.01258177669494379
2019-02-15,3560.45,3620.53,3544.88,3566.29,6234.76805726,22270399.503012173,0.018095607287216677,0.0161608462181755
2019-02-16,3566.29,3609.0,3561.96,3579.92,3442.47630393,12351599.628962578,0.016309957622308958,0.012344867387267113
2019-02-17,3580.43,3663.34,3553.98,3625.6,5012.46127538,18010241.943351395,0.017347256148308482,0.020887122247804875
2019-02-18,3625.6,3916.47,3614.82,3869.8,15567.08485429,58665398.1183088,0.03530455347410359,0.03770805309908939
2019-02-19,3870.97,4000.0,3840.08,3888.46,12525.13651013,48897333.06915123,0.03230523911021439,0.033838623023376466
2019-02-20,3889.92,3967.52,3861.49,3936.53,9854.35493853,38563352.97238436,0.01937492387263564,0.020608303532983176
2019-02-21,3936.8,3989.99,3866.25,3900.4,8055.79892817,31475517.780318376,0.01770114275782231,0.019133752101685428
2019-02-22,3900.64,3957.0,3882.59,3939.82,6593.85993401,25880541.30815071,0.016243624570751226,0.014721776207111723
2019-02-23,3939.83,4157.87,3905.63,4113.53,7966.31721086,32040455.746505186,0.02764157287686034,0.032680241063832625
2019-02-24,4113.56,4190.0,3714.42,3730.68,13737.01398845,53583033.190420724,0.05837816957835462,0.06348302064155191
2019-02-25,3733.78,3861.81,3732.6,3820.71,8835.36224921,33544374.993300132,0.02184384095563479,0.021868764652123483
2019-02-26,3817.93,3830.0,3760.09,3795.06,6543.16453722,24838144.68002581,0.01572850371822587,0.01728041295837806
2019-02-27,3794.42,3822.85,3658.19,3798.47,7602.29984472,28702226.271247506,0.02950562275327909,0.027896373663087688
2019-02-28,3796.49,3897.62,3755.0,3791.36,6747.88027166,25748376.930218253,0.026411942733194735,0.02763000198639102
2019-03-01,3791.02,3845.3,3789.5,3807.05,4761.41015902,18170966.199522987,0.016166136065334038,0.012536849579897178
2019-03-02,3805.0,3818.75,3760.0,3810.46,3259.74312485,12395018.786656065,0.012507628938553837,0.012676102501070605
2019-03-03,3810.47,3822.39,3756.0,3789.52,2508.08649072,9526050.20373444,0.012701951669598692,0.012223903380758709
2019-03-04,3789.7,3806.9,3670.0,3698.66,7293.71962839,27109489.59137482,0.02176561430877272,0.01981174919411573
2019-03-05,3698.65,3877.1,3690.0,3844.07,7280.82397551,27500266.015607417,0.0233579337003947,0.025743318181450023
2019-03-06,3844.07,3895.12,3808.8,3851.55,6402.67507493,24596046.190461557,0.017422241316224614,0.01688667819415315
2019-03-07,3851.26,3891.04,3826.13,3856.64,7964.50825371,30756334.528106116,0.01781442889666728,0.01654077096559527
2019-03-08,3856.64,3924.37,3760.1,3844.64,7707.39667049,29801610.57713954,0.025512630909294225,0.023474302303443995
2019-03-09,3841.27,3950.25,3835.66,3916.43,5125.89830383,19984726.262466982,0.020584649731647083,0.01927089102155039
2019-03-10,3916.42,3916.43,3862.0,3897.92,3000.60671855,11674631.390052656,0.014078025320226424,0.012767912081516437
2019-03-11,3898.14,3912.89,3812.64,3849.25,6612.11516125,25511682.141669378,0.014854665452975419,0.016706969430225944
2019-03-12,3848.86,3877.69,3791.07,3859.74,5794.61473428,22282943.722590473,0.01515512601625414,0.014988765550884506
2019-03-13,3861.37,3874.68,3820.0,3848.48,4275.54000025,16470239.09112737,0.0120132412084903,0.012208665184754473
2019-03-14,3848.1,3903.98,3775.01,3854.77,5167.56617609,19889638.693339746,0.01458756026362823,0.022254402654513648
2019-03-15,3857.33,3912.06,3843.09,3901.21,6411.98332751,24875638.40961664,0.012525410708653723,0.011524017121942348
2019-03-16,3899.19,4040.0,3899.12,3990.0,6959.47788339,27724628.088721376,0.018673122529528297,0.020203597467221952
2019-03-17,3990.0,3992.42,3927.28,3965.5,2711.95016796,10745125.238039182,0.012527554952043182,0.012016767195228683
2019-03-18,3965.63,4016.63,3929.83,3969.59,5420.23037801,21505075.030479893,0.015160919600821098,0.01502439898880009
2019-03-19,3969.94,4012.63,3947.15,3998.13,5317.45055524,21153791.218781922,0.011820393552907461,0.011679291622809571
2019-03-20,3999.5,4050.0,3962.6,4031.59,6244.95370182,24962303.589349747,0.014337910863669758,0.015198092201472193
2019-03-21,4033.7,4055.35,3919.63,3974.21,7561.75989694,30246332.712605134,0.021313097458503853,0.02062174219142374
2019-03-22,3974.5,4000.81,3958.94,3982.07,3453.36892821,13748822.87298423,0.008871673694571081,0.007815399852810918
2019-03-23,3980.4,4001.17,3957.11,3982.52,2259.5645261,8996357.849753832,0.011018963141722859,0.009071977790292509
2019-03-24,3979.19,3980.97,3942.04,3969.99,2204.06560941,8742901.772392176,0.00948050652551322,0.008496435915212599
2019-03-25,3970.23,3980.22,3850.45,3910.51,6913.36709721,27191470.891201805,0.01685517781162008,0.016388512019364983
2019-03-26,3910.0,3936.36,3879.5,3922.58,4315.60487708,16860240.487678263,0.00958971208782855,0.010650548094966317
2019-03-27,3922.58,4037.11,3912.19,4025.5,8151.67504888,32590332.823442087,0.015550643156808062,0.015412945941493693
2019-03-28,4025.5,4025.56,3992.6,4012.23,3927.54682157,15744366.7478071,0.010662983159298428,0.009320564934174205
2019-03-29,4011.0,4102.57,4005.0,4090.0,8391.03462414,34099722.63049844,0.018080118373565764,0.015863592868891732
2019-03-30,4090.0,4130.36,4040.0,4094.92,3923.1364664,16030431.983004238,0.013757778199354045,0.013843074561841459
2019-03-31,4094.92,4101.7,4074.29,4096.08,2402.5882054100002,9823028.89675489,0.008558615373694239,0.007258644686761528
2019-04-01,4092.02,4150.0,4052.56,4136.32,7232.98731201,29805750.376376197,0.014372659147205428,0.014338395496917398
2019-04-02,4133.93,5080.0,4130.64,4899.63,30686.17351442,144845917.6197272,0.11072215427954425,0.10605811301740761
2019-04-03,4899.01,5345.0,4800.5,4978.23,29321.27268405,148460541.52384502,0.06688809756142704,0.06917116440653007
2019-04-04,4972.83,5077.35,4778.59,4907.94,15898.11514808,78853152.21190654,0.04391653069200495,0.04387873019264299
2019-04-05,4911.14,5067.62,4883.83,5039.73,13023.7465161,64921456.8974395,0.0294069526971061,0.030606877293000524
2019-04-06,5041.0,5240.0,4900.0,5041.39,10049.84478829,51016356.2505484,0.040212074277756193,0.03869476807327644
2019-04-07,5041.92,5253.49,5028.3,5190.85,10872.51935616,55883133.590412304,0.03179846017841445,0.031792095081337346
2019-04-08,5192.92,5347.37,5127.68,5287.88,13344.98151487,69908195.08881399,0.03528976275563417,0.03563273406234709
2019-04-09,5287.97,5288.95,5136.01,5192.6,9410.35350033,49080429.055670395,0.02570773535059018,0.02693863078622039
2019-04-10,5184.03,5466.06,5161.0,5323.47,10723.93474696,56728362.08157856,0.04506208597443619,0.03782603187319851
2019-04-11,5323.47,5344.31,4966.87,5040.2,15052.95606333,77064793.09450105,0.04324125973758967,0.04168324447722231
2019-04-12,5037.82,5122.48,4912.0,5076.35,8057.03847684,40615223.80735742,0.023581229168367256,0.026283329063404724
2019-04-13,5075.74,5122.01,5033.73,5063.63,4520.43702971,22997002.00471611,0.017114604398390496,0.016718622623186876
2019-04-14,5064.0,5185.26,5012.73,5162.72,3443.44728316,17510016.664911896,0.019602043676125336,0.016917372798785663
2019-04-15,5160.54,5192.01,4948.57,5027.31,7423.01375858,37887616.17045527,0.023607593448591698,0.025789748078234843
2019-04-16,5027.33,5231.96,5014.77,5202.43,7675.40412015,39258723.64138824,0.023493795783509745,0.025052543502133092
2019-04-17,5201.47,5275.07,5170.01,5233.72,6741.07720986,35184252.57289257,0.017955245489512977,0.021623235362823852
2019-04-18,5227.6,5325.0,5218.23,5281.58,6375.89568714,33578022.92645969,0.017988922523459152,0.018754178501098274
2019-04-19,5283.0,5357.96,5180.37,5289.91,5285.60637017,27790937.846906133,0.01912800749419694,0.02148667843158041
2019-04-20,5289.91,5362.97,5253.82,5318.89,3665.56962108,19479859.521659575,0.018663001636509233,0.01645632682316804
2019-04-21,5318.94,5346.91,5212.8,5295.65,4631.03916752,24428909.798357625,0.017376829279596884,0.018366546087922337
2019-04-22,5295.96,5439.12,5249.0,5386.8,7127.11186779,38003490.74667009,0.020244204285142224,0.023025686993579052
2019-04-23,5388.22,5627.0,5363.24,5531.32,10132.40317154,56137893.889347844,0.031242618299321973,0.02850581360689701
2019-04-24,5531.29,5623.3,5372.0,5440.95,10521.03763127,57678518.09342686,0.034090556211131766,0.031095708983132672
2019-04-25,5440.95,5510.0,4991.42,5132.55,9893.93590864,52713457.29945987,0.048542859550849554,0.05070248964701564
2019-04-26,5132.5,5291.48,5046.31,5155.19,15033.1017793,77523873.8122438,0.03572250222197253,0.03341560083185678
2019-04-27,5154.11,5218.31,5113.0,5168.91,4041.33355341,20860967.43563011,0.017436973154935746,0.01458036476748064
2019-04-28,5171.51,5213.23,5099.0,5160.98,3957.25435637,20445611.88581601,0.01667458882775116,0.017383241522747395
2019-04-29,5152.98,5191.96,5071.58,5149.11,5753.61513714,29622374.06222419,0.017435472344340775,0.019277526700804643
2019-04-30,5150.21,5287.4,5127.05,5269.0,5055.2728357,26340477.70775826,0.017454158839038548,0.018477210061096167
2019-05-01,5267.86,5357.96,5263.03,5318.42,4209.28441353,22326522.030811865,0.017382762619053437,0.017992494933467437
2019-05-02,5322.28,5422.94,5304.99,5385.0,5908.52172325,31712774.70419095,0.016922549510339203,0.01616892386115951
2019-05-03,5385.0,5796.56,5363.1,5658.22,12700.58899257,71707682.19155507,0.0327720865627157,0.037572690821604644
2019-05-04,5659.82,5846.13,5510.0,5764.65,8525.45570755,48554700.12546397,0.03716861958148204,0.03841767546038147
2019-05-05,5766.46,5782.55,5624.25,5709.32,5162.56182988,29526586.3583092,0.02451830212598329,0.026657878231054883
2019-05-06,5714.4,5755.79,5562.44,5685.46,6826.98087533,38598875.527201995,0.026089628295984515,0.02746308084834872
2019-05-07,5686.88,5970.0,5686.88,5751.54,10741.56186069,62954738.97138943,0.03919115269684034,0.040627968893674565
2019-05-08,5751.54,5986.0,5658.66,5940.89,6320.4135454,36911801.3747913,0.03292850755822367,0.027930725419975728
2019-05-09,5945.32,6172.0,5932.83,6156.7,9081.24077807,54831977.45920683,0.025190231297075937,0.025417458450591245
2019-05-10,6151.66,6426.8,6105.0,6342.84,13821.71360689,87001595.31015378,0.030079663446236537,0.03435540124719875
2019-05-11,6338.93,7445.0,6338.93,7217.47,22331.43531269,154148728.57863414,0.06307034257320099,0.06321718894061783
2019-05-12,7214.4,7585.0,6762.57,6974.35,27398.21436403,196876175.41575292,0.0892970633088113,0.08917502026325223
2019-05-13,6968.84,8167.5,6863.75,7810.05,27299.34473923,207856223.86430672,0.07279782011732877,0.07769929980552354
2019-05-14,7810.72,8335.56,7618.99,7986.0,18881.44115957,151056209.71717757,0.07568164111662085,0.07496785746542388
2019-05-15,7991.72,8300.0,7838.0,8208.69,16613.07123458,133856698.54670641,0.05505409890105659,0.0523275960142845
2019-05-16,8203.97,8390.95,7654.93,7880.0,17078.7037596,136558825.58229217,0.05505717215433132,0.06240275529081393
2019-05-17,7879.28,7942.09,6178.0,7351.71,27307.57969969,195427137.08419815,0.17240055456176334,0.13024334318211742
2019-05-18,7352.39,7493.85,7205.57,7260.12,7564.89968988,55470281.41925997,0.040665608639317306,0.03608287753624004
2019-05-19,7257.82,8299.99,7247.86,8200.0,15595.26745165,123935949.11913016,0.055583534909431444,0.060791343024015565
2019-05-20,8193.45,8199.97,7581.03,8005.64,13426.78750889,106110940.22366546,0.06402352498200217,0.06158203393130237
2019-05-21,8007.67,8117.48,7676.27,7955.16,7518.5556769,59738628.018930905,0.03861380219801949,0.040055743721442424
2019-05-22,7949.18,8049.22,7505.69,7624.95,8396.82203697,65856518.73883569,0.039987923972593216,0.0442644701826155
2019-05-23,7622.9,7980.0,7468.31,7880.22,8370.35625318,64582007.363501094,0.03745912661094578,0.034292394217557226
2019-05-24,7880.4,8188.87,7795.95,7999.02,9358.97181211,75019770.60974474,0.03184880432874002,0.029928413694729337
2019-05-25,7999.02,8158.45,7939.76,8064.64,3361.65325124,27071739.846236482,0.023535062971580006,0.0231729452522974
2019-05-26,8066.15,8802.29,7888.91,8733.26,8526.81164447,71878146.20306551,0.04890146988691148,0.05307086046347256
2019-05-27,8733.27,8939.18,8653.68,8770.73,8948.02467376,78641889.20795201,0.039199274494539575,0.03804436180118899
2019-05-28,8774.45,8817.41,8540.94,8717.96,6144.01124571,53512268.134155154,0.025265021466668577,0.028418248441729535
2019-05-29,8715.35,8762.39,8421.12,8663.41,7584.25785894,65391607.61174026,0.02595216647789818,0.03111544538518878
2019-05-30,8663.07,9096.79,8000.0,8277.76,15259.58792555,130878924.54281607,0.06532668801293351,0.06145189533838416
2019-05-31,8277.76,8589.99,8109.74,8547.2,9957.91006545,83008093.73232782,0.035168699791591616,0.03401357968688422
2019-06-01,8545.8,8624.72,8457.33,8556.27,5167.05130706,44137005.62716949,0.022662536899890142,0.02183900508317182
2019-06-02,8560.1,8833.97,8546.01,8734.49,4263.0361653,37095124.98079809,0.026484589784379238,0.025705673959871635
2019-06-03,8735.84,8745.96,8049.22,8103.64,9955.03261894,84083971.4751235,0.043909289629504474,0.04836227952315147
2019-06-04,8103.63,8103.63,7432.84,7665.53,15485.70215021,120984355.7356228,0.06556931232568813,0.06043567597095255
2019-06-05,7673.41,7924.48,7570.9,7785.94,9193.71188764,71407950.85021837,0.043358858625496904,0.04350225371132966
2019-06-06,7784.62,7878.62,7449.68,7806.07,8738.66635896,67251756.20466198,0.03473046602804286,0.03534584164237835
2019-06-07,7801.97,8134.99,7758.93,8001.25,9012.09615945,71664132.73719154,0.032825908386545706,0.03327319778578671
2019-06-08,8002.68,8061.12,7777.67,7932.27,4870.11556741,38547696.48843201,0.027697634502009613,0.025509551630142156
2019-06-09,7933.17,7966.58,7511.41,7632.99,3895.84810538,30130637.438263804,0.030428481852536726,0.030604371505298586
2019-06-10,7629.98,8090.0,7523.16,8021.1,7150.59429755,56111849.801094465,0.04139061479430978,0.03953187873585622
2019-06-11,8017.99,8057.32,7713.34,7919.1,5552.68803771,43742557.771340206,0.02895950441286722,0.02794695262144898
2019-06-12,7915.7,8266.0,7821.73,8176.27,8577.16249687,69124913.3952407,0.032477288944160715,0.034368466951474934
2019-06-13,8171.12,8335.56,8049.22,8238.0,7237.80039095,59226991.39126638,0.022908657459537463,0.02314331362210622
2019-06-14,8235.44,8737.37,8174.92,8697.54,8678.2503063,72950853.4579596,0.029639709763334552,0.02609148991767533
2019-06-15,8694.74,8911.98,8623.52,8857.19,5275.7530691,46136268.04396926,0.025365178503306954,0.02360139703593311
2019-06-16,8857.19,9391.85,8805.0,8974.19,15018.85335613,136938266.68539667,0.04777473912231812,0.052621034591406296
2019-06-17,8973.02,9477.7,8973.02,9333.48,12760.96069746,118052515.29609823,0.038040857494692985,0.04421833368988533
2019-06-18,9333.48,9361.87,8918.0,9078.84,11327.45394298,103393010.4179692,0.033357274349565244,0.036169187789944914
2019-06-19,9076.51,9325.85,9036.19,9278.27,4687.25984305,42899080.07299269,0.026493369684516852,0.023347377408480224
2019-06-20,9280.17,9600.0,9211.08,9534.99,7870.31583938,73846933.71907423,0.026406512350074643,0.02554836262469507
2019-06-21,9534.99,10229.49,9534.97,10222.12,12553.09963424,123317767.50186926,0.03652378248269335,0.036859534983160365
2019-06-22,10222.13,11200.0,10085.5,10661.3,13709.30032222,146869091.6495953,0.07734791327633134,0.08122211900156132
2019-06-23,10665.66,11247.62,10483.33,10831.95,7270.6458116,78622756.263371,0.048430779638344225,0.04590014956615776
2019-06-24,10827.23,11099.0,10551.51,11029.63,8247.39381098,89422614.52073368,0.03858886207038491,0.03757223108721346
2019-06-25,11030.0,11796.37,11000.02,11751.01,12133.57175867,137466303.9499276,0.03742350012410356,0.03941789930531859
2019-06-26,11760.0,13880.0,11647.07,12920.54,37487.80242579,477055131.5003722,0.13905430011999864,0.13495755832771292
2019-06-27,12927.44,13355.61,10300.0,11153.74,36106.96055323,417197879.54054266,0.13151044651129237,0.13247167789066355
2019-06-28,11153.73,12447.46,10739.1,12354.43,18718.10158772,218199322.37818545,0.08496288056963813,0.08416844072483351
2019-06-29,12354.45,12386.76,11317.03,11858.62,12265.99736052,144821845.6571866,0.07059033513158781,0.07282344961226564
2019-06-30,11867.35,12200.06,10651.3,10760.1,12642.617722770001,142871145.91500515,0.07199061819848798,0.07192892760538402
2019-07-01,10759.24,11200.41,9950.0,10577.43,22917.43710404,243221413.4344923,0.07545910333585885,0.07636570805594425
2019-07-02,10581.78,10942.63,9614.08,10828.9,20285.24655295,206685996.05796358,0.09279206745168117,0.08771467728722593
2019-07-03,10830.1,12009.0,10830.1,11967.43,19389.85475767,220432769.68459463,0.07290812166933809,0.07318488974885258
2019-07-04,11970.0,12061.04,11052.74,11146.34,11185.29420376,130979700.23562293,0.0617779943530456,0.05374043040603535
2019-07-05,11144.82,11440.0,10769.15,10997.84,11893.437949699999,132227735.11953619,0.0581187998187185,0.0577822861735284
2019-07-06,10996.82,11735.0,10982.89,11240.0,7892.17866812,90062656.67346913,0.05151230339323455,0.05247518985131265
2019-07-07,11233.21,11627.0,11083.76,11469.96,6683.05546715,75859328.73046403,0.04236841163769091,0.04054802955882074
2019-07-08,11478.43,12398.0,11332.19,12286.14,11901.90089462,142202676.44292197,0.04790458102821065,0.03853972437015833
2019-07-09,12299.94,12883.48,12030.43,12567.23,15115.5523839,188759316.98832095,0.0625331661900778,0.06042708643261092
2019-07-10,12574.88,13200.0,11550.0,12098.95,19838.38994897,248340190.34118772,0.07578919368739132,0.06746915576712056
2019-07-11,12101.44,12104.97,10966.81,11349.24,18468.68600043,212701708.58425102,0.06639181397422066,0.07470997505900216
2019-07-12,11352.74,11942.39,11083.52,11808.91,9176.67942993,106019387.93288082,0.048551608612276524,0.045828154192053445
2019-07-13,11811.08,11846.61,10810.0,11378.79,9391.35341435,105971595.14385669,0.04954784536236135,0.05299260207352681
2019-07-14,11382.03,11467.3,10090.0,10191.87,12170.40823763,129420332.81466982,0.06895380907455965,0.06710317286246764
2019-07-15,10191.87,11080.37,9855.0,10850.0,16048.02718406,166483036.9001879,0.06521041842161215,0.0664382362761577
2019-07-16,10848.27,11042.11,9366.0,9412.81,20761.02748001,207233626.30391756,0.0818898410328327,0.07356115958049744
2019-07-17,9427.45,9993.0,9049.54,9699.35,16992.78525932,161899961.84483173,0.06694581772834723,0.06704357287754584
2019-07-18,9712.15,10797.0,9280.33,10648.6,18289.54217585,184734393.2946991,0.07750040596687774,0.08892765492227926
2019-07-19,10638.44,10776.99,10102.58,10535.43,13787.45646718,143893563.321576,0.06435814697586963,0.06063981351161066
2019-07-20,10533.71,11120.0,10359.17,10750.11,9964.67388282,106766721.45518185,0.04006411762644835,0.047962444451627784
2019-07-21,10757.15,10839.09,10325.0,10600.24,5628.16176664,59513917.797001176,0.03803339476055867,0.03873661082187453
2019-07-22,10605.03,10686.89,10052.25,10328.83,9371.30644231,97158232.40860793,0.04719850724081793,0.045610835195921795
2019-07-23,10315.87,10327.33,9801.88,9847.02,9040.84882621,90682328.03850506,0.037465717037787886,0.039967069076987605
2019-07-24,9841.42,9911.5,9514.96,9763.67,9433.34520017,91618744.92702547,0.04235896376473729,0.04392112059672527
2019-07-25,9781.52,10187.0,9734.19,9883.96,6377.95751785,63865073.382102236,0.03899585583328012,0.03899524106239766
2019-07-26,9886.08,9897.46,9650.0,9846.94,5570.10914746,54441660.59178629,0.029954175916029765,0.027434041830109192
2019-07-27,9846.94,10235.0,9299.0,9481.37,9614.10207519,92395576.46202017,0.057605378268678266,0.05559213874136653
2019-07-28,9467.84,9634.5,9111.0,9533.19,3860.8348169,36420226.17937986,0.050926165754144444,0.04033707822198311
2019-07-29,9538.73,9725.17,9360.0,9495.39,5068.6543093,48326104.69870808,0.02665977264119606,0.034516781159340724
2019-07-30,9508.21,9775.0,9373.48,9593.62,5533.97118529,52949634.62182118,0.026950668766962917,0.02802681268944061
2019-07-31,9592.26,10143.2,9574.09,10085.34,7917.5084772,78198998.18096529,0.024545904949882544,0.02840623393966497
2019-08-01,10096.01,10499.0,9878.09,10407.71,7681.73235986,77736034.9039491,0.02591408522712076,0.02710202057402335
2019-08-02,10416.79,10670.0,10318.47,10529.51,9286.86172741,97389320.61072801,0.02973286410166275,0.029441238377773824
2019-08-03,10529.51,10919.0,10502.8,10821.52,6996.11722818,75439701.0526772,0.02652934956583875,0.02822325746188382
2019-08-04,10812.58,11085.99,10564.96,10986.96,7556.32923024,81930468.96649785,0.029341109447185626,0.0303834368314039
2019-08-05,10986.55,11959.36,10986.55,11800.0,17260.45577332,201369103.19504195,0.03898671449882701,0.04130941818908625
2019-08-06,11800.0,12325.0,11200.0,11470.0,16420.57916354,193551580.8130641,0.050463924169531875,0.05943469947781192
2019-08-07,11471.58,12145.42,11388.01,11971.57,15480.45524249,182207244.69268993,0.05008993713788904,0.049517985668081736
2019-08-08,11973.46,12061.1,11450.93,11983.43,10144.46210884,119663800.70840287,0.03663547590619284,0.036884330693831825
2019-08-09,11985.6,12040.0,11650.0,11859.32,7336.91484905,86696599.8536007,0.03073970117672511,0.028586948895658857
2019-08-10,11859.32,11976.68,11200.0,11273.2,7447.24834124,85871958.19798392,0.04822320882181496,0.04271109589153976
2019-08-11,11273.03,11589.73,11080.37,11528.73,4361.39069182,49595854.88260693,0.026549278954319827,0.027540421147298565
2019-08-12,11527.44,11551.57,11194.04,11385.11,3417.70935664,38875775.5606198,0.020071558377028835,0.021731029476922854
2019-08-13,11380.61,11446.94,10738.58,10862.28,9003.17888634,99453220.2360394,0.02753424437537778,0.02563616354392897
2019-08-14,10862.25,10862.25,9888.57,10022.99,12678.9411947,131563798.53458802,0.04292603119500934,0.046103018216923405
2019-08-15,10022.5,10444.66,9467.57,10301.44,15083.173263319999,149987445.01010036,0.05243708882774374,0.05592585033666116
2019-08-16,10294.9,10540.0,9736.96,10354.34,11080.39966131,112447161.75915799,0.05539236525772987,0.058750669471771474
2019-08-17,10351.18,10472.93,9974.51,10210.89,3907.5283984899997,39966033.29767117,0.03744727826386133,0.03715407532959277
2019-08-18,10221.94,10515.0,10065.41,10318.99,3398.41986671,35077437.09983713,0.029807187131307037,0.02833537636720839
2019-08-19,10318.99,10940.0,10267.56,10927.3,8044.02134828,85932467.93243968,0.029046828587195404,0.029360648354309894
2019-08-20,10927.3,10955.48,10549.74,10772.22,5883.59995275,63256770.32729862,0.026742762237996383,0.027691434900225003
2019-08-21,10778.75,10807.54,9853.45,10134.75,9812.62171129,99703664.91398837,0.04140960902664859,0.04679054864515366
2019-08-22,10123.56,10238.29,9755.53,10112.01,6710.30664788,67136351.69349223,0.03735614938264153,0.0361071121083713
2019-08-23,10112.45,10479.0,10051.0,10401.6,5557.29144342,57197940.513641715,0.027343850093626176,0.027824327965238038
2019-08-24,10401.87,10432.0,9885.48,10149.7,5106.55673687,51539767.139981575,0.03388048152033526,0.03070872981660206
2019-08-25,10149.38,10355.89,9907.86,10136.75,3953.39528117,39938198.69088053,0.0368131591777306,0.03459434387444019
2019-08-26,10136.75,10650.0,10136.75,10360.97,7166.67534085,74442702.43493547,0.0493960915890859,0.041462792343926566
2019-08-27,10355.11,10375.53,10019.1,10167.29,4781.3350218,48579541.07834572,0.024812881208725504,0.022990823752538497
2019-08-28,10171.39,10280.71,9555.0,9711.78,9303.15591906,92122293.937176,0.04373322682494831,0.04558924314709503
2019-08-29,9720.2,9720.2,9320.0,9490.0,7717.10637568,73193235.9210917,0.03294289449547206,0.029620950377757246
2019-08-30,9490.56,9700.0,9350.1,9579.75,5317.3097001,50742804.01932093,0.02471564627172796,0.023604335426121028
2019-08-31,9569.3,9682.73,9443.19,9594.15,1572.15542709,15065832.323445147,0.017913196670824524,0.020439354270447047
2019-09-01,9593.5,9832.0,9538.75,9767.53,1799.36720121,17382696.274019852,0.02162410866076026,0.018631516666814403
2019-09-02,9767.56,10471.0,9753.24,10384.48,6144.79883515,62230099.26108463,0.027900057892537754,0.02758473072901138
2019-09-03,10384.07,10783.0,10286.0,10617.61,11443.53849727,120920309.0338949,0.0283408696358052,0.030663335204361875
2019-09-04,10617.72,10834.15,10378.7,10586.26,10088.7236301,106584036.61059138,0.030519457421254656,0.030874807890336097
2019-09-05,10586.26,10664.13,10461.97,10573.66,4555.62463429,48105645.17654253,0.02336956291508501,0.02415466293666596
2019-09-06,10573.04,10949.0,10204.18,10311.09,10701.50994422,113743554.4146584,0.03875694506679731,0.04329805454546281
2019-09-07,10309.04,10580.0,10297.58,10484.39,3148.50895336,32937148.838592798,0.020826088968333146,0.019834018377086107
2019-09-08,10497.57,10594.88,10229.49,10400.18,3130.86103548,32601992.37635113,0.02375168299329177,0.02379992945183179
2019-09-09,10387.33,10542.93,10060.0,10307.45,6059.76274364,62418783.208615184,0.029655800913992388,0.03258719286926998
2019-09-10,10317.62,10390.09,9910.0,10096.0,4658.92141056,47101310.96927418,0.025648641600128797,0.02583001376777986
2019-09-11,10093.39,10243.01,9855.11,10154.46,4614.34849343,46405335.739571825,0.024457368350621907,0.02792999144984573
2019-09-12,10163.81,10465.0,10027.52,10420.34,4719.04668642,48381110.68478731,0.0210313761896721,0.020719680760438057
2019-09-13,10423.99,10458.13,10153.87,10368.65,3755.41742244,38677244.074301764,0.020703751274978338,0.019966445118920817
2019-09-14,10365.81,10441.47,10217.01,10355.37,2656.15453049,27503770.332826592,0.017261077625510563,0.01619648102543646
2019-09-15,10362.52,10383.2,10258.49,10305.74,2297.72276878,23676554.99312695,0.011978092144678432,0.012592595498986212
2019-09-16,10305.74,10378.07,10060.95,10269.98,5496.03749388,56197626.95531581,0.02216362215595931,0.020794300948349314
2019-09-17,10257.2,10280.53,10130.59,10195.73,5078.59865576,51833781.7369625,0.017537985535802193,0.01588838950417966
2019-09-18,10182.96,10263.65,10080.0,10152.09,3952.00683587,40251284.91647866,0.015373475627128113,0.014819532440394198
2019-09-19,10161.59,10380.07,9600.0,10271.53,7455.91141166,74304002.04856235,0.046404373905155026,0.03996599125077035
2019-09-20,10284.72,10308.04,10055.0,10169.02,4463.38202069,45339737.507165335,0.018225040882337076,0.018086284877242894
2019-09-21,10169.02,10180.43,9913.35,9985.28,4148.89981496,41546458.713654175,0.01858468227693454,0.020894168368676795
2019-09-22,9973.0,10093.24,9842.35,10020.58,3213.9540957,32058168.41316771,0.019196383850093528,0.021326918512321286
2019-09-23,10022.38,10048.06,9606.0,9682.19,5447.96313246,53509043.645703025,0.02633969224434195,0.028774821395911997
2019-09-24,9685.69,9782.0,7998.0,8536.82,28154.41355726,248674791.15341154,0.0917955526198996,0.09236968359272993
2019-09-25,8536.71,8746.83,8216.0,8432.16,17435.8678913,147113766.96451223,0.04801858359537513,0.04988976697418893
2019-09-26,8443.44,8467.89,7733.99,8055.03,16662.32021152,135419290.4612668,0.05748239372632722,0.059785283780481625
2019-09-27,8055.25,8294.04,7866.0,8187.72,10165.85293694,81659798.84920973,0.03643308921582871,0.03743810187165351
2019-09-28,8199.96,8356.4,8009.84,8218.07,6315.48953894,51563038.65691981,0.03674912345257283,0.03087387829369118
2019-09-29,8218.07,8244.07,7902.66,8047.6,5366.5707177,43211243.17872975,0.029440646620952266,0.02917537374783635
2019-09-30,8060.13,8368.5,7714.7,8298.45,9518.99210777,76779410.92130612,0.04128532201466644,0.042940280342983465
2019-10-01,8304.47,8531.25,8195.42,8319.01,10224.59198253,85681941.4347346,0.03517508626121303,0.03972350083758626
2019-10-02,8326.41,8393.39,8170.91,8373.42,4952.5341152,40869948.2972674,0.023211573468506025,0.02339090441943633
2019-10-03,8377.68,8419.23,8029.14,8239.92,8701.12039607,71406533.9908087,0.024651741546745553,0.02711107887022472
2019-10-04,8243.39,8244.93,7986.65,8152.07,6278.78141904,51166324.25541515,0.023141060076003247,0.02470016349858811
2019-10-05,8157.89,8195.0,8016.26,8145.17,4445.10406787,36012541.21542361,0.019582260217111035,0.01794920481181649
2019-10-06,8150.73,8176.46,7772.71,7854.12,6454.53572694,51291142.359619565,0.032136399227969535,0.033473906098062674
2019-10-07,7863.75,8313.7,7763.54,8205.53,9363.32718459,75567400.44214617,0.028477577701676138,0.029834799526070252
2019-10-08,8211.04,8344.12,8109.74,8178.54,3577.72287319,29360729.54026132,0.021734800179852562,0.0197877215805544
2019-10-09,8185.85,8707.8,8110.0,8586.34,11634.19484623,98319027.71509874,0.029216129163214293,0.03189372966419025
2019-10-10,8586.57,8666.84,8450.61,8582.11,7435.43199033,63601836.02756368,0.02010949138866287,0.02027671729934944
2019-10-11,8589.08,8820.0,8222.88,8265.55,7824.58718752,66029160.24712725,0.03269934780424367,0.04137732936560537
2019-10-12,8265.16,8427.76,8254.68,8303.43,1828.83312447,15243992.825904673,0.01610550936992487,0.016464131645782774
2019-10-13,8303.43,8474.48,8132.91,8282.96,4445.28381368,37069302.308250114,0.021949344974453493,0.027358374100258792
2019-10-14,8278.39,8416.67,8215.41,8362.99,4294.6073892,35702888.422819376,0.01999047029356513,0.021558425958895983
2019-10-15,8353.33,8420.85,8086.0,8155.13,5044.66127938,41641332.18984474,0.023258311267885412,0.024474828088882742
2019-10-16,8162.45,8179.1,7912.66,7995.89,8644.40011646,69313242.57043797,0.017914829823705763,0.020880667681831354
2019-10-17,7995.73,8130.71,7936.71,8073.32,5395.88599206,43452789.997152135,0.016812279645169053,0.01683178965269551
2019-10-18,8069.26,8120.77,7811.62,7955.08,5611.09353737,44496760.629733816,0.024696655636329272,0.0238807924310602
2019-10-19,7950.48,8096.76,7875.0,7960.49,3461.12529207,27559359.399712227,0.022418346652322393,0.022798982137084225
2019-10-20,7965.39,8314.77,7874.68,8235.74,6358.92499072,51413591.55438694,0.020252880534700046,0.022395878898097795
2019-10-21,8236.49,8352.0,8156.0,8213.65,4919.73416831,40451661.293274544,0.016761648666228268,0.019725529809805863
2019-10-22,8206.53,8314.77,7989.15,8025.9,5678.93483059,46481918.88425151,0.01661286554478619,0.020021024627323494
2019-10-23,8021.57,8052.04,7293.55,7470.77,13306.18266092,100778238.00379191,0.05824417722626079,0.04954853406473055
2019-10-24,7470.77,7512.0,7356.0,7435.0,4997.4230935,37208402.40633707,0.018374263294401807,0.018525918001281907
2019-10-25,7427.0,8784.29,7393.14,8662.66,19113.79549622,157052594.45626742,0.0762149972846323,0.07637675967545292
2019-10-26,8677.09,10350.0,8642.46,9252.75,38751.80025476,364458908.80445725,0.11643238821442287,0.11713040294700984
2019-10-27,9262.72,9819.92,9092.66,9557.08,17783.02515594,168985353.08424172,0.05407570828236689,0.058135615972313426
2019-10-28,9547.32,9950.0,9177.84,9216.44,14722.01859796,139889258.7093067,0.04743082892322955,0.04773164481785262
2019-10-29,9216.39,9573.35,9051.48,9426.94,9059.61157854,84996117.70101365,0.040594701226193144,0.0428958664467353
2019-10-30,9426.94,9437.06,8985.25,9159.94,8814.43804818,80769179.6365236,0.03330602014706048,0.034972345879643
2019-10-31,9169.55,9438.61,8961.53,9150.07,10113.15940929,92794904.72116095,0.03410175911038164,0.034790630863086904
2019-11-01,9158.08,9303.53,9054.6,9250.45,6640.55238456,60829630.704160616,0.02649537077137833,0.028442557297624363
2019-11-02,9250.7,9396.91,9201.19,9304.75,2701.13696278,25072036.48561597,0.017320272191673407,0.0174059660631133
2019-11-03,9304.75,9384.32,9067.0,9207.0,2539.21833111,23312078.744128603,0.019852987681814864,0.01917087203518845
2019-11-04,9207.0,9586.5,9122.33,9410.76,4962.44231548,46353128.38637202,0.028063701547375645,0.026201801075244845
2019-11-05,9410.76,9485.0,9165.2,9320.14,4979.57899177,46447795.20193213,0.027572727882010557,0.02591346982592771
2019-11-06,9319.1,9448.19,9254.68,9344.78,4670.23465673,43617071.52574521,0.01841914210868266,0.016814821582075236
2019-11-07,9346.02,9373.48,9080.0,9199.36,3975.97661681,36659900.134322956,0.019492744864658344,0.019330250094663815
2019-11-08,9209.3,9253.39,8661.0,8767.37,9699.74677043,86380887.78452094,0.02828053916254889,0.03307289236448712
2019-11-09,8760.38,8876.94,8720.0,8812.21,2271.51792167,20014581.992970362,0.018707396578456895,0.01800494298940542
2019-11-10,8806.85,9142.33,8750.85,9024.49,2663.27825012,23912943.808594596,0.033557858418926056,0.02839747558511819
2019-11-11,9029.88,9075.32,8593.0,8720.36,6392.97505953,55949244.85123767,0.025400699931188885,0.02618182927412731
2019-11-12,8720.36,8872.47,8549.0,8813.91,4721.90610684,41172426.25049647,0.024713359724328206,0.026214896851010906
2019-11-13,8817.0,8839.46,8700.0,8755.24,3185.82098874,27888731.994194523,0.017990102826224208,0.015430298281854804
2019-11-14,8765.53,8791.78,8555.0,8636.9,3412.80581524,29477969.490386367,0.01944379119554378,0.018705510580339934
2019-11-15,8632.07,8799.03,8363.0,8463.49,5213.70141434,44590964.62671055,0.029219179711880327,0.03180251874777181
2019-11-16,8459.38,8539.53,8423.0,8484.63,1180.57339029,10003820.532067867,0.015582441806574367,0.013667456008581822
2019-11-17,8485.61,8631.6,8375.0,8499.31,2074.00770126,17667156.39037606,0.02003829303804931,0.020970671926899904
2019-11-18,8499.53,8508.4,8010.7,8170.65,4825.65562506,40087188.326448575,0.024810579408229432,0.030866116459508854
2019-11-19,8176.9,8197.77,7989.15,8121.63,4412.39464174,35736392.930558726,0.0207590995276277,0.020502381759224184
2019-11-20,8124.08,8231.04,8027.28,8088.44,2996.00619203,24264205.93335047,0.02007159575713519,0.019584851569268875
2019-11-21,8085.54,8116.92,7394.09,7611.51,9374.99957046,72442065.58352315,0.04810145494290477,0.039625416993353854
2019-11-22,7612.23,7714.7,6785.0,7285.85,20120.14646602,144859861.70272088,0.06915734901720928,0.06614525402790339
2019-11-23,7276.21,7356.49,7102.16,7320.39,5550.47222776,40103412.867744766,0.03329823789149803,0.032087104185798944
2019-11-24,7330.98,7349.68,6861.96,6908.36,6047.01776023,42915050.055731505,0.042364118325226977,0.04245552180069042
2019-11-25,6900.9,7380.0,6515.0,7122.14,18716.60131311,129393867.67164534,0.06423623119253836,0.06710236970739036
2019-11-26,7127.12,7344.91,7018.78,7159.22,7643.84956815,54569057.36487524,0.04527255626051523,0.0401730808981709
2019-11-27,7168.74,7676.27,6847.72,7527.84,15156.9919345,110352227.97369821,0.0498697389029433,0.05416217427853782
2019-11-28,7517.82,7659.92,7372.19,7436.72,6925.58489749,52091741.31755657,0.032552144920044414,0.03401161417906703
2019-11-29,7429.32,7870.35,7411.17,7753.69,7658.8716020599995,58620914.76613556,0.03641270949869407,0.03491804276207214
2019-11-30,7753.69,7815.0,7452.08,7550.67,5446.27351349,41573994.93984863,0.02887004762498982,0.02860425673080374
2019-12-01,7560.2,7560.2,7233.87,7412.66,5477.97290774,40322653.74572294,0.03215354728059116,0.03542257455363454
2019-12-02,7411.75,7431.07,7140.08,7309.64,4324.30016255,31527166.886128612,0.03184041985803831,0.029929442760158277
2019-12-03,7317.94,7415.0,7238.04,7300.43,2552.20229834,18684505.393134136,0.02324561994005169,0.020951915016110403
2019-12-04,7299.2,7772.71,7087.09,7197.78,7737.39153487,56882311.265481,0.07582155712283778,0.06199119079223269
2019-12-05,7199.58,7500.0,7150.06,7390.42,4641.75678879,34097274.775193036,0.029509356604347045,0.03647330254986992
2019-12-06,7397.35,7618.99,7305.56,7541.79,4167.2401632,31026884.301502604,0.03949143131409147,0.032899735098004784
2019-12-07,7535.46,7638.88,7486.7,7502.65,2034.573719,15349799.385866022,0.020093477050621533,0.018455378960567245
2019-12-08,7505.86,7580.0,7382.69,7524.26,1798.77041268,13485043.548312325,0.0197921213342265,0.016879853606875436
2019-12-09,7516.8,7666.0,7268.03,7340.52,6582.4703116499995,48980773.72487155,0.025340572818706032,0.031795089026617686
2019-12-10,7332.05,7400.0,7150.23,7216.07,4090.62092926,29799763.952890236,0.02169511788574931,0.022100868324584955
2019-12-11,7224.5,7271.0,7122.28,7207.42,3419.93896517,24644133.96784086,0.018848825404073316,0.017940098809564903
2019-12-12,7208.95,7296.19,7072.2,7188.42,4376.88899274,31437174.727912907,0.020662071238794294,0.025181025474084275
2019-12-13,7185.15,7302.35,7179.65,7257.47,3178.07849595,22972303.50346647,0.015748540989115045,0.014189586809528887
2019-12-14,7255.94,7269.0,7007.48,7059.03,2012.34890643,14335301.792142218,0.01957506696265542,0.020658456764986125
2019-12-15,7066.35,7225.23,7007.0,7115.08,1848.34572822,13130851.780742448,0.021785145330253476,0.023341378051501504
2019-12-16,7115.08,7147.91,6820.0,6882.19,5923.05547919,41324572.903027646,0.0318615754095634,0.030300269017260996
2019-12-17,6882.08,6938.77,6550.0,6612.3,7107.25638535,47891267.39586484,0.03194631958533313,0.030977892464377734
2019-12-18,6619.53,7449.68,6425.0,7286.91,12873.63439214,87937116.0146207,0.0580012006685614,0.05719714596335799
2019-12-19,7286.91,7372.12,7000.0,7149.57,5936.55634536,42373863.05451575,0.033433306915687945,0.032393259520388996
2019-12-20,7157.53,7218.11,7072.61,7194.11,3201.6639225100002,22902700.891517136,0.023160899749287613,0.019643678786072146
2019-12-21,7194.13,7194.13,7109.73,7147.4,1689.08199513,12061552.567987915,0.014381261007566806,0.010970175939627519
2019-12-22,7147.4,7530.0,7124.52,7509.7,3796.22608082,27911006.840523206,0.026405472548358296,0.026902322140531915
2019-12-23,7521.88,7692.98,7247.86,7316.17,6710.7673604,50263054.90509139,0.03776795697381286,0.035231318339235526
2019-12-24,7317.47,7431.1,7156.0,7251.52,4194.58980335,30641370.859375075,0.029757201988015552,0.0295169525907812
2019-12-25,7247.45,7266.81,7110.73,7195.79,1504.52751296,10826823.845731987,0.02139154032713892,0.019219309888566204
2019-12-26,7195.8,7432.0,7150.0,7188.3,3116.74715162,22626934.017383046,0.023758819151699754,0.025976008690703867
2019-12-27,7195.17,7255.37,7052.0,7246.0,4024.57086599,28884234.17017146,0.02276792275262383,0.023868588528959466
2019-12-28,7247.7,7349.65,7231.0,7296.24,1579.70272647,11528445.991194883,0.021033105907309977,0.017095595750002475
2019-12-29,7297.43,7524.46,7274.43,7385.54,2583.85134193,19115757.598096233,0.020375453966283926,0.02165543187143022
2019-12-30,7372.79,7384.9,7199.0,7220.24,3722.91334933,27109115.353088338,0.018199079896367404,0.016771306003990374
2019-12-31,7222.74,7302.35,7112.55,7168.36,2638.69130899,18983926.319576792,0.01917806619617763,0.017029361871639725
2020-01-01,7160.69,7237.35,7150.0,7178.68,1119.10969318,8051823.396173734,0.015873197525131475,0.013086571423143846
2020-01-02,7174.7,7184.94,6900.0,6950.56,3972.70795427,27924368.792740118,0.021404493469028913,0.022164631354709228
2020-01-03,6945.7,7402.31,6853.53,7338.91,8072.72908749,58372769.16726229,0.045751667703757146,0.04072778044617606
2020-01-04,7332.58,7396.1,7256.03,7344.48,3256.73735349,23824464.168612286,0.02207677724585618,0.019658006042241483
2020-01-05,7356.05,7495.0,7310.0,7356.7,2707.27385549,20106501.392969903,0.02171315584581209,0.01866771873842874
2020-01-06,7352.12,7817.0,7342.46,7762.74,6728.28277831,51135346.66656559,0.02325180296369139,0.028587744074065523
2020-01-07,7768.17,8220.0,7697.03,8159.01,12158.32281238,96363781.12763059,0.037135272415738975,0.043773834542410614
2020-01-08,8151.79,8463.57,7872.09,8044.44,11913.23248192,97925787.09311599,0.047748212921440526,0.04866435364604562
2020-01-09,8048.94,8048.94,7737.97,7806.78,5957.24423978,47017381.34095558,0.032885610501260154,0.031067640023902478
2020-01-10,7812.7,8200.0,7667.0,8200.0,8999.98825687,71502210.43964759,0.03819114260934824,0.037593326844625984
2020-01-11,8200.0,8286.0,8000.0,8016.22,3788.3273136000003,30766744.016860526,0.03712789002025353,0.030531895956684554
2020-01-12,8008.1,8190.0,7960.0,8180.76,2056.08675369,16670882.072715677,0.0235999757116183,0.02180563373507986
2020-01-13,8180.75,8196.81,8039.0,8105.01,4011.43909644,32490153.15775986,0.017716524460842143,0.016355486088877595
2020-01-14,8105.01,8895.0,8105.01,8813.04,17009.43193382,146228262.3685231,0.04658176725412013,0.04365692299110157
2020-01-15,8813.2,8903.2,8555.0,8809.17,8606.88339936,75403164.65274073,0.03891471559495917,0.037024610423722557
2020-01-16,8810.62,8852.35,8573.91,8710.15,6713.2584764,58125684.49771717,0.03190172153431554,0.028654936337612555
2020-01-17,8715.39,9015.22,8661.52,8892.63,9363.15892644,83195172.96404499,0.032547048063401134,0.03096505166987669
2020-01-18,8898.03,9000.1,8798.9,8908.53,3678.00926615,32714077.140461165,0.023796342162432958,0.021769292567030616
2020-01-19,8901.02,9188.1,8461.38,8696.6,8785.449927,77116346.04141866,0.05393966772344902,0.050401737682622315
2020-01-20,8698.97,8740.54,8507.93,8625.17,4420.19825219,38176659.56648231,0.02373909601488707,0.021596938481713242
2020-01-21,8629.66,8778.66,8480.0,8717.89,3394.68916005,29311460.21765164,0.025237028971192395,0.02307663936286661
2020-01-22,8728.47,8792.98,8567.68,8655.93,3143.81212331,27227485.613857564,0.01687025942518545,0.017745731389900845
2020-01-23,8661.63,8665.95,8280.0,8378.44,8611.0107876,72438722.06938277,0.026773539416293506,0.025675131153657372
2020-01-24,8382.08,8530.7,8212.9,8422.13,6430.43023326,53847892.09167779,0.02324997523367248,0.02538959622251681
2020-01-25,8435.83,8437.47,8252.72,8329.5,2812.78995216,23426440.386442456,0.021973819642939867,0.020428800400870594
2020-01-26,8320.0,8600.0,8276.22,8590.48,6340.58577579,53458812.13533115,0.024189481717357252,0.019502593956405006
2020-01-27,8600.0,9004.35,8546.55,8894.54,9619.7747426,84423846.71617521,0.02820378089491617,0.02547723718144737
2020-01-28,8894.57,9413.24,8876.0,9400.0,9565.55935515,86988015.50561894,0.03827416558701913,0.03727921884846766
2020-01-29,9386.57,9443.96,9215.5,9289.18,6481.91594603,60517333.05404229,0.026963150232556337,0.028456167653252845
2020-01-30,9280.83,9570.0,9166.07,9500.0,7945.15877894,74642318.05545957,0.030003746753659993,0.03235103630770452
2020-01-31,9510.84,9529.35,9195.93,9327.85,5009.62230695,46771592.05436626,0.025644394394245006,0.0237673065039324
2020-02-01,9339.26,9464.16,9280.33,9377.17,1669.00246242,15646182.276009316,0.020743846739465548,0.017691504771157263
2020-02-02,9379.6,9474.28,9135.0,9329.39,3015.79158859,28166198.353011057,0.024007806410101803,0.023520883473797
2020-02-03,9309.69,9615.0,9211.07,9288.09,4758.13350441,44530537.918647766,0.03204369021064098,0.030196996074696038
2020-02-04,9281.0,9348.6,9075.0,9159.37,4867.22545881,44780474.16350549,0.02536482754700118,0.02356591956226168
2020-02-05,9168.49,9775.0,9142.52,9618.42,8063.96793828,76501530.19022073,0.027255893305656097,0.025997365951254958
2020-02-06,9617.84,9859.57,9521.0,9754.63,7554.48867469,73384629.10906431,0.03036072651691751,0.03065409536754257
2020-02-07,9754.63,9878.0,9706.94,9803.42,4013.49096731,39265373.673460275,0.023276985973610134,0.01923571735904059
2020-02-08,9803.71,9948.97,9658.58,9902.0,3268.73554695,32057430.92133829,0.020937967135670314,0.02000857879111372
2020-02-09,9907.7,10178.54,9885.04,10173.97,4830.33787739,48602891.08442807,0.022568249987034772,0.020682027784139346
2020-02-10,10173.51,10199.85,9731.2,9850.01,7560.66789084,74933656.71309908,0.031560770733613845,0.03248138530753823
2020-02-11,9851.99,10383.9,9706.94,10268.98,8127.59636283,81805166.63884363,0.03285232030304428,0.03362253115139771
2020-02-12,10270.98,10495.0,10247.35,10348.78,6553.40942709,67794325.15410313,0.027882047649978453,0.02464960571133378
2020-02-13,10348.78,10500.5,10068.0,10228.67,9347.45128374,95962738.38454281,0.041378861936765106,0.03661340825128386
2020-02-14,10229.19,10398.0,10093.26,10364.04,6190.37749036,63452716.890298456,0.024168235785803575,0.022719597542056956
2020-02-15,10364.04,10408.04,9739.0,9899.78,5762.30634481,57914247.94774839,0.038567678800015416,0.03829215160859624
2020-02-16,9909.71,10051.24,9598.49,9912.89,4133.47675014,40778057.336624384,0.028851074224217996,0.03165757213750732
2020-02-17,9925.96,9973.45,9467.57,9697.15,5913.20492551,57259970.62953253,0.03210414433607779,0.03154612966857676
2020-02-18,9725.57,10288.0,9602.6,10185.17,6754.35394103,67148006.02905317,0.03230781673132938,0.029986658432341575
2020-02-19,10190.3,10300.0,9312.0,9595.72,9936.8206814,98768299.76182605,0.06324477209892776,0.060083336386213396
2020-02-20,9589.1,9706.27,9396.91,9612.76,6608.4910792,63266020.61998629,0.03191421085582123,0.03266877328530689
2020-02-21,9610.4,9773.2,9562.6,9696.13,4271.47074293,41404111.81485658,0.025060392150502413,0.022830551055335917
2020-02-22,9696.13,9722.39,9568.51,9668.13,2096.56353593,20252460.823544733,0.014249555453059195,0.013686113615454314
2020-02-23,9664.08,10024.08,9664.08,9965.21,3329.22433648,32930800.4099563,0.024324725405470725,0.02040541929926362
2020-02-24,9969.79,10027.66,9480.0,9652.58,5877.00770771,57129125.493276484,0.03316477009573325,0.03257062312082496
2020-02-25,9664.87,9682.73,9234.21,9305.4,6280.00295543,59371816.597251445,0.03027823717573383,0.0331379422036898
2020-02-26,9305.4,9369.99,8627.78,8779.36,11564.19794381,103808554.73452862,0.04121761220682521,0.04714676201268477
2020-02-27,8778.37,8974.75,8520.0,8816.5,9273.9036636,81517915.25132777,0.039384105074751076,0.03689024880693913
2020-02-28,8816.5,8900.94,8421.49,8703.84,6546.98122765,56595488.38923366,0.04004370732905573,0.03855098961881582
2020-02-29,8710.0,8805.06,8525.0,8527.74,2338.06785643,20286265.957957525,0.027416809642224545,0.02412033781133691
2020-03-01,8525.0,8756.11,8410.0,8528.95,4156.57173933,35517844.55343104,0.034939322746907434,0.032503060008771845
2020-03-02,8516.0,8980.34,8486.72,8917.34,6186.86088929,54345201.675475925,0.02582946387330966,0.022568732805596674
2020-03-03,8917.34,8921.8,8660.04,8755.45,4629.97228611,40659456.781221986,0.031852779913377254,0.027797686034895273
2020-03-04,8755.45,8850.0,8663.76,8753.28,3353.2325223,29341221.47386431,0.021013928738144245,0.018321770338584724
2020-03-05,8757.79,9169.0,8757.79,9066.65,6448.68567336,58270171.04828985,0.024579865233305725,0.02442013389928434
2020-03-06,9059.0,9187.85,8990.01,9153.79,4136.42339429,37643280.86960128,0.019791111349902205,0.01790901622747277
2020-03-07,9154.1,9219.13,8859.49,8893.93,2805.5915714,25366488.836628024,0.02506301699831619,0.020717831342730145
2020-03-08,8901.12,8901.12,7995.48,8033.7,9068.89040196,76134127.11280093,0.03928702945575386,0.04118920989815476
2020-03-09,8035.79,8191.13,7636.0,7936.25,12177.39425093,95870993.39786004,0.05388384013542788,0.052519219126658814
2020-03-10,7937.2,8158.42,7733.99,7885.92,8274.9537573,65729544.710720055,0.041160692048105484,0.04097637320258895
2020-03-11,7893.63,7988.78,7591.99,7934.57,7289.61145281,56869776.45977595,0.03731572709014289,0.03703567586633742
2020-03-12,7956.29,7969.9,4776.59,4841.67,58513.38918903,360176518.6535411,0.2054266921188019,0.21282013986753043
2020-03-13,4841.67,5990.35,3850.0,5622.74,54419.64133553,284285718.04156375,0.3139262050911882,0.32327248366018874
2020-03-14,5623.16,5663.01,5051.0,5169.37,15370.8681496,82894643.96046959,0.09267394183304259,0.08737781486439478
2020-03-15,5167.38,5965.77,5092.34,5343.64,16589.303863780002,89749407.21191664,0.10239626301893397,0.1291564528792924
2020-03-16,5353.04,5353.04,4435.89,5033.42,34905.46359769,170193622.75483173,0.14495311763729707,0.13638421306671478
2020-03-17,5051.41,5569.9,4936.0,5324.99,17517.84242049,93122168.57282665,0.08698902149368379,0.08913599877756558
2020-03-18,5340.95,5452.43,5006.87,5406.92,22559.23112903,118587901.00909017,0.08275800069749453,0.08454969433531148
2020-03-19,5413.0,6433.98,5266.38,6181.18,24783.73487365,146227606.44744813,0.08202998345408673,0.08736719367405073
2020-03-20,6192.94,7139.0,5670.0,6210.14,30082.50248252,193468757.4132219,0.10679853254125642,0.11539210545862709
2020-03-21,6207.66,6461.91,5866.44,6187.78,11796.72656887,72592140.13826093,0.07988215931563195,0.07846960423418978
2020-03-22,6199.17,6419.0,5705.0,5813.15,10813.38456907,65264656.67038422,0.06987863834990521,0.06979707343222372
2020-03-23,5816.57,6629.79,5686.34,6493.51,19053.80456405,118413705.1666086,0.07999668469793601,0.08991698456705631
2020-03-24,6494.7,6893.0,6400.01,6768.64,19719.09402414,131345337.05239868,0.07053002885167003,0.06503225618802796
2020-03-25,6768.64,6989.04,6457.17,6692.22,16675.73512097,111443463.11624694,0.06498991826430357,0.06277693573924376
2020-03-26,6695.47,6798.89,6528.07,6760.72,7393.70723365,49289133.40643815,0.042418062151820875,0.03549320631206678
2020-03-27,6765.15,6872.67,6210.0,6376.03,10816.28556504,71914136.4670915,0.04851467381812133,0.05223940226894598
2020-03-28,6376.03,6376.03,6030.51,6253.08,11613.49398164,72163195.75490181,0.05371024764347535,0.05144696171034969
2020-03-29,6275.11,6278.24,5869.0,5870.9,9298.9390511,56255944.4875111,0.03887290080120013,0.03706138228182807
2020-03-30,5878.47,6630.0,5856.0,6407.77,14974.444163,94586721.56968258,0.04722913833174201,0.04776608247984731
2020-03-31,6408.95,6527.24,6337.42,6421.14,6342.29832651,40885983.51281438,0.03422672370695016,0.03213790338325205
2020-04-01,6428.74,6710.21,6137.71,6652.07,11319.14793815,71962942.25123553,0.044121778351464754,0.0471950825947021
2020-04-02,6669.95,7236.39,6575.13,6801.99,17212.82067331,117402693.74099678,0.07203971228993275,0.059610978701306466
2020-04-03,6789.63,7047.96,6610.0,6742.57,10570.10640235,72364124.60324651,0.045613935839621464,0.04735947478308886
2020-04-04,6737.36,7014.0,6655.54,6879.61,6018.51563233,40944809.43460159,0.04259397152733084,0.0425331352535704
2020-04-05,6887.22,6914.01,6678.51,6775.2,3981.97692417,27029954.446253832,0.029546507751316526,0.02684763110706393
2020-04-06,6780.57,7376.59,6773.75,7352.43,13683.03789416,97412651.90159208,0.037500117972121175,0.040101367998888526
2020-04-07,7335.85,7469.0,7077.0,7202.73,11669.014265239999,85209060.22591662,0.038399167548643684,0.03920034953738161
2020-04-08,7204.78,7428.95,7152.0,7367.36,8720.21050049,63714045.65469926,0.03314516745763285,0.03385036282329524
2020-04-09,7370.85,7376.59,7107.38,7293.93,8324.9217727,60731157.96879536,0.029027261939127743,0.03134184907100034
2020-04-10,7299.12,7306.1,6750.15,6877.03,10727.86685616,74438196.61468203,0.04386465117500627,0.03946284568638742
2020-04-11,6866.03,6955.59,6771.24,6883.18,3326.67476213,22837135.712354533,0.025100916289614125,0.020860589098287818
2020-04-12,6882.75,7201.76,6790.74,6908.24,7264.51928043,51055368.98247028,0.03303644449782888,0.03219522808568311
2020-04-13,6908.21,6914.01,6542.91,6864.22,10837.57453223,73037896.02854922,0.047271408244332055,0.047539302205687625
2020-04-14,6864.66,6991.0,6766.96,6879.75,7275.68657382,50064770.30202565,0.030649112634228523,0.027212055468455437
2020-04-15,6868.88,6940.0,6598.55,6619.0,8109.73234254,54924518.020057864,0.028259718270232645,0.02550047392203085
2020-04-16,6619.0,7224.18,6472.67,7111.67,15726.69637377,109496692.84899095,0.0532957121129586,0.05376707300373319
2020-04-17,7121.35,7158.22,6995.39,7024.19,8539.61835086,60392538.76003437,0.027804954427387382,0.0263875569517622
2020-04-18,7020.13,7306.15,7020.13,7262.26,5102.50261952,36603268.29020181,0.022012115197720346,0.0228506199259488
2020-04-19,7265.94,7276.21,7057.46,7126.4,4662.19209244,33386430.057572003,0.023175841437633876,0.022504659938919105
2020-04-20,7124.27,7220.0,6757.75,6841.0,11365.00931766,79387956.97390309,0.03764427829895866,0.03893887674117216
2020-04-21,6833.0,6950.98,6774.48,6854.98,5570.95619043,38222581.985663615,0.028691870139845425,0.02543889137930258
2020-04-22,6850.6,7171.26,6819.59,7137.79,6273.40631495,44251618.19971843,0.022031850449104676,0.023246368257901377
2020-04-23,7138.29,7756.69,7031.07,7484.58,14779.54814354,109411212.54542968,0.04086135504385496,0.04903979500519601
2020-04-24,7494.2,7612.91,7391.57,7505.53,7357.10670681,55377008.55533622,0.025784295150581223,0.024379588706488854
2020-04-25,7518.81,7723.77,7432.8,7547.56,3800.82773036,28742449.82177529,0.02210866482731968,0.02521623479499797
2020-04-26,7547.56,7718.0,7485.0,7701.73,5247.54081807,39949754.33428583,0.024109657586308196,0.024141526018825344
2020-04-27,7708.87,7813.68,7637.03,7786.41,6878.02253788,53063093.61575758,0.025768010308913025,0.025714659738465418
2020-04-28,7794.22,7798.42,7650.0,7767.79,7248.9559695,55970075.41519802,0.018086373187964917,0.01830244401751154
2020-04-29,7762.07,8970.0,7717.14,8790.32,26396.09715679,219866413.53277823,0.057908031581000316,0.05832447561805628
2020-04-30,8789.79,9485.26,8407.0,8627.32,24057.73933525,214787282.77031276,0.06834072339729934,0.08283623441363054
2020-05-01,8629.72,9075.0,8616.17,8832.44,11379.68574201,100264131.23838097,0.03612084576429217,0.03724134446974966
2020-05-02,8836.0,9022.0,8760.0,8983.79,5524.26706572,49177376.5880091,0.026367582802934945,0.024031633103341554
2020-05-03,8982.56,9207.82,8723.78,8915.98,9218.274909,82928287.6564477,0.04063677938057599,0.04203968162153717
2020-05-04,8924.14,8974.34,8528.42,8882.87,10018.97499887,87878920.1530001,0.034965895008219706,0.03665473189513681
2020-05-05,8889.24,9120.0,8760.1,9034.85,9592.13446226,85671241.66679966,0.03646854170813892,0.034538323986078145
2020-05-06,9040.0,9417.95,8921.03,9154.32,15110.941813290001,139129022.7196479,0.03566848110839415,0.03905730237176443
2020-05-07,9163.63,10074.0,9030.03,10000.0,25012.90031203,241340918.3925498,0.0430613482334565,0.04468973115368911
2020-05-08,10008.19,10048.38,9725.0,9801.35,19203.48379461,190436940.46483335,0.034118571033327647,0.0324408476594141
2020-05-09,9809.04,9914.0,9515.4,9546.56,11278.63371513,109519221.64605013,0.032208266714078115,0.03266633718392148
2020-05-10,9527.31,9565.2,8109.0,8731.17,31639.42874341,274559422.578263,0.11384739981310535,0.1195145116077602
2020-05-11,8740.88,9182.97,8181.0,8571.98,34465.18657226,299261634.47571844,0.07801081218539388,0.08436987337411113
2020-05-12,8574.19,8984.87,8534.97,8825.46,14010.261205499999,123120634.80164075,0.040299624865715186,0.037017615638805804
2020-05-13,8816.99,9418.46,8804.47,9315.5,12762.85161682,116075358.55915019,0.033887408720320686,0.0316726700008916
2020-05-14,9323.73,9945.34,9254.85,9793.5,19936.18545561,192623502.99966317,0.04688605961686874,0.04776353783444118
2020-05-15,9809.91,9844.66,9112.0,9306.21,17324.14460144,164478653.0321496,0.05028828433740188,0.05431453637398023
2020-05-16,9307.43,9590.0,9216.08,9389.07,6170.09609719,58078370.43179108,0.032033316840249945,0.031529121820704505
2020-05-17,9377.79,9894.88,9326.53,9665.7,9515.79358021,92322122.11205758,0.0302103507544631,0.03232690612366523
2020-05-18,9672.95,9966.12,9451.2,9721.91,12362.32763823,120313309.47172396,0.03631375452154539,0.036058647267301756
2020-05-19,9730.0,9903.89,9455.05,9787.65,12149.68534917,117619357.2078572,0.03464422332013109,0.03786616111316428
2020-05-20,9776.3,9843.87,9100.0,9516.51,12351.42817701,118466729.42900915,0.03430290126512057,0.05013786439131519
2020-05-21,9505.61,9573.29,8800.0,9062.47,16879.82890788,154745100.946513,0.03850582013586511,0.04645575211242252
2020-05-22,9062.25,9272.97,8924.91,9171.96,7261.28419694,66294554.68172047,0.02984962502751062,0.0266974818727009
2020-05-23,9171.96,9316.12,9084.83,9183.46,3477.27850858,31965315.046790443,0.02325636125576583,0.02164076236935335
2020-05-24,9183.93,9310.91,8669.0,8718.77,8855.47763284,79800909.45833594,0.03405255522931215,0.038943456510594915
2020-05-25,8710.12,8984.16,8630.0,8903.56,8919.92378955,78485311.61028948,0.03015161038341808,0.031170452473281034
2020-05-26,8903.22,9012.0,8690.0,8840.91,5923.00523696,52401342.44040192,0.02511084024171441,0.025924860310975385
2020-05-27,8835.79,9230.21,8810.99,9210.0,6867.67101935,62439258.39050442,0.027225384925921393,0.02821374123491779
2020-05-28,9209.99,9625.01,9105.79,9577.38,11523.40889483,108183494.59465064,0.025922530098908547,0.02810755985267461
2020-05-29,9581.49,9610.0,9330.0,9421.04,7226.77389995,68315369.96959719,0.027432741334097604,0.023246879531978723
2020-05-30,9428.52,9758.27,9326.28,9705.1,6781.84196225,64715004.857497245,0.030397966041885587,0.02837514674301193
2020-05-31,9705.1,9711.7,9373.96,9446.19,5697.99838373,54324287.74929338,0.024554137512137426,0.023759410304653335
2020-06-01,9444.61,10429.26,9416.5,10203.64,12109.14149664,119514501.8091187,0.038049314531838574,0.04535824084594728
2020-06-02,10203.64,10241.26,9135.68,9525.73,22725.11942099,222645677.06663942,0.0689360247563979,0.07201986909150797
2020-06-03,9522.52,9699.95,9380.99,9668.99,6928.76322878,66185775.18364139,0.02059909064165769,0.02208956450082069
2020-06-04,9668.0,9888.0,9430.0,9791.92,8938.7688887,86799781.0308993,0.02656854248367417,0.028515535957678854
2020-06-05,9791.0,9856.48,9592.74,9619.99,7157.37095675,69611885.24769346,0.025468472983088162,0.02704460831726503
2020-06-06,9616.17,9744.39,9525.76,9669.85,4047.26924742,38956022.16450684,0.017611144921982548,0.018734250692391978
2020-06-07,9673.08,9829.31,9356.0,9750.04,6762.65158822,64892828.823638245,0.02304390954852122,0.029513579385143193
2020-06-08,9759.04,9813.67,9645.0,9783.0,5379.07801648,52309077.11215321,0.01875691690503403,0.01738908904707666
2020-06-09,9786.64,9897.46,9566.81,9776.84,6922.79788471,67259203.19313139,0.028626648410573816,0.026030782129845383
2020-06-10,9782.3,10011.4,9578.0,9894.32,7107.20140335,69826897.09081925,0.025374783617482927,0.030022995547061795
2020-06-11,9894.32,9981.24,9078.91,9264.26,16389.44455357,156031063.3596738,0.04319414256040828,0.04468626724501154
2020-06-12,9265.95,9555.0,9230.0,9463.07,6934.13533535,65262033.90852562,0.022800747381946238,0.023044901407426578
2020-06-13,9465.92,9500.0,9345.71,9473.46,2938.68222067,27701834.26554947,0.0160969464584255,0.016814501173279452
2020-06-14,9478.93,9479.59,9235.01,9329.99,3477.25235863,32585459.570533417,0.018676282805800325,0.018504925273427134
2020-06-15,9329.99,9505.4,8900.0,9435.15,11765.1135339,108103041.6166383,0.031186837485262752,0.0333725260474974
2020-06-16,9435.41,9596.31,9374.9,9530.3,6864.21822439,65158334.55289867,0.024358709764596195,0.022591375583351104
2020-06-17,9530.3,9566.53,9230.32,9461.29,5902.36636044,55637178.727913514,0.01864776229554454,0.021697311074039573
2020-06-18,9459.82,9478.69,9250.0,9374.78,3997.01284654,37558563.30443468,0.017479515364880235,0.018823370379402668
2020-06-19,9374.83,9429.99,9225.15,9304.32,5305.9077191,49459837.34738877,0.019580176939897682,0.01967845673666901
2020-06-20,9287.6,9400.0,9138.0,9355.46,3071.79384829,28572048.665042017,0.014834344606285695,0.019787756333693327
2020-06-21,9355.93,9421.26,9271.52,9283.03,1435.21189641,13415409.036179025,0.012337685172209827,0.012415779958619597
2020-06-22,9287.89,9798.76,9267.2,9683.12,6615.64540882,63075624.470816866,0.01810070564331689,0.020955292357732497
2020-06-23,9688.26,9725.3,9571.0,9622.81,4866.11470545,46905816.17971367,0.015265274229542783,0.01496631379349859
2020-06-24,9617.88,9666.35,9193.99,9286.06,10072.57541802,94537128.20961627,0.024594212778883955,0.026772783006771602
2020-06-25,9286.3,9343.49,8989.0,9239.48,8701.2461746,80017772.25126429,0.027480318771079735,0.027888334152081258
2020-06-26,9237.98,9289.71,9024.61,9158.26,7912.38375487,72410135.69107729,0.025695671542120418,0.024216279393365774
2020-06-27,9158.13,9189.0,8830.63,9009.3,4399.67602419,39678788.67589535,0.0248142093152094,0.027927734563849917
2020-06-28,9008.33,9191.72,8933.06,9118.01,3231.85728086,29337184.415954452,0.01798787486349207,0.01629611052908355
2020-06-29,9118.8,9240.36,9014.92,9188.88,4942.72533003,45003867.08092674,0.01693617606756926,0.016216771182976663
2020-06-30,9187.85,9201.95,9060.0,9132.96,2781.63125132,25424966.330678813,0.01375656510632607,0.013861611471816616
2020-07-01,9136.89,9300.0,9089.8,9233.38,4321.56559235,39791176.262716465,0.01555264772807239,0.01416825400373628
2020-07-02,9233.38,9268.54,8939.0,9092.92,6866.04897352,62535586.20915386,0.02087637305185345,0.019898169222694502
2020-07-03,9091.68,9127.11,9027.17,9063.08,3510.00353809,31909207.418259136,0.011612346943703755,0.011550104343067283
2020-07-04,9053.87,9196.0,9045.94,9138.52,2180.37237178,19854703.027691443,0.013443045401131953,0.012044560804557274
2020-07-05,9142.16,9147.37,8905.0,9076.82,3067.87780852,27767076.609461255,0.016765188793911142,0.01658557407857459
2020-07-06,9077.18,9376.34,9060.5,9348.22,5361.35284949,49553998.12333499,0.01584255549454358,0.01626270260979089
2020-07-07,9346.9,9385.81,9201.78,9257.16,4702.82565367,43561238.23526142,0.013021238191209877,0.012098903386353034
2020-07-08,9257.21,9479.57,9228.91,9437.16,6275.54666358,58675132.49682626,0.015433449275492062,0.017687919412348256
2020-07-09,9441.76,9448.5,9157.11,9234.9,4575.44853951,42539041.204044044,0.015337778416008089,0.016353327461713234
2020-07-10,9234.91,9318.92,9053.14,9283.53,3910.32678996,35933015.42889604,0.014066336616679394,0.016771321774516283
2020-07-11,9291.0,9304.95,9180.0,9238.3,1453.16535935,13416309.598864323,0.012213808439258178,0.009844316926715939
2020-07-12,9234.07,9347.76,9153.48,9306.17,2037.15363045,18857024.872769978,0.016541270565584406,0.01522430951570508
2020-07-13,9304.94,9351.17,9190.49,9233.1,3875.17319052,35958517.39833912,0.012402336444037803,0.013226194281122743
2020-07-14,9234.19,9282.08,9095.0,9251.59,4479.91060569,41286771.90495537,0.014725014935230065,0.013847635579762393
2020-07-15,9256.33,9276.98,9153.38,9190.07,3810.04841103,35102757.39016026,0.010390718736749783,0.010318435960414115
2020-07-16,9191.0,9217.5,9026.51,9132.87,5541.85389383,50490844.83646659,0.013202360097691133,0.01475867628151037
2020-07-17,9134.44,9184.28,9073.53,9156.5,3593.49712953,32813627.43826044,0.010697660219836529,0.00906785445760796
2020-07-18,9150.51,9214.63,9122.72,9177.43,1358.28531978,12448123.336110832,0.010120287707970327,0.007831763189046891
2020-07-19,9175.7,9243.36,9106.3,9211.99,1585.39916859,14517160.694087792,0.01124012091803134,0.00865393341269905
2020-07-20,9213.15,9224.73,9128.21,9162.43,3064.80739401,28117728.64362961,0.009080660797246514,0.008861596553398982
2020-07-21,9161.77,9442.89,9152.23,9391.25,5559.47430975,51915263.53217402,0.01427115870373089,0.01651307510153282
2020-07-22,9395.98,9573.0,9280.8,9539.51,5520.76262356,51840425.48219362,0.01394127877312489,0.016026203703446144
2020-07-23,9537.23,9690.0,9453.38,9617.2,10413.94384743,99403406.29364705,0.013096389580019458,0.016658509521300446
2020-07-24,9614.85,9650.55,9474.35,9547.91,8012.90509154,76624686.01514156,0.01342743267086522,0.014025438851340586
2020-07-25,9549.34,9751.82,9532.79,9710.98,5065.44989566,48810004.411905944,0.01639675708699169,0.015923373551866266
2020-07-26,9712.45,10200.0,9657.0,9944.65,9090.21430682,90168453.74177758,0.031132069827439744,0.029136443108066734
2020-07-27,9944.65,11417.11,9933.77,11046.19,27736.83221358,292789508.2093598,0.06151707525733508,0.0628018756399232
2020-07-28,11049.4,11263.85,10583.48,10939.27,17062.37380128,187108238.7236093,0.04896304454942522,0.04601893840278999
2020-07-29,10931.91,11358.47,10855.81,11111.17,12452.86303565,138600842.7307496,0.03352473414925789,0.03389880327956824
2020-07-30,11105.01,11189.0,10832.0,11112.12,10456.84804792,115292389.42834948,0.026632324041883874,0.024930719003824407
2020-07-31,11110.84,11457.95,10973.8,11356.74,10417.50746157,117106126.26948102,0.02625112312730657,0.02703210863433459
2020-08-01,11357.98,11883.36,11228.0,11817.49,11195.80752332,130232189.15154651,0.0342690396722616,0.03447924594276876
2020-08-02,11808.21,12100.0,10559.59,11071.66,12656.41102944,142662159.19495538,0.07428866788656743,0.09154848910177599
2020-08-03,11074.92,11480.0,10933.26,11236.39,6984.67078032,78810728.19231236,0.028409732588186937,0.02768073555685168
2020-08-04,11236.39,11420.0,11000.79,11192.42,5522.11051757,61938054.63010987,0.02590792805847873,0.026362545749510698
2020-08-05,11193.48,11795.86,11094.35,11755.24,7514.79142531,86830628.70048219,0.02664602033938982,0.025856677687919515
2020-08-06,11759.9,11913.5,11575.57,11770.08,9855.99436305,115867466.7177972,0.024296767538883313,0.024957462459888727
2020-08-07,11770.26,11920.0,11219.0,11600.85,10503.36174678,122375148.27385639,0.026365972241009006,0.03709852438744692
2020-08-08,11601.75,11817.95,11527.0,11776.9,3983.74888665,46585204.83365083,0.02188021068258351,0.020054648819661965
2020-08-09,11767.93,11808.28,11527.92,11683.03,2649.48917649,30907882.591240384,0.02051303339956411,0.017524049719863787
2020-08-10,11684.6,12080.0,11510.0,11895.12,7701.72806914,91484769.18394543,0.0386396355673158,0.03611963654303637
2020-08-11,11896.37,11945.05,11130.0,11392.64,10470.68807136,120974071.58290103,0.03896523588202663,0.03320485980242555
2020-08-12,11386.5,11625.0,11150.0,11565.35,5668.60180464,64983357.58586442,0.025559814337967984,0.026084353941632825
2020-08-13,11567.74,11806.61,11270.91,11793.26,6839.55121466,78885489.76235913,0.028216188106736952,0.02698542203349098
2020-08-14,11797.55,11862.0,11652.01,11779.77,5526.79649808,64934139.9732517,0.021611830006662402,0.019552477837893163
2020-08-15,11771.97,11986.93,11667.7,11852.2,3983.17592982,47300255.193517685,0.022890133152200502,0.02608528392779379
2020-08-16,11858.6,11938.55,11685.97,11914.02,2494.17000289,29528482.5091634,0.018119492223896687,0.017655187096915655
2020-08-17,11916.83,12473.0,11771.44,12298.38,9778.32856833,118959197.67682955,0.040233729435050644,0.03338014498512571
2020-08-18,12301.27,12408.53,11823.0,11958.1,8818.18784117,106549600.91317637,0.03072910223149419,0.0307029310594393
2020-08-19,11950.0,12022.18,11574.4,11757.55,9401.50118445,110705706.05928698,0.02804899220780399,0.027131896800228802
2020-08-20,11762.18,11894.12,11675.29,11859.37,4191.75792092,49467986.87994467,0.01823421921227386,0.017040750139820437
2020-08-21,11857.18,11887.67,11485.49,11531.74,6391.17972721,74906354.62329683,0.02153174381271665,0.021879845200834275
2020-08-22,11527.81,11694.02,11367.0,11667.7,3401.42192253,39264136.83344022,0.01848308057708458,0.016650962287256117
2020-08-23,11678.17,11715.09,11524.7,11644.65,1632.87091819,18976679.981076792,0.014352165696098243,0.012724031524340906
2020-08-24,11653.7,11832.55,11588.61,11761.8,2887.05808264,33908585.654691815,0.01494345180820614,0.01297185767899656
2020-08-25,11750.4,11772.22,11112.75,11328.88,7073.69374623,80762821.34568082,0.025432761634036734,0.02604767154647917
2020-08-26,11328.5,11549.8,11250.14,11469.3,4273.08016903,48638841.183203034,0.021413158277409656,0.01959065204686178
2020-08-27,11462.91,11602.92,11122.72,11330.0,7796.15569663,88460309.7698657,0.026301786729168546,0.025236692219776556
2020-08-28,11332.26,11555.61,11277.95,11536.58,6046.49746388,69247060.96043459,0.017134024096320682,0.01567333176376699
2020-08-29,11538.74,11592.0,11423.64,11471.71,2095.93600275,24122787.3247698,0.014333373986519207,0.013579370640345565
2020-08-30,11471.71,11715.69,11458.62,11708.97,2328.65701886,27069497.546596687,0.01717045469589695,0.015948463131203662
2020-08-31,11713.11,11780.0,11573.39,11655.0,4534.21810201,52994771.10947023,0.01758091650454004,0.01589128592308228
2020-09-01,11658.48,12065.82,11515.0,11923.96,7960.82238043,94686806.82976313,0.021776654352753003,0.02249917225604187
2020-09-02,11919.53,11956.45,11155.32,11398.44,13056.07287751,149609887.5271557,0.029792240313098288,0.0340501511175733
2020-09-03,11395.1,11477.35,9987.86,10160.0,18554.73121203,199534204.4882758,0.05697192178949578,0.06445920329846151
2020-09-04,10160.0,10646.75,9902.43,10456.32,17415.36005733,180591531.23141876,0.049949694707518984,0.04998414341762126
2020-09-05,10460.2,10567.9,9850.0,10167.19,12165.47308504,124032088.42312957,0.058555323479088886,0.054979503232958936
2020-09-06,10165.47,10353.39,10000.0,10260.17,5121.25180431,52188680.71455434,0.03169102024558763,0.031775009121061966
2020-09-07,10258.43,10415.66,9880.0,10377.14,8725.09203962,88190594.34127045,0.03263567918450276,0.03397448225645339
2020-09-08,10377.5,10446.18,9825.07,10123.96,10560.87470567,106663531.45038185,0.044953386448984486,0.040288456883299864
2020-09-09,10126.01,10353.39,9981.38,10232.8,5872.2195124,59876703.035839595,0.02385103982183513,0.022735232579401715
2020-09-10,10221.76,10495.75,10220.0,10342.59,10223.19117775,105721359.43952583,0.02471184410510791,0.02483876872374317
2020-09-11,10341.38,10409.44,10200.5,10393.04,5245.7424448599995,54029906.96993626,0.018387993315477014,0.01585330097143494
2020-09-12,10400.46,10482.42,10275.0,10443.33,2509.23983418,26022682.301445514,0.013199335757331144,0.013210434147220593
2020-09-13,10446.4,10576.78,10214.9,10334.78,4325.10556518,44760963.2345102,0.019486353238363584,0.01888381241480508
2020-09-14,10338.82,10765.03,10250.13,10675.15,7325.23245633,77261070.30599506,0.022016786949237917,0.02076678622465075
2020-09-15,10671.4,10940.01,10611.17,10783.83,6456.66295267,69712942.40632133,0.02423940507260739,0.026509600941211603
2020-09-16,10785.0,11100.0,10662.81,10951.54,8300.239832019999,90796141.26361524,0.023778287944470972,0.02371540825262808
2020-09-17,10950.15,11054.0,10739.23,10940.47,5525.71740992,60065694.65586222,0.019883149988271325,0.018748605959475417
2020-09-18,10947.35,11040.18,10816.54,10931.2,4398.92439287,48038931.43517314,0.016497385323783906,0.015795813274997773
2020-09-19,10935.49,11183.01,10890.53,11077.22,2253.35153789,24881090.226749633,0.01645149452255002,0.017210607043616665
2020-09-20,11077.22,11079.25,10755.9,10923.5,3250.01749577,35435860.32030709,0.018141529491139143,0.01741056984468427
2020-09-21,10921.53,10996.98,10286.56,10411.29,9948.02125053,105151792.64219698,0.02693839429755836,0.028994142608511932
2020-09-22,10418.83,10573.05,10353.39,10534.31,4800.59855196,50242741.80217965,0.02000563712837998,0.019274059290002966
2020-09-23,10525.72,10541.39,10138.3,10233.42,5711.36066207,59272935.07536786,0.019653910530307565,0.019479504955462315
2020-09-24,10236.86,10795.53,10193.2,10744.02,6703.91881646,70437894.39977196,0.02181855384420761,0.023521642019369137
2020-09-25,10738.46,10762.65,10553.14,10689.81,6346.72379355,67664678.64304198,0.01879186713745021,0.019195399152484246
2020-09-26,10694.23,10830.0,10655.29,10729.09,2550.31630347,27346938.23910049,0.014058574234548931,0.013904848147198499
2020-09-27,10731.09,10807.14,10593.58,10780.66,2286.86162473,24497524.237542804,0.014711495233444623,0.01665467422608449
2020-09-28,10779.99,10950.0,10628.52,10689.48,4991.57062725,54254632.90386988,0.020099004363772727,0.021102783995179435
2020-09-29,10681.41,10865.0,10636.66,10836.42,4029.39173043,43241035.03724964,0.01580558699664529,0.014976688500935618
2020-09-30,10840.0,10847.5,10658.56,10778.22,4304.6226949,46247046.33164404,0.015526359709122998,0.015057997355762132
2020-10-01,10780.83,10940.22,10437.08,10622.71,8678.34728292,92770560.92907989,0.02591995241338251,0.025034227192445083
2020-10-02,10611.17,10667.53,10380.0,10578.54,8333.45852437,87628860.68557498,0.021680128872511056,0.022827843324262322
2020-10-03,10571.6,10605.79,10500.0,10553.66,1134.79775814,11975578.309541775,0.011446290317473911,0.009540231274666357
2020-10-04,10543.17,10699.88,10524.81,10669.63,1057.77530355,11237263.352616662,0.011174016823504105,0.010072624273303724
2020-10-05,10666.16,10805.82,10620.71,10795.0,3618.01529204,38754505.171178475,0.01230404332042176,0.012764443305375909
2020-10-06,10797.36,10801.86,10525.0,10606.33,4800.69513633,51102422.180773504,0.01656660885896363,0.017660155018218594
2020-10-07,10602.31,10682.56,10547.71,10669.14,5560.24913562,59067459.30578481,0.010445823558499037,0.008948061294026217
2020-10-08,10669.1,10957.0,10535.06,10925.2,6969.04085121,75105292.73491985,0.016947532403465863,0.02041608403300482
2020-10-09,10927.02,11118.49,10826.4,11052.0,5355.33959365,58976429.8773938,0.015071232713862648,0.015375054242034258
2020-10-10,11060.46,11496.06,11059.62,11301.2,3270.37027031,37107007.41809136,0.027149059195500928,0.02534522110929934
2020-10-11,11300.97,11447.44,11272.11,11372.93,2177.65085818,24758557.077341203,0.015964567078354155,0.014678258930568937
2020-10-12,11372.48,11731.7,11175.99,11535.98,7088.22778528,81267592.6856434,0.02355057309534898,0.025437371557763842
2020-10-13,11539.42,11567.4,11314.53,11427.98,5097.96082433,58287818.78274868,0.01906174036734301,0.018727657627849916
2020-10-14,11440.28,11555.1,11287.42,11428.84,3788.25075923,43213429.31074628,0.018556910287943297,0.01882442350271288
2020-10-15,11430.49,11623.6,11250.01,11511.11,4864.42955616,55518337.19823587,0.018814077345191766,0.01708121306556453
2020-10-16,11506.53,11548.65,11200.0,11321.86,4309.22448566,48854498.92592072,0.019871798259466302,0.022338050650803888
2020-10-17,11331.88,11415.48,11264.01,11365.8,1124.42019876,12752391.319181627,0.013350338655827423,0.011972757216524167
2020-10-18,11365.8,11526.34,11352.79,11519.97,1047.16869132,11989405.883255996,0.01086042860666723,0.010587977247827127
2020-10-19,11518.58,11840.0,11409.94,11764.14,5459.93398846,63666143.3129849,0.018169499758277814,0.018591910397332226
2020-10-20,11759.2,12059.94,11680.0,11921.11,5859.83732437,69614718.80284964,0.02125422790788079,0.022881655144750407
2020-10-21,11921.33,13235.0,11899.1,12802.67,20093.61486293,252882178.81786233,0.041768773776264714,0.04430387590741259
2020-10-22,12802.63,13208.25,12686.73,12983.26,9277.56218571,120277260.4937101,0.0288255276347326,0.0303706920269448
2020-10-23,12983.26,13037.26,12729.82,12941.59,4996.39791976,64530696.981643386,0.02082626238828722,0.020495683539205136
2020-10-24,12940.03,13182.83,12887.38,13122.73,2820.82333324,36813748.401082985,0.018887045545027778,0.014817952491390032
2020-10-25,13122.73,13363.53,12903.74,13039.09,3658.60280875,47860493.15532661,0.02394504920976238,0.025534078703098553
2020-10-26,13041.12,13250.0,12773.5,13066.73,5725.19571956,74791348.54077351,0.023756192379941966,0.024162832184585224
2020-10-27,13065.1,13788.0,13057.09,13647.9,11242.75450774,151182641.73001543,0.02474919030279973,0.029671802903477804
2020-10-28,13642.31,13864.89,12892.0,13274.73,10670.86461819,142711304.78597143,0.03507398171608338,0.03574236702673336
2020-10-29,13275.82,13650.0,12993.0,13468.44,8894.95694501,118496617.3531785,0.029713681857169216,0.02882963614904055
2020-10-30,13456.14,13675.56,13129.26,13562.13,8981.11986042,120411728.85788032,0.029915392944798863,0.03229284632453968
2020-10-31,13569.42,14100.0,13420.97,13816.08,6337.39292768,87251779.02501921,0.03271051478785084,0.036017771133846854
2020-11-01,13799.44,13907.47,13629.31,13762.0,2534.0858149700002,34873943.15376371,0.021478773365277315,0.02067507808165206
2020-11-02,13762.0,13842.5,13220.0,13563.72,7065.41110933,95703691.4438067,0.026216505986266358,0.027261046969704914
2020-11-03,13578.82,14083.76,13287.7,14041.58,7225.86635614,98522155.05182047,0.02875201843028301,0.03007768615211955
2020-11-04,14041.58,14277.5,13520.87,14160.59,10926.32680544,151969841.6006244,0.037201134412332026,0.034707764801950605
2020-11-05,14168.49,15770.58,14100.0,15605.04,18422.63186045,275295514.5402029,0.04306989706729858,0.06364062262120072
2020-11-06,15608.32,15968.98,15196.01,15598.09,13479.46706771,209911171.6679731,0.0450955802837267,0.04673903080305512
2020-11-07,15603.28,15778.6,14351.0,14838.97,10933.92419186,164889723.4894927,0.041093517228438306,0.04926309997287796
2020-11-08,14829.32,15664.9,14727.19,15489.15,5046.49916395,76990989.98948982,0.02953039539976146,0.030550715875916533
2020-11-09,15484.68,15854.48,14824.66,15332.04,14466.07953692,222262859.3540043,0.0447975352241317,0.043014645238480545
2020-11-10,15349.32,15482.76,15092.47,15313.65,8966.48171393,137411608.1637602,0.026378356793676633,0.025129766326491474
2020-11-11,15314.94,15991.01,15290.85,15707.89,10013.26427187,156722087.2370704,0.027596438775547363,0.028352020236767403
2020-11-12,15702.0,16369.99,15481.0,16300.0,16261.47118864,259208730.86961463,0.03619955822630008,0.03781864181735557
2020-11-13,16300.0,16494.52,15970.33,16335.58,7843.22421583,127697275.54562458,0.026152736621978145,0.02546961179862568
2020-11-14,16339.06,16341.89,15715.1,16086.34,5046.32670498,80661042.47759816,0.023305432692305554,0.02572840664193571
2020-11-15,16092.8,16170.0,15786.46,15975.49,3225.70533016,51547404.21153752,0.0231283876874706,0.02062220491792242
2020-11-16,15975.49,16894.93,15875.5,16724.62,7511.71484029,123270551.57120901,0.025310302188449933,0.024621435088393664
2020-11-17,16727.85,17868.0,16570.0,17680.63,9824.73852957,169588682.20830572,0.03315936816545378,0.03568539572390584
2020-11-18,17681.77,18483.0,17041.47,17785.95,15717.92072069,280994398.4219756,0.07276271694406228,0.06891021975781787
2020-11-19,17792.96,18189.97,17346.62,17825.47,10506.69646215,186967507.6198708,0.03602967903519687,0.034722720561868224
2020-11-20,17822.37,18824.88,17755.81,18687.65,10020.01351326,184079924.6170719,0.03468983596394263,0.03271509911069811
2020-11-21,18685.08,18977.0,18333.45,18725.0,5937.50536305,111110485.65456726,0.03020060292239876,0.029251776787975445
2020-11-22,18726.43,18770.55,17600.0,18435.2,6417.21771734,117385312.05030882,0.0365259620955927,0.040167514957741714
2020-11-23,18432.6,18786.31,18001.95,18383.35,9412.08722183,173611913.84380758,0.038577005201881884,0.034546108671868594
2020-11-24,18386.92,19442.13,18068.56,19160.85,13262.83116668,251215869.06714758,0.040466643609723275,0.03787987605469074
2020-11-25,19175.13,19490.0,18470.91,18732.43,8962.62225501,170791628.57119358,0.038504561672136076,0.03668954523612124
2020-11-26,18727.24,18911.04,16218.0,17160.09,21424.98655676,367463611.2253709,0.08449160466453165,0.0880455123666594
2020-11-27,17168.31,17471.89,16435.47,17154.39,8964.83242941,151880569.99959126,0.049994257344079356,0.04792583683249109
2020-11-28,17160.38,17896.03,16875.01,17741.79,4471.52202455,77860718.30280393,0.028244654468901925,0.02945944855948316
2020-11-29,17724.41,18352.47,17534.87,18192.03,3736.1591794,67404325.41978264,0.028865660227249637,0.029313203631991892
2020-11-30,18196.75,19864.15,18196.75,19700.19,10612.67092499,202875141.04972026,0.0512573030222206,0.048691120671260905
2020-12-01,19703.53,19918.01,18100.0,18771.43,11799.58943351,225689402.86212575,0.06489076349801746,0.06975613104033236
2020-12-02,18773.21,19346.9,18334.0,19226.55,6749.36401948,127792317.02358127,0.0456532362898035,0.04046761864489572
2020-12-03,19220.09,19621.0,18881.62,19448.4,6196.52507218,119703701.031186,0.035451582291840505,0.030147477176070882
2020-12-04,19439.94,19552.5,18573.89,18673.76,6261.69674357,119329212.46322559,0.030988775191104323,0.03352327556052152
2020-12-05,18650.08,19185.17,18500.0,19162.16,2376.72322359,45102876.06075536,0.023516430175106278,0.02239388551880163
2020-12-06,19162.17,19418.39,18870.62,19380.58,2503.4542629,47970897.112024136,0.021428627511931485,0.021646427698299407
2020-12-07,19385.13,19431.0,18905.0,19173.5,4323.27044132,82914065.12114662,0.020387789330301876,0.02021052438658819
2020-12-08,19183.13,19300.55,18163.52,18316.43,5979.96623279,112419249.53648855,0.031476548620943595,0.030759814539301936
2020-12-09,18311.31,18654.92,17640.33,18556.64,8906.94524733,162448544.51575994,0.0361212017803218,0.03491919316854418
2020-12-10,18546.38,18562.13,17908.0,18250.3,6784.45549144,123866888.50113776,0.027765902660162642,0.025703264665836445
2020-12-11,18250.3,18290.43,17569.58,18040.02,6687.92267389,119705970.15742292,0.03405332076633201,0.03299517870340271
2020-12-12,18031.23,18956.46,18022.55,18815.63,3515.32704607,65057406.763789795,0.023147043383588365,0.022728141244969337
2020-12-13,18806.83,19416.64,18628.1,19162.36,4251.96121032,81403994.45885609,0.024014001804398256,0.02272277986529132
2020-12-14,19151.82,19346.9,18979.21,19274.33,3618.37690457,69351832.21125354,0.022343181787752204,0.02015180120074303
2020-12-15,19274.33,19567.84,19050.0,19434.87,6750.77219425,130568490.65109397,0.022628846807947123,0.02226681204973244
2020-12-16,19434.55,21576.76,19277.66,21365.7,14974.62184371,305484974.34273916,0.04265824282782415,0.040663821094182956
2020-12-17,21358.96,23777.0,21244.04,22814.24,22626.69253048,515484521.8282604,0.0749971086204042,0.07610624773568307
2020-12-18,22829.89,23284.68,22360.93,23136.14,11360.33890442,259873690.611963,0.03889216977693006,0.036580542572169326
2020-12-19,23142.05,24217.38,22719.78,23842.99,8672.0376961,203737981.4917123,0.03490944188759141,0.03621047788109987
2020-12-20,23842.38,24298.04,23092.77,23470.85,5095.96264009,120319282.44086637,0.036728569020320984,0.042353385627469015
2020-12-21,23470.85,24123.83,21864.86,22732.01,12675.12801873,291900089.2858671,0.05549857596918159,0.05893564217046528
2020-12-22,22750.07,23843.21,22383.59,23835.1,9367.60948339,216809502.38628453,0.03849228714559138,0.03826782054730976
2020-12-23,23819.08,24096.9,22624.92,23247.71,11541.96937133,271100643.1647409,0.047228620021783234,0.05093008621363106
2020-12-24,23215.0,23779.14,22700.1,23726.28,7185.48205493,166743606.82278755,0.03704614746124523,0.03673804193995731
2020-12-25,23747.22,24777.0,23403.82,24705.15,6469.22897257,156107589.73951742,0.03991587818799304,0.0376635844050308
2020-12-26,24714.01,26809.5,24485.32,26466.28,7491.46184626,191923239.29871717,0.0374528928686689,0.039935322626476644
2020-12-27,26472.89,28377.94,25770.0,26259.6,13234.33412894,358376903.77552843,0.06318661821672862,0.06873096515818225
2020-12-28,26242.82,27473.49,26079.6,27037.91,7987.77761059,215382769.3950402,0.04227390281064328,0.04361869702401329
2020-12-29,27037.9,27395.0,25831.85,27370.0,9577.27829174,255290061.82835808,0.0387056236080536,0.037417909621666266
2020-12-30,27370.0,29010.32,27328.37,28881.3,11741.7333812,330905305.63311124,0.04585060467550413,0.047260795509265215
2020-12-31,28893.21,29300.0,27930.75,28992.79,9477.67661813,273132594.52364385,0.04566636838760409,0.04497588018779724
2021-01-01,28999.63,29700.0,28720.0,29402.64,8781.46555456,257119699.97369316,0.030183820689248603,0.032624594187872405
2021-01-02,29410.77,33333.0,29050.0,32216.53,17867.8788985,560302099.6183796,0.0705115580406153,0.08839848616021719
2021-01-03,32216.51,34800.0,31977.45,33097.83,14160.5812801,473926546.04844755,0.06578812314749995,0.07370061689896727
2021-01-04,33068.83,33669.76,27734.0,32005.88,22446.94000548,698034638.7982702,0.09509188443226332,0.10975472887814886
2021-01-05,32054.23,34500.0,29936.26,34039.05,14806.49650719,478941766.6398762,0.07535464767149022,0.07685545780622939
2021-01-06,34081.24,37050.83,33348.27,36849.94,19219.28788972,672412391.7350074,0.07345558986138977,0.07633297456318054
2021-01-07,36875.96,40402.46,36327.5,39510.49,23102.26120863,884969813.1826537,0.0816034060601258,0.08785864260691187
2021-01-08,39510.59,42000.0,36618.36,40667.07,22183.95174233,887329783.3816681,0.09317915074481974,0.08980141665737199
2021-01-09,40682.76,41422.77,38788.16,40239.06,8535.84731272,344456592.453297,0.058781184174545205,0.05278978427366114
2021-01-10,40239.06,41450.0,34322.07,38173.73,16218.9974052,625671143.8821813,0.08953138785909041,0.09586995621599487
2021-01-11,38164.88,38261.39,30261.13,35455.58,40786.96425433,1369826047.1126008,0.17355300156846015,0.16531259702677492
2021-01-12,35449.71,36639.23,32479.91,34035.02,18267.87445007,635424556.7183374,0.09952342184506924,0.09428918807208517
2021-01-13,34035.02,37800.0,32327.76,37393.49,13662.38751261,474858072.65949786,0.08281438441005103,0.08038333318491356
2021-01-14,37393.49,40112.78,36717.23,39134.35,10923.5047334,421836434.0562467,0.055702806569931054,0.05532517692100406
2021-01-15,39147.98,39694.0,34380.0,36756.57,13499.11727006,496954188.8826925,0.07819792857144565,0.07673807988275233
2021-01-16,36778.66,37944.12,35350.0,36000.0,7688.58269814,282941007.3923279,0.06421880379718356,0.061866091071956446
2021-01-17,36013.51,36839.0,33833.55,35819.25,6821.71255949,241452692.747869,0.060034640003568715,0.0599088679824511
2021-01-18,35826.36,37449.86,34777.85,36616.95,6251.2145414,225887644.0970475,0.05273929869100351,0.05150099749811386
2021-01-19,36665.82,37874.71,35888.0,35917.62,6578.85825052,242920861.77687496,0.04545266573141096,0.04481638606934121
2021-01-20,35888.13,36440.1,33400.0,35496.91,12160.46753333,423973679.2157816,0.05514415547391866,0.060558257983698745
2021-01-21,35516.17,35620.96,30044.16,30818.18,21214.6412581,685894575.0032387,0.08811605034622032,0.08502487658419908
2021-01-22,30817.86,33864.85,28800.0,32992.06,17019.5834508,533832613.9306899,0.08166840889143097,0.08206334374905346
2021-01-23,32989.1,33468.46,31426.11,32117.49,5255.74586786,169946832.64677998,0.053064404316858875,0.054575929259860656
2021-01-24,32098.38,33075.75,30960.77,32288.83,4658.70962563,149504386.58226305,0.040436643370613416,0.04195795123402892
2021-01-25,32289.06,34888.0,31939.12,32261.22,10038.75547087,336166053.953807,0.050765942168217476,0.057575316925677064
2021-01-26,32264.15,32953.28,30847.4,32504.53,11554.91101117,369678579.66421837,0.059072063487078635,0.060452263043662566
2021-01-27,32521.65,32580.12,29150.49,30424.62,22403.70666206,690257866.7297926,0.06860434055254082,0.07372408277628764
2021-01-28,30427.34,33870.58,29899.99,33484.87,17879.35697563,571664286.4332855,0.053549705710546236,0.05209141611262576
2021-01-29,33488.66,38620.0,31990.0,34249.64,31439.61903418,1118592686.9315894,0.12217805341160104,0.13325711404640098
2021-01-30,34265.71,34931.39,32860.0,34323.0,7281.28566632,247478140.02161038,0.05694521893321726,0.05407499984996406
2021-01-31,34300.19,34380.21,32193.7,33141.38,4750.12315608,158174984.49958387,0.04195950968998263,0.045714059911069076
2021-02-01,33110.32,34736.1,32333.01,33532.74,8374.05662032,282949982.06560946,0.04645583026665476,0.05202277454004808
2021-02-02,33497.16,36008.67,33431.67,35522.16,7225.86501969,251916782.52925202,0.04261231365596847,0.04175841759731361
2021-02-03,35496.91,37732.87,35382.45,37691.63,8777.33287657,321610405.43563217,0.040433571900485694,0.03876322241870149
2021-02-04,37693.0,38748.52,36197.65,36996.32,11762.80234811,440603088.8560769,0.04891666459061231,0.05329730428626376
2021-02-05,36984.28,38359.69,36618.36,38320.0,5211.97488137,196637126.83894056,0.03615058578843223,0.03528928583423688
2021-02-06,38320.0,41025.48,38230.81,39282.1,8635.66020711,343989640.0196556,0.04157232938315042,0.041863069114834624
2021-02-07,39274.8,39727.44,37412.93,38858.39,5973.24016085,230401329.91822338,0.047886905400234256,0.04740988135986495
2021-02-08,38870.36,46712.12,38050.97,46416.45,19053.71343569,821084071.5209539,0.08542251179974492,0.10042206541481107
2021-02-09,46445.51,48216.09,45000.0,46505.2,12505.08248337,584116497.4559356,0.07076630114892553,0.0647960227238437
2021-02-10,46493.9,47364.09,43746.06,44854.63,9483.3289564,432093031.59117985,0.053437624902728326,0.05428121164040734
2021-02-11,44854.63,48696.84,44040.96,47981.48,9390.81635484,440201721.4944761,0.05505626020958979,0.055801057375763595
2021-02-12,48044.88,49000.0,46231.16,47395.84,5970.13590277,283881620.2678767,0.045887100949816566,0.0457520473506778
2021-02-13,47424.25,48220.0,46133.0,47228.48,4271.67215148,201340335.81663236,0.03589114859277101,0.03628834868516488
2021-02-14,47258.66,49714.66,47081.02,48662.5,5201.6939256,253612803.2716697,0.03441821439327807,0.03815750275209502
2021-02-15,48620.48,49048.82,45914.75,47942.57,6924.33408866,328936981.86660135,0.046548199975199926,0.0478530060231262
2021-02-16,47954.05,50602.53,47036.02,49166.53,8376.07608814,410430869.23901665,0.05538564265885576,0.050797445774979
2021-02-17,49136.7,52640.0,48896.19,52174.28,9571.64796874,488191913.3007589,0.04288994130336598,0.03943163607343483
2021-02-18,52141.23,52566.98,50869.61,51579.54,6330.14291878,328248070.7090124,0.029688288274531755,0.03125030207598494
2021-02-19,51560.46,56399.99,50627.32,55988.58,9229.78250415,497376840.81743336,0.04042990639832737,0.038558225932980715
2021-02-20,56000.59,57553.81,54000.0,55936.04,5187.25046252,292244444.9583342,0.04411211559443953,0.04696204982943737
2021-02-21,55919.75,58354.14,55537.99,57492.91,3562.96950963,203667391.4897389,0.03217897368496354,0.032378257807332764
2021-02-22,57485.74,57564.19,47400.0,54173.65,17002.83273081,911229953.5815549,0.08020296890901603,0.1032684944310339
2021-02-23,54173.64,54196.58,44845.72,48887.93,17766.39814895,859976097.916435,0.14045013533414286,0.14059470534079957
2021-02-24,48927.33,51459.51,47000.0,49754.0,8774.36674339,437516902.59723204,0.07398467591662873,0.06888464142136119
2021-02-25,49715.13,52079.16,46723.0,47088.58,7920.69294708,394731937.2997191,0.061302040299439114,0.05962425283039137
2021-02-26,47070.18,48476.62,44151.97,46314.83,8126.22740854,377601798.899116,0.08312270626359092,0.07895834508172143
2021-02-27,46324.15,48365.31,45050.0,46109.98,3071.56836645,144218741.21154535,0.05634971094353817,0.05085111822124489
2021-02-28,46142.1,46659.88,43021.0,45240.96,6668.91811403,297213917.00553745,0.06879789867749346,0.06281456881932741
2021-03-01,45261.56,49831.52,45020.25,49629.33,8512.7594378,408580948.70695776,0.04896312258181551,0.049688601668511134
2021-03-02,49641.89,50250.0,47069.52,48516.35,4945.78880692,240330756.36109665,0.052124769186415704,0.044043270185524744
2021-03-03,48438.0,52652.82,48168.45,50379.68,6151.4871525,312903598.1527319,0.04773587163753033,0.04475573625509463
2021-03-04,50376.05,51817.54,47500.0,48360.5,5641.61213573,277967596.5657703,0.06177289131870646,0.05953607935280214
2021-03-05,48353.09,49471.24,46294.0,48739.21,5219.24690875,248697789.8121053,0.05393467181186773,0.051062413885831666
2021-03-06,48774.67,49200.0,47082.29,48904.63,2141.06029528,103401659.26382971,0.03606106138631011,0.033230285777254474
2021-03-07,48933.12,51477.53,48933.12,50967.3,2818.44991057,142121466.0696555,0.038609234101485104,0.03644210781368161
2021-03-08,50952.55,52427.8,49316.98,52427.8,4419.56113432,224770204.21823865,0.04026722953621792,0.03992405190468548
2021-03-09,52427.8,54939.26,51857.0,54929.02,5428.89224399,293038238.7841609,0.035648079741226094,0.038487278603380505
2021-03-10,54927.29,57402.89,53010.0,55852.29,6916.27818124,384927838.9081379,0.04823393629456941,0.04818796626510959
2021-03-11,55918.09,58155.99,54269.0,57772.09,6640.48776529,374107487.6951471,0.04671301064807142,0.043874814757908366
2021-03-12,57847.92,58098.5,55011.0,57271.04,5232.31057076,296768640.65441895,0.046031008362707286,0.04248783560625239
2021-03-13,57297.67,61781.83,56080.96,61165.19,6187.83400169,369276940.20003843,0.042342098279804764,0.04147979539505838
2021-03-14,61177.03,61700.0,58959.57,59016.39,3274.12215493,197870608.83362702,0.032665446260609264,0.03451103041548071
2021-03-15,58956.9,60595.13,54555.0,55644.37,7725.21404982,441438369.99714285,0.06321246648231395,0.06007916809031148
2021-03-16,55616.42,56950.0,53221.0,56908.34,7733.22669474,425660478.48581487,0.05520743400114828,0.05052507894974687
2021-03-17,56928.38,58968.8,54124.0,58901.8,5840.07702599,329025092.86150914,0.045786345012161424,0.0471379657948975
2021-03-18,58939.73,60083.25,57000.0,57648.05,5516.46389423,323216015.18600243,0.0395986541771785,0.04062742948903871
2021-03-19,57648.01,59450.95,56279.34,58072.0,3523.4823315099998,205451540.09235263,0.040008580942330056,0.03677457441844972
2021-03-20,58029.94,59957.0,57815.61,58138.39,2382.94564802,140160556.53633064,0.028033479696642754,0.03519274029051335
2021-03-21,58072.87,58632.52,55500.0,57381.79,3628.79780904,207556775.94667923,0.035876016383485414,0.03633438751187006
2021-03-22,57410.54,58461.78,53715.0,54070.92,6566.96696309,367661004.4278004,0.04275671419848974,0.041600166357001804
2021-03-23,54117.71,55866.44,52933.03,54361.57,4996.46365198,272955953.0817229,0.03935899044932619,0.03947297896661683
2021-03-24,54360.07,57207.33,51638.76,52287.52,6867.5643368,377113345.30987835,0.053923208919483843,0.04947764469623092
2021-03-25,52281.77,53271.59,50360.0,51326.11,6682.61740401,346766727.50639397,0.057021617465470506,0.055164819554700796
2021-03-26,51292.65,55114.86,51263.38,55081.37,4874.25111496,259920305.6862211,0.037536433849950125,0.03805883799326471
2021-03-27,55081.26,56686.15,53948.35,55839.42,2609.96757961,144366119.12535235,0.032039709159144225,0.03085634246254467
2021-03-28,55817.85,56573.04,54677.51,55790.92,2073.4491914,115470423.27175115,0.029303382882612677,0.02698405297735856
2021-03-29,55790.28,58402.68,54892.42,57600.1,5360.42566319,306972212.69400114,0.03484586774563327,0.033210315852142666
2021-03-30,57623.66,59388.66,57011.0,58760.59,3392.3386191600002,198375662.29426986,0.02758151118606882,0.024813985323579892
2021-03-31,58767.75,59816.17,56713.45,58782.58,4595.25252072,269521993.3348392,0.03909763073372158,0.04455133833661015
2021-04-01,58789.96,59490.0,57935.42,58728.53,2786.58091029,163931999.02924284,0.026340381412740844,0.024170186262422393
2021-04-02,58744.0,60103.04,58450.0,59003.6,2564.6000207,152286692.40357316,0.023373474822256143,0.022657802632012086
2021-04-03,58967.61,59801.39,56922.0,57064.42,1663.26835296,97448315.41340533,0.02878162632170703,0.027156286320882288
2021-04-04,57064.13,58501.0,56466.25,58212.18,1440.63181986,82940723.52375196,0.024602734988747987,0.02305396874453321
2021-04-05,58213.69,59280.0,56800.0,59125.0,2402.43713513,140037981.79421598,0.024664483239357077,0.023271329594559402
2021-04-06,59135.36,59473.9,57216.0,58018.3,2711.39784733,158120719.73690167,0.023950426204894022,0.024461235083310436
2021-04-07,58024.9,58668.0,55441.93,55932.83,5454.57661606,309198483.58916867,0.037725623214778264,0.03618932950681828
2021-04-08,55912.38,58145.49,55680.4,58096.6,4586.80685854,262731697.3126512,0.023616393978894725,0.02483446836557304
2021-04-09,58066.18,58890.25,57657.43,58109.56,2660.64809651,154938901.97970444,0.02019975925268275,0.01959220805164041
2021-04-10,58129.02,61222.22,57870.0,59766.93,3917.95081704,235233142.5158315,0.029875920862510823,0.03383993278983948
2021-04-11,59773.19,60679.0,59165.15,59979.26,1822.72044967,108999661.15284942,0.026121807337600802,0.02364204057985753
2021-04-12,59972.26,61234.56,59361.11,59831.66,3707.43645474,223080978.76148668,0.027339662048166798,0.026308498343549765
2021-04-13,59814.87,63769.0,59780.0,63564.48,5711.52676941,354921883.7991893,0.0327998742687914,0.03347310546924465
2021-04-14,63605.69,64895.22,61327.0,62986.09,6002.89354304,380181885.7861119,0.044153134830578415,0.04703407117602678
2021-04-15,62954.2,63855.37,61998.9,63239.19,3433.44934498,216130432.18901578,0.026446873070626885,0.024860361687887016
2021-04-16,63247.24,63580.4,60042.04,61436.24,5778.81668659,355266422.1446317,0.03710162605660139,0.03265448367072893
2021-04-17,61436.23,62596.48,59676.67,60032.29,3091.48365756,188938659.2965531,0.02843390087993677,0.02927137388274701
2021-04-18,60048.82,60433.81,51541.16,56280.6,12869.85937399,715066994.3296145,0.10252200945698131,0.10584875911655378
2021-04-19,56260.83,57633.0,54252.88,55694.55,5791.23906226,326054281.13695484,0.045168215101856,0.04318833143238959
2021-04-20,55694.55,57119.0,53400.0,56503.19,5863.88283884,325429323.1637208,0.049228325333833076,0.04959212550224041
2021-04-21,56493.02,56850.0,53628.79,53806.24,4578.25708723,253531067.53839648,0.03929927629339505,0.041666845767454684
2021-04-22,53823.48,55491.8,50450.01,51683.95,7838.95634691,418301150.47554094,0.0629111217795121,0.055938913838627195
2021-04-23,51693.98,52131.34,47555.0,51176.65,11649.31918465,578032211.1226149,0.07295446310264957,0.07734778587553454
2021-04-24,51177.77,51227.38,48713.34,50118.94,3445.13658315,172126876.55864975,0.04285469598671547,0.0411636466161079
2021-04-25,50126.34,50608.94,47004.2,49128.43,4167.43570798,205140015.77022356,0.043751895676590276,0.044995436794543514
2021-04-26,49122.75,54404.78,48823.01,54073.41,6046.79682802,320173926.6153754,0.05112217908643764,0.050589919240871584
2021-04-27,54015.32,55519.37,53325.75,55091.39,4111.12521596,224680580.22293827,0.030899977000337604,0.02821905874761385
2021-04-28,55094.73,56500.0,53811.49,54901.97,4542.50992013,249041685.81807172,0.03607803509862432,0.038024347706909184
2021-04-29,54898.45,55239.33,52379.9,53593.97,4172.67670698,223854700.57127878,0.03469925333393769,0.03189940435495819
2021-04-30,53585.93,58008.0,53087.15,57775.27,4809.18204712,267561724.59130943,0.030381918417170993,0.03420269238578375
2021-05-01,57790.66,58549.0,57049.63,57851.91,2248.55545142,130036585.40797593,0.027108184687431935,0.024793003931657173
2021-05-02,57893.01,57967.01,56064.51,56622.66,1887.08427188,107166715.52658878,0.027497905080358806,0.027548123837846293
2021-05-03,56599.91,59000.0,56500.0,57222.37,3636.51735676,210590485.48071295,0.03247863634286328,0.03373919945059683
2021-05-04,57227.64,57250.85,53080.69,53236.84,5747.19401914,316924720.3319858,0.04574478011972967,0.0501756085316196
2021-05-05,53221.75,57976.62,52924.5,57509.93,5504.55788108,309233546.58127856,0.04123722631999395,0.04256124316982796
2021-05-06,57517.08,58420.83,55283.0,56447.39,5144.23317131,292277299.9969457,0.04121272574583635,0.03923474030734255
2021-05-07,56425.82,58743.85,55288.11,57381.73,4234.70954424,241499377.5933136,0.037539373693565616,0.03691546725253916
2021-05-08,57371.02,59564.24,56977.5,58984.75,2928.99345356,171829400.16794926,0.03631021597985114,0.0344089338118199
2021-05-09,58964.89,59300.62,56256.0,58305.24,2589.62561937,149953993.3892753,0.03386038394656768,0.03453158854850011
2021-05-10,58336.16,59603.0,53500.0,55880.72,6589.4271403,375437052.9331932,0.05055694760472221,0.04776757854142558
2021-05-11,55854.43,56972.33,54500.0,56763.7,4203.16906929,234655609.69608805,0.03965773884288942,0.04032670116405943
2021-05-12,56763.7,58021.26,48530.0,49386.56,6367.35410217,346616274.43930316,0.06564799106453344,0.07473806144268919
2021-05-13,49419.44,51420.72,45700.0,49694.96,9096.38363317,450132774.83337146,0.10347436571292422,0.10114144186758699
2021-05-14,49711.64,51572.0,48875.69,49880.43,4011.0819038,201761936.79665098,0.043099785345440934,0.04007908047700499
2021-05-15,49883.89,50710.93,46448.53,46708.89,3613.92837843,174960726.3895688,0.05687671653531147,0.05360040642052703
2021-05-16,46753.4,49800.0,43769.4,46444.75,5750.08326356,267609968.24700215,0.07370160157681896,0.07018667821329971
2021-05-17,46446.42,46648.5,42100.0,43593.39,12262.722681019999,540121623.4466598,0.08526657713612938,0.08642052489107988
2021-05-18,43581.27,45872.05,42023.69,42877.75,6275.91387222,276480247.30781966,0.06690482799799836,0.060252826103958546
2021-05-19,42900.85,43601.63,30066.0,36780.43,32468.86397019,1232774638.9667668,0.22133074807305997,0.23334542662769225
2021-05-20,36793.39,43000.0,35000.0,40640.9,14703.03041947,585548447.3281435,0.1133128609475305,0.12203294951526553
2021-05-21,40566.13,42297.89,33520.0,37335.16,13106.84060164,501462106.902281,0.1304801430813389,0.13154689363580657
2021-05-22,37318.43,38887.99,35260.0,37500.54,5720.00562166,213531898.21319464,0.08526807543273539,0.08144408120230942
2021-05-23,37474.34,38311.74,31107.46,34706.79,9376.29208573,320365325.40013504,0.130916218879133,0.12265518950425264
2021-05-24,34735.35,39960.0,34426.21,38839.86,10213.18324641,381218814.8930367,0.0958005810203284,0.08212627768633889
2021-05-25,38848.36,40000.0,36486.85,38397.72,5765.3472603,219208107.53334913,0.07058455018221639,0.06716837552043167
2021-05-26,38385.87,40904.0,37859.74,39309.56,4205.61283515,165413501.19203228,0.05672753332185652,0.05927969567766788
2021-05-27,39299.46,40429.47,37212.9,38503.47,4113.43820958,160310065.1281911,0.05840080587998112,0.05559679281903113
2021-05-28,38578.5,38905.12,34710.23,35692.46,6167.02059154,224345694.8267488,0.07647752159284364,0.07419675230593403
2021-05-29,35691.36,37348.01,33650.0,34632.08,4457.16762006,156801380.24292699,0.07193517731367877,0.06990199829248614
2021-05-30,34644.09,36516.99,33425.0,35677.72,2979.71977699,105584422.4790543,0.053359412125315836,0.05137581045104287
2021-05-31,35675.3,37540.96,34195.2,37341.41,4383.79233382,158950367.2861497,0.05377155753541725,0.049373359425053616
2021-06-01,37279.89,37927.44,35699.98,36693.3,4348.7544836,159122822.2225559,0.051808107506375,0.0539350903493077
2021-06-02,36693.3,38256.3,35933.19,37589.36,4270.10341121,159558818.90341482,0.03506871031333143,0.03510024170488666
2021-06-03,37585.12,39490.0,37176.06,39219.88,4058.94293164,156724443.29195294,0.03572593616159003,0.03620259551957297
2021-06-04,39242.94,39277.36,35576.67,36887.32,5786.18608707,213765875.38217714,0.050095077633125845,0.050721243754223336
2021-06-05,36851.58,37927.93,34849.65,35532.14,4106.34880652,149263359.05325687,0.05182755571926829,0.05534591810026977
2021-06-06,35532.59,36510.58,35250.0,35808.85,2526.73361997,90751211.30386345,0.03405655778677598,0.03372317255297135
2021-06-07,35810.69,36808.3,33321.09,33582.62,4913.0402250199995,174727256.22637287,0.04388901578778314,0.05010877079742865
2021-06-08,33567.51,34085.61,31025.0,33411.69,9044.64846998,295429896.38475555,0.06093708330520456,0.06194997959430329
2021-06-09,33413.19,37556.25,32423.72,37400.0,8539.5873422,300428739.7460175,0.06801943419326892,0.06434802385576621
2021-06-10,37414.64,38446.24,35824.69,36707.54,5761.7248874,213888184.0021117,0.06122374514565018,0.055214451605382464
2021-06-11,36724.97,37680.65,35958.49,37341.11,3741.23051559,138558970.44277215,0.0445613699978147,0.041423694256542264
2021-06-12,37338.91,37445.55,34630.0,35542.76,3727.9523535,132934507.56672537,0.04640075344416065,0.04564331164742879
2021-06-13,35563.66,39386.43,34783.9,39013.76,3601.91766642,133239154.82044415,0.04716087508624949,0.0471196184524258
2021-06-14,39035.52,41050.0,38758.4,40532.79,6281.28059699,250291493.7748444,0.043885437380484754,0.04267889942519302
2021-06-15,40544.19,41341.57,39526.47,40171.47,4078.8019744,164088599.64706212,0.040732710008939285,0.038490253077027865
2021-06-16,40166.93,40506.59,38095.41,38353.99,4008.51296381,157423945.20758262,0.03956759656932135,0.04213500138080332
2021-06-17,38361.38,39553.05,37350.0,38097.68,3569.2526164,137251145.93144506,0.03503224985122654,0.03397691092345491
2021-06-18,38110.25,38208.68,35143.68,35840.0,4240.40486721,156066284.38800567,0.04343715515520062,0.04550487703557332
2021-06-19,35849.18,36440.0,34718.21,35507.06,3129.33472247,111870660.77883822,0.04106211675773633,0.04066640981444405
2021-06-20,35494.7,36125.0,33337.0,35589.77,3958.11811992,137772329.40997142,0.04425224739691572,0.045045266772684424
2021-06-21,35598.66,35763.8,31238.69,31634.16,8580.06222043,281278944.4298767,0.08613178513182156,0.08452121247566922
2021-06-22,31628.83,33315.85,28600.0,32545.26,9778.51694548,305505854.4656134,0.08964732596833196,0.09470289568316417
2021-06-23,32547.57,35000.0,31670.89,33652.28,5855.58129399,197864060.65997896,0.06396331701542375,0.06563526960959663
2021-06-24,33693.99,35289.0,32314.37,34649.32,4725.82718452,159450674.235221,0.04669298087778962,0.0442588551805276
2021-06-25,34652.68,35517.22,31271.02,31597.75,5099.26353351,168737254.89695635,0.062028783436675415,0.059456337707112825
2021-06-26,31595.95,32714.46,30082.79,32269.38,3300.16005776,103223087.35679184,0.06449899843187834,0.06592477535088224
2021-06-27,32293.98,34772.94,32015.82,34699.5,3260.56534452,108234849.4688625,0.05211826793211865,0.05545006711884461
2021-06-28,34716.02,35357.13,33878.23,34487.11,3369.99371686,116336420.99954782,0.03948063634480949,0.04097367702725331
2021-06-29,34494.42,36623.79,34240.0,35907.93,3179.50783988,113275810.40923297,0.04088098659089997,0.0420201820041836
2021-06-30,35900.05,36099.82,34049.36,35037.23,3381.0453953,117981806.61844428,0.03976580994204249,0.03933295476322312
2021-07-01,35059.71,35071.34,32700.88,33564.21,3118.76325902,104775814.56581633,0.044751730698353094,0.040649626319556216
2021-07-02,33537.11,33981.51,32700.05,33811.56,2086.83881625,69511245.15963797,0.03533372054461169,0.03552252120414367
2021-07-03,33810.46,34959.72,33333.1,34688.3,1244.49692391,42812644.32197553,0.027330743307860422,0.029813444842051673
2021-07-04,34672.08,35960.0,34404.29,35289.21,1204.00371528,42631264.228843346,0.022950369733025264,0.024447051880009788
2021-07-05,35255.0,35258.7,33143.0,33704.21,2254.35340918,76811872.528361,0.03670303540692472,0.03622305437410447
2021-07-06,33730.76,35100.49,33510.58,34244.09,2386.50511711,81790049.32003719,0.039688890123027544,0.03900504958670656
2021-07-07,34231.95,35059.02,33800.0,33882.47,1540.04244824,53223286.702906944,0.02817871526836244,0.025713988286148633
2021-07-08,33858.33,33943.02,32101.0,32898.79,2945.85492495,96730219.75714284,0.038915368444758236,0.03984479433153824
2021-07-09,32892.94,34115.44,32285.73,33826.43,1636.57507041,54237567.37924294,0.029035922912423125,0.028710698393184995
2021-07-10,33830.73,34261.04,33014.21,33517.6,1442.42483187,48600121.07352367,0.025528718781393206,0.026853595606719325
2021-07-11,33521.48,34635.82,33335.49,34258.53,1635.01765874,55392968.18392831,0.02313036350825707,0.024802666223429498
2021-07-12,34266.84,34677.0,32660.0,33105.0,1879.53733471,63179427.62462211,0.02648545745926041,0.025626856985056908
2021-07-13,33091.53,33340.0,32190.0,32728.0,1870.57403303,61373348.77768096,0.02748563261491421,0.028800141193945923
2021-07-14,32737.56,33111.72,31589.35,32823.55,2753.09806091,89349482.36389922,0.036150882465771375,0.034948528052601464
2021-07-15,32818.68,33179.0,31121.57,31848.65,2470.21303625,78865282.3634931,0.033896169996021824,0.03229763853137887
2021-07-16,31885.7,32264.53,31012.93,31388.17,1912.46866725,60677785.95395486,0.030909666631170136,0.028147899703218907
2021-07-17,31376.3,31950.0,31176.66,31529.68,1550.07201059,48981502.25035232,0.02624436277075812,0.0251287002596353
2021-07-18,31509.33,32440.98,31100.0,31776.65,1256.54606075,39940733.70083304,0.023646647242685562,0.027820950921572937
2021-07-19,31794.49,31881.71,30400.0,30829.29,2506.27744084,77922663.77758615,0.02417573720659408,0.026505676173936187
2021-07-20,30822.08,31068.62,29296.39,29786.58,3413.2420645400002,101693596.616688,0.03403947417680977,0.03399026714854671
2021-07-21,29792.99,32875.42,29500.0,32138.45,4842.16399723,151916897.3202428,0.04257727265722724,0.042289110825959667
2021-07-22,32115.82,32609.83,31703.15,32300.88,2392.46948134,76917451.78550746,0.029837507833244223,0.026953808345755684
2021-07-23,32306.98,33684.17,32000.0,33684.17,1976.38421775,64383076.995255895,0.026648436967717487,0.02675735380243355
2021-07-24,33685.0,34534.32,33419.31,34301.78,1440.46627864,48788983.84997436,0.024440048505747075,0.02560366727724282
2021-07-25,34301.86,35448.97,33874.03,35428.28,2063.49425027,71029840.17724605,0.028817742841165474,0.029821384430939235
2021-07-26,35438.93,40581.3,35282.7,37291.24,8840.39875048,339223800.37775636,0.08949449722312945,0.08317238239879225
2021-07-27,37271.44,39539.5,36386.19,39475.41,5896.66715588,221954695.67637807,0.05121223359823195,0.048172200899879974
2021-07-28,39446.94,40927.53,38786.8,40036.32,3943.47800378,157320401.19305706,0.05334925197161781,0.05957681792864636
2021-07-29,40024.8,40662.8,39239.95,40037.51,2306.03838571,92061152.52543576,0.0327399031678036,0.03420944281953381
2021-07-30,40045.21,42335.5,38331.37,42234.89,3651.71579023,145612558.6880943,0.04138767623488122,0.04662924610657094
2021-07-31,42236.72,42411.32,41007.51,41490.13,1507.86822076,62867870.3368034,0.032394400480735566,0.03164670753623907
2021-08-01,41489.16,42614.85,39424.27,39839.0,2042.01706796,83971462.61833948,0.037777378202539305,0.03918604815509072
2021-08-02,39875.2,40459.31,38687.62,39165.55,2407.96526999,95219893.42939511,0.03312448602708432,0.035871905678416235
2021-08-03,39157.52,39792.83,37639.0,38177.07,3279.64493738,125635931.71484998,0.04161210124817628,0.037555281000152055
2021-08-04,38173.75,39973.94,37481.0,39741.12,4080.83535873,156977992.41294932,0.030853445873342662,0.02871719955024148
2021-08-05,39742.77,41401.96,37300.0,40894.67,5804.4070686,230505403.92845044,0.04705039160373941,0.04624297946592534
2021-08-06,40893.77,43381.0,39879.47,42856.59,2937.38483944,122181494.76336195,0.046706370841202466,0.04702168993736461
2021-08-07,42857.09,44763.14,42251.0,44612.94,4886.93838098,213280464.5318318,0.045689762907375524,0.04542710566780283
2021-08-08,44624.4,45355.0,43298.84,43858.42,3647.1306298,162129021.3285933,0.04033492477787994,0.04197195797976825
2021-08-09,43836.05,46529.02,42811.26,46292.89,4961.58828106,224521733.0627859,0.047820594772393886,0.04481967114629453
2021-08-10,46282.3,46759.0,44643.0,45609.7,2390.08850832,109088714.37682147,0.03353504950779675,0.03440727455540222
2021-08-11,45596.21,46787.6,45353.02,45539.85,2606.12636675,120417373.87343463,0.02846919063015859,0.028126651166852958
2021-08-12,45536.8,46236.7,43800.02,44444.45,2463.50628392,110513519.89429894,0.032781480064471805,0.032453905303818906
2021-08-13,44413.35,47929.18,44253.97,47860.58,2934.74203072,136603860.72917593,0.034841465133403596,0.03106753246274645
2021-08-14,47855.0,48190.0,46000.0,47119.73,1908.9514115299999,89641160.14124858,0.03408339417351354,0.03687141524265775
2021-08-15,47130.97,47424.0,45500.27,47028.3,1726.79562797,80031694.93491724,0.030865017515444636,0.02995953758162115
2021-08-16,47024.96,48075.22,45654.14,45930.51,2410.15099528,113115899.12158312,0.03111629364389119,0.03114248748771404
2021-08-17,45930.48,47183.37,44417.51,44694.35,3286.2732645,150674874.77233624,0.03678798211691196,0.033770170628855956
2021-08-18,44631.47,46041.62,44218.73,44721.13,2247.93415783,101598169.29413204,0.03507119449687519,0.03397039971206757
2021-08-19,44734.16,47114.99,43935.54,46764.3,2776.2376849,126348309.59231387,0.0347784054646022,0.03139075156978028
2021-08-20,46759.29,49436.1,46645.77,49356.0,2815.55159523,135102769.85113767,0.029595701551932772,0.029077778246975213
2021-08-21,49332.31,49833.02,48300.0,48884.34,1768.24156609,86672583.59820242,0.028052936315881315,0.02896039075649941
2021-08-22,48883.84,49540.01,48080.17,49301.86,985.76533304,48134053.17069834,0.023355714630265364,0.023399822713349734
2021-08-23,49296.71,50562.11,49010.0,49561.37,2419.86814706,120835726.04013784,0.023859737800225964,0.024310745382093032
2021-08-24,49516.08,49893.5,47593.66,47731.33,2217.80305724,108043818.05164038,0.028920386772546904,0.028900860596755226
2021-08-25,47670.8,49273.93,47100.0,49011.75,1902.72053396,91680518.14142099,0.02937790009581917,0.03066604497696078
2021-08-26,49022.39,49387.6,46309.33,46856.29,2091.1098261,98719535.34402083,0.036043558481297464,0.034636807905890625
2021-08-27,46857.86,49187.0,46363.0,49100.49,1943.55725598,92883977.19393188,0.030474305477773137,0.03051376475411402
2021-08-28,49100.49,49325.0,48244.88,48935.36,692.70588551,33873014.32536789,0.018562506508882255,0.01778192336297892
2021-08-29,48947.1,49666.0,47798.29,48808.72,1044.48189034,50815505.603654355,0.024553896539620475,0.027185253138175745
2021-08-30,48782.56,48915.29,46855.41,47003.44,1676.48255108,80409272.55336893,0.02654777751061294,0.026660414020959596
2021-08-31,46969.05,48270.33,46699.0,47156.09,2239.1677032000002,105958953.1406075,0.0277492620118011,0.030059935133895613
2021-09-01,47118.02,49134.0,46532.42,48853.49,2194.6300788,104890745.91661146,0.028011567098732024,0.02889309845086303
2021-09-02,48830.93,50390.0,48625.0,49274.79,2267.93197524,112768016.25896014,0.026915866554077728,0.028820586951157086
2021-09-03,49284.93,51050.0,48351.6,50025.04,2226.78294854,111486831.85680678,0.03304801710158674,0.03313049518643241
2021-09-04,50033.5,50570.94,49388.26,49943.16,869.28839285,43470182.95240893,0.02320481130160044,0.022366655750542506
2021-09-05,49965.32,51900.0,49500.0,51809.28,986.487083,49925408.054186165,0.02313826142420429,0.022561491400826583
2021-09-06,51809.28,52810.0,51024.32,52708.2,2057.32862241,106491956.42927098,0.01915418262315699,0.020536146560695186
2021-09-07,52719.43,52956.47,42900.01,46866.82,6811.92218815,328496914.8471397,0.1386326065759106,0.09027772107290086
2021-09-08,46894.3,47386.72,44436.93,46091.94,3309.09834404,152705666.64405268,0.04601094934215119,0.04778545892053169
2021-09-09,46070.43,47419.95,45550.0,46392.81,2595.98696952,120732468.85767981,0.03440400271626159,0.029744691794095363
2021-09-10,46368.11,47029.08,44125.0,44857.38,2392.57110617,109414454.8877981,0.03378315030297185,0.03818362478479291
2021-09-11,44858.2,45993.32,44767.75,45176.66,906.80620376,41151235.82348784,0.022762975792583785,0.022480182593489526
2021-09-12,45162.96,46491.63,44752.96,46035.0,1015.76215832,46425303.13104683,0.029054140990263447,0.02821565200771764
2021-09-13,46039.42,46895.82,43400.0,44974.34,2308.42207379,103206158.0386936,0.05776332589625543,0.05774015360174503
2021-09-14,44983.77,47273.38,44704.18,47103.18,1643.95662405,76104370.9891518,0.030017270350711316,0.026727829042098597
2021-09-15,47123.81,48465.77,46702.26,48150.94,1307.24871087,62302366.77513651,0.020537263223639864,0.022033338730569983
2021-09-16,48188.12,48505.0,47035.0,47760.64,1886.04173385,90207617.21864146,0.028269970348176146,0.02916167324075581
2021-09-17,47773.44,48179.0,46712.14,47305.18,1558.52317573,73970361.29182927,0.024748074499607888,0.026101913900280525
2021-09-18,47316.21,48834.0,47052.9,48326.74,1452.50623073,70156926.64519429,0.021254876151355892,0.018686425022670566
2021-09-19,48307.05,48389.52,46860.0,47245.25,999.59599085,47583981.19960248,0.022445843725580197,0.023958193270147424
2021-09-20,47257.86,47334.54,42453.97,43035.99,4240.48541968,188130766.0177413,0.056510107626381575,0.05834164789524242
2021-09-21,43003.07,43643.34,39573.21,40596.54,5961.58790269,250873789.7094996,0.07687003262558521,0.07774553194187524
2021-09-22,40702.07,44031.85,40580.18,43589.53,3040.94514066,129764604.00253057,0.047294347646567085,0.048264878983524814
2021-09-23,43586.0,45013.17,43105.0,44903.5,2317.75578384,102396894.9242888,0.03585028239134668,0.0355691487725876
2021-09-24,44893.7,45159.9,40693.27,42848.5,4348.92828394,185162022.47476718,0.051134616375944575,0.055362173185048325
2021-09-25,42835.88,43010.69,41689.6,42722.19,879.19677382,37365053.67813215,0.03564489371891101,0.03185131886924704
2021-09-26,42699.1,43956.38,40808.0,43204.73,1659.78466242,70885214.07947291,0.04780830528935747,0.04746711920294401
2021-09-27,43162.82,44377.7,42130.0,42189.81,1936.64957217,83828530.72199178,0.03699926576306849,0.03632533721010527
2021-09-28,42154.87,42778.93,40888.0,41049.0,2246.85357977,94014606.24212292,0.04010261624689593,0.0343811523650024
2021-09-29,41024.21,42595.93,40750.0,41542.9,1804.77808474,75323605.1826339,0.0343668838230819,0.030582965744120685
2021-09-30,41537.56,44117.74,41427.87,43834.43,2614.50420927,113178820.21713592,0.035689200030338625,0.037134000498201605
2021-10-01,43835.47,48500.0,43291.07,48171.86,3446.87226506,160809740.32574016,0.04696457821296973,0.049461519609128916
2021-10-02,48185.61,48361.83,47468.15,47685.8,1361.84402667,65218238.42358061,0.022308243053852598,0.02118767385580355
2021-10-03,47644.63,49225.55,47119.87,48235.93,1164.6029687,56133118.49597664,0.025746766636142455,0.027436949769790935
2021-10-04,48231.04,49530.53,46900.0,49242.14,2737.78053315,132260338.25641972,0.03792487596432472,0.03757940256078525
2021-10-05,49283.89,51914.68,49075.0,51501.19,2206.59644303,111217456.74420092,0.028917886929399565,0.03028359709019121
2021-10-06,51521.89,55800.0,50428.64,55345.79,4441.90271751,237705176.4931256,0.04569858097414958,0.04773135276599538
2021-10-07,55360.1,55360.32,53289.57,53787.6,2349.70121453,127534654.33203626,0.0348362610632264,0.03549505869372853
2021-10-08,53816.16,56168.0,53623.02,53957.21,2217.75513685,121339759.97769971,0.03108261336262377,0.033785927095669334
2021-10-09,53952.82,55512.05,53674.69,54976.92,1061.02324334,58222189.51390409,0.02236292561870127,0.022193681245651516
2021-10-10,54984.49,56561.0,51000.0,54714.95,1735.42193508,96013365.48776712,0.03131828088355465,0.06890692088522193
2021-10-11,54657.0,57855.79,54462.45,57485.2,1955.78560334,111092466.45667733,0.02901365026373235,0.02905681296455293
2021-10-12,57490.0,57701.0,53909.0,55995.49,3224.83970306,181675249.30215803,0.03173067874028355,0.03751738660980631
2021-10-13,56004.61,57773.89,54231.0,57374.55,3359.69683046,187452494.3492626,0.036263982901194064,0.03803676372884441
2021-10-14,57395.84,58550.0,56830.56,57371.58,1879.45401231,108318702.88880165,0.030657833646071293,0.030308942443909394
2021-10-15,57370.48,62944.94,56877.0,61657.35,4205.4230703,252939103.63063717,0.039770767702302166,0.047671614501418796
2021-10-16,61703.45,62352.0,60100.27,60870.26,1263.44800176,77392580.4659415,0.026014343809929008,0.02601150810900378
2021-10-17,60885.27,61712.0,58933.0,61538.97,1261.12996084,76537352.50734177,0.029941702044482106,0.030344341408838026
2021-10-18,61519.52,62679.0,59013.0,62034.65,5754.5518416,355139448.5867188,0.035115443060335295,0.05064669245492507
2021-10-19,62014.99,64499.0,61350.0,64241.61,3253.73979225,205546645.89007175,0.0311540630835634,0.032102826035823345
2021-10-20,64282.2,67016.5,63529.0,65990.31,3070.68430005,201767688.03549406,0.030242714919760307,0.02892234331422943
2021-10-21,66027.81,66664.1,61850.0,62219.44,3891.52853281,250928113.2199702,0.056026783583703596,0.049573998133836714
2021-10-22,62207.51,63757.28,59953.74,60702.68,3159.42528548,196129088.66765827,0.03639209191518637,0.036849560813574544
2021-10-23,60698.54,61737.38,59633.61,61338.76,1056.07965827,64502047.116396666,0.026074965575057278,0.03153448730597553
2021-10-24,61306.64,61497.33,59510.0,60910.16,1204.84773547,72879025.71568643,0.025676798349013857,0.026485335437927367
2021-10-25,60883.96,63733.93,60670.0,63101.43,1730.14621615,108559828.37558542,0.024811296409245138,0.025178289015848218
2021-10-26,63101.43,63299.3,59830.0,60328.22,1965.54522515,121665463.1357105,0.029467863024206745,0.029977607720478066
2021-10-27,60331.4,61489.0,58100.01,58465.9,3479.73809611,206561884.4078241,0.04151786614395329,0.03676544461765666
2021-10-28,58471.06,62524.0,56425.0,60592.76,3769.75506439,226807964.63085985,0.06675933309033796,0.06290145566501401
2021-10-29,60608.95,62971.54,60154.53,62301.59,3884.64236172,239035015.13529885,0.035050954456286816,0.03196762160174366
2021-10-30,62278.92,62376.32,60660.02,61932.3,1542.31917477,95023007.1998097,0.023907587981472612,0.023496309980273217
2021-10-31,61904.96,62438.85,60000.0,61359.44,1548.12901591,94574543.45598586,0.024265152837628277,0.023770527451751785
2021-11-01,61356.57,62500.0,59500.0,60922.85,2507.39797107,153723330.79883903,0.032360033003363035,0.03596466667756619
2021-11-02,60949.78,64300.0,60669.91,63260.0,3336.52681752,208367861.7357259,0.03001375744125572,0.029796467420384522
2021-11-03,63260.0,63567.21,60018.46,62930.72,2148.47086339,134543789.429767,0.030890426656408444,0.04014515173828229
2021-11-04,62945.38,63136.82,60725.0,61457.25,1507.54272229,93154177.5910729,0.02555533322897268,0.0264796230906187
2021-11-05,61430.02,62666.52,60769.17,61031.91,1569.40792218,96446400.92308085,0.023712968295992936,0.023101941550738678
2021-11-06,61008.19,61609.5,60109.91,61542.44,1268.5118197,77208405.0765787,0.021307128207285315,0.0197044566553405
2021-11-07,61542.43,63300.0,61396.57,63300.0,1115.66885061,69420689.80544196,0.020281546666225843,0.018801731942673997
2021-11-08,63300.0,67803.55,63300.0,67559.0,2715.42386367,178602542.0767775,0.02949951299843931,0.03201824910353302
2021-11-09,67547.49,68564.4,66250.0,66945.72,2136.85836086,144217243.95688194,0.027552249445163483,0.027128373447551774
2021-11-10,66928.42,69000.0,62856.71,64921.43,3419.11869317,226549410.77087513,0.0597789576312336,0.04908050445937893
2021-11-11,64919.18,65625.44,64140.0,64821.33,1583.28379977,102806021.29957525,0.027727550252085002,0.025614182631092466
2021-11-12,64783.13,65497.53,62294.84,64158.41,2519.30730563,161008159.72235012,0.03239534894641509,0.03140874232958582
2021-11-13,64140.23,64980.0,63400.0,64417.52,830.13101807,53223896.5382324,0.02080179823970935,0.021459424740948634
2021-11-14,64403.43,65509.87,63595.76,65509.87,1247.88451724,80434941.43615364,0.02275459808408164,0.023975896687280448
2021-11-15,65509.87,66387.4,63348.91,63606.09,2000.8236224,130194214.52947408,0.02363140017936249,0.022445178905245503
2021-11-16,63621.61,63628.0,58563.0,60142.31,4632.77331708,281328439.1805484,0.04855745365637083,0.04638592448568601
2021-11-17,60115.12,60888.5,58400.0,60373.65,3716.8105591099998,222351329.332457,0.041466425554304395,0.04066103785574595
2021-11-18,60376.94,60978.39,56516.44,56917.66,6160.70975752,361605191.2661896,0.04637958570888579,0.04273831153424983
2021-11-19,56924.94,58402.05,55640.0,58128.55,3277.02585927,187457788.24884564,0.03249274691499775,0.03305321383289299
2021-11-20,58126.46,59896.54,57424.27,59768.54,1172.15930996,68919520.38494056,0.028450409392136458,0.02731253688553433
2021-11-21,59785.85,60090.55,58525.84,58678.47,895.6750948,53010645.329318844,0.025279750405604866,0.024447509202705872
2021-11-22,58679.27,59516.78,55628.57,56294.11,2943.1633727099997,168786667.46908763,0.04471369260741411,0.04594196408772733
2021-11-23,56283.8,57897.54,55128.6,57579.99,2732.08480061,155780094.05862123,0.040678335748670066,0.039523848279450755
2021-11-24,57583.91,57750.2,55894.62,57185.06,1809.45432912,102594917.00906296,0.029635815006581148,0.028713379725028455
2021-11-25,57169.19,59445.45,57044.42,58990.14,1362.17480499,79445054.64484286,0.0247521192830214,0.02552495416175502
2021-11-26,59004.88,59207.36,53524.03,53789.35,5221.84056738,288850878.54585093,0.04108182648874158,0.042795918602196364
2021-11-27,53794.32,55382.0,53653.45,54774.66,1360.56586778,74200351.05001132,0.03034798741197755,0.028493531597811213
2021-11-28,54764.24,57482.42,53308.93,57338.55,1377.55454862,75700252.35258712,0.03609476054523663,0.03469571363752907
2021-11-29,57327.32,58931.07,56750.0,57845.12,2069.734969,119300897.72091086,0.027311826489877112,0.028592092449702206
2021-11-30,57843.33,59250.0,55918.8,56974.12,3562.71762735,204634104.34775198,0.041617838718468886,0.043880655257551804
2021-12-01,57027.28,59099.64,56469.22,57251.59,2515.54071956,144352328.74373025,0.03503925999681676,0.033411720782874334
2021-12-02,57232.71,57413.52,55839.85,56547.96,2758.14469791,156339409.42082533,0.03425289986184544,0.0318811035939858
2021-12-03,56534.26,57652.0,51556.01,53743.69,2964.76818531,163088895.17661586,0.042576794789658715,0.04258201076284136
2021-12-04,53685.47,53877.77,41967.5,49234.97,10025.68966854,479358861.75798666,0.08647491526269052,0.12963751415354557
2021-12-05,49240.81,49777.62,47836.34,49463.22,5156.66613697,253248086.96140304,0.04202982605400247,0.040809651517724504
2021-12-06,49484.0,50986.0,47111.0,50555.0,4652.11767659,227548517.52524692,0.055473149805997976,0.05114541091221136
2021-12-07,50550.09,51991.0,50062.13,50627.32,1719.31761862,87857210.51694037,0.031082678395299962,0.03154044736527593
2021-12-08,50635.87,51249.41,48656.2,50543.3,1598.4357131900001,80072720.27384824,0.03774242282267629,0.03916206776044691
2021-12-09,50535.15,50839.01,47332.43,47593.12,2585.43270776,126179956.45111473,0.036247093339004194,0.036959113432127676
2021-12-10,47573.43,50132.88,46886.0,47142.42,2705.17070403,130481981.9506576,0.0502973446751341,0.04582109109860664
2021-12-11,47179.53,49539.4,46789.0,49400.54,1323.03955982,63952974.38708663,0.03776897743704116,0.03690491478021068
2021-12-12,49420.51,50800.0,48675.0,50124.38,1233.78838616,61530384.90150868,0.023906017032124176,0.024539372084261997
2021-12-13,50102.31,50226.2,45750.0,46725.02,3337.44792896,159015389.23739472,0.041384713946801634,0.04341934006890168
2021-12-14,46736.7,48689.3,46310.4,48389.96,2016.58981458,95389525.03870668,0.04147777751403241,0.03733587103721932
2021-12-15,48386.95,49514.85,46560.0,48876.84,2593.35180959,124713279.32262506,0.04324670087699503,0.04200437194683617
2021-12-16,48876.84,49449.0,47506.21,47663.42,1456.25725801,70671344.77516685,0.028105572448764705,0.026978493914914817
2021-12-17,47654.99,48018.52,45478.74,46210.92,2077.28024679,96940214.10984404,0.04056054075844665,0.04100804053046745
2021-12-18,46141.63,47370.14,45501.0,46881.87,827.39374258,38484369.706298806,0.026299553330785694,0.029273486121704228
2021-12-19,46854.18,48307.34,46450.0,46704.67,1275.49937089,60333324.5936188,0.03228790641788959,0.033925408326451766
2021-12-20,46671.66,47547.5,45572.94,46915.0,1726.01603262,80058031.92667674,0.030829940972078296,0.030712286236414022
2021-12-21,46926.72,49353.49,46667.08,48929.86,1674.16446918,81217865.689605,0.027410862145455083,0.02908519428557918
2021-12-22,48907.75,49600.0,48449.87,48618.99,1306.16574192,64019167.98761001,0.022250688220528496,0.024271844105092016
2021-12-23,48618.99,51386.66,48051.1,50850.0,1715.35802664,84800614.79086563,0.025907064985066838,0.02849329401693457
2021-12-24,50850.0,51864.56,50442.34,50841.48,1446.08883091,73911303.77729231,0.025795080074988704,0.023400601617863417
2021-12-25,50857.42,51179.36,50190.9,50442.22,823.04872916,41806774.97323385,0.018545758482449035,0.01812345051294084
2021-12-26,50421.51,51292.65,49458.85,50791.21,1015.22197466,50932514.83379578,0.02286340808913073,0.024270177974617304
2021-12-27,50885.32,52098.6,50479.44,50718.11,1102.98343745,56412896.1609475,0.02148136077277933,0.02172526529069553
2021-12-28,50708.05,50719.59,47300.0,47543.3,2215.26863352,107995683.68266492,0.03443886052949752,0.032523141697198325
2021-12-29,47597.7,48157.41,46099.94,46483.36,2089.30815829,99082327.28209892,0.032447748651600945,0.03406974654122145
2021-12-30,46474.59,47916.32,45934.37,47150.71,2162.27044303,101743069.11412267,0.027305736850317064,0.026983470723317495
2021-12-31,47110.3,48589.47,45655.31,46214.37,1798.55260406,84945323.78669351,0.03267895735832209,0.03536194246714525
2022-01-01,46230.0,47960.98,46199.9,47777.42,741.52060313,34900802.68465556,0.02753842023698361,0.026132697250226208
2022-01-02,47745.25,47989.0,46660.0,47350.22,702.0947554,33178330.128734514,0.023899677143997558,0.02314701691716307
2022-01-03,47290.55,47586.58,45692.13,46439.89,1140.17908832,53220876.5269887,0.024607821658371744,0.02312182987738453
2022-01-04,46464.01,47526.0,45539.05,45820.0,1832.61283694,85217051.57024084,0.028878466261133946,0.03110293822960032
2022-01-05,45828.77,46855.06,42413.59,43435.8,3397.54577759,153471683.23908362,0.042226446269918005,0.042318425204532495
2022-01-06,43417.31,43782.86,42414.0,43097.6,2450.1130935,105565911.67106892,0.02841478353204155,0.02754406454348628
2022-01-07,43093.4,43135.35,40600.0,41535.66,2984.20586087,124822995.4982615,0.046426636422918076,0.05153144868429778
2022-01-08,41576.73,42315.31,40517.05,41690.77,1581.47361959,65580361.82840686,0.03141522029723323,0.03153946630403257
2022-01-09,41697.32,42796.49,41200.0,41875.81,1532.58823403,64389981.01994632,0.028075573986125896,0.027778706752524772
2022-01-10,41853.98,42256.55,39558.7,41845.42,3494.01378649,143799537.54057598,0.04585735160938447,0.046295883674782025
2022-01-11,41842.22,43144.74,41284.11,42736.0,2442.65415081,103314212.95075224,0.030609411311773894,0.03429846553107341
2022-01-12,42754.44,44337.26,42471.17,43933.5,2502.76210107,108785609.47361119,0.02609030732849209,0.026105117877574066
2022-01-13,43935.01,44456.34,42321.0,42571.94,1993.88324273,86655484.76252131,0.029605661874864554,0.029635382563158695
2022-01-14,42579.44,43468.95,41782.21,43102.35,1386.83275834,59173664.73910244,0.027112367909984468,0.02679674438403796
2022-01-15,43085.76,43826.8,42387.86,43102.01,707.65852297,30518522.770847056,0.01941554068547768,0.02058570570694222
2022-01-16,43084.77,43495.59,42615.0,43107.7,621.95302734,26813741.962244753,0.020050246891300815,0.018552101456541424
2022-01-17,43099.08,43209.47,41581.0,42255.07,1060.00938797,45000924.76018149,0.025178967080527987,0.02317878473644142
2022-01-18,42230.09,42685.25,41290.06,42377.4,1638.87085963,68526765.21650113,0.027058607407177082,0.02536548097266871
2022-01-19,42378.23,42589.9,41145.23,41683.21,1664.70405269,69806931.54288338,0.02931063688336733,0.02828865753926416
2022-01-20,41733.21,43518.69,40554.14,40736.05,2425.15260695,102538081.35728258,0.03110789358757717,0.03279035481468407
2022-01-21,40654.72,41115.58,35423.0,36495.46,6201.04610092,237146654.93599522,0.07093582756304094,0.0742365160750994
2022-01-22,36447.37,36825.98,34000.0,35091.11,4510.37218636,159475912.68492678,0.07056792677031239,0.06362554175162706
2022-01-23,35084.79,36574.47,34624.59,36293.62,2533.70397599,90112539.2548874,0.04133120045447567,0.0428436809945023
2022-01-24,36262.21,38050.0,32950.72,36724.99,6335.15428027,219382554.48140752,0.065180936330679,0.10991862725878641
2022-01-25,36721.59,37552.3,35722.43,36975.91,2793.69107911,102195271.93260956,0.04285311098046446,0.03999428752129353
2022-01-26,37006.76,38946.0,36279.21,36829.32,3663.15557069,137765989.48798957,0.05834385666324954,0.04674926577421929
2022-01-27,36824.02,37251.0,35511.32,37208.36,3103.82301099,112810122.525824,0.04699754643148138,0.0463253086027297
2022-01-28,37179.62,38022.11,36173.98,37748.36,2420.65410706,89738121.11245452,0.03760735361254267,0.036066220019945576
2022-01-29,37713.14,38741.67,37327.79,38192.65,1296.90892268,49124295.49503048,0.02910577219947094,0.027354458480473895
2022-01-30,38176.45,38378.88,37372.59,37941.82,708.79481272,26894463.342160165,0.023473487996332986,0.02222324103870117
2022-01-31,37914.1,38776.33,36631.66,38491.92,2009.13000337,75690009.28765471,0.03264048554137785,0.032406304221612246
2022-02-01,38483.56,39285.0,38033.78,38733.04,2073.9387171,80111428.35753152,0.031964777316834767,0.031621764117050366
2022-02-02,38768.08,38883.96,36618.36,36923.5,1672.70719509,63279389.24334886,0.029197130698701123,0.03028594789757648
2022-02-03,36924.5,37391.74,36264.55,37320.11,1624.39014671,59703507.02270484,0.03364251743772405,0.029253626009768694
2022-02-04,37330.75,41760.39,37064.28,41579.57,3901.59890405,153059720.61500666,0.042104263627142695,0.047445685501438295
2022-02-05,41608.82,41983.12,40975.0,41427.72,1892.23797403,78587631.72154543,0.02712793922264745,0.025237368108781615
2022-02-06,41422.7,42701.86,41141.81,42420.24,854.67571444,35673785.25068861,0.02643392251664199,0.027260879558696438
2022-02-07,42420.24,44524.18,41682.11,43869.04,2601.46944039,112376495.21678919,0.0317725976798206,0.03460068611492661
2022-02-08,43895.6,45501.0,42701.19,44091.56,2591.80146351,113697057.91733414,0.03909469453295478,0.04104653356689525
2022-02-09,44106.95,44865.72,43164.0,44426.84,1625.88352507,71453115.96013117,0.031676207329084924,0.031623929770306446
2022-02-10,44426.24,45850.0,43209.07,43524.6,2692.62339808,119662793.95641935,0.04889587389029966,0.04610678395415415
2022-02-11,43540.15,43969.72,41983.12,42406.19,2170.37239741,93534381.9071314,0.042917465884235735,0.038929560588055204
2022-02-12,42392.22,43034.0,41740.06,42241.11,892.34533043,37763275.69900787,0.026811045966393873,0.026791308361566145
2022-02-13,42232.68,42779.6,41882.54,42077.74,515.45574228,21818084.301267195,0.022700214047498286,0.021089774795586318
2022-02-14,42078.53,42871.68,41575.0,42540.3,1270.88651697,53688115.049003005,0.02479210930977154,0.02570880148486049
2022-02-15,42567.27,44785.66,42469.96,44582.48,1772.92325828,77995443.26479481,0.02375838225088432,0.02540009109784666
2022-02-16,44590.75,44590.75,43312.83,43901.48,1251.8335941999999,55000208.58778107,0.02158075673355198,0.021920575729307574
2022-02-17,43901.49,44204.78,40088.88,40556.11,2437.49036088,102666775.33162704,0.03395068617281643,0.03627671951867638
2022-02-18,40532.66,40996.31,39450.0,39996.99,2212.7149201,89142871.2307912,0.036817026947836146,0.03569083107835194
2022-02-19,40008.75,40471.27,39587.08,40109.02,695.654296,27844964.5936255,0.02018250344232983,0.019262990435589596
2022-02-20,40108.62,40151.62,37974.18,38373.9,1283.5115474,49608259.91577236,0.027598650048481527,0.028637262668095714
2022-02-21,38384.09,39494.11,36810.72,37076.6,3501.42036418,134064573.10468724,0.05444783631777771,0.05553435953831669
2022-02-22,37036.98,38463.88,36368.99,38269.94,2388.75903515,89272745.16893257,0.0418382487416945,0.04028441647275644
2022-02-23,38269.94,39303.24,37060.16,37274.18,1778.27525833,68019235.62803257,0.03265595078437924,0.03248758260968616
2022-02-24,37253.26,39720.0,34324.05,38376.88,6302.85095659,225987850.9040838,0.07724034859438926,0.07134655171260848
2022-02-25,38360.93,39727.97,38027.61,39231.64,2202.85182731,85963679.17220633,0.04431944143633065,0.040060288639983496
2022-02-26,39242.64,40330.99,38600.0,39146.66,912.7240869,35901751.72608454,0.031279175958041076,0.031938188301085746
2022-02-27,39146.66,39886.92,37015.74,37712.68,1701.81704307,65191800.47245976,0.043691543159589986,0.046800186302237236
2022-02-28,37717.1,44256.08,37468.99,43178.98,3160.61807044,128012097.59711123,0.06339580793874085,0.06184157080626374
2022-03-01,43221.71,44981.22,42847.85,44443.96,2831.29722228,123886725.23031317,0.038495380018186164,0.0385853650492076
2022-03-02,44443.98,45332.38,43350.0,43936.72,2043.55683949,90383669.64404386,0.040889270460940666,0.04102912769041771
2022-03-03,43936.73,44118.53,41832.34,42476.26,2253.43076958,96477147.84773502,0.033258854644455466,0.033494466020166425
2022-03-04,42476.25,42540.57,38590.95,39175.56,2493.65743037,101652159.47312513,0.044932377125858305,0.04229572731361251
2022-03-05,39170.19,39620.3,38600.3,39416.79,806.91142871,31605358.227460455,0.022773129137603248,0.020857323282780147
2022-03-06,39390.31,39701.0,38100.0,38438.89,1194.37373381,46488357.16001109,0.03380227186216985,0.03263335258648162
2022-03-07,38404.97,39557.26,37169.52,38016.47,1949.69691981,74692260.7147466,0.0440081823650848,0.042372394390309175
2022-03-08,38002.23,39377.0,37885.05,38753.65,1864.9046138200001,72185764.61758073,0.0397933095729269,0.03920161670048357
2022-03-09,38761.13,42591.68,38667.65,41960.02,1980.29362461,82201122.41209976,0.038136000248401886,0.04356971955104367
2022-03-10,41952.13,42053.95,38545.19,39444.45,2506.23482676,99181870.6598748,0.049263082100434744,0.04768193829369837
2022-03-11,39433.48,40237.22,38244.76,38729.79,2063.22335158,80541251.93967737,0.040876133033628505,0.038910868920363335
2022-03-12,38729.79,39458.58,38653.89,38822.02,962.85566586,37619883.07601536,0.018603584512223364,0.019664609841846998
2022-03-13,38798.68,39312.5,37595.62,37790.54,737.88013225,28473483.58654926,0.02697272280445622,0.02626629192472639
2022-03-14,37763.37,39913.42,37567.19,39665.71,1439.76768221,55882853.19659165,0.03607821070190877,0.03219512768581485
2022-03-15,39688.55,39896.13,38142.35,39302.7,1638.68402951,64140424.02232454,0.027947903241404518,0.030140371006726636
2022-03-16,39302.8,41693.97,38865.67,41142.76,5987.10388902,241807422.44441783,0.06259136830386094,0.06082741185646386
2022-03-17,41142.76,41497.24,40449.06,40963.22,1657.76165332,67794646.37959313,0.023694780520533275,0.024104651811700118
2022-03-18,40963.22,42362.0,40068.88,41794.37,2125.12318171,87471932.15998907,0.024686585462461965,0.025301738494430768
2022-03-19,41781.96,42405.01,41553.88,42235.31,976.88885105,40982188.62771139,0.01694464541915634,0.017620572865532577
2022-03-20,42240.43,42324.06,40930.2,41242.14,1061.35307364,44092129.63730835,0.01958858944776844,0.01965783834973594
2022-03-21,41293.19,41588.7,40516.86,41043.14,1779.49806583,73092974.49946575,0.027025289868139218,0.024468180304414784
2022-03-22,41018.36,43337.41,40901.13,42393.41,2375.4246535,101088112.52642162,0.03424935331120359,0.03250433743653917
2022-03-23,42393.62,43021.73,41779.11,42925.41,1906.72354645,80607660.36670451,0.023947129727951322,0.0248798595858208
2022-03-24,42912.21,44240.0,42636.54,44025.99,2173.30497451,94329296.64883108,0.02361494389477165,0.023674409130978943
2022-03-25,44025.99,45137.12,43616.88,44320.6,1725.0715699,76690059.53034948,0.02101123147993826,0.022581052212001275
2022-03-26,44340.49,44815.31,44101.0,44535.65,494.7242021,21985410.27647961,0.015092666740395746,0.013722520926028332
2022-03-27,44553.24,46950.0,44456.9,46864.39,1548.88890527,70875222.42020744,0.034559598120760635,0.03119089923139729
2022-03-28,46854.96,48234.0,46672.25,47152.38,2691.93784761,127599311.29009078,0.02581210094135133,0.026870394878895018
2022-03-29,47152.38,48128.87,46941.84,47459.03,1716.32392308,81699130.11729543,0.021659461533221114,0.020973009265477943
2022-03-30,47459.03,47721.41,46572.15,47068.08,1627.54321756,76877612.60220182,0.021225729968951584,0.022819907964921768
2022-03-31,47086.07,47624.18,45234.0,45517.27,1372.96510736,63708709.704682514,0.02612588291185552,0.025770850689924733
2022-04-01,45522.53,46739.81,44244.0,46307.81,1953.21952857,88822072.33383393,0.028327896574375958,0.02828877980559804
2022-04-02,46306.38,47218.17,45650.0,45820.28,724.30875007,33640282.59316973,0.026844292183339558,0.02688266458787534
2022-04-03,45820.28,47458.48,45565.64,46401.57,1063.6287324,49483805.14554611,0.026324548558083076,0.022523609082946577
2022-04-04,46414.88,46891.17,45124.79,46598.2,1496.64154125,68797581.39888155,0.023142811349771125,0.024423633814426367
2022-04-05,46598.2,47201.0,45342.33,45502.73,1127.69043708,52188120.23910517,0.02296070783564816,0.0219859716254759
2022-04-06,45512.95,45548.77,43086.8,43191.59,3073.55689716,136035253.80979437,0.03522970294637389,0.035422992239982715
2022-04-07,43172.83,43896.45,42741.52,43454.53,1381.67737796,60033409.15816175,0.0261144412915487,0.024053462889727647
2022-04-08,43467.82,43986.09,42120.0,42290.11,1453.744661,62756155.47311035,0.028221348785152797,0.028536092309340493
2022-04-09,42258.22,42807.63,42131.51,42767.89,525.17354399,22285143.051670402,0.01576330428430138,0.01453458952767165
2022-04-10,42774.85,43450.72,41888.88,42133.85,862.61310467,36818171.24474909,0.019216623857260053,0.020689515106529603
2022-04-11,42159.45,42415.57,39218.15,39524.86,2288.47921183,93373555.474235,0.03530971936621887,0.03595469443372853
2022-04-12,39545.37,40691.01,39273.65,40097.46,2111.92057359,84463882.90473454,0.029002622619778488,0.02760609153962138
2022-04-13,40099.51,41557.61,39584.86,41147.74,1563.48448746,63381787.69259373,0.029115654221860274,0.02927973496195051
2022-04-14,41159.29,41504.29,39582.53,39961.53,1169.49381805,47295742.347094335,0.02325872667424342,0.02235451889614684
2022-04-15,39962.6,40869.99,39788.97,40563.18,752.39943803,30320859.294860385,0.020535722494878728,0.021297708847073358
2022-04-16,40576.41,40701.0,40014.79,40395.67,365.72624783,14769292.240861831,0.014552191698214747,0.01411040928545541
2022-04-17,40379.81,40602.69,39565.68,39691.27,485.0037186,19475678.303292464,0.017642989289586554,0.01653017205234597
2022-04-18,39660.62,41101.0,38547.12,40814.6,2421.08185584,96360745.37178075,0.03242550657878733,0.03253140444348415
2022-04-19,40814.6,41754.05,40578.58,41505.77,1457.11081239,60090364.62724067,0.020157719121752012,0.01962495851814422
2022-04-20,41476.89,42220.04,40893.21,41375.85,1359.54131303,56470590.36691963,0.022519016434226855,0.022214850203813048
2022-04-21,41378.77,42978.95,39770.0,40470.76,2163.31405365,89940543.5166082,0.031161462861614857,0.02980483268473288
2022-04-22,40497.0,40808.66,39197.64,39726.03,2136.9997712,85622902.26710856,0.02892348543451952,0.026015462148250797
2022-04-23,39700.55,39983.98,39301.0,39421.59,398.24448783,15808685.299481574,0.014361885657863015,0.014343500511104692
2022-04-24,39438.51,39944.65,38987.0,39467.4,663.70417243,26232111.702335294,0.020015740236589766,0.021105461178041584
2022-04-25,39464.67,40602.85,38202.91,40441.11,2220.04402771,87140470.02827264,0.03976693384386714,0.03709258054992312
2022-04-26,40452.52,40800.0,37701.0,38137.67,2909.72251989,113249481.81284651,0.03535301002161445,0.03337079217875818
2022-04-27,38105.68,39494.73,37885.75,39256.05,1769.00930667,68746549.94078322,0.028148263340207782,0.03069616947872458
2022-04-28,39254.4,40387.0,38880.44,39754.2,1842.0050844300001,73018254.16561662,0.03459135400146367,0.03212872387194407
2022-04-29,39753.28,39923.61,38174.27,38593.42,1600.89916681,62415830.14691724,0.026425887149364297,0.02680331588405347
2022-04-30,38599.3,38786.95,37597.36,37639.8,728.27961992,27885006.17280246,0.01980946411438969,0.018186575787483804
2022-05-01,37638.78,38672.2,37400.0,38488.34,1248.04269032,47546076.00148251,0.02468529689572252,0.02659414052373537
2022-05-02,38484.46,39153.13,38045.79,38521.01,1434.10079893,55447593.38224406,0.027530577905979035,0.02833851614722961
2022-05-03,38506.38,38641.57,37515.83,37729.95,1157.92207652,44162016.036015645,0.02034847064203002,0.018903322248033563
2022-05-04,37735.35,40050.19,37665.46,39685.23,2297.27213438,89993433.26891437,0.025969907725071826,0.029053830429460185
2022-05-05,39685.23,39840.37,35579.4,36533.93,3736.73012912,139931117.80219048,0.04273179634045466,0.04126350249450799
2022-05-06,36542.41,36648.2,35268.69,36019.22,2594.53333069,93591626.66635269,0.03334330012275882,0.03231479536973088
2022-05-07,36019.15,36123.99,34777.85,35463.46,1224.39699253,43488238.69591314,0.023177585844880208,0.023048432979873044
2022-05-08,35465.46,35496.55,33710.16,34025.5,2670.3998161600002,92003082.68988188,0.03306875646486101,0.03308799378595984
2022-05-09,34051.2,34224.35,30015.0,30082.0,7631.12166167,242996209.09068385,0.07045641861905778,0.06380421123296821
2022-05-10,30066.48,32650.0,29731.03,30999.97,7402.30231296,231217046.0210146,0.06549106788359062,0.0669518619122528
2022-05-11,31002.27,32148.15,27757.77,29000.0,11180.84883589,335615167.855898,0.10444433666936691,0.11083422941353183
2022-05-12,28999.99,30090.7,25401.05,28896.19,16578.810599,463695749.0929581,0.11146545927851143,0.11559294200301139
2022-05-13,28932.69,30974.6,28686.37,29238.81,6010.27363922,181209486.09304634,0.05595800429104229,0.052872467463568946
2022-05-14,29239.41,30281.49,28561.23,30033.96,2910.99216303,85523717.12541412,0.035965197828073295,0.0419849030332
2022-05-15,30041.16,31411.48,29440.71,31295.03,2085.06630084,63048625.59285245,0.037474344385491326,0.03581243482549361
2022-05-16,31275.27,31275.27,29060.0,29832.45,3112.79429009,92898749.47143446,0.04356294381692919,0.04476957540016566
2022-05-17,29847.53,30753.96,29400.0,30425.36,2143.92566327,64797474.80658476,0.035429682330358786,0.0364585633512876
2022-05-18,30423.9,30670.0,28615.23,28681.26,2318.15544994,68218722.6956432,0.035855686947305766,0.034339604022414275
2022-05-19,28681.15,30505.14,28656.46,30290.33,2516.77484526,74854291.43874095,0.03595179633482104,0.03493512573956748
2022-05-20,30271.22,30725.56,28690.13,29176.7,2337.17319044,69194902.68357384,0.034280150769707106,0.035696020512837205
2022-05-21,29176.7,29621.01,28914.7,29421.05,490.42738451,14382478.858934203,0.021950993071410473,0.01855172134653363
2022-05-22,29400.34,30457.58,29209.03,30264.66,1318.89417974,39470557.42964351,0.02533719067211689,0.025190863752488347
2022-05-23,30264.66,30628.0,28839.29,29081.76,2158.65047198,64713708.29295725,0.03176964469905082,0.03043242803090774
2022-05-24,29081.76,29810.38,28632.4,29632.15,1490.23613231,43601421.044369794,0.027420712432819405,0.027714953504663457
2022-05-25,29626.53,30189.7,29313.78,29510.15,1563.30877003,46510604.64658354,0.027576965369029073,0.028120568576201547
2022-05-26,29511.95,29853.34,28003.0,29183.06,2835.00522362,82506427.97070765,0.04006545124586714,0.03737780485707581
2022-05-27,29183.39,29360.34,28253.57,28589.48,2109.94198208,60865392.626044534,0.03612977226151046,0.035479553548227745
2022-05-28,28606.08,29231.9,28498.73,29010.82,721.5469467,20835906.648579538,0.0195693206108119,0.01765570362109723
2022-05-29,29010.82,29561.04,28814.46,29448.94,909.19180016,26526071.707924623,0.017050780555998905,0.015320793183051613
2022-05-30,29454.69,32195.68,29276.15,31731.22,3257.5487365,100229895.71646808,0.036037419460846404,0.03767219381801023
2022-05-31,31677.13,32375.81,31181.26,31762.76,1621.62249868,51423091.173399284,0.030295128645335723,0.03019033387766458
2022-06-01,31777.06,31962.79,29309.84,29787.4,2629.80184718,80574738.09841603,0.034826024727257786,0.0351887855066396
2022-06-02,29791.96,30688.82,29568.13,30437.18,1226.29074296,36870950.468830466,0.030105252664480747,0.02550122127129707
2022-06-03,30437.77,30670.07,29232.99,29669.39,1151.14514737,34388549.783019304,0.024625327515569544,0.024961356717460206
2022-06-04,29688.17,29948.84,29444.21,29853.51,472.40386055,14038070.69600639,0.01691152691698604,0.015914444375341022
2022-06-05,29834.06,30153.18,29514.96,29888.98,563.06294053,16842627.15805296,0.018454736477834546,0.01643600874943481
2022-06-06,29905.46,31737.31,29868.16,31351.21,2494.10424691,77845208.30633338,0.028256792312466406,0.027812722573713367
2022-06-07,31351.1,31536.11,29184.25,31115.82,3672.30493412,111481765.5811341,0.05851728944842567,0.051404573928182595
2022-06-08,31108.3,31310.53,29831.85,30185.58,1909.67240307,58089379.57986095,0.039735662440212136,0.04017434240587763
2022-06-09,30190.31,30672.56,29920.56,30089.03,953.92926451,28824110.486955225,0.024421134691139598,0.02048983901757252
2022-06-10,30068.53,30333.81,28832.83,29065.66,2545.34126907,75115843.73440775,0.03559520514895787,0.03173270931566014
2022-06-11,29065.66,29403.62,28085.75,28390.94,1587.1952467,45587188.15316739,0.030430480341071313,0.02960462346728584
2022-06-12,28397.38,28523.06,26500.0,26585.1,2588.83347441,71219738.47002362,0.04415623323609119,0.04742212197862478
2022-06-13,26538.63,26845.63,21910.26,22450.43,12621.88318574,303651984.67338127,0.08958082941115082,0.08631163927680223
2022-06-14,22407.53,23288.88,20816.35,22097.3,8576.80050998,189423850.25546253,0.09051759724427255,0.09124368976332534
2022-06-15,22077.83,22756.0,20079.72,22555.27,13481.53959307,285315581.06858736,0.09841587600308767,0.10298721013818439
2022-06-16,22563.82,22957.01,20200.0,20382.88,4889.1243038,103784164.16210043,0.05853377340947566,0.054117450111624235
2022-06-17,20387.66,21325.06,20220.16,20440.7,3615.09731757,74734868.98867849,0.047420042332211663,0.04761117085300078
2022-06-18,20428.19,20758.0,17592.78,18956.8,7958.38532206,150328385.66465685,0.08615130973506939,0.08073357776989162
2022-06-19,18952.14,20783.48,17930.7,20552.82,5100.88311828,98902379.12900393,0.08293204300480389,0.08054077911681987
2022-06-20,20557.2,21036.89,19616.1,20555.44,5112.85052521,104044284.51025802,0.058451332251787454,0.06216833922788195
2022-06-21,20555.44,21708.76,20332.07,20712.29,3543.16812013,74476264.94440167,0.04787436847366323,0.04706014353811065
2022-06-22,20710.01,20863.44,19743.99,19963.68,4210.49538322,85441837.2275557,0.048739269164454146,0.049156913178645685
2022-06-23,19977.24,21204.14,19869.63,21093.42,2677.89902823,55250624.88584166,0.04075555594668655,0.04244816389637111
2022-06-24,21102.75,21538.4,20713.77,21215.42,2444.77217091,51511330.17412199,0.037140820778243246,0.03533075062619976
2022-06-25,21229.66,21586.67,20890.0,21486.8,1196.38466227,25476646.55194359,0.027055811708765108,0.025954815551421446
2022-06-26,21486.67,21868.0,20968.85,21028.69,1437.6070946300001,30760612.118325908,0.02756119885359026,0.028288046688199734
2022-06-27,21029.19,21516.85,20491.28,20699.72,1648.58803237,34599902.821651,0.030694791969573493,0.029066970836796272
2022-06-28,20699.72,21178.73,20176.0,20261.34,2048.6845194,42495886.031043395,0.027404581278976655,0.02914531307274676
2022-06-29,20253.88,20398.99,19827.0,20093.18,1605.32356204,32292651.661417633,0.029766465641956327,0.029175974679151704
2022-06-30,20098.0,20131.06,18595.6,19924.89,4907.84854025,94651181.79801807,0.050478307959519735,0.05351043358741181
2022-07-01,19960.61,20895.08,18944.69,19239.47,4424.08855864,87226483.64643675,0.06148825487099643,0.05687254723660444
2022-07-02,19263.41,19425.08,18960.0,19228.25,1478.97411836,28452196.135195207,0.023697904727414967,0.02306344387319564
2022-07-03,19232.76,19616.43,18763.96,19294.46,1438.93649433,27602629.129906908,0.03437220222282571,0.029745242311266157
2022-07-04,19296.88,20319.88,19032.44,20209.53,2016.0820069,39672565.69126215,0.03152388753009953,0.033402912682905475
2022-07-05,20209.02,20720.0,19281.82,20168.63,2882.22647228,57627044.21388199,0.03788142794732677,0.038872815447519464
2022-07-06,20164.65,20648.76,19750.16,20547.45,2093.38193195,42272840.009391546,0.037806557623617475,0.034843722680597516
2022-07-07,20546.29,21847.25,20237.58,21643.56,3422.57159508,72403753.11178431,0.03210344839115377,0.033986411284369675
2022-07-08,21620.85,22401.0,21164.07,21584.14,3352.94753796,73121871.80796403,0.05153074585872087,0.046418800176877696
2022-07-09,21592.69,21955.18,21311.36,21588.35,865.38701575,18707537.157551344,0.0292263107907244,0.02472090394439854
2022-07-10,21581.98,21593.73,20629.99,20856.08,1398.91806277,29499725.94110794,0.029233672018182576,0.028202532191958552
2022-07-11,20851.14,20858.75,19869.0,19949.71,1381.03847332,28207058.564790644,0.029461959772029193,0.028817930739861636
2022-07-12,19948.55,20036.24,19237.42,19321.14,1738.03082444,34249596.46382518,0.029525966352958035,0.02918366641651299
2022-07-13,19337.91,20367.88,18905.55,20232.35,3196.86413812,62646446.55640144,0.05662452918403112,0.05388731463214166
2022-07-14,20225.24,20880.0,19608.47,20577.23,2574.75885317,52173210.00136229,0.03651462899871638,0.03813762959869588
2022-07-15,20569.17,21186.35,20368.7,20835.39,1581.8301293,32954970.46443032,0.032834689269185896,0.03288274746590708
2022-07-16,20823.7,21577.0,20472.68,21195.49,1740.63926769,36554421.66944396,0.03133770314730492,0.027596270456016092
2022-07-17,21198.34,21664.52,20751.08,20801.85,1497.20354125,31763915.80556429,0.030845738148663905,0.030016917034011943
2022-07-18,20786.76,22760.04,20757.29,22435.04,4288.35687434,94378228.95947367,0.05022798550067522,0.052523024168853884
2022-07-19,22439.63,23800.0,21578.45,23405.02,4682.35297064,106185706.4186821,0.053994466964826376,0.05314767480792216
2022-07-20,23392.04,24280.3,22893.95,23208.53,4052.6845923700002,95655608.66468073,0.05090171834652514,0.04977404177658219
2022-07-21,23217.0,23430.33,22340.34,23163.34,2267.47408756,51964333.883323416,0.040992503465791724,0.03935875084303969
2022-07-22,23166.09,23760.87,22512.42,22682.26,2025.58385843,46960567.85028861,0.03806809025841658,0.03389934773389059
2022-07-23,22696.19,23005.68,21944.47,22468.69,1010.85783614,22672097.327606145,0.030519933748681942,0.02849720468646641
2022-07-24,22468.7,23006.77,22272.23,22595.81,681.19673676,15455867.378607275,0.03270427770603381,0.02827235563376647
2022-07-25,22589.47,22673.68,21250.0,21306.56,2128.78016831,46674083.10644976,0.03669088107876238,0.0344327798704928
2022-07-26,21314.26,21344.09,20700.13,21259.78,1965.57798404,41270412.95759917,0.02798429996817199,0.029086921615125428
2022-07-27,21266.14,23112.9,21047.7,22969.04,2976.18882906,65833711.137923904,0.038796811183521226,0.0398698245678737
2022-07-28,22972.22,24198.95,22600.0,23853.11,3463.79018298,80985365.21066687,0.04235047533238255,0.04546850233678606
2022-07-29,23856.91,24445.0,23438.5,23785.31,2536.49166787,60626760.66912915,0.03843554851330421,0.03651261312242317
2022-07-30,23777.85,24676.0,23523.29,23644.58,1739.57494563,41845532.77082426,0.033932805477637204,0.030314382345489353
2022-07-31,23652.53,24190.09,23241.0,23322.53,1624.15172546,38521197.330996595,0.0343522309727435,0.029412537047216195
2022-08-01,23287.38,23511.5,22861.0,23282.92,1310.17180502,30414621.24268606,0.02720909672815328,0.026895346678213545
2022-08-02,23291.67,23468.33,22665.98,23001.52,1441.50641868,33166930.297094077,0.0364817433278935,0.030793698757122567
2022-08-03,22997.07,23642.14,22686.12,22835.88,1306.29502305,30310236.260454044,0.02678079831912418,0.02599324792898979
2022-08-04,22830.37,23228.77,22400.0,22615.24,1537.96629545,35114249.95092098,0.029334279225486978,0.027131410984363905
2022-08-05,22630.14,23478.0,22587.94,23326.4,2070.35989801,47814488.277006924,0.027561329642538133,0.02862306873810558
2022-08-06,23326.5,23354.54,22919.76,22956.61,672.14529689,15582885.907577356,0.016737469581975892,0.014373186821600936
2022-08-07,22946.0,23411.55,22855.14,23187.62,691.3833738,16016998.015164813,0.015875210815588726,0.014256439114589584
2022-08-08,23177.72,24246.06,23169.64,23821.68,1845.04091771,43950946.158198185,0.024489862985495943,0.023957992591036734
2022-08-09,23811.29,23927.44,22880.22,23164.78,1206.11169091,28197434.549674015,0.021293296800301773,0.02053605815907186
2022-08-10,23151.68,24228.0,22668.57,23964.0,2251.388441,53337258.78178102,0.0346145467768507,0.03834834707449678
2022-08-11,23961.0,24921.0,23867.0,23959.0,1964.2043205,47984875.40539583,0.03134551179190814,0.03075304641755661
2022-08-12,23957.0,24459.0,23615.0,24407.0,1258.79271631,30202665.57743344,0.02211506413481975,0.022252468361137197
2022-08-13,24421.0,24900.0,24301.0,24456.0,891.4216972300001,21895875.78535361,0.021966731556681315,0.02109861582607834
2022-08-14,24459.0,25053.0,24161.0,24320.0,1360.86975366,33509790.60103049,0.020637655304058294,0.019367931295527403
2022-08-15,24324.0,25212.0,23782.0,24110.0,1764.96054871,42923002.5647694,0.03202589478839045,0.03355588256907638
2022-08-16,24103.0,24250.0,23673.0,23867.0,761.78640254,18219338.75283471,0.02449357206567996,0.022088672918280518
2022-08-17,23867.0,24448.0,23176.0,23340.0,1814.51630224,42935109.16052522,0.027481556372321313,0.027410788502187266
2022-08-18,23348.0,23593.0,23103.0,23201.0,888.93580166,20814543.34072296,0.0185591061624496,0.016424590067450406
2022-08-19,23192.0,23202.0,20785.0,20841.0,3558.4209748,77195694.37045272,0.04679080057394998,0.05014199261283312
2022-08-20,20840.0,21368.0,20769.0,21146.0,1475.27766281,31122026.29404813,0.026648170837772874,0.026454171856308387
2022-08-21,21150.0,21778.0,21070.0,21514.0,1070.7625595,22944686.3780135,0.026594566213618515,0.02288038742612009
2022-08-22,21517.0,21530.0,20901.0,21411.0,1428.98968096,30329624.8495443,0.026284103906849866,0.02602882378119723
2022-08-23,21404.0,21672.0,20899.0,21520.0,1237.15547461,26452735.00922091,0.027671950345446394,0.024659301301764032
2022-08-24,21523.0,21892.0,21142.0,21372.0,1825.65585841,39233827.00612307,0.024526441230573483,0.02352894634536388
2022-08-25,21364.0,21813.0,21319.0,21571.0,1134.96366241,24533200.34825025,0.01889784430453935,0.018015398638065727
2022-08-26,21550.0,21870.0,20119.0,20250.0,3482.0913778,73280676.3147047,0.040474756362619706,0.03732307131063342
2022-08-27,20242.0,20376.0,19766.0,20045.0,1322.83765891,26603364.13942328,0.022548248465797904,0.021749507313460325
2022-08-28,20044.0,20159.0,19526.0,19557.0,883.35771116,17573043.82408106,0.018976262442456596,0.019756443458740638
2022-08-29,19571.0,20415.0,19557.0,20302.0,1226.5339045,24571469.3510589,0.0241103296984325,0.02274173210369294
2022-08-30,20300.0,20575.0,19552.0,19819.0,2061.62816733,41338261.80400955,0.028619638275832044,0.030996527600894296
2022-08-31,19836.0,20490.0,19822.0,20059.0,2271.16555773,45836836.19243149,0.03085948490716975,0.028807234872741
2022-09-01,20049.0,20202.0,19573.0,20128.0,1841.61890225,36714902.30859846,0.026162984165620073,0.02640603367548817
2022-09-02,20133.0,20440.0,19762.0,19959.0,1704.54970941,34263542.15668418,0.026385557048168407,0.025618082902250257
2022-09-03,19950.0,20053.0,19667.0,19840.0,454.45221631,9008076.63971685,0.014792378493459024,0.012750517342786434
2022-09-04,19840.0,20025.0,19586.0,20007.0,468.46460815,9277181.533481989,0.01615382598139941,0.016576457623635823
2022-09-05,20014.0,20051.0,19634.0,19794.0,975.96352852,19311701.4918875,0.017008483429518897,0.016548314897967046
2022-09-06,19794.0,20181.0,18669.0,18789.0,3216.97354596,62052813.63524305,0.03221092360752226,0.038254700276980746
2022-09-07,18808.0,19456.0,18540.0,19276.0,1946.27402334,36957432.62832479,0.026572060841423942,0.025166146816172477
2022-09-08,19301.0,19454.0,19023.0,19322.0,1759.19295086,33875527.74309201,0.02505337230588127,0.023159303162811097
2022-09-09,19327.0,21610.0,19303.0,21371.0,4009.32373236,83202854.87247522,0.03479625823644539,0.039569442935793266
2022-09-10,21371.0,21814.0,21125.0,21672.0,1355.39296702,29042566.42152493,0.027086017568630164,0.02533587683103311
2022-09-11,21663.0,21871.0,21360.0,21835.0,844.39459098,18256792.86911543,0.02515039724293303,0.022803484149611548
2022-09-12,21836.0,22485.0,21565.0,22401.0,2496.98699671,55270069.29005054,0.03334003191715723,0.03593440145455997
2022-09-13,22396.0,22781.0,19862.0,20177.0,3927.08003147,83874489.83154573,0.05015535483149012,0.05335909297268125
2022-09-14,20175.0,20526.0,19623.0,20233.0,2793.90630535,56376320.19903816,0.031160668975881867,0.030851573838972517
2022-09-15,20226.0,20432.0,19500.0,19691.0,2531.5711628,50483789.32472552,0.03291806728287147,0.03182367031030186
2022-09-16,19704.0,19887.0,19330.0,19802.0,2514.42684614,49455970.11953096,0.025110609867377634,0.023140045383759248
2022-09-17,19802.0,20187.0,19757.0,20114.0,947.27782708,18919963.63509593,0.019382841676676078,0.01761869503219169
2022-09-18,20116.0,20116.0,19343.0,19419.0,1609.63965374,31782161.36501084,0.02585608411292524,0.022997260014433307
2022-09-19,19418.0,19679.0,18271.0,19538.0,3418.2169402,64706944.53225912,0.0460722086584003,0.04565750118623944
2022-09-20,19535.0,19634.0,18717.0,18878.0,2544.25288865,48547351.4334018,0.03430426813952676,0.03278132222531652
2022-09-21,18877.0,19902.0,18157.0,18466.0,5332.93776764,101551664.35393165,0.059933088794380675,0.05622806633983099
2022-09-22,18458.0,19541.0,18368.0,19403.0,2607.0417597,49567691.4337277,0.03596682987272219,0.03330596868868454
2022-09-23,19411.0,19491.0,18533.0,19294.0,2593.18338023,49240935.49369047,0.032735905815591555,0.031538377116687055
2022-09-24,19291.0,19309.0,18817.0,18921.0,922.02394143,17571722.21131994,0.023765128278896454,0.01976908663411376
2022-09-25,18919.0,19182.0,18636.0,18810.0,979.44306377,18531657.06072401,0.021726072126662353,0.019299375522877298
2022-09-26,18809.0,19313.0,18690.0,19226.0,3167.38799752,60303833.99515724,0.029614691751507608,0.028530616198780202
2022-09-27,19233.0,20381.0,18822.0,19075.0,4423.71693902,86942713.18063523,0.04116401384241862,0.04684784070156311
2022-09-28,19085.0,19770.0,18461.0,19413.0,3817.64021997,72811999.21728519,0.041073721562682554,0.04004684812476585
2022-09-29,19413.0,19630.0,18852.0,19592.0,1812.62118977,35024255.78597582,0.037474257389105946,0.034924960938195165
2022-09-30,19593.0,20171.0,19152.0,19425.0,2413.78432301,47273083.56330622,0.03609718266252314,0.03511572054327822
2022-10-01,19419.0,19484.0,19174.0,19312.0,378.60698732,7311694.60047056,0.014566869126265732,0.01277983518950104
2022-10-02,19306.0,19395.0,18931.0,19051.0,518.03380521,9917025.53717115,0.01859762457738566,0.016276525533311468
2022-10-03,19060.0,19715.0,18975.0,19636.0,1109.13176723,21520010.53395088,0.021669375766669222,0.02110185751183185
2022-10-04,19633.0,20469.0,19497.0,20343.0,2455.5428922,49324708.26097591,0.02340593407943592,0.023851384313061694
2022-10-05,20343.0,20366.0,19735.0,20162.0,1789.84892196,35881077.94020066,0.024570968391792007,0.023809419116423786
2022-10-06,20161.0,20447.0,19864.0,19951.0,1438.88952495,28960777.85130084,0.02606225426913232,0.02137794083978768
2022-10-07,19960.0,20056.0,19335.0,19532.0,1290.58016407,25448174.63256866,0.020519993170158204,0.024520798306697986
2022-10-08,19533.0,19624.0,19259.0,19420.0,517.3187632400001,10057419.64344057,0.012272991223309503,0.011352297308536045
2022-10-09,19421.0,19604.0,19324.0,19445.0,707.27451611,13765205.69651123,0.012775383417886319,0.011905892030951288
2022-10-10,19436.0,19525.0,19029.0,19131.0,1052.98301829,20285691.16814841,0.01871998001698993,0.019402981717686195
2022-10-11,19131.0,19265.0,18853.0,19059.0,1332.93245318,25410889.20095715,0.01899568982303587,0.01717673231167927
2022-10-12,19061.0,19229.0,18967.0,19157.0,870.27070879,16634102.36640871,0.013743656081524256,0.01229140542784673
2022-10-13,19157.0,19504.0,18183.0,19377.0,2920.78208384,54952194.3551964,0.03852602867329115,0.04117011042330302
2022-10-14,19374.0,19947.0,19083.0,19181.0,1313.80111372,25696305.98472996,0.027332770598190764,0.028129975316283844
2022-10-15,19184.0,19229.0,18990.0,19066.0,331.43098278,6339001.20119255,0.010980291693523986,0.009038974134149617
2022-10-16,19072.0,19425.0,19067.0,19264.0,417.01160964,8016519.59444896,0.01532260739503137,0.015302285121464384
2022-10-17,19262.0,19672.0,19160.0,19547.0,1141.62350258,22186764.68847111,0.017995233275776686,0.015598875803343473
2022-10-18,19547.0,19700.0,19099.0,19334.0,1524.52635389,29677057.55444261,0.0185107077186301,0.018915787243028302
2022-10-19,19329.0,19356.0,19078.0,19126.0,1302.59535401,25016161.07266464,0.014301512545680716,0.014187742127788294
2022-10-20,19128.0,19340.0,18913.0,19043.0,1491.66449329,28527167.25419241,0.018160732224396806,0.017057391978662885
2022-10-21,19043.0,19245.0,18660.0,19165.0,1923.43991085,36546839.68623381,0.01981804951572439,0.017922304862072896
2022-10-22,19166.0,19250.0,19118.0,19206.0,455.42088912,8737581.40309163,0.005823211173388357,0.005371175221168215
2022-10-23,19208.0,19689.0,19079.0,19574.0,1195.62013587,23185721.42527009,0.013397260855220224,0.013225181157501098
2022-10-24,19576.0,19588.0,19169.0,19332.0,1155.8634844,22367847.52416196,0.016087985616784886,0.013694295927173592
2022-10-25,19332.0,20418.0,19222.0,20087.0,2804.51314609,55632014.812542416,0.028585894847586384,0.024315126023497502
2022-10-26,20096.0,21012.0,20062.0,20775.0,2711.06904662,55848214.37032757,0.03309928244610958,0.02978341712344677
2022-10-27,20771.0,20872.0,20210.0,20296.0,1669.88399576,34387978.59086597,0.02359654983576057,0.022948018467443553
2022-10-28,20295.0,20750.0,20008.0,20599.0,1827.61380674,37316722.21851167,0.02070219094492186,0.022873310059599562
2022-10-29,20596.0,21078.0,20566.0,20821.0,1213.18946622,25275276.85293327,0.019742474728620597,0.019290774736656614
2022-10-30,20820.0,20931.0,20525.0,20628.0,679.83876303,14077155.70929851,0.014754252996076783,0.014409059978418648
2022-10-31,20631.0,20833.0,20243.0,20498.0,1880.02456732,38531020.16561884,0.02318858581499133,0.02108926199407531
2022-11-01,20493.0,20681.0,20334.0,20480.0,1276.69180973,26173713.73518369,0.013397813636573306,0.013458496159085532
2022-11-02,20480.0,20802.0,20055.0,20154.0,2292.08236192,46851348.07922994,0.0251557014747757,0.026378501661103407
2022-11-03,20152.0,20387.0,20039.0,20209.0,1004.11893277,20334410.70952549,0.015070252636905096,0.01502888410305246
2022-11-04,20209.0,21290.0,20184.0,21153.0,3501.47535754,73043301.16993897,0.026898534074331026,0.02922332952569447
2022-11-05,21152.0,21473.0,21089.0,21301.0,774.12522007,16513416.43917431,0.014929106153882455,0.015084108466495619
2022-11-06,21299.0,21364.0,20899.0,20907.0,551.95849001,11679402.42923246,0.013584579057346252,0.012635959129882385
2022-11-07,20899.0,21070.0,20400.0,20590.0,1417.9956347300001,29405475.99442761,0.019001938376642605,0.019133214272515717
2022-11-08,20591.0,20669.0,17114.0,18550.0,12035.90178845,229549286.7645816,0.08563320755996703,0.09241581814662833
2022-11-09,18546.0,18588.0,15632.0,15877.0,8350.5654456,143865759.97252676,0.08219120673249176,0.07980591481001936
2022-11-10,15900.0,18150.0,15748.0,17551.0,8375.25692463,142204422.64572835,0.09786314275827877,0.08192857070520403
2022-11-11,17548.0,17645.0,16394.0,17007.0,5636.75561159,95487352.99395159,0.06063306210575088,0.05441009279113758
2022-11-12,17020.0,17054.0,16610.0,16788.0,1882.26415655,31652880.45155767,0.020213581821354035,0.019186567337382703
2022-11-13,16788.0,17240.0,16263.0,16310.0,2703.91194662,44776883.14862878,0.025871998306374683,0.03476960097355419
2022-11-14,16300.0,17130.0,15784.0,16589.0,7964.34006887,131103206.56006552,0.05718508166885663,0.05678517511344673
2022-11-15,16586.0,17095.0,16511.0,16874.0,5633.3993478,94738846.10616527,0.030939643961464706,0.03272620234397675
2022-11-16,16875.0,16980.0,16371.0,16654.0,4035.80042365,67122156.78980774,0.023638167848681866,0.02236160033128882
2022-11-17,16655.0,16724.0,16412.0,16686.0,2458.66689134,40803424.48404258,0.018858806785297264,0.016433348999410267
2022-11-18,16687.0,16971.0,16540.0,16683.0,2673.28041964,44739572.26731868,0.017329642394120395,0.01691799006537183
2022-11-19,16683.0,16799.0,16548.0,16690.0,1377.3963971,22915739.91389517,0.008918331326625615,0.008645373341611133
2022-11-20,16687.0,16730.0,16169.0,16256.0,1827.05676561,30145467.13213693,0.017640485380825174,0.017941898228815367
2022-11-21,16250.0,16269.0,15479.0,15766.0,5633.48780213,89888545.38382734,0.03517488342020589,0.03345103140522889
2022-11-22,15757.0,16281.0,15613.0,16197.0,3718.55455894,59312412.90411567,0.02451141980617338,0.02580030801904562
2022-11-23,16199.0,16647.0,16150.0,16603.0,3505.29313128,57731216.49113558,0.021257842975699423,0.023923321772297352
2022-11-24,16594.0,16783.0,16456.0,16591.0,2141.4844617,35551967.99408526,0.016794906400420653,0.01627785742107863
2022-11-25,16589.0,16604.0,16339.0,16508.0,2043.43507991,33679949.89634229,0.013441426824180001,0.012428162719023162
2022-11-26,16511.0,16685.0,16387.0,16454.0,1503.64131011,24878922.217487432,0.010626762082458333,0.010995877225980928
2022-11-27,16451.0,16587.0,16402.0,16424.0,1189.79470656,19656727.40117298,0.010189161525723621,0.00893764477926895
2022-11-28,16420.0,16477.0,16004.0,16210.0,3254.70177817,52719749.92964204,0.01952765884088087,0.022860921986969505
2022-11-29,16205.0,16529.0,16102.0,16434.0,2310.87079583,37892387.31095464,0.01486795005032223,0.014449551458957056
2022-11-30,16437.0,17223.0,16430.0,17170.0,4442.42726142,75162392.15661988,0.02764974978789115,0.024640195970884526
2022-12-01,17166.0,17250.0,16864.0,16977.0,3207.29094124,54688018.07793909,0.015302502078171474,0.01616866474979888
2022-12-02,16976.0,17102.0,16800.0,17095.0,2329.03284999,39511030.72554574,0.016113527362766795,0.015328962858335111
2022-12-03,17095.0,17150.0,16868.0,16886.0,1177.01264514,19976671.7159788,0.008838693429293965,0.00796349369016564
2022-12-04,16886.0,17195.0,16886.0,17114.0,1603.5516013,27310453.9785941,0.01274288034858048,0.010760532306823346
2022-12-05,17113.0,17418.0,16879.0,16968.0,2251.51957602,38675715.11918857,0.016919442081193555,0.017367974475426103
2022-12-06,16968.0,17101.0,16914.0,17087.0,1303.3712247400001,22154221.60712499,0.012416439733404845,0.010335732237447966
2022-12-07,17091.0,17131.0,16736.0,16836.0,1185.39328287,19987158.08000303,0.012956524111072487,0.011581532855804546
2022-12-08,16838.0,17296.0,16734.0,17229.0,1724.69349744,29354876.35638417,0.013797494036576307,0.01528820480166914
2022-12-09,17229.0,17353.0,17073.0,17128.0,1226.70564841,21078887.76271194,0.010250972963087246,0.011446265610936592
2022-12-10,17129.0,17223.0,17100.0,17128.0,677.74180701,11629980.79456145,0.005681651622549062,0.005356373767044967
2022-12-11,17128.0,17264.0,17080.0,17091.0,1239.3577856,21260277.76249514,0.007863373829036416,0.006715360921842092
2022-12-12,17089.0,17240.0,16881.0,17209.0,1695.0565253,28829465.11669387,0.010722770283911802,0.009761248670109851
2022-12-13,17214.0,18106.0,17093.0,17772.0,3838.86501115,67585298.00060154,0.028249833088078616,0.029531760448125173
2022-12-14,17771.0,18373.0,17667.0,17803.0,3836.86554644,68878691.07269312,0.024608569101076026,0.027410042400435285
2022-12-15,17806.0,17853.0,17288.0,17362.0,1887.37172156,33099334.133163698,0.01592418664329766,0.016511685087117672
2022-12-16,17361.0,17525.0,16572.0,16633.0,2853.96835966,48485955.87312618,0.021525594672973908,0.021805153990432022
2022-12-17,16635.0,16794.0,16596.0,16781.0,1114.37024438,18606170.00774664,0.012152258845770715,0.010090992105374987
2022-12-18,16780.0,16850.0,16676.0,16749.0,695.99091766,11653700.60561681,0.009256579146907798,0.007552819975139948
2022-12-19,16744.0,16815.0,16293.0,16446.0,2157.44154575,35830164.01842677,0.017880046740544355,0.015864235738856213
2022-12-20,16441.0,17046.0,16402.0,16898.0,2115.97889225,35568160.99766501,0.018961662737852176,0.020111141943112393
2022-12-21,16899.0,16919.0,16719.0,16824.0,1618.76729861,27228965.98325514,0.01084947738898861,0.011522474400412049
2022-12-22,16823.0,16863.0,16570.0,16821.0,1946.30526969,32594657.93841682,0.013760232577295507,0.011222669359068767
2022-12-23,16821.0,16916.0,16750.0,16779.0,2138.4466876,35998044.63641397,0.009519667277601628,0.009684980026220641
2022-12-24,16779.0,16848.0,16779.0,16839.0,960.3266097,16161080.56419034,0.0036029538300816994,0.0031458535259326443
2022-12-25,16839.0,16850.0,16731.0,16828.0,717.96557265,12063259.64532608,0.007407243599011828,0.005496781226356938
2022-12-26,16828.0,16933.0,16801.0,16917.0,731.85697007,12332306.45978871,0.005320596888544671,0.005714816520268805
2022-12-27,16920.0,16961.0,16588.0,16700.0,2204.70406525,36948924.65955247,0.009517618217192431,0.010189499125584204
2022-12-28,16699.0,16772.0,16465.0,16540.0,2220.78816676,36910531.20610502,0.012299186217572516,0.012899735313401158
2022-12-29,16540.0,16650.0,16486.0,16628.0,1560.43976985,25891759.94395397,0.007934560085076382,0.0070980508978616625
2022-12-30,16628.0,16650.0,16337.0,16603.0,2223.64394181,36737556.84283773,0.01088332230875331,0.011480119900008409
2022-12-31,16602.0,16627.0,16471.0,16528.0,602.43437164,9975453.33613119,0.005160524072252381,0.005072287516824593
2023-01-01,16530.0,16622.0,16496.0,16615.0,473.83273801,7844787.28059813,0.004513566012894366,0.003634460123302487
2023-01-02,16615.0,16782.0,16552.0,16673.0,1046.7274368,17474964.05236405,0.008975939945381048,0.008231236860454356
2023-01-03,16668.0,16766.0,16605.0,16670.0,1388.07196613,23152236.15305022,0.007635343457502155,0.007031636116824197
2023-01-04,16673.0,16984.0,16652.0,16849.0,2038.03012252,34314563.66604513,0.010668459005313189,0.012154910679234911
2023-01-05,16847.0,16871.0,16755.0,16826.0,1131.61941681,19038261.99199363,0.006915500530302634,0.005815168977119757
2023-01-06,16826.0,17024.0,16669.0,16950.0,1738.57975267,29270731.19731244,0.010338810209351481,0.010254500727589837
2023-01-07,16951.0,16975.0,16907.0,16945.0,523.75442441,8869636.99733377,0.0032382886462960087,0.002821019807984187
2023-01-08,16946.0,17163.0,16915.0,17119.0,816.57209307,13867574.84014468,0.007347534538536247,0.008658179777612091
2023-01-09,17124.0,17393.0,17108.0,17179.0,2213.34824624,38149795.26347243,0.011645332097252744,0.011065219626731949
2023-01-10,17177.0,17490.0,17147.0,17446.0,1354.43514717,23420372.09699705,0.01067626547719898,0.009846432845120972
2023-01-11,17448.0,17992.0,17318.0,17930.0,1904.45231601,33405076.31355826,0.022081197725159065,0.018097333878599006
2023-01-12,17948.0,19114.0,17911.0,18853.0,5124.55845338,94544735.92272319,0.042238256073659115,0.04093245725640874
2023-01-13,18852.0,19991.0,18720.0,19931.0,3765.2742592,72555977.45649795,0.026311521308044372,0.028174159901166177
2023-01-14,19936.0,21247.0,19895.0,20960.0,6843.48563958,142223177.1789886,0.05000841836878956,0.05410508633700702
2023-01-15,20961.0,21052.0,20549.0,20885.0,1352.72025796,28105389.80808358,0.025552087082337097,0.021301108194934013
2023-01-16,20879.0,21456.0,20634.0,21189.0,3236.95717404,68164137.50979614,0.03361015229721239,0.02883228697198712
2023-01-17,21186.0,21594.0,20863.0,21134.0,2302.39736137,48840174.84073591,0.025829258210625924,0.02562857266235309
2023-01-18,21136.0,21646.0,20358.0,20670.0,3794.75671744,79703793.31353118,0.03519682224937181,0.03566212429154303
2023-01-19,20678.0,21185.0,20654.0,21086.0,2391.67069084,49970754.32014795,0.016006050150178742,0.015955919723042007
2023-01-20,21085.0,22750.0,20869.0,22678.0,2937.14734339,63455062.86395375,0.0285502728791842,0.030975369157489194
2023-01-21,22670.0,23362.0,22442.0,22783.0,3013.23007247,69055245.6957188,0.03721481773336414,0.03333869585869914
2023-01-22,22791.0,23076.0,22314.0,22717.0,1548.97073883,35205453.58839781,0.026304173795066752,0.024762255115313186
2023-01-23,22708.0,23167.0,22525.0,22922.0,1699.036477,38821918.24796822,0.03005717393314367,0.026902287350336368
2023-01-24,22922.0,23162.0,22473.0,22637.0,1953.73212508,44747471.16467032,0.0231247958936601,0.02126742404498071
2023-01-25,22636.0,23815.0,22334.0,23054.0,2582.12043347,59367210.69046395,0.03186952391624598,0.039024174936204636
2023-01-26,23063.0,23282.0,22866.0,23010.0,1472.74474346,33944918.20371019,0.019771573832905554,0.020302018128365615
2023-01-27,23011.0,23500.0,22541.0,23083.0,2086.70647505,47956418.3817712,0.024829805213747468,0.02453278040725522
2023-01-28,23082.0,23187.0,22894.0,23033.0,834.3522255,19206149.34711676,0.010134890889309897,0.008762285517961007
2023-01-29,23031.0,23954.0,22981.0,23746.0,1620.98279529,38057467.97211152,0.02281289688398125,0.023213192900816467
2023-01-30,23748.0,23799.0,22504.0,22831.0,2081.82272658,48104104.95110356,0.02317695733425914,0.02564446782744804
2023-01-31,22831.0,23318.0,22724.0,23127.0,1557.98459142,35877431.17803448,0.018938833488764174,0.01950604918698032
2023-02-01,23134.0,23810.0,22768.0,23735.0,2468.52240577,57433474.22665443,0.023873226974388453,0.025086941080711765
2023-02-02,23736.0,24258.0,23377.0,23498.0,2609.58252721,62197865.93826214,0.028343093730840287,0.029161248338293776
2023-02-03,23503.0,23719.0,23212.0,23434.0,1742.07112849,40882201.13086883,0.01939103035257557,0.01943745490713238
2023-02-04,23421.0,23582.0,23266.0,23330.0,778.73091268,18227369.95157292,0.010848043364352444,0.009369364108597122
2023-02-05,23328.0,23428.0,22766.0,22937.0,1525.50154971,35256273.57780547,0.014542322572256065,0.016139394605010557
2023-02-06,22942.0,23148.0,22643.0,22763.0,1731.60284453,39630225.09905976,0.01838186508915284,0.017737637400314733
2023-02-07,22761.0,23338.0,22751.0,23252.0,2758.47564405,63547435.28364432,0.021291464635586718,0.02192834666164426
2023-02-08,23246.0,23439.0,22686.0,22961.0,1236.37140064,28469735.93275949,0.015781629415152657,0.015489510627154727
2023-02-09,22965.0,23003.0,21700.0,21802.0,2260.7850853,50479683.25019454,0.026075478418007975,0.027012919540644467
2023-02-10,21803.0,21939.0,21454.0,21639.0,1503.99323818,32691823.23139821,0.01677469009503405,0.018953222975216247
2023-02-11,21631.0,21904.0,21610.0,21868.0,699.37255295,15199831.383360881,0.010563045214856842,0.009821864198182645
2023-02-12,21868.0,22086.0,21649.0,21789.0,1481.78576998,32401524.43755772,0.012829404565417727,0.013982760545472518
2023-02-13,21790.0,21897.0,21376.0,21790.0,1923.03740841,41616103.81594809,0.01951466126237052,0.01923981027228679
2023-02-14,21790.0,22316.0,21569.0,22211.0,2032.44280719,44568281.00087569,0.023844507949946307,0.0271212275350481
2023-02-15,22208.0,24374.0,22064.0,24332.0,2316.23830307,53932381.67929513,0.031596867566400205,0.03440691614430312
2023-02-16,24332.0,25270.0,23520.0,23521.0,3634.8002493,89289635.90942684,0.03816423575909015,0.038565406751037035
2023-02-17,23518.0,25014.0,23369.0,24580.0,3328.63120407,80516440.38050006,0.038454503554923365,0.037031372551951054
2023-02-18,24577.0,24869.0,24450.0,24640.0,721.18871725,17760140.9796293,0.016041333936862256,0.014434476038770948
2023-02-19,24638.0,25183.0,24211.0,24296.0,1717.15816149,42357361.02526712,0.023347809026407786,0.023503821935740642
2023-02-20,24271.0,25118.0,23862.0,24843.0,1828.53775073,45117749.61382804,0.028002063593396607,0.026286341614935916
2023-02-21,24843.0,25250.0,24165.0,24450.0,2506.05738181,61797602.36709608,0.026291272797464713,0.027841119467071535
2023-02-22,24450.0,24474.0,23594.0,24188.0,1951.95970979,46843516.58152358,0.02780592106542248,0.025122550112977607
2023-02-23,24188.0,24590.0,23636.0,23939.0,2000.28221308,48146634.42797725,0.02805580316075195,0.028274525215711555
2023-02-24,23939.0,24124.0,22865.0,23189.0,2782.78873072,65226527.01675649,0.02871518057604192,0.02486991880445016
2023-02-25,23186.0,23215.0,22770.0,23161.0,863.37221739,19887444.41173815,0.015052776857364978,0.014060914003265248
2023-02-26,23166.0,23678.0,23068.0,23562.0,1019.2008877,23826775.40594051,0.01703264218446473,0.016560698162896296
2023-02-27,23560.0,23890.0,23126.0,23493.0,1768.12573577,41513037.24152117,0.023049177402907173,0.023274102923348923
2023-02-28,23497.0,23594.0,23048.0,23136.0,1185.70463735,27678312.18934739,0.020027415100562215,0.01701184122907773
2023-03-01,23146.0,23990.0,23040.0,23634.0,1748.04686969,41285360.5080665,0.025468189212573017,0.024128669829714917
2023-03-02,23632.0,23791.0,23206.0,23466.0,1090.90317933,25574059.97937645,0.01725268557555078,0.014773809964396744
2023-03-03,23469.0,23477.0,22000.0,22359.0,2878.02219561,64535552.81968462,0.030265392303307572,0.04130789763454647
2023-03-04,22359.0,22401.0,22170.0,22347.0,608.34767678,13581853.05923299,0.009187610851430503,0.007809905907827667
2023-03-05,22347.0,22652.0,22212.0,22428.0,944.66432972,21193792.36951284,0.01720135679863641,0.016202532510123907
2023-03-06,22427.0,22590.0,22263.0,22407.0,1156.23472957,25915782.26411869,0.01326476783735304,0.011977408590536356
2023-03-07,22414.0,22547.0,21931.0,22200.0,1837.72234137,40884031.70556626,0.02103132017222947,0.020452015075316275
2023-03-08,22197.0,22275.0,21590.0,21704.0,1477.18402948,32524805.2871658,0.01946150498060705,0.02136827400008765
2023-03-09,21697.0,21824.0,20043.0,20367.0,3373.14910671,70602671.16216516,0.03129725104221827,0.034139812881518475
2023-03-10,20368.0,20368.0,19569.0,20220.0,4695.23685366,93847712.83916426,0.03750357934711354,0.03802911357489084
2023-03-11,20226.0,20874.0,19893.0,20618.0,3590.95407524,73241304.62925471,0.03214579849407912,0.032982646722710986
2023-03-12,20615.0,22269.0,20456.0,22183.0,3599.49467653,76499862.83310552,0.03907466202858311,0.04084624000824896
2023-03-13,22190.0,24618.0,21900.0,24209.0,6738.26574302,156218070.99264416,0.05568909904466847,0.05592251665706276
2023-03-14,24210.0,26533.0,24070.0,24750.0,7966.02323163,200088304.5890778,0.06425575214099125,0.061023718900302386
2023-03-15,24745.0,25273.0,23940.0,24368.0,4368.44571382,107726514.03862573,0.04587195608899241,0.041743869621670655
2023-03-16,24361.0,25217.0,24229.0,25050.0,2430.85019301,60296938.65541608,0.03493221794729972,0.03067407481392403
2023-03-17,25051.0,27818.0,24954.0,27466.0,5166.28277037,137270886.20189792,0.04637493598244048,0.04471719612665252
2023-03-18,27466.0,27776.0,26707.0,26980.0,2933.79686267,80162041.62985231,0.03624168433605429,0.0359962596816709
2023-03-19,26992.0,28474.0,26900.0,28054.0,2615.71251826,72519413.48227829,0.03109150951516326,0.03224871133328199
2023-03-20,28081.0,28567.0,27231.0,27815.0,3998.09358215,111836361.95147645,0.03654278268264721,0.03695708846381142
2023-03-21,27808.0,28497.0,27436.0,28192.0,2955.11628597,82890893.32311536,0.028578986943984863,0.02770311284859416
2023-03-22,28184.0,28936.0,26688.0,27320.0,5024.21040571,140128730.32015654,0.0438284824751774,0.046440930037941634
2023-03-23,27320.0,28818.0,27187.0,28343.0,3199.6545122,89637788.12568446,0.03449296625417877,0.036833704982532495
2023-03-24,28352.0,29380.0,27043.0,27493.0,2789.44951461,77811620.78962745,0.03679065166472456,0.04497805745553629
2023-03-25,27497.0,27810.0,27210.0,27499.0,963.8384074100001,26523496.45957828,0.01779114566363623,0.017661726460121388
2023-03-26,27493.0,28217.0,27453.0,28004.0,1100.20331067,30655200.30031756,0.01991934773140944,0.01956836772577171
2023-03-27,27992.0,28051.0,26541.0,27142.0,2258.96393636,61742895.07094429,0.030298855682413774,0.027475291224947088
2023-03-28,27142.0,27514.0,26647.0,27272.0,2137.04196923,57819545.05795383,0.025858703477617293,0.02631788264167408
2023-03-29,27272.0,28650.0,27258.0,28353.0,2161.81292594,61033580.87701283,0.027213114925564906,0.026402868031287618
2023-03-30,28353.0,29170.0,27706.0,28039.0,2912.7258869,82761967.89317797,0.031428823249376944,0.03357698230571311
2023-03-31,28036.0,28653.0,27533.0,28476.0,2301.18236248,64921309.62687444,0.026099766619424376,0.025768181028072244
2023-04-01,28476.0,28816.0,28237.0,28469.0,656.33679146,18709431.55280513,0.014476695140432143,0.013662435419284512
2023-04-02,28469.0,28544.0,27891.0,28186.0,689.98223995,19449600.67561236,0.013766827677623942,0.014638570366114247
2023-04-03,28179.0,28506.0,27236.0,27816.0,2393.226229,66842898.97842519,0.03006385352489361,0.03017136179636085
2023-04-04,27820.0,28447.0,27686.0,28178.0,1294.59736105,36414762.03465537,0.02130694018762919,0.01834301563084873
2023-04-05,28178.0,28782.0,27823.0,28183.0,1576.30733991,44660815.63991273,0.02491975734856665,0.024114131643962953
2023-04-06,28181.0,28199.0,27723.0,28051.0,1064.88009436,29779593.53881939,0.01600658497795269,0.015384802322097008
2023-04-07,28054.0,28118.0,27797.0,27931.0,436.4796401,12199200.677984029,0.012008761934359775,0.01065645818572916
2023-04-08,27931.0,28174.0,27891.0,27969.0,417.7631391,11715316.06142425,0.00813806613545215,0.0075984764669622205
2023-04-09,27968.0,28544.0,27833.0,28340.0,718.54765779,20240957.29004088,0.014098241399575653,0.012810458624649275
2023-04-10,28353.0,29789.0,28184.0,29652.0,2711.67320655,78731111.59918807,0.02373540668773056,0.023605488689195406
2023-04-11,29657.0,30575.0,29617.0,30246.0,2689.4048951,81051071.22183184,0.0231806455715809,0.023632154950874094
2023-04-12,30255.0,30503.0,29689.0,29903.0,1926.94195052,57919712.8361016,0.02298935662018077,0.021235504582094302
2023-04-13,29914.0,30614.0,29889.0,30410.0,1503.93427177,45519920.20104661,0.015691314136092392,0.015983196537091418
2023-04-14,30411.0,31035.0,30001.0,30498.0,2540.14059427,77712190.2372239,0.02416262805266973,0.021864865402721936
2023-04-15,30498.0,30620.0,30249.0,30332.0,560.64010658,17050899.04389054,0.009813213454217208,0.009182583462936407
2023-04-16,30327.0,30567.0,30157.0,30330.0,656.81163772,19934298.96395034,0.011687429637457688,0.010331832333284987
2023-04-17,30328.0,30337.0,29247.0,29448.0,2077.00292863,61543913.15232217,0.020517878636310653,0.021154816042265386
2023-04-18,29452.0,30483.0,29122.0,30395.0,1827.46761436,54788895.10873624,0.019288054599638272,0.019807367495126547
2023-04-19,30388.0,30423.0,28603.0,28827.0,3869.09654939,113627156.38224322,0.02636883180285049,0.030401815277562704
2023-04-20,28814.0,29098.0,28005.0,28238.0,2450.06329929,69991461.44541396,0.024087854717247576,0.026021556865022548
2023-04-21,28240.0,28362.0,27140.0,27254.0,2455.89969552,68324944.82423839,0.024365589521910484,0.02454997866709155
2023-04-22,27253.0,27883.0,27137.0,27817.0,1010.44737158,27843936.291725278,0.014236842750972872,0.01384256190575783
2023-04-23,27820.0,27820.0,27347.0,27596.0,798.04552773,21994830.25728496,0.01965734949809639,0.01767596390285945
2023-04-24,27594.0,27998.0,26981.0,27512.0,2236.65500868,61355823.94663651,0.023679184281877024,0.026661440866600654
2023-04-25,27515.0,28392.0,27197.0,28300.0,1874.16625132,51740581.24546625,0.020702170388943866,0.019742128692036703
2023-04-26,28306.0,30022.0,27242.0,28428.0,5277.187044,151090471.91850582,0.05244890637413092,0.0593859362037085
2023-04-27,28427.0,29887.0,28389.0,29485.0,3748.60576512,109499411.89694794,0.0450099565493479,0.04196392909124088
2023-04-28,29486.0,29600.0,28922.0,29333.0,2449.0749774,71658210.08476312,0.021806083233580183,0.01916324430615591
2023-04-29,29339.0,29460.0,29061.0,29247.0,932.47961185,27318937.32758724,0.010249494005493694,0.009970003546939648
2023-04-30,29252.0,29961.0,29115.0,29235.0,1415.2550609099999,41775485.64149568,0.02295996939502126,0.017705985784993224
2023-05-01,29254.0,29344.0,27666.0,28079.0,2913.86283351,82614189.32180823,0.029744523198150307,0.03017445758699494
2023-05-02,28079.0,28894.0,27876.0,28680.0,1935.55649138,54901912.28096963,0.02325594066695942,0.023424709949475386
2023-05-03,28682.0,29276.0,28138.0,29033.0,2838.45231646,81084678.59710538,0.02505034581480832,0.026194195453115958
2023-05-04,29033.0,29378.0,28691.0,28851.0,1656.27922902,48001598.40864219,0.01953000999782831,0.01737770574091175
2023-05-05,28860.0,29701.0,28832.0,29547.0,1923.16974421,56308414.89398926,0.02414615701388054,0.022241099179317617
2023-05-06,29537.0,29851.0,28422.0,28911.0,1443.17174676,41985068.57276354,0.019770676764165152,0.01730038187458302
2023-05-07,28909.0,29194.0,28444.0,28472.0,1021.45715582,29529704.29059881,0.017146554089282437,0.015524391021531511
2023-05-08,28485.0,28667.0,27290.0,27690.0,2936.79913382,81780015.4797916,0.029091290842777763,0.02637713459367691
2023-05-09,27688.0,27841.0,27372.0,27650.0,1573.53076474,43437436.50617535,0.01805160811679357,0.017320828338683966
2023-05-10,27648.0,28328.0,26842.0,27618.0,2848.942523,78962408.91719688,0.03955717019390735,0.03863896762472941
2023-05-11,27624.0,27640.0,26720.0,26991.0,2126.87109348,57953942.67961963,0.02257658781886887,0.022331790816378372
2023-05-12,26987.0,27093.0,25800.0,26811.0,4842.98246111,127630763.52447973,0.027088037125030336,0.02822476472709349
2023-05-13,26816.0,27052.0,26710.0,26789.0,1269.30464643,34102890.45647564,0.01576820476363916,0.012458414407175544
2023-05-14,26789.0,27202.0,26598.0,26933.0,1325.63421938,35706715.75822758,0.013138354472279656,0.011916261694493667
2023-05-15,26933.0,27666.0,26736.0,27166.0,1805.12956433,49298660.00916569,0.018547828663463158,0.01922334105445203
2023-05-16,27166.0,27300.0,26868.0,27037.0,1730.33763378,46841463.47884412,0.017364228357588524,0.016056868056640108
2023-05-17,27037.0,27488.0,26550.0,27404.0,2653.36761994,71298261.5280604,0.01883211557861241,0.019599348818117677
2023-05-18,27413.0,27481.0,26374.0,26818.0,1987.57678586,53745434.08546376,0.02144338330137246,0.024002964181792142
2023-05-19,26824.0,27176.0,26651.0,26893.0,1277.23274821,34337308.89639546,0.017749433159491432,0.015559815454046892
2023-05-20,26889.0,27153.0,26840.0,27115.0,603.01939692,16271810.909301199,0.007541855680742639,0.007738690274453248
2023-05-21,27123.0,27277.0,26688.0,26750.0,654.14743859,17617204.08264583,0.013136571028507984,0.010862434728912816
2023-05-22,26753.0,27078.0,26547.0,26856.0,1111.87388791,29812631.33415042,0.014579217060991554,0.01467573932396103
2023-05-23,26856.0,27478.0,26810.0,27226.0,1174.41963411,31968252.70352262,0.014027761393089264,0.01406292668099777
2023-05-24,27225.0,27225.0,26076.0,26325.0,2214.54386081,58668274.82052341,0.020827361835964127,0.02119027697701761
2023-05-25,26325.0,26611.0,25878.0,26478.0,1646.8258379,43240789.80702948,0.01821385675510169,0.01682664679703137
2023-05-26,26486.0,26937.0,26338.0,26718.0,1666.10237235,44405341.18770002,0.014336886410638868,0.013658079106781745
2023-05-27,26716.0,26893.0,26566.0,26872.0,636.46388614,17016458.37307991,0.008118257340505123,0.008366175589535653
2023-05-28,26875.0,28248.0,26785.0,28072.0,1665.64922634,45710495.57215581,0.019791296093986995,0.019066111736244246
2023-05-29,28071.0,28452.0,27542.0,27749.0,1684.67833372,46898168.24733604,0.01766223417868239,0.01626186172791326
2023-05-30,27748.0,28054.0,27570.0,27706.0,1567.55117507,43614397.04879284,0.017308560429240734,0.015060806359952049
2023-05-31,27701.0,27840.0,26857.0,27219.0,1863.47625267,50682149.93441715,0.01762863546527082,0.017280416319119574
2023-06-01,27220.0,27356.0,26625.0,26826.0,2004.35720265,53901605.93839898,0.019815375103620126,0.020048880172803707
2023-06-02,26821.0,27300.0,26519.0,27251.0,1671.434456,45168429.75030038,0.016579464224217192,0.015738207607570148
2023-06-03,27250.0,27332.0,26937.0,27076.0,772.42193183,20984269.56676316,0.008864312422840328,0.008454914692762138
2023-06-04,27076.0,27451.0,26963.0,27125.0,789.8995641,21496483.55510317,0.01140233333114331,0.01037015246578202
2023-06-05,27114.0,27138.0,25389.0,25739.0,3837.59032264,100137679.47669183,0.03127387377406365,0.027633474986638852
2023-06-06,25730.0,27357.0,25350.0,27236.0,3965.21160442,103731602.98006424,0.02999881723521811,0.026432331714099196
2023-06-07,27252.0,27388.0,26140.0,26348.0,2996.80495663,79871778.94944634,0.028873493582377643,0.026086507949872887
2023-06-08,26347.0,26809.0,26225.0,26510.0,1530.42554212,40546316.81233857,0.017822606514354123,0.01648695034591859
2023-06-09,26507.0,26778.0,26289.0,26484.0,1059.79847008,28114118.04953687,0.015237623725600329,0.012393908897891309
2023-06-10,26486.0,26528.0,25420.0,25857.0,3074.54228424,79325866.34370033,0.031551390533227905,0.030918450748489826
2023-06-11,25857.0,26209.0,25657.0,25941.0,1020.99238041,26418605.85407215,0.016496437058368483,0.014721208907445939
2023-06-12,25940.0,26103.0,25634.0,25906.0,1761.02544893,45540538.92657089,0.017885948051496313,0.015915792640447082
2023-06-13,25906.0,26422.0,25718.0,25934.0,1895.96796692,49373802.12756506,0.018327433697810192,0.019186127576719884
2023-06-14,25935.0,26078.0,24819.0,25127.0,2747.12869314,70316010.67327029,0.02716086381282342,0.029230742207774513
2023-06-15,25125.0,25729.0,24756.0,25573.0,2880.44240822,72331706.15302376,0.02032469587116882,0.019056073546272704
2023-06-16,25567.0,26485.0,25188.0,26333.0,2556.84039324,65840761.355279766,0.021548846374797002,0.020530101256937286
2023-06-17,26333.0,26785.0,26173.0,26507.0,1155.48522656,30648769.87403885,0.017089129652330063,0.015053491286612469
2023-06-18,26513.0,26685.0,26267.0,26340.0,1005.71439822,26668017.44469327,0.013029916549857372,0.012158529463478146
2023-06-19,26336.0,27050.0,26260.0,26842.0,1828.96524085,48657762.02317961,0.019748938298651222,0.01883453892097243
2023-06-20,26840.0,28441.0,26651.0,28315.0,3123.51386312,86034817.11445759,0.027664482181989896,0.026965148587773175
2023-06-21,28316.0,30755.0,28280.0,30009.0,6043.64316714,178063733.94827965,0.03514933269413088,0.036677415370716206
2023-06-22,30010.0,30505.0,29600.0,29889.0,3777.43149847,113634752.58244497,0.025882777844688388,0.02618608660888622
2023-06-23,29891.0,31458.0,29820.0,30716.0,4388.38562374,134396637.02274382,0.02963225596014943,0.03334384731824878
2023-06-24,30703.0,30821.0,30287.0,30548.0,1211.73495461,37066349.69450172,0.01609066007407457,0.01443630912274645
2023-06-25,30550.0,31047.0,30295.0,30477.0,1480.27114787,45416078.71714287,0.016933777843608076,0.014792486103221193
2023-06-26,30480.0,30657.0,29941.0,30274.0,2062.07924358,62438993.2131814,0.0232547156730388,0.0213253262015884
2023-06-27,30278.0,31025.0,30235.0,30696.0,2087.55806488,63965528.31087181,0.021450419831445244,0.018621284260838814
2023-06-28,30697.0,30712.0,29868.0,30079.0,1867.54566498,56491495.49354431,0.02006174511583928,0.018616980539412433
2023-06-29,30078.0,30825.0,30041.0,30444.0,1924.6183445,58717351.83836034,0.018892428356758622,0.017332041173947394
2023-06-30,30445.0,31268.0,29508.0,30469.0,4944.39013815,150114117.91394213,0.041868162427632756,0.03965440743621827
2023-07-01,30469.0,30647.0,30321.0,30592.0,603.9348395,18432612.68399546,0.008931368632959815,0.0071220354737213795
2023-07-02,30590.0,30785.0,30175.0,30616.0,1091.40198046,33307853.68637893,0.016476413758003062,0.014095023414235422
2023-07-03,30616.0,31378.0,30587.0,31158.0,1549.49344257,47876393.25743291,0.015113460994552609,0.015391391735212466
2023-07-04,31165.0,31327.0,30637.0,30771.0,848.52450967,26305907.28903186,0.012706197778503344,0.013088900700338652
2023-07-05,30767.0,30866.0,30206.0,30501.0,1179.48935068,35987377.51485427,0.013129830256484787,0.012006596053012651
2023-07-06,30498.0,31500.0,29868.0,29912.0,3087.63379638,94358530.38153088,0.025095166660563863,0.027565437109168592
2023-07-07,29901.0,30445.0,29722.0,30348.0,1886.47101822,56925272.88395592,0.017636024720162492,0.015733727114630877
2023-07-08,30348.0,30383.0,30056.0,30293.0,602.99398251,18222801.57017768,0.00850399682275321,0.007205018771405379
2023-07-09,30293.0,30439.0,30073.0,30167.0,640.48477925,19400917.28735103,0.009084460217234054,0.008421949818917446
2023-07-10,30170.0,31037.0,29964.0,30421.0,1899.48550714,57707609.58270365,0.018469318221387327,0.018920076464114425
2023-07-11,30417.0,30804.0,30310.0,30621.0,1275.01882493,38924668.8821999,0.014775356958519066,0.013314534952820353
2023-07-12,30631.0,30960.0,30219.0,30382.0,1734.61976884,53127514.41232239,0.015827620938789186,0.01562495322851582
2023-07-13,30383.0,31818.0,30259.0,31471.0,3038.41085113,94277189.39358032,0.02467624724412295,0.024308519633047136
2023-07-14,31474.0,31635.0,29961.0,30331.0,2687.88498106,82848039.07222022,0.02246849799557509,0.022409751091940527
2023-07-15,30328.0,30403.0,30260.0,30301.0,483.23087175,14653782.089860579,0.0068088423850814605,0.005310704047020177
2023-07-16,30300.0,30442.0,30067.0,30253.0,999.67578186,30289361.91972071,0.009051854784482439,0.009529255109377986
2023-07-17,30247.0,30341.0,29675.0,30154.0,1810.6123199,54482124.15864568,0.019154550551914746,0.01596478521037428
2023-07-18,30144.0,30244.0,29521.0,29868.0,1637.26704348,48937289.50517791,0.01563013964526946,0.016115470393000906
2023-07-19,29862.0,30188.0,29757.0,29919.0,1446.88422668,43352492.19398574,0.01315870990952901,0.014212866720858619
2023-07-20,29917.0,30414.0,29567.0,29806.0,1431.36195596,42893375.19152509,0.015573966242642377,0.01720488409723159
2023-07-21,29806.0,30051.0,29735.0,29908.0,1197.73385418,35766715.02169968,0.011134888999617194,0.009443215603983684
2023-07-22,29908.0,29995.0,29640.0,29789.0,630.39179913,18820998.91245725,0.007247414864994641,0.006262415705010347
2023-07-23,29790.0,30342.0,29742.0,30085.0,766.46726746,23013432.38840794,0.010181061213765776,0.010764993031940966
2023-07-24,30085.0,30099.0,28842.0,29177.0,2817.83813249,82467526.8177285,0.019829718543839858,0.020703309362053526
2023-07-25,29176.0,29362.0,29054.0,29224.0,1213.4912944,35421149.33990625,0.009939287108886334,0.009270219318896787
2023-07-26,29224.0,29678.0,29100.0,29354.0,1517.24148332,44489236.93268129,0.013693063724731619,0.013632837238876578
2023-07-27,29353.0,29563.0,29081.0,29219.0,1313.64370824,38534058.268770106,0.009628336970570462,0.008493064981770443
2023-07-28,29214.0,29525.0,29121.0,29317.0,1241.48419113,36385605.15295584,0.009049895414691311,0.009183230451774278
2023-07-29,29316.0,29404.0,29251.0,29360.0,402.48554375,11801091.994523041,0.0043810571560256445,0.003909503717781883
2023-07-30,29360.0,29446.0,29034.0,29279.0,792.17888595,23184507.843624398,0.008778832803777033,0.009148133894849884
2023-07-31,29279.0,29511.0,29115.0,29231.0,899.87088387,26394767.75861641,0.011207725673549484,0.009573281875215828
2023-08-01,29221.0,29715.0,28574.0,29696.0,2302.7701885,66865388.696401626,0.016732179168560155,0.019738883606524982
2023-08-02,29697.0,30025.0,28929.0,29164.0,1990.0712660899999,58558676.19098443,0.017124388565404623,0.01579960648247212
2023-08-03,29157.0,29395.0,28925.0,29176.0,1359.65240342,39678393.40521252,0.011504434826903552,0.011181081303989033
2023-08-04,29175.0,29306.0,28784.0,29077.0,1430.63487436,41679700.0977911,0.010448816086648405,0.010797497585480605
2023-08-05,29075.0,29107.0,28950.0,29049.0,339.31235387,9849740.73758591,0.004687227498254405,0.004201878399365546
2023-08-06,29049.0,29159.0,28962.0,29042.0,494.23722676,14356462.19003611,0.005567049942140859,0.005608102680247333
2023-08-07,29041.0,29244.0,28671.0,29181.0,1440.49544476,41765199.30012822,0.012574964698328769,0.011314748806866818
2023-08-08,29186.0,30210.0,29107.0,29764.0,2548.20876694,75575475.49747865,0.016626926623141993,0.01660612058300961
2023-08-09,29776.0,30119.0,29352.0,29565.0,1342.08176495,39895842.83421337,0.014919488179521318,0.013623550207230044
2023-08-10,29565.0,29703.0,29294.0,29423.0,1091.25819091,32184584.2085171,0.009957110360147223,0.010287001094348085
2023-08-11,29424.0,29525.0,29222.0,29398.0,839.58343645,24667932.52270202,0.00794978106844526,0.0074582233762964896
2023-08-12,29398.0,29465.0,29350.0,29415.0,349.63678295,10278220.25535619,0.0029145961667189167,0.002692737825167269
2023-08-13,29415.0,29443.0,29254.0,29284.0,357.15476053,10484779.75594086,0.003856684958151474,0.003597330698191718
2023-08-14,29280.0,29659.0,29086.0,29408.0,1281.1078171,37641709.10839467,0.010440257944516506,0.011067842414227393
2023-08-15,29408.0,29455.0,29060.0,29172.0,1081.01044207,31652228.24711796,0.010046460056833503,0.00827428704646212
2023-08-16,29171.0,29224.0,28693.0,28701.0,1798.07617139,52200764.56799372,0.011137263805424262,0.010862535220117927
2023-08-17,28692.0,28757.0,26266.0,26642.0,4949.55887437,136405102.08898178,0.04421757555361136,0.04285219797211792
2023-08-18,26632.0,26813.0,25601.0,26051.0,2639.68823694,69134590.81573263,0.029337260076368055,0.02595703990628413
2023-08-19,26051.0,26264.0,25798.0,26097.0,1021.34929591,26566457.933103498,0.013541897096339557,0.01188957992611351
2023-08-20,26097.0,26297.0,25979.0,26192.0,711.93303045,18599272.88328584,0.010571375488824556,0.009345594639144975
2023-08-21,26193.0,26240.0,25828.0,26125.0,1609.35464365,41920424.07629154,0.012754899424801047,0.012754866617990033
2023-08-22,26125.0,26137.0,25350.0,26042.0,1785.38604286,46179912.846345894,0.018133549329735002,0.01966458287056217
2023-08-23,26048.0,26800.0,25805.0,26431.0,2472.52719071,65069168.16698805,0.02120693980217591,0.02008583155370957
2023-08-24,26429.0,26562.0,25852.0,26168.0,1678.6281579,43981539.11439742,0.013742707578454817,0.014854514931570612
2023-08-25,26169.0,26281.0,25748.0,26048.0,1924.7079294,50043012.01582286,0.013350805524053882,0.017053638102675066
2023-08-26,26050.0,26102.0,25976.0,26008.0,249.0430185,6481641.38086916,0.00487682026427625,0.00364157611007217
2023-08-27,26007.0,26168.0,25962.0,26090.0,399.56936642,10424814.16332693,0.005502333151289038,0.00515538517012097
2023-08-28,26087.0,26223.0,25856.0,26103.0,1212.34458122,31557310.90917882,0.011643281636456266,0.011027757555309811
2023-08-29,26103.0,28142.0,25913.0,27726.0,4581.62209762,124938101.05664209,0.0342429233020577,0.043947584746535394
2023-08-30,27722.0,27757.0,27006.0,27300.0,2084.64468373,56934952.2544585,0.01608791165965681,0.016992128454660364
2023-08-31,27302.0,27537.0,25683.0,25932.0,2809.73176445,74889268.7557273,0.022406759363124636,0.025752434748535388
2023-09-01,25927.0,26134.0,25333.0,25798.0,1970.6890186,50842975.4276112,0.020588619163864216,0.02084596790585951
2023-09-02,25801.0,25980.0,25753.0,25870.0,557.92664336,14417166.58139294,0.007412143799529974,0.006074883316906643
2023-09-03,25870.0,26112.0,25807.0,25970.0,719.53811642,18662786.5762948,0.009541616249419455,0.008595429683275388
2023-09-04,25972.0,26081.0,25646.0,25819.0,1083.70424928,28041093.50723629,0.01107211607385337,0.01049445086150257
2023-09-05,25827.0,25862.0,25547.0,25783.0,1006.67988402,25892250.3266063,0.011924703367860294,0.010384459105115578
2023-09-06,25783.0,26000.0,25386.0,25748.0,1278.20847185,32835145.56122323,0.014626848627848141,0.018746016853333776
2023-09-07,25750.0,26417.0,25600.0,26245.0,1647.35197985,42774353.80873814,0.017254779905714907,0.015397004774520169
2023-09-08,26256.0,26429.0,25652.0,25908.0,1649.47774994,42879384.10301264,0.015646905786404906,0.014373758044663726
2023-09-09,25908.0,25927.0,25801.0,25899.0,436.09095941,11282500.23525951,0.004925852848416999,0.004065883945973514
2023-09-10,25899.0,26018.0,25588.0,25836.0,876.91159297,22617216.38759801,0.010101418593113639,0.010011444712187423
2023-09-11,25836.0,25881.0,24920.0,25155.0,2016.08262659,51183317.788857274,0.018823784912646038,0.02056595208801844
2023-09-12,25157.0,26529.0,25129.0,25844.0,3217.44248767,83517557.3366301,0.027337462828214757,0.02854663039755401
2023-09-13,25842.0,26395.0,25762.0,26226.0,1566.27745586,40875290.62239195,0.017005162754661383,0.01727877504203638
2023-09-14,26229.0,26849.0,26143.0,26529.0,2087.02602594,55339770.25443424,0.01821340452748091,0.019984501549464413
2023-09-15,26529.0,26878.0,26228.0,26607.0,1388.80900435,36842867.30370039,0.013627968262984963,0.015087582108732558
2023-09-16,26609.0,26767.0,26459.0,26571.0,609.7138034,16207222.03252353,0.00876244516887209,0.007527929317184607
2023-09-17,26571.0,26618.0,26414.0,26535.0,522.97891573,13869807.52502523,0.006844100192990646,0.006314253821567203
2023-09-18,26533.0,27422.0,26382.0,26770.0,2015.8296667,54289703.67964111,0.020318341260672355,0.02210894911173346
2023-09-19,26766.0,27486.0,26682.0,27214.0,1886.73059609,51241602.63934278,0.019978406593245006,0.020405473970219433
2023-09-20,27220.0,27389.0,26852.0,27128.0,2264.83849151,61451961.46699141,0.018673477606729473,0.016177921783354022
2023-09-21,27124.0,27177.0,26376.0,26563.0,1557.05559404,41654062.98872425,0.014500717837000163,0.014120557056438388
2023-09-22,26568.0,26733.0,26479.0,26581.0,683.49903344,18186770.32008996,0.010700728108343742,0.00857442233722945
2023-09-23,26577.0,26634.0,26519.0,26583.0,263.32261736,6998731.14610369,0.004460730788825067,0.003334272755080143
2023-09-24,26582.0,26730.0,26148.0,26248.0,778.78029835,20623527.86261866,0.010496178647482226,0.012440416900470331
2023-09-25,26215.0,26436.0,25977.0,26297.0,1307.38610948,34233737.74186926,0.014300793899461125,0.012839283221426932
2023-09-26,26298.0,26386.0,26085.0,26208.0,884.58189615,23190184.68921094,0.010177005529619447,0.00965200504015877
2023-09-27,26203.0,26823.0,26095.0,26361.0,1845.69530452,48753715.92791602,0.014166229618335921,0.017387635785745537
2023-09-28,26361.0,27297.0,26325.0,27026.0,2763.60813176,73970388.58646914,0.019705447457817937,0.018873449659421993
2023-09-29,27029.0,27235.0,26682.0,26911.0,1536.61509999,41399693.46972814,0.017220442925612308,0.015654349020636817
2023-09-30,26910.0,27093.0,26884.0,26966.0,532.6068557,14374492.78256985,0.006525211011062323,0.006127207058140676
2023-10-01,26965.0,28053.0,26959.0,27995.0,1264.64540463,34885335.60144994,0.02572656113332157,0.02085601967799877
2023-10-02,27995.0,28592.0,27333.0,27507.0,2577.97315012,72470372.49398322,0.028360725968114637,0.02689221841125672
2023-10-03,27509.0,27670.0,27170.0,27435.0,1304.18286171,35762362.91249019,0.016102475065752856,0.015070933110241448
2023-10-04,27431.0,27831.0,27221.0,27790.0,1275.01105837,35118450.79486275,0.01719785266149498,0.014175632398005886
2023-10-05,27787.0,28125.0,27369.0,27417.0,1535.57836693,42621016.79556463,0.018398461595749125,0.01823715081410008
2023-10-06,27420.0,28301.0,27185.0,27948.0,1718.75354746,47653273.91738362,0.024772672078278865,0.023895439726902598
2023-10-07,27945.0,28034.0,27864.0,27971.0,355.00216419,9922012.06252321,0.008329821436903162,0.006550500806954142
2023-10-08,27976.0,28104.0,27715.0,27933.0,559.68781341,15636662.85258057,0.012070549132220545,0.010290039508188867
2023-10-09,27930.0,27996.0,27280.0,27594.0,1186.72451465,32751080.06602601,0.017106226665139137,0.014845567125926426
2023-10-10,27598.0,27733.0,27294.0,27395.0,1183.58370853,32543965.74119551,0.013177338930434662,0.011394007304746278
2023-10-11,27394.0,27474.0,26533.0,26874.0,2042.77738655,55048530.49141081,0.019466239692953056,0.017253556544967373
2023-10-12,26870.0,26933.0,26545.0,26756.0,1099.96996575,29417309.57799369,0.012240905607587494,0.012035219961344067
2023-10-13,26744.0,27108.0,26675.0,26867.0,1292.1278671,34698563.48232502,0.014062002746131159,0.014820722540452436
2023-10-14,26867.0,26981.0,26800.0,26855.0,421.71980002,11337473.68114653,0.005895350648336028,0.004934809496302684
2023-10-15,26858.0,27299.0,26814.0,27174.0,758.25452068,20505364.75536681,0.00929441265721876,0.009648075428370598
2023-10-16,27161.0,29900.0,27123.0,28518.0,4785.41944077,135239824.8629145,0.05819174442483303,0.051987831326794354
2023-10-17,28520.0,28627.0,28081.0,28408.0,1864.88114061,52945447.64042484,0.02026832834963347,0.018120019728171836
2023-10-18,28408.0,28984.0,28156.0,28328.0,1413.07638125,40214767.700662866,0.01870848881183881,0.018108338690244617
2023-10-19,28327.0,28916.0,28138.0,28733.0,1546.73974905,44163006.88341913,0.01843178715635118,0.016218047568065764
2023-10-20,28734.0,30233.0,28595.0,29688.0,2771.39284798,81765427.51880066,0.0252067283498283,0.02700775136616983
2023-10-21,29682.0,30364.0,29483.0,29927.0,918.26190297,27484747.63657612,0.014641091722441638,0.015676827804257026
2023-10-22,29921.0,30247.0,29678.0,30002.0,921.90910142,27589862.374048408,0.013794916863187692,0.015314637453740813
2023-10-23,30007.0,34283.0,29898.0,33074.0,5126.76615313,162228071.95568162,0.06314348345725367,0.05991110264504938
2023-10-24,33090.0,35198.0,32852.0,33917.0,5503.07515361,187470480.3358865,0.05273085271425436,0.05268165422841149
2023-10-25,33928.0,35138.0,33686.0,34498.0,2514.83797747,86617497.6248965,0.030207667520759287,0.027360599274080605
2023-10-26,34494.0,34834.0,33738.0,34165.0,2077.76612107,71191324.91021147,0.02292896719136671,0.02081312953467596
2023-10-27,34148.0,34245.0,33407.0,33906.0,2094.03774293,71078080.15247843,0.018143918416953824,0.018509607863567243
2023-10-28,33902.0,34506.0,33878.0,34091.0,772.85563761,26399317.65321542,0.012718703468520425,0.011884090649417063
2023-10-29,34090.0,34755.0,33945.0,34538.0,949.33336318,32676619.91665184,0.013218992337911916,0.01388764877812957
2023-10-30,34549.0,34860.0,34095.0,34495.0,1843.15676539,63622107.82290866,0.017387190413401053,0.016888535554098572
2023-10-31,34489.0,34730.0,34061.0,34661.0,1565.28762452,53881430.72971143,0.015978815090039615,0.01649309538439863
2023-11-01,34667.0,35612.0,34102.0,35440.0,2098.16618447,73017514.8383583,0.025705317167485475,0.028817509790245173
2023-11-02,35440.0,35968.0,34320.0,34937.0,1636.75756043,57443097.38888454,0.021644122141270497,0.02297935226106919
2023-11-03,34947.0,34947.0,34132.0,34727.0,1346.42679593,46485984.38708777,0.01926417313246204,0.02047162823572365
2023-11-04,34734.0,35276.0,34609.0,35086.0,789.13294208,27516847.44264043,0.012577808701889615,0.011608678975049764
2023-11-05,35086.0,35396.0,34495.0,35045.0,816.1044247,28601133.00668902,0.019112456326554488,0.018319146434637012
2023-11-06,35043.0,35290.0,34766.0,35042.0,1069.01973133,37457331.66617399,0.01574543373877029,0.014062084782843563
2023-11-07,35061.0,35891.0,34530.0,35414.0,1785.9642087299999,62650187.15265575,0.0216176627700616,0.02037813579793066
2023-11-08,35417.0,36150.0,35111.0,35640.0,1364.35565296,48445541.226913944,0.01858381654765343,0.01903364268281788
2023-11-09,35633.0,37978.0,35578.0,36693.0,3016.28242591,110989548.77939472,0.03693397221365427,0.04000353915981078
2023-11-10,36700.0,37558.0,36343.0,37319.0,1622.63844082,60093474.259312,0.024121778166896764,0.02029044315275075
2023-11-11,37350.0,37422.0,36673.0,37152.0,808.30673359,29941481.56209561,0.014089228269430893,0.013624946998040595
2023-11-12,37136.0,37237.0,36758.0,37086.0,549.56241452,20372945.86880279,0.011991013804342102,0.01130313221442903
2023-11-13,37085.0,37421.0,36355.0,36485.0,1510.51918187,55656235.77229412,0.018167392668847895,0.01693496739423462
2023-11-14,36474.0,36749.0,35002.0,35564.0,1717.04521008,61751283.96078133,0.028317654265282845,0.028562667929788305
2023-11-15,35564.0,37975.0,35378.0,37877.0,2493.86082433,91693086.73603798,0.03203556285311492,0.02704119831715153
2023-11-16,37886.0,37960.0,35539.0,36165.0,2074.97812228,76098974.55893885,0.02921680789201485,0.02670500596282533
2023-11-17,36167.0,36800.0,35891.0,36625.0,1897.08043126,68871099.9181867,0.02647895576061237,0.02412435365747005
2023-11-18,36626.0,36851.0,36211.0,36590.0,600.63676547,21943268.18132808,0.01137851402655602,0.009988630524717861
2023-11-19,36591.0,37520.0,36420.0,37426.0,1248.86330778,46198762.56328127,0.014496549686398625,0.012945876641998321
2023-11-20,37426.0,37769.0,36716.0,37480.0,2466.92303789,92075916.46969014,0.023709368913185685,0.02566946458623492
2023-11-21,37473.0,37664.0,35758.0,35758.0,2635.3433892900002,97124140.88381574,0.02655694531066227,0.031322987954943
2023-11-22,35762.0,37865.0,35651.0,37424.0,2070.1723192,76333516.9890274,0.02365206715377214,0.023257850554247898
2023-11-23,37432.0,37649.0,36886.0,37301.0,1022.40658624,38144949.0173204,0.014842849013404966,0.014046883355073635
2023-11-24,37312.0,38437.0,37266.0,37746.0,1802.03174883,68213302.27421688,0.0238459385022148,0.022550530400633477
2023-11-25,37750.0,37908.0,37619.0,37809.0,420.03700069,15865683.04399297,0.007050700200323471,0.005937722728794496
2023-11-26,37811.0,37837.0,37173.0,37460.0,956.68366321,35892455.49532415,0.012864602936313653,0.013650196656301508
2023-11-27,37467.0,37574.0,36727.0,37240.0,1461.30815081,54142939.68224004,0.018708536295125245,0.017860858120154283
2023-11-28,37240.0,38420.0,36883.0,37839.0,2929.17942076,110727102.7607831,0.01995703858699913,0.01920158266802318
2023-11-29,37842.0,38457.0,37597.0,37863.0,1596.97584281,60753971.80258971,0.01796544638365039,0.017270179786358735
2023-11-30,37864.0,38173.0,37510.0,37719.0,1238.49574253,46776514.62670449,0.014960849708184338,0.013231606844758685
2023-12-01,37731.0,39000.0,37628.0,38707.0,1584.74431912,60985102.86915391,0.01781068614972032,0.01737948121498269
2023-12-02,38707.0,39725.0,38663.0,39474.0,1009.37914772,39536370.75287684,0.017904419445433143,0.015836896794016727
2023-12-03,39474.0,40210.0,39304.0,39989.0,1030.43113816,40988636.78636838,0.014762671105151483,0.014664371800247072
2023-12-04,39988.0,42404.0,39988.0,41985.0,2457.14266074,101936832.65135577,0.030977591121461045,0.028286265107712108
2023-12-05,41979.0,44490.0,41415.0,44075.0,2381.71882149,102048321.09009138,0.028706490347835813,0.030919991930865743
2023-12-06,44087.0,44282.0,43419.0,43764.0,1590.89524265,69804045.27879232,0.025341333088538493,0.02146326493201373
2023-12-07,43764.0,44044.0,42849.0,43291.0,1537.57678097,66733642.54189517,0.019788623489570306,0.020830304865072792
2023-12-08,43296.0,44729.0,43078.0,44193.0,1710.26021181,74884358.46207578,0.01787080685658433,0.01733444984874885
2023-12-09,44210.0,44362.0,43605.0,43712.0,1039.35957631,45700644.85965787,0.014292763405409178,0.012679760182635407
2023-12-10,43710.0,44038.0,43582.0,43786.0,872.82567587,38225279.35075439,0.010772243282358398,0.010217112871697834
2023-12-11,43786.0,43801.0,40181.0,41242.0,4261.48533556,178036377.20851502,0.0432025726383488,0.047203069042354884
2023-12-12,41232.0,42071.0,40649.0,41458.0,1610.56081406,66845405.61848294,0.027787318168665948,0.025574559141894923
2023-12-13,41483.0,43440.0,40589.0,42888.0,2644.83644066,111092714.17602044,0.028250236933803876,0.024242354187803045
2023-12-14,42899.0,43409.0,41509.0,43031.0,2002.07782305,85529563.77460949,0.02826386552939623,0.030700415018821838
2023-12-15,43047.0,43082.0,41664.0,41925.0,1753.91862839,74111440.7347784,0.019074248957519715,0.018396108833195434
2023-12-16,41926.0,42676.0,41639.0,42246.0,702.47727547,29672932.07006464,0.014052199735728304,0.013017865692393514
2023-12-17,42228.0,42364.0,41266.0,41345.0,1244.1407649,52048851.92204559,0.01910556990928033,0.017856312476613293
2023-12-18,41337.0,42732.0,40513.0,42650.0,2330.26582426,96850089.45451832,0.026527006280222323,0.025370614925057405
2023-12-19,42664.0,43456.0,41794.0,42258.0,2275.97294212,97042914.43406993,0.02288216932658323,0.02400815866953117
2023-12-20,42257.0,44291.0,42207.0,43665.0,2554.20268131,111323071.50681661,0.026208406245229174,0.025888899128152256
2023-12-21,43667.0,44240.0,43305.0,43873.0,1843.00224824,80684408.0856613,0.020682660432680595,0.021326341029811947
2023-12-22,43871.0,44409.0,43430.0,44002.0,1262.6906742,55361461.40308023,0.01933997215420047,0.017978822842128928
2023-12-23,44011.0,44027.0,43347.0,43733.0,762.80816546,33323236.125195,0.011088957999925703,0.009105690038419918
2023-12-24,43730.0,43954.0,42700.0,43033.0,934.47643082,40588482.87383937,0.016421048546920478,0.015845706800257656
2023-12-25,43015.0,43807.0,42771.0,43591.0,808.86227682,35086576.11067994,0.01678372142739138,0.014443721771883158
2023-12-26,43587.0,43605.0,41639.0,42510.0,2476.91150728,105286923.11117668,0.021432608051681578,0.021321309685243955
2023-12-27,42511.0,43698.0,42121.0,43473.0,2029.37372014,87151302.29083239,0.019122805079549828,0.018466992824533
2023-12-28,43468.0,43812.0,42288.0,42583.0,1410.60181535,60550196.56452811,0.020018416099169725,0.01736826315582223
2023-12-29,42587.0,43128.0,41306.0,42072.0,2740.01043427,115874196.05489215,0.02189088577381757,0.024566913474930455
2023-12-30,42069.0,42599.0,41529.0,42148.0,931.22212329,39197400.98945786,0.015754372366453353,0.014514779540882764
2023-12-31,42148.0,42867.0,41976.0,42258.0,1192.72615807,50621281.70411402,0.016015467109198177,0.016257685301005482
2024-01-01,42258.0,44192.0,42188.0,44187.0,1633.49861779,70653639.5643374,0.017129754863594655,0.017603224399942212
2024-01-02,44187.0,45922.0,44167.0,44970.0,3948.65907593,178590034.77154964,0.0315590225390525,0.031139570019424766
2024-01-03,44972.0,45510.0,41454.0,42865.0,3980.8280561,171404302.16132963,0.04920547379363005,0.050359064885685874
2024-01-04,42863.0,44795.0,42656.0,44186.0,2918.11934919,127673205.25222741,0.028741042155334837,0.026898992926752244
2024-01-05,44195.0,44366.0,42500.0,44184.0,3155.46638326,137897901.20165762,0.03466615009880933,0.04184524992099069
2024-01-06,44189.0,44253.0,43440.0,43999.0,980.53899688,43023213.18937007,0.013706498921221668,0.0128783601831112
2024-01-07,43988.0,44500.0,43636.0,43944.0,1747.44187033,77047447.05914824,0.017736280003166745,0.016730192264921142
2024-01-08,43936.0,47281.0,43213.0,46995.0,3636.8610002,164660245.13917077,0.034384945324503154,0.03432332448188639
2024-01-09,47012.0,47897.0,44903.0,46124.0,4033.07482445,187257863.28320968,0.051715235823966234,0.05157320489019985
2024-01-10,46103.0,47751.0,44304.0,46681.0,4041.55249105,184943097.83774313,0.047123224787176954,0.05039184898118526
2024-01-11,46678.0,49048.0,45600.0,46360.0,4473.0234105,210097928.78954342,0.04193204509433156,0.04819512493042147
2024-01-12,46343.0,46516.0,41509.0,42778.0,5206.89076802,230377726.42505756,0.047901705157959745,0.04578660082192081
2024-01-13,42772.0,43246.0,42440.0,42843.0,1045.15461483,44793782.08552024,0.022785732378622234,0.017896224462607413
2024-01-14,42834.0,43060.0,41704.0,41715.0,1256.25694151,53471464.41212848,0.021305014753546674,0.01951854500194693
2024-01-15,41701.0,43324.0,41680.0,42493.0,1455.98525511,62010978.46297133,0.022162323582009646,0.022455103095395695
2024-01-16,42483.0,43566.0,42056.0,43131.0,2368.79032451,101725356.59324166,0.02707163256112299,0.02316146962722334
2024-01-17,43128.0,43187.0,42172.0,42738.0,1669.71805706,71156827.03454214,0.01969871956978584,0.016897515067359446
2024-01-18,42738.0,42871.0,40600.0,41283.0,2233.62523855,93523929.73492245,0.025450285146555434,0.02689534020371345
2024-01-19,41250.0,42152.0,40258.0,41628.0,2637.87840623,108692666.98438583,0.026765222454537486,0.030076325507885273
2024-01-20,41622.0,41854.0,41428.0,41673.0,751.43386965,31264358.98664215,0.011046798432311978,0.009710740430813889
2024-01-21,41658.0,41849.0,41485.0,41560.0,466.94666893,19461172.03529305,0.008691766124438392,0.00796810669465756
2024-01-22,41555.0,41649.0,39437.0,39528.0,3032.78218553,122747696.15092616,0.030165941619806295,0.03265086628611666
2024-01-23,39515.0,40133.0,38505.0,39868.0,2741.44335926,107712568.94488272,0.02911566668856933,0.027361531102274878
2024-01-24,39849.0,40515.0,39461.0,40074.0,2648.46142608,105771139.41417016,0.02305555515312537,0.023557381409219248
2024-01-25,40074.0,40278.0,39531.0,39916.0,2295.83198262,91603461.56550752,0.016671494451244263,0.016537137609681757
2024-01-26,39929.0,42233.0,39808.0,41818.0,3525.68226372,145086279.49577454,0.023104722227087576,0.024470607981189007
2024-01-27,41817.0,42187.0,41396.0,42124.0,788.19903211,32948102.00669556,0.011213730267389631,0.010024041478314058
2024-01-28,42126.0,42824.0,41629.0,42026.0,1354.31455222,57259092.80937323,0.018088813696231037,0.018083106364246808
2024-01-29,42027.0,43305.0,41804.0,43305.0,2305.13461431,98243725.409959,0.02055303078025426,0.021589102128740954
2024-01-30,43302.0,43853.0,42692.0,42946.0,2291.56721174,99556682.4942538,0.021291804261669815,0.020220601798639024
2024-01-31,42945.0,43738.0,42264.0,42558.0,3286.47977633,140948900.00340253,0.02448375432361038,0.024575156543217926
2024-02-01,42548.0,43263.0,41859.0,43071.0,1870.52097244,79638815.0863946,0.02102393853302081,0.02176286263971864
2024-02-02,43075.0,43451.0,42538.0,43183.0,1896.67516524,81555038.79826497,0.01777664966046126,0.017894365273106415
2024-02-03,43183.0,43352.0,42876.0,42994.0,759.46228085,32741595.25392809,0.008796156871294307,0.008327289085150022
2024-02-04,42991.0,43097.0,42243.0,42570.0,774.92253866,33139510.2281796,0.012939447389198125,0.013433264473386976
2024-02-05,42568.0,43515.0,42244.0,42659.0,2029.09192619,86812879.69434422,0.018253773286699804,0.017824871625874008
2024-02-06,42657.0,43366.0,42521.0,43092.0,1541.85229531,66320823.30533508,0.0163390539395295,0.014472570821278197
2024-02-07,43093.0,44389.0,42764.0,44346.0,1666.78621772,72400384.9993263,0.0188995416308852,0.017524657801322032
2024-02-08,44342.0,45587.0,44325.0,45300.0,3101.76569244,139564092.17675993,0.01931176575549018,0.018105200672053415
2024-02-09,45299.0,48201.0,45252.0,47161.0,3267.79290468,153821779.63879386,0.028340532619914323,0.028918366747305347
2024-02-10,47156.0,48186.0,46894.0,47770.0,1059.76317922,50378492.3738409,0.014706260878531243,0.01581580856251003
2024-02-11,47770.0,48601.0,47593.0,48313.0,950.74155544,45833871.30869302,0.016808259817166982,0.01712372695997693
2024-02-12,48313.0,50333.0,47720.0,49937.0,2595.07694979,127462034.1412464,0.02642889154486429,0.029434737871386275
2024-02-13,49937.0,50385.0,48325.0,49720.0,2127.3979635,105193462.30360612,0.02669224488515448,0.02650130783277852
2024-02-14,49728.0,52093.0,49267.0,51844.0,2470.06233311,126620145.62988101,0.025134110702323978,0.02681052375882564
2024-02-15,51841.0,52884.0,51364.0,51942.0,2580.54668239,134583127.3920281,0.025746930747309424,0.02657300863714559
2024-02-16,51935.0,52600.0,51615.0,52161.0,1766.36935764,91982558.4936346,0.02029200477030048,0.018770684931946044
2024-02-17,52163.0,52210.0,50647.0,51664.0,999.96707794,51495288.94020241,0.017991441084091887,0.01742857899927806
2024-02-18,51661.0,52393.0,51196.0,52130.0,925.21142925,47935795.55677262,0.01581916177876986,0.014135731577876119
2024-02-19,52155.0,52496.0,51694.0,51789.0,1123.41042877,58550902.61626357,0.016869203073014406,0.015412435972824318
2024-02-20,51776.0,53015.0,50770.0,52275.0,2464.04913744,127984033.78891212,0.026375573874798403,0.025176206486467536
2024-02-21,52272.0,52397.0,50611.0,51843.0,2252.9078781,115605717.81103799,0.020878225240241577,0.023800698302982363
2024-02-22,51857.0,52049.0,50921.0,51253.0,2025.24575372,104520154.94314891,0.022199368359154086,0.02012208983213081
2024-02-23,51252.0,51507.0,50519.0,50743.0,1923.68472986,98127743.94337042,0.01774846169842614,0.01603352784706161
2024-02-24,50738.0,51683.0,50581.0,51562.0,508.41676974,26024253.47289536,0.010437113241832878,0.010522387568838129
2024-02-25,51564.0,51958.0,51282.0,51722.0,587.08498174,30322700.44508137,0.011808308323764576,0.010923847316834257
2024-02-26,51738.0,54969.0,50909.0,54524.0,2566.50806379,135866582.56863177,0.025731727055071773,0.026472645715549865
2024-02-27,54534.0,57615.0,54500.0,57068.0,4197.17042096,238033638.19618043,0.03842469559712047,0.035836665320190746
2024-02-28,57065.0,64000.0,56724.0,62512.0,5991.00971487,361838927.2003451,0.050678482680536464,0.06991396965564278
2024-02-29,62512.0,63684.0,60365.0,61161.0,4398.26024998,273202338.45522547,0.04327883038811231,0.046223567688480204
2024-03-01,61161.0,63265.0,60801.0,62444.0,2116.10682875,131403535.06238435,0.029719093157041552,0.027977719719508746
2024-03-02,62433.0,62488.0,61645.0,62042.0,856.26122565,53109654.71249753,0.0159306230463852,0.01341331047758825
2024-03-03,62034.0,63249.0,61402.0,63142.0,1242.8927295,77663194.99434301,0.017215934297941375,0.01681589003315557
2024-03-04,63140.0,68577.0,62376.0,68359.0,4423.23610151,291745164.31888264,0.04849087734509505,0.042950409926533074
2024-03-05,68359.0,69210.0,59313.0,63796.0,7391.4541923,480767060.62822723,0.0702759833864102,0.08124689461614495
2024-03-06,63815.0,67645.0,62843.0,66120.0,4235.32811565,280856391.69779354,0.05134421439543548,0.051027498190231634
2024-03-07,66124.0,68061.0,65623.0,66941.0,3354.92016734,225399031.8734195,0.030442025448805317,0.027022269262241858
2024-03-08,66928.0,70184.0,66264.0,68285.0,4423.05734977,301708215.3060437,0.041927671096842,0.038854305318848786
2024-03-09,68285.0,68685.0,68050.0,68463.0,856.10732179,58554618.53963457,0.012273732208401333,0.010338639836131133
2024-03-10,68464.0,69999.0,68196.0,69026.0,1987.10943818,137633171.919997,0.021096843763979644,0.021489606081105974
2024-03-11,69013.0,72910.0,67120.0,72118.0,5028.35031787,358794383.49627686,0.03340438903715711,0.03496388786204503
2024-03-12,72105.0,73054.0,68636.0,71473.0,4051.75855118,288825287.3945001,0.03334617892907411,0.03751554711936268
2024-03-13,71473.0,73679.0,71340.0,73121.0,3647.59207209,265914746.46491438,0.024319858282533028,0.024389275219278108
2024-03-14,73130.0,73794.0,68555.0,71371.0,4144.37504552,295447162.3293268,0.03982931244440888,0.04078790050851115
2024-03-15,71387.0,72415.0,65569.0,69516.0,4952.41009755,338220275.3843124,0.06186343452766612,0.06631168415656895
2024-03-16,69505.0,70069.0,64780.0,65248.0,2215.16496436,149115676.5842092,0.0341871460769961,0.0319831986340975
2024-03-17,65245.0,68867.0,64522.0,68352.0,2040.41028069,136000518.72670364,0.036013627736406394,0.03555267488073125
2024-03-18,68344.0,68902.0,66585.0,67613.0,2891.66816826,195386045.1237757,0.0362790135850129,0.03285981447124007
2024-03-19,67603.0,68123.0,61447.0,61897.0,5318.12575849,341277701.54796946,0.054984675651526635,0.05328398765645738
2024-03-20,61919.0,68168.0,60760.0,67872.0,4989.90459203,318275963.72905415,0.05328841398062165,0.05577387145904285
2024-03-21,67842.0,68249.0,64537.0,65485.0,2935.80449282,194683347.47259095,0.03745528428369831,0.034608617761925003
2024-03-22,65477.0,66631.0,62332.0,63807.0,2420.55836222,155663903.40010262,0.036378300941903044,0.03844797296135426
2024-03-23,63812.0,66027.0,63016.0,64001.0,1252.51357681,80911470.63341975,0.02819940906686342,0.026932500086551413
2024-03-24,64007.0,67613.0,63807.0,67188.0,1391.93505712,91064372.39180969,0.02893718179104515,0.024085713438194954
2024-03-25,67208.0,71213.0,66407.0,69898.0,3049.19168605,210531804.57308105,0.0303964892342352,0.032476536988113425
2024-03-26,69889.0,71572.0,69257.0,69997.0,2479.9479934299998,174199694.07859418,0.029219024400573407,0.027626812230626394
2024-03-27,69999.0,71754.0,68362.0,69421.0,2306.37023009,161019978.19492313,0.031125209325671643,0.03278660017880784
2024-03-28,69406.0,71587.0,68863.0,70803.0,2146.14929567,151551664.75908992,0.02468141178159837,0.021981486258337703
2024-03-29,70769.0,70929.0,69073.0,69903.0,1131.13270761,79087212.58103707,0.018021443903620666,0.01839927016481969
2024-03-30,69934.0,70344.0,69586.0,69613.0,589.84093164,41298133.78168422,0.011729711516510562,0.009801015821913305
2024-03-31,69616.0,71391.0,69594.0,71285.0,857.97967024,60585314.8590207,0.015375160762094206,0.01279580802719407
2024-04-01,71296.0,71296.0,68073.0,69699.0,2032.76552736,140908750.8642815,0.023405510199180614,0.02600915143645246
2024-04-02,69694.0,69706.0,64545.0,65469.0,3531.6205486,233870014.00082758,0.043399734786436626,0.04444207672347381
2024-04-03,65471.0,66942.0,64511.0,65988.0,1876.12270366,123863899.42260577,0.02730525405517603,0.026257008538238806
2024-04-04,65984.0,69328.0,65100.0,68538.0,2332.36734433,157401676.03734088,0.026627315532486446,0.02729028930451846
2024-04-05,68522.0,68767.0,65999.0,67857.0,2200.99431004,148578472.7495553,0.031285534753368704,0.030528405154851262
2024-04-06,67851.0,69680.0,67476.0,68917.0,729.56296087,49800193.10511642,0.016988278348566168,0.01560749481219006
2024-04-07,68907.0,70310.0,68858.0,69358.0,1123.92861936,78071078.45197855,0.01911641461705495,0.016913678130686793
2024-04-08,69336.0,72756.0,69073.0,71613.0,2247.97574988,160564348.9504919,0.025900493833122328,0.023965445719700863
2024-04-09,71623.0,71748.0,68217.0,69135.0,2320.07201561,161867239.02033052,0.027635773656748148,0.027898373356927672
2024-04-10,69100.0,71150.0,67482.0,70630.0,2494.31665671,171989970.91695833,0.032426259686937665,0.029551229785032336
2024-04-11,70638.0,71287.0,69555.0,70015.0,1976.13409975,139053410.63390836,0.027002177027017904,0.023865701231904943
2024-04-12,70019.0,71236.0,65230.0,67150.0,2855.3300716,195379568.85108626,0.032042514467292664,0.03794859406778901
2024-04-13,67146.0,67930.0,61308.0,64054.0,3638.57218138,236613945.59481975,0.06187359385606274,0.061502669083243124
2024-04-14,64039.0,65859.0,62162.0,65749.0,2675.95110563,171559861.27244854,0.04594716179923155,0.042992791303481936
2024-04-15,65748.0,66900.0,62340.0,63438.0,2619.50946939,170228727.25102058,0.03755323335782473,0.03802471550773936
2024-04-16,63467.0,64376.0,61654.0,63830.0,2685.27308755,168808129.41542858,0.03941274844495299,0.039936041207595314
2024-04-17,63821.0,64636.0,59672.0,61278.0,3227.19219541,200200647.16193673,0.04236919927283598,0.0409562607931986
2024-04-18,61256.0,64182.0,60830.0,63515.0,2353.15232284,147556375.41314384,0.03593246517804388,0.03330818202084452
2024-04-19,63512.0,65506.0,59629.0,63821.0,3756.32419865,237188756.07065314,0.05190518171068065,0.05150050929942446
2024-04-20,63847.0,65450.0,63136.0,64990.0,1178.86192275,75759081.15048143,0.023662241513579575,0.021293840211452076
2024-04-21,64978.0,65710.0,64294.0,64950.0,871.65106463,56649578.83842159,0.01894824802455917,0.01699523095981839
2024-04-22,64951.0,67241.0,64545.0,66855.0,2019.58758121,133573036.61701937,0.02606064768449468,0.024209311229437903
2024-04-23,66845.0,67201.0,65837.0,66421.0,1200.34622413,79900387.88975702,0.018173399525351578,0.016871586011067058
2024-04-24,66413.0,67057.0,63554.0,64259.0,2072.24874267,135767907.12704116,0.0255150891051099,0.024100189019096174
2024-04-25,64254.0,65286.0,62785.0,64493.0,1851.69406596,118586593.57520254,0.02444829889186728,0.024126351444780376
2024-04-26,64488.0,64793.0,63306.0,63745.0,1213.85952947,77830724.8711221,0.02132789822689735,0.021557284757231888
2024-04-27,63746.0,63903.0,62405.0,63429.0,833.17012398,52520249.701867744,0.021852205248396674,0.021468921181585648
2024-04-28,63417.0,64310.0,62811.0,63098.0,807.23701868,51303197.82906761,0.01551916458924089,0.014337298729122504
2024-04-29,63106.0,64181.0,61764.0,63832.0,1496.50152656,93868879.09153093,0.0234123442373076,0.024242238521633416
2024-04-30,63849.0,64714.0,59068.0,60632.0,2740.34760244,167934872.9834415,0.03308903668235739,0.0353748835031366
2024-05-01,60611.0,60786.0,56500.0,58256.0,3523.30096206,203891307.55120167,0.04625118728339454,0.05213093922943607
2024-05-02,58272.0,59623.0,56932.0,59099.0,1700.0955159,99514363.14260048,0.030250026315824425,0.028366147161550597
2024-05-03,59076.0,63340.0,58829.0,62915.0,2560.04102097,155857483.11650687,0.030331573975450395,0.031951372147889824
2024-05-04,62907.0,64522.0,62585.0,63899.0,1400.47938778,88912130.87608571,0.02387625994033397,0.02352234506126326
2024-05-05,63901.0,64625.0,62947.0,64021.0,918.78327523,58669831.81741256,0.018952032316940114,0.017868132389537637
2024-05-06,64024.0,65513.0,62720.0,63164.0,1643.13715228,105186642.3711379,0.02519152737105348,0.027984627684429896
2024-05-07,63159.0,64389.0,62278.0,62320.0,1357.12199145,86097291.19873966,0.025543728846073706,0.024402794595036865
2024-05-08,62310.0,62996.0,60873.0,61181.0,1469.20210523,91352311.82649207,0.02426341016806731,0.022208968461196407
2024-05-09,61143.0,63409.0,60634.0,63075.0,1386.15467473,85690496.29444061,0.02216429996238325,0.022777117571516976
2024-05-10,63072.0,63876.0,60176.0,60793.0,2229.56085163,138055564.46789184,0.02516381455505134,0.03276224235010029
2024-05-11,60799.0,61454.0,60474.0,60816.0,516.41893738,31473808.5615496,0.013421234666107272,0.012371948248899693
2024-05-12,60813.0,61848.0,60600.0,61462.0,638.44732414,39077741.04971988,0.012943760108611847,0.012931406861465189
2024-05-13,61446.0,63444.0,60758.0,62934.0,1831.88901336,114737500.40687732,0.023560494881351986,0.022075701566864378
2024-05-14,62917.0,63075.0,61108.0,61543.0,1560.7659125,96665555.292301,0.025871885860260506,0.023587474826769393
2024-05-15,61552.0,66471.0,61322.0,66242.0,3794.61266735,244748700.5208099,0.030802579304418598,0.029959306317808666
2024-05-16,66234.0,66766.0,64598.0,65252.0,1760.07421083,115983373.1156809,0.02099416781921157,0.021056472588837517
2024-05-17,65252.0,67482.0,65129.0,67053.0,1703.98497047,113217110.56214266,0.02188096301970113,0.020072141797636667
2024-05-18,67059.0,67391.0,66663.0,66930.0,526.31056179,35251025.86437168,0.012730668041002646,0.009917367849830773
2024-05-19,66923.0,67654.0,65901.0,66275.0,535.79306702,35851413.98472462,0.015322467468379763,0.013406407991724429
2024-05-20,66255.0,71500.0,66074.0,71401.0,2681.31745309,183662502.85215303,0.028940919395582448,0.030487235516161327
2024-05-21,71435.0,71958.0,69156.0,70136.0,1968.84633605,138985353.98968068,0.023128263914297086,0.021256519364108314
2024-05-22,70155.0,70649.0,68879.0,69118.0,1537.25078005,107247050.72807959,0.020422528770463296,0.020982839640417836
2024-05-23,69151.0,70024.0,66343.0,67945.0,2160.78304618,146907265.74669728,0.028719842714385595,0.03051373531448713
2024-05-24,67915.0,69254.0,66623.0,68548.0,1132.91119417,76947475.92638822,0.02009327361083536,0.019864368761208073
2024-05-25,68549.0,69580.0,68503.0,69275.0,499.49995762,34478018.09169638,0.010546088647848817,0.009731918917174745
2024-05-26,69288.0,69500.0,68136.0,68489.0,610.501155,42050711.52300193,0.011765866424877978,0.011532068538334557
2024-05-27,68471.0,70601.0,68225.0,69392.0,1406.51067265,97615804.16125438,0.020251536527631384,0.0195239379847119
2024-05-28,69363.0,69513.0,67193.0,68327.0,2285.11775116,155745003.16216457,0.026381610604875143,0.025246256322861822
2024-05-29,68347.0,68852.0,67096.0,67564.0,1273.08586449,86292193.75353242,0.01944923717229911,0.01673001216003516
2024-05-30,67566.0,69524.0,67105.0,68338.0,1757.50551322,120349340.38469423,0.021356469709733258,0.02030389893218396
2024-05-31,68330.0,69010.0,66624.0,67477.0,1880.05905818,127428680.09174696,0.01992431244188887,0.01746227331283422
2024-06-01,67477.0,67810.0,67387.0,67723.0,368.62403719,24941984.95908045,0.00756478941990367,0.006322067518987145
2024-06-02,67722.0,68405.0,67281.0,67752.0,544.3606243,36910518.18494386,0.01377580174256154,0.012965252712324602
2024-06-03,67744.0,70268.0,67590.0,68801.0,2391.37592427,165498224.01964748,0.022635801740653282,0.024966935210122918
2024-06-04,68798.0,71074.0,68553.0,70564.0,2051.63351034,143877309.6976711,0.020661836970053426,0.018898316134425185
2024-06-05,70546.0,71759.0,69600.0,71119.0,2051.7699104,145850867.48750055,0.019364856164400018,0.024391632592559272
2024-06-06,71109.0,71629.0,70116.0,70775.0,1673.7608677599999,118744789.41304974,0.015022890018495487,0.013990644367800984
2024-06-07,70771.0,71949.0,68450.0,69326.0,3140.9712716,221663811.78531456,0.027933165425524195,0.023074733897739924
2024-06-08,69321.0,69538.0,69150.0,69306.0,428.02241418,29695108.38517246,0.007093881817358008,0.006115400913313217
2024-06-09,69306.0,69840.0,69131.0,69640.0,464.35226548,32254633.32595136,0.007415872622148785,0.007571723911955639
2024-06-10,69649.0,70167.0,69173.0,69501.0,830.15464417,57776762.79281129,0.01273595410344496,0.011427641956710128
2024-06-11,69506.0,69548.0,66011.0,67306.0,2436.68224536,164201020.4355566,0.025700728716714326,0.024852258706443083
2024-06-12,67306.0,70007.0,66911.0,68243.0,2448.03512812,168201163.82498544,0.031114091558728196,0.030137989388132017
2024-06-13,68240.0,68433.0,66242.0,66733.0,1996.6514887,134451812.67890546,0.02225708326759492,0.023300258016180193
2024-06-14,66765.0,67314.0,64936.0,65996.0,2391.47091898,158189639.13347718,0.022813718127909922,0.021932368470463842
2024-06-15,65995.0,66415.0,65828.0,66182.0,659.40470208,43629029.37410803,0.008826233831764594,0.007818105834382654
2024-06-16,66181.0,66914.0,66010.0,66622.0,738.0346897000001,49080192.51116166,0.009963692641542796,0.008406755553543657
2024-06-17,66622.0,67260.0,65066.0,66475.0,2463.1706555,162828378.56951135,0.023375860504153984,0.020791189194943074
2024-06-18,66475.0,66559.0,64032.0,65145.0,2210.70701056,143673567.45933664,0.029269120928742707,0.03022833943274177
2024-06-19,65141.0,65702.0,64664.0,64946.0,927.57952823,60449108.4284131,0.01572257169036982,0.014822099470356048
2024-06-20,64947.0,66455.0,64516.0,64845.0,2185.32362168,142874291.19455224,0.019540360992252738,0.0163326062418935
2024-06-21,64841.0,65004.0,63356.0,64102.0,1656.40021868,105971927.58298288,0.021132939482950613,0.021586426653451847
2024-06-22,64116.0,64491.0,63917.0,64233.0,277.84084542,17860895.31313219,0.006849137341564132,0.005469154676338936
2024-06-23,64245.0,64490.0,63136.0,63154.0,633.14997106,40506609.15653115,0.010096959406788997,0.009209684566496073
2024-06-24,63152.0,63302.0,58456.0,60252.0,3965.34722322,242118613.25881687,0.03226824748984052,0.03783486741209056
2024-06-25,60250.0,62395.0,60223.0,61789.0,2662.52829079,163393772.93402353,0.026953768620270515,0.025196024872017317
2024-06-26,61798.0,62458.0,60675.0,60807.0,1392.69465818,85424172.55268662,0.019084413350268573,0.016183086102437693
2024-06-27,60820.0,62323.0,60561.0,61622.0,1601.14628175,98201067.86855681,0.018850025198240517,0.016491400481562717
2024-06-28,61609.0,62151.0,59923.0,60315.0,1742.50478624,106429144.90985812,0.019731804981013946,0.019418193747809984
2024-06-29,60312.0,61114.0,60296.0,60879.0,580.79352981,35354488.18289576,0.010004941156629404,0.00854585736136778
2024-06-30,60882.0,62931.0,60620.0,62676.0,969.08894969,59795960.61681845,0.01786944966041481,0.016030720098269835
2024-07-01,62676.0,63794.0,62465.0,62829.0,1936.67850292,122282503.2552906,0.018275269501534724,0.01754231598926111
2024-07-02,62822.0,63211.0,61731.0,62033.0,1129.73936644,70500777.51050496,0.0155186030948981,0.014939866588653072
2024-07-03,62046.0,62196.0,59334.0,60142.0,2033.0635548,123140082.6866839,0.02280210910554964,0.02493226870992306
2024-07-04,60165.0,60430.0,56748.0,57045.0,2423.25294936,140862249.10690758,0.033929289643585846,0.038830094341027424
2024-07-05,57030.0,57500.0,53550.0,56632.0,3234.2285631,179797981.81652406,0.0485578784876314,0.04537385501106061
2024-07-06,56632.0,58488.0,56044.0,58251.0,1203.36563905,68791555.25508332,0.019881491478643543,0.01999978661322161
2024-07-07,58253.0,58441.0,55729.0,55829.0,1080.88868598,61781834.17442102,0.02256327869161805,0.023147625124407906
2024-07-08,55852.0,58200.0,54296.0,56710.0,3198.87849576,179654812.96696773,0.045346193631777915,0.04657998187730248
2024-07-09,56697.0,58278.0,56300.0,58033.0,2404.8954909,138153465.65266582,0.028291913508073762,0.02742166076188208
2024-07-10,58028.0,59459.0,57152.0,57733.0,1861.63028273,108362911.82842004,0.02497363046785889,0.025723580783130133
2024-07-11,57700.0,59516.0,57072.0,57348.0,2085.4392283399998,121355675.13450865,0.031347576723866656,0.028467497596506807
2024-07-12,57345.0,58539.0,56551.0,57889.0,2139.09979841,122941013.10126996,0.02409649990074978,0.023041139222965464
2024-07-13,57907.0,59853.0,57783.0,59226.0,1402.77014751,82526875.3924805,0.018456318513712155,0.02046659632045768
2024-07-14,59257.0,61424.0,59257.0,60823.0,1472.24156208,88599444.53686057,0.023367354127394827,0.023580972921875852
2024-07-15,60827.0,64926.0,60685.0,64769.0,3739.21959674,235325598.32016483,0.028556481665524706,0.027741814867545397
2024-07-16,64759.0,65403.0,62446.0,65081.0,3199.09903583,204979969.46887633,0.03157614695099946,0.031110798862999042
2024-07-17,65081.0,66129.0,63890.0,64091.0,1880.4909098599999,122412571.60356736,0.026641815887277133,0.02243369315482559
2024-07-18,64104.0,65108.0,63227.0,63964.0,1526.40752618,98062533.07798739,0.022519414496667514,0.021428840234334987
2024-07-19,63977.0,67466.0,63303.0,66705.0,3112.2854205,204331275.40191454,0.02500196170486033,0.024282274558115362
2024-07-20,66705.0,67617.0,66284.0,67155.0,1186.52410101,79352537.3716936,0.01629927293490155,0.015030988099504183
2024-07-21,67164.0,68364.0,65833.0,68158.0,1881.46231613,126369090.04571515,0.023034979155765464,0.025778700459601987
2024-07-22,68170.0,68486.0,66583.0,67562.0,2375.20572016,160399941.11976868,0.020105826237056448,0.021547233919808017
2024-07-23,67561.0,67776.0,65452.0,65944.0,2417.1788543,160949609.41621858,0.023659498136634986,0.024404493672171887
2024-07-24,65943.0,67112.0,65117.0,65376.0,1796.81531975,118703229.43046306,0.021381637273376622,0.022078692356721153
2024-07-25,65363.0,66135.0,63424.0,65796.0,2022.67493049,130548474.76709908,0.028563340252338223,0.027707420659980077
2024-07-26,65794.0,68214.0,65712.0,67921.0,1786.03393977,120195083.57268766,0.02064296350238172,0.02210148015752287
2024-07-27,67952.0,69404.0,66637.0,67892.0,1875.17940599,127799983.71973705,0.03556506378106604,0.027453455417262383
2024-07-28,67837.0,68298.0,67064.0,68264.0,861.95803297,58410319.3340239,0.01643206368213406,0.01527672612424237
2024-07-29,68240.0,70016.0,66445.0,66780.0,2363.69521213,162031531.38473508,0.026621432316487063,0.02687731719973514
2024-07-30,66765.0,66983.0,65302.0,66171.0,1561.0859685,103390894.34601746,0.022518015695144403,0.022977168457148953
2024-07-31,66170.0,66814.0,64507.0,64612.0,1629.25774256,107356637.725005,0.02306721128959225,0.02587568564786659
2024-08-01,64612.0,65568.0,62233.0,65293.0,2890.60704678,184440772.91849813,0.02763349967766894,0.0300389325594679
2024-08-02,65293.0,65548.0,61169.0,61421.0,3479.04685468,221163639.26113316,0.03414400129604554,0.03944877490833697
2024-08-03,61419.0,62151.0,59839.0,60672.0,1821.49896119,110798429.95194396,0.028380987194512125,0.027785564347826357
2024-08-04,60669.0,61073.0,57155.0,58142.0,2394.63310114,142154541.88043824,0.031633455323028796,0.03491944964634605
2024-08-05,58137.0,58280.0,49577.0,54014.0,8238.87212141,436974058.094574,0.11050565681904095,0.09858203833979466
2024-08-06,54040.0,57058.0,53977.0,56053.0,3769.72498337,210506491.518933,0.046520271207435585,0.04535577507066373
2024-08-07,56048.0,57737.0,54568.0,55136.0,3993.76663285,224728780.87535608,0.037692251164770006,0.03635022046666797
2024-08-08,55132.0,62729.0,54748.0,61699.0,3876.67202263,228209914.22405824,0.05108642064484548,0.05058607325744456
2024-08-09,61733.0,61740.0,59571.0,60860.0,2241.31073361,135998156.54544505,0.037811076482172704,0.03245810851102491
2024-08-10,60842.0,61476.0,60270.0,60952.0,1018.51751275,61919497.36749359,0.01706989392980444,0.016473395421802373
2024-08-11,60940.0,61868.0,58315.0,58725.0,1496.95386612,89786631.18079768,0.02418657232454642,0.025430025575942455
2024-08-12,58718.0,60700.0,57681.0,59362.0,3412.56068233,201273610.09807447,0.042425827272951425,0.04962498709338213
2024-08-13,59361.0,61600.0,58455.0,60620.0,2874.93115361,173042418.84433067,0.029283664633136385,0.029668711583286378
2024-08-14,60607.0,61809.0,58456.0,58697.0,3027.98966223,181571786.2824461,0.028848043850663346,0.029068638673161475
2024-08-15,58694.0,59851.0,56138.0,57557.0,3240.34341745,189461577.94527507,0.03341906481672619,0.033889198502720624
2024-08-16,57556.0,59841.0,57104.0,58883.0,2945.17331922,172287607.61292836,0.029982500624926748,0.029467900657594533
2024-08-17,58883.0,59704.0,58828.0,59487.0,913.41960834,54162191.51942203,0.011464132867930847,0.010810362395727628
2024-08-18,59487.0,60271.0,58414.0,58430.0,1375.04482657,82004976.89177419,0.017358613078858148,0.021021048574156726
2024-08-19,58440.0,59631.0,57844.0,59497.0,2045.09787264,119935512.10040115,0.024437889279376308,0.021312137490913582
2024-08-20,59462.0,61424.0,58553.0,59012.0,2569.3787569,154633768.2952821,0.026645535530556316,0.027573437837520004
2024-08-21,59012.0,61838.0,58816.0,61159.0,2508.0146228099998,151182528.25688154,0.02899594502572024,0.027542203927891522
2024-08-22,61169.0,61416.0,59774.0,60383.0,1929.30627319,117206535.50130756,0.022200023355469417,0.022124290463905225
2024-08-23,60383.0,64988.0,60348.0,64085.0,3470.07123728,216684897.6851326,0.0320546704543006,0.031630268642897696
2024-08-24,64095.0,64506.0,63594.0,64174.0,1163.89809817,74589499.54684965,0.015443783745756532,0.014450285612230945
2024-08-25,64176.0,65103.0,63814.0,64262.0,918.66616491,59138910.57569108,0.01345949566827547,0.012557267327600544
2024-08-26,64248.0,64502.0,62826.0,62852.0,1460.73492982,93010533.64707212,0.019871379168592353,0.02006520850692671
2024-08-27,62822.0,63236.0,58090.0,59427.0,2540.60072662,155247094.42414272,0.03862611711057237,0.03536716720745516
2024-08-28,59433.0,60212.0,57866.0,59033.0,2782.47691366,164358783.11771297,0.0362942225285485,0.033311600524545154
2024-08-29,59033.0,61182.0,58701.0,59365.0,2511.22388288,150864746.15426442,0.02725774614120314,0.026875672029828494
2024-08-30,59363.0,59905.0,57721.0,59113.0,2039.74822306,120366297.02968566,0.025352987572137057,0.026374259362519005
2024-08-31,59113.0,59431.0,58750.0,58967.0,738.75417566,43637260.37193516,0.009532701027641649,0.00951422311657372
2024-09-01,58967.0,59060.0,57205.0,57310.0,1650.43196007,95887532.31242143,0.025047581141453418,0.024442953591553802
2024-09-02,57278.0,59411.0,57131.0,59133.0,1642.91265395,95597715.65116283,0.022331091298428255,0.021133135725756234
2024-09-03,59133.0,59803.0,57402.0,57493.0,1476.9343549,86142361.43956997,0.021329914757512163,0.020743180870855946
2024-09-04,57506.0,58518.0,55602.0,57956.0,2077.78659826,118503932.96849468,0.03822073527198433,0.02973099939366839
2024-09-05,57974.0,58315.0,55649.0,56158.0,1485.69244111,84207766.98302837,0.03136669913072975,0.024664840306062936
2024-09-06,56179.0,56984.0,52546.0,53955.0,2938.3981761,161409372.7711229,0.03750382396558128,0.04042900857703998
2024-09-07,53947.0,54839.0,53731.0,54147.0,1046.863932,56825601.68161496,0.015540349573861372,0.014726556972877931
2024-09-08,54150.0,55306.0,53636.0,54866.0,1237.77945151,67373752.60510688,0.021285230961824355,0.018913948077284474
2024-09-09,54876.0,58070.0,54587.0,57059.0,2644.12002332,148318926.59189528,0.02813253150344489,0.028472734891711534
2024-09-10,57056.0,58042.0,56406.0,57659.0,1878.56149502,107664543.46979734,0.024458219481770953,0.022143032918639612
2024-09-11,57646.0,58000.0,55554.0,57342.0,3024.35845323,171910746.74820882,0.03050486218317657,0.030935119489191986
2024-09-12,57342.0,58560.0,57335.0,58139.0,2392.01885139,138774158.15586755,0.025126868944880025,0.02301206954631325
2024-09-13,58139.0,60670.0,57640.0,60545.0,2622.28151587,155302645.18718368,0.021605940413117274,0.022651350493473006
2024-09-14,60551.0,60655.0,59438.0,60012.0,744.81553897,44692387.31094141,0.012510907740471533,0.010929405564012734
2024-09-15,60012.0,60388.0,58708.0,59130.0,1377.74210648,82427573.5442678,0.01603425644261574,0.013758445966486966
2024-09-16,59121.0,59209.0,57488.0,58212.0,1692.12077561,98679951.06466258,0.023378900105504054,0.022465746907058565
2024-09-17,58208.0,61331.0,57627.0,60316.0,2677.19875968,160292452.38976917,0.026964089951172165,0.02826042245841167
2024-09-18,60318.0,61787.0,59189.0,61757.0,3237.8308454,195483536.63727322,0.0301329413783224,0.02938953357701209
2024-09-19,61765.0,63882.0,61584.0,62940.0,3050.8160287700002,191861388.347317,0.024817106710854995,0.02272746217595415
2024-09-20,62950.0,64121.0,62353.0,63211.0,1646.72507369,104198536.34403782,0.021996389309658877,0.02129347063982054
2024-09-21,63211.0,63574.0,62760.0,63364.0,578.82075001,36524347.02073842,0.010980513284423328,0.008432766319878262
2024-09-22,63364.0,63990.0,62390.0,63563.0,932.57108331,58773800.37490348,0.017307017866199554,0.01989351726465367
2024-09-23,63577.0,64730.0,62585.0,63325.0,1113.07851811,70730199.8121042,0.021737400991354103,0.020524510784045054
2024-09-24,63325.0,64677.0,62720.0,64260.0,1621.50232416,103000373.43140922,0.021333625267389928,0.019502692164724725
2024-09-25,64291.0,64795.0,62941.0,63147.0,1172.76426267,74722582.42451452,0.019721960320854458,0.0162942069169697
2024-09-26,63121.0,65851.0,62675.0,65175.0,1758.77420578,113606364.2825007,0.02287477925358543,0.022120789850888525
2024-09-27,65175.0,66508.0,64840.0,65781.0,1261.81543351,82927177.65461034,0.016823972409987963,0.017646351644973333
2024-09-28,65781.0,66255.0,65442.0,65876.0,557.50374744,36670549.13813405,0.009973234374064137,0.00867498465649975
2024-09-29,65875.0,66071.0,65450.0,65601.0,487.19186994,32045434.68733314,0.010507254129493838,0.007970500637714215
2024-09-30,65605.0,65634.0,62859.0,63302.0,1759.70729545,112504216.90414481,0.022006423293022003,0.020660967666350227
2024-10-01,63331.0,64122.0,60164.0,60807.0,2797.97709897,174289699.63136217,0.028655924238526705,0.030509535875540904
2024-10-02,60760.0,62350.0,59972.0,60634.0,2437.72512955,148951288.06295195,0.031314565664770345,0.027220883195335714
2024-10-03,60627.0,61461.0,59860.0,60745.0,1412.60368684,85590754.60278966,0.026106912439954433,0.023435909684972025
2024-10-04,60747.0,62473.0,60474.0,62081.0,1394.47802907,85788977.47179537,0.02071771216209335,0.02034995090191233
2024-10-05,62080.0,62368.0,61699.0,62063.0,449.65424183,27902103.383892,0.009260542113577137,0.008309646072165678
2024-10-06,62057.0,62962.0,61816.0,62814.0,846.73208591,52963241.16660226,0.011806899791202285,0.011178142604192937
2024-10-07,62831.0,64444.0,62130.0,62212.0,1815.26837202,115109495.41349666,0.025921019425373632,0.02583508577544203
2024-10-08,62211.0,63172.0,61839.0,62133.0,1116.30278349,69726889.0934946,0.021425826218388386,0.021525267994300434
2024-10-09,62114.0,62503.0,60268.0,60582.0,1354.90943313,83392192.83740035,0.01853034799216474,0.018241149696229614
2024-10-10,60589.0,61246.0,58867.0,60278.0,1799.4872895600001,108432345.06635863,0.022970954765149,0.021436453317910425
2024-10-11,60278.0,63409.0,60041.0,62452.0,1582.70508322,98188653.17111623,0.020213748649432574,0.019048058133758924
2024-10-12,62511.0,63455.0,62474.0,63194.0,685.69286582,43223822.0378778,0.012997286896775087,0.011239091919281106
2024-10-13,63193.0,63271.0,62039.0,62849.0,653.16610878,40934475.12807475,0.014636807586860496,0.012962256860771373
2024-10-14,62850.0,66479.0,62450.0,66070.0,2390.38938585,155203862.0222266,0.023749609646363367,0.02757075382114833
2024-10-15,66070.0,67922.0,64802.0,67061.0,2488.99178965,165016539.17035002,0.03211831236768695,0.03914759916043602
2024-10-16,67061.0,68388.0,66744.0,67622.0,1716.95969807,116017086.28978318,0.022897185119576145,0.020684241572888323
2024-10-17,67608.0,67914.0,66631.0,67392.0,1298.22146294,87161117.81371596,0.019262165173395667,0.01816397091767621
2024-10-18,67392.0,68998.0,67176.0,68420.0,1434.33126968,97816574.87115142,0.019682606635950357,0.018522107618229488
2024-10-19,68420.0,68668.0,68020.0,68359.0,414.91156597,28333580.81928162,0.007643532385801565,0.006331827140336787
2024-10-20,68367.0,69363.0,68102.0,69011.0,606.10309373,41604409.5934183,0.010828528991035286,0.010506563236179038
2024-10-21,69011.0,69487.0,66815.0,67340.0,1752.72054327,118946634.80497618,0.02105805168790831,0.018922474046179676
2024-10-22,67345.0,67784.0,66559.0,67382.0,1626.8596456,109414540.50782897,0.020442797327647824,0.019030532399702635
2024-10-23,67382.0,67409.0,65000.0,66601.0,1927.8417095300001,127654729.07955165,0.019548813109112592,0.018630168724541485
2024-10-24,66602.0,68800.0,66455.0,68155.0,2140.08818467,144598451.22938317,0.01828941147915055,0.01804276672723906
2024-10-25,68155.0,68726.0,65521.0,66578.0,2730.81362994,184025000.0211535,0.03203796187672817,0.028217339490438927
2024-10-26,66576.0,67352.0,66344.0,67003.0,489.32578253,32773752.51200645,0.011450130773582938,0.010448663928084367
2024-10-27,67009.0,68232.0,66850.0,67938.0,739.97895752,49967845.67956722,0.010517194881990098,0.009609974894098958
2024-10-28,67937.0,70218.0,67541.0,69918.0,2063.86332457,142279475.06577435,0.020248928641444723,0.01729249435177237
2024-10-29,69918.0,73600.0,69716.0,72729.0,3975.6902031,285884693.4481355,0.025170661857922372,0.027776747078135672
2024-10-30,72727.0,72928.0,71313.0,72331.0,2263.68354591,163251762.62486658,0.022740523947261112,0.02030372162122871
2024-10-31,72330.0,72660.0,69591.0,70231.0,1776.40915493,126291201.57160223,0.022030966642971044,0.020650787582164144
2024-11-01,70202.0,71596.0,68768.0,69490.0,2717.47179295,190273353.7539005,0.030207156935207525,0.03103864652483111
2024-11-02,69468.0,69887.0,69015.0,69330.0,1047.12468684,72674978.35417105,0.011483902261280038,0.0094366277550689
2024-11-03,69339.0,69354.0,67459.0,68738.0,1915.47157334,131011889.77339934,0.02050743174879322,0.02075533044670669
2024-11-04,68738.0,69444.0,66798.0,67818.0,2538.3408022099998,172720324.05883616,0.023105152695564988,0.02365565780424711
2024-11-05,67817.0,70538.0,67443.0,69386.0,2370.70518293,164447561.99007624,0.02498164579537788,0.027988152807654133
2024-11-06,69396.0,76481.0,69284.0,75637.0,7732.00129394,572619151.4639353,0.04235291982208006,0.044844267147045626
2024-11-07,75638.0,76990.0,74479.0,75921.0,3265.43357289,247693894.82954016,0.023077684636629233,0.02217343004547184
2024-11-08,75918.0,77270.0,75665.0,76561.0,2466.52573117,188480015.92963758,0.019257543317234987,0.01879141972918525
2024-11-09,76560.0,76941.0,75648.0,76722.0,837.82745419,64009841.46634055,0.011161728902094733,0.01094559267626102
2024-11-10,76707.0,81482.0,76554.0,80425.0,2739.76560525,217501654.20368582,0.029560614691020063,0.03390248587613924
2024-11-11,80426.0,89643.0,80280.0,88770.0,6695.15671543,569831999.3119491,0.036075599012764054,0.036936186194027075
2024-11-12,88771.0,90243.0,85121.0,88031.0,8037.51453432,706190839.471671,0.05182316096988056,0.05114806171192253
2024-11-13,88038.0,93483.0,86263.0,90521.0,7338.0297277,660488787.9688702,0.04948695119872823,0.049328959222912604
2024-11-14,90498.0,91804.0,86685.0,87333.0,3805.7616409,340042298.3149209,0.04266070244441755,0.04263492472888094
2024-11-15,87298.0,91909.0,87119.0,91070.0,4491.15106913,401457453.12795806,0.03611875855515744,0.03235023772645079
2024-11-16,91069.0,91778.0,90100.0,90608.0,1538.87717754,139950298.0082571,0.0182662685105173,0.01630882050776669
2024-11-17,90643.0,91429.0,88709.0,89861.0,2016.09767635,181951577.75428823,0.02105833642957146,0.01972680377189978
2024-11-18,89865.0,92624.0,89392.0,90512.0,4276.18821636,389833257.83260316,0.03257468387975929,0.035618434265253816
2024-11-19,90514.0,94057.0,90407.0,92424.0,3884.88262437,358624117.96340173,0.0289568773092864,0.028016838108858234
2024-11-20,92434.0,94942.0,91407.0,94373.0,9293.97029198,866638198.4470471,0.02563202769516022,0.024740872639546517
2024-11-21,94374.0,99121.0,94106.0,98451.0,7280.76958238,707154946.6863657,0.03090506250666899,0.028541015517920407
2024-11-22,98451.0,99800.0,97236.0,99013.0,4646.09454486,459206402.0855744,0.022316103422615346,0.021710839385838964
2024-11-23,99010.0,99015.0,97226.0,97775.0,1719.12474462,169018242.83029413,0.01456923964879638,0.012294878744934646
2024-11-24,97765.0,98660.0,95796.0,98007.0,1814.0075721,176267876.05287325,0.018751081848907062,0.01952789462585919
2024-11-25,98021.0,98966.0,92584.0,93035.0,2969.54841533,284134354.24011034,0.032600939181176125,0.031992202660713766
2024-11-26,93006.0,94999.0,90742.0,91928.0,3575.09743077,331787221.76337856,0.03483263231139163,0.035569790106483416
2024-11-27,91929.0,97353.0,91760.0,95978.0,2999.13415798,283802069.4792292,0.02399626101302232,0.022789477853096235
2024-11-28,95945.0,96658.0,94670.0,95661.0,2070.2707683,197676311.59197986,0.020535484843425704,0.018517372330697206
2024-11-29,95670.0,98745.0,95410.0,97512.0,2410.84197795,234805131.24477556,0.020675382872429256,0.018822512600116144
2024-11-30,97510.0,97510.0,96112.0,96441.0,646.22078077,62512787.848744884,0.011535146192483308,0.01144481227861047
2024-12-01,96471.0,97880.0,95758.0,97291.0,884.6556605,85717722.05241774,0.014004614450485054,0.013605125294739125
2024-12-02,97260.0,98200.0,94403.0,95859.0,3225.0210163,309579862.62382025,0.02645461049773994,0.02958698835618267
2024-12-03,95858.0,96301.0,93590.0,95926.0,3484.90912488,332926463.8428276,0.02327632346660107,0.023026193793164885
2024-12-04,95926.0,99250.0,94661.0,98773.0,4309.94473587,418426798.47972697,0.025404690018854276,0.027053954400822075
2024-12-05,98751.0,103647.0,92092.0,97057.0,7450.45018748,743309519.148087,0.06133686357552791,0.061805612839801176
2024-12-06,96968.0,102098.0,96463.0,99898.0,2613.21105227,260664137.40263596,0.028987372503033123,0.029862689294691245
2024-12-07,99898.0,100575.0,99121.0,99929.0,587.87674509,58661266.53148513,0.016805952655770416,0.013554775511572754
2024-12-08,99969.0,101407.0,98752.0,101204.0,1073.32763391,107236097.6658578,0.016318857017031493,0.01600983356779756
2024-12-09,101188.0,101271.0,94249.0,97468.0,2468.79283854,241854991.9639593,0.03924109061004003,0.041797643772095494
2024-12-10,97318.0,98300.0,94306.0,96648.0,2092.49724122,201883044.8003457,0.036403979848328424,0.03419115888739606
2024-12-11,96658.0,101961.0,95725.0,101201.0,2196.1813751,218288539.66018084,0.024672528369635103,0.025074628334354226
2024-12-12,101238.0,102582.0,99309.0,100068.0,1393.19342191,140534249.01286957,0.025979610842100508,0.023428345188653946
2024-12-13,99998.0,101918.0,99250.0,101435.0,1030.49421453,103761600.92670149,0.02008263211525253,0.019828051571016015
2024-12-14,101433.0,102643.0,100643.0,101382.0,566.5366089,57533568.52783446,0.015819323064275713,0.014200661508334355
2024-12-15,101408.0,105149.0,101243.0,104427.0,1369.98798554,141092739.42729095,0.018292246461366582,0.017985208560332328
2024-12-16,104476.0,107821.0,103322.0,106073.0,2171.77263705,229387602.80300403,0.027259532272932808,0.027012334181593732
2024-12-17,106109.0,108364.0,105363.0,106187.0,1405.93900566,150138358.31544915,0.024118908442702935,0.024286385188574493
2024-12-18,106187.0,106523.0,99997.0,100153.0,2557.28814854,263843053.99234912,0.03581942307195942,0.031408525986273673
2024-12-19,100133.0,102747.0,95537.0,97375.0,3425.5015449,340718783.3174829,0.04554696217984121,0.04318875685777039
2024-12-20,97416.0,98123.0,92118.0,97760.0,2706.24143724,259140934.4219031,0.043549023556503606,0.041894334642820545
2024-12-21,97745.0,99514.0,96399.0,97211.0,1740.04323929,170126307.9577553,0.024383338975833828,0.021037343079349964
2024-12-22,97245.0,97376.0,94200.0,95098.0,2075.50874332,199293128.59527677,0.025847333150002365,0.02521629347803372
2024-12-23,95098.0,96420.0,92389.0,94750.0,2428.60426472,229075192.91041896,0.03286343447102763,0.03253398392909098
2024-12-24,94750.0,99419.0,93461.0,98596.0,1444.53568991,140076959.14131063,0.025279058983178348,0.02565518720014086
2024-12-25,98637.0,99478.0,97576.0,99374.0,849.51224828,83669233.06076775,0.02147021809496206,0.018928259899937704
2024-12-26,99357.0,99881.0,95111.0,95687.0,1501.36776618,144681302.64675212,0.02654133866155216,0.023621483787708758
2024-12-27,95666.0,97337.0,93282.0,94168.0,2416.24232245,229712280.62653705,0.02829792339452555,0.027752083493323518
2024-12-28,94159.0,95529.0,94026.0,95139.0,839.50518103,79465105.10826562,0.01338619411784845,0.011609560706948746
2024-12-29,95139.0,95139.0,92868.0,93557.0,851.80554921,80117599.69087015,0.015710243414556697,0.014801345123735024
2024-12-30,93564.0,94891.0,91315.0,92628.0,1841.04308392,171148809.09260455,0.02628389158906421,0.030498619878459025
2024-12-31,92637.0,96117.0,91900.0,93381.0,1128.82793677,106369619.59658393,0.02687100005960751,0.02489628739013853
2025-01-01,93347.0,94951.0,92768.0,94388.0,777.13942547,72862120.85622956,0.016717743358672855,0.015369459527445792
2025-01-02,94380.0,97745.0,94205.0,96907.0,1219.19370744,117313361.9514531,0.024653260544678365,0.023098615706684995
2025-01-03,96895.0,98951.0,96042.0,98133.0,1159.41909795,112901052.14732467,0.017445465868379903,0.014437578464474576
2025-01-04,98133.0,98753.0,97540.0,98209.0,445.49130336,43662282.05407985,0.01033500861666612,0.009700887410012897
2025-01-05,98218.0,98799.0,97277.0,98327.0,454.72019157,44600749.87595291,0.012243040277649228,0.010464070524338984
2025-01-06,98389.0,102514.0,97919.0,102280.0,1742.61289193,175610781.3316001,0.024365689415167337,0.02495605661146461
2025-01-07,102278.0,102760.0,96130.0,96946.0,1490.59996722,147508602.60180527,0.02262346799599548,0.025786925326990194
2025-01-08,96922.0,97248.0,92502.0,95065.0,2081.0446275,197807666.03894722,0.03156337888353951,0.02958971125823099
2025-01-09,95034.0,95333.0,91215.0,92542.0,1877.80058869,174838893.8875756,0.03126653850444423,0.03196140489138431
2025-01-10,92545.0,95797.0,92227.0,94702.0,1798.96999215,169318210.1639645,0.03486814694736872,0.03208400036000407
2025-01-11,94702.0,94975.0,93843.0,94568.0,639.87740098,60417104.95673854,0.011154898011350712,0.009864760613004947
2025-01-12,94573.0,95363.0,93685.0,94497.0,570.97876662,53930254.85762812,0.012153583070765474,0.011037902772232903
2025-01-13,94498.0,95846.0,89164.0,94505.0,2125.86232734,196458207.94050038,0.03887761496487097,0.03735343240569485
2025-01-14,94537.0,97339.0,94345.0,96523.0,1477.80944326,142087973.70048624,0.02670991929592666,0.023788689869267493
2025-01-15,96560.0,100715.0,96474.0,100512.0,1811.81706595,179094099.31557944,0.02597559071056268,0.02348846364537679
2025-01-16,100512.0,100860.0,97319.0,99975.0,1817.77460574,180723952.93340972,0.025251814876494128,0.02576416950915825
2025-01-17,99975.0,105932.0,99944.0,104119.0,3087.39708067,320089869.776921,0.023335741708374807,0.02491935522033028
2025-01-18,104119.0,104909.0,102238.0,104436.0,1306.42802809,135460603.16277727,0.02406026313854141,0.0239255823816732
2025-01-19,104432.0,106294.0,99528.0,101237.0,2602.44233467,270643209.7137703,0.0459346200328344,0.04015936946138304
2025-01-20,101191.0,109356.0,99462.0,102141.0,3921.86906882,412811603.66551113,0.07328127302010984,0.0732711330060226
2025-01-21,102155.0,107265.0,100087.0,106149.0,3058.41033426,320080279.1231847,0.04175296166416149,0.03719559503213007
2025-01-22,106149.0,106370.0,103322.0,103632.0,1713.55368827,179239946.30642906,0.022609473017207535,0.021845911648531578
2025-01-23,103659.0,106848.0,101233.0,103933.0,3790.17304182,393951734.5727316,0.04981747166153591,0.04732820856071653
2025-01-24,103922.0,107149.0,102754.0,104855.0,1725.23369955,181749021.580318,0.02575742886485306,0.023338009942764738
2025-01-25,104855.0,105237.0,104126.0,104738.0,735.89058503,77005524.12622918,0.012168225280175225,0.01064457405296139
2025-01-26,104741.0,105424.0,102450.0,102573.0,798.34131897,83092394.07901849,0.013239502852100467,0.013374699601791318
2025-01-27,102573.0,103186.0,97750.0,102090.0,3210.12625421,322885869.1473828,0.037787844871250136,0.03908800459543834
2025-01-28,102065.0,103745.0,100225.0,101292.0,1721.67321227,176155999.15962592,0.025915406792251756,0.024478730163544286
2025-01-29,101291.0,104769.0,101288.0,103747.0,1535.93165933,158020243.59658137,0.025561709883625987,0.024631333865968292
2025-01-30,103768.0,106447.0,103313.0,104738.0,1543.13930195,162475111.1458215,0.019669254206521724,0.019225197319859628
2025-01-31,104737.0,106046.0,101303.0,102412.0,2016.51235916,209191466.3174261,0.02247519352788143,0.02241255004321922
2025-02-01,102408.0,102754.0,100270.0,100638.0,785.48911683,79849537.82034174,0.014814827484082766,0.012967407275576744
2025-02-02,100638.0,101430.0,96168.0,97675.0,1747.97820698,172093538.40269083,0.02912605297200401,0.031337086273140746
2025-02-03,97670.0,102569.0,91530.0,101457.0,4081.88402077,396357762.86013997,0.050632628579636664,0.05764038027056405
2025-02-04,101456.0,101785.0,96147.0,97786.0,2068.16739103,204935326.1197292,0.03781612713668507,0.03550085303418986
2025-02-05,97809.0,99168.0,96181.0,96614.0,1576.92222741,153846702.90231812,0.027602609066051602,0.023664048040183884
2025-02-06,96614.0,99174.0,95678.0,96573.0,1723.92521071,167775629.61325577,0.023824067177762778,0.023233672192172712
2025-02-07,96566.0,100185.0,95662.0,96535.0,1936.93167774,189879202.54552925,0.02924176025492446,0.02750365095754836
2025-02-08,96534.0,96896.0,95700.0,96472.0,615.71243239,59296449.28234838,0.012485702209478505,0.010860883020970134
2025-02-09,96472.0,97337.0,94726.0,96477.0,1008.66870716,96915043.78711656,0.01744327870412585,0.019235272138160908
2025-02-10,96533.0,98349.0,95307.0,97469.0,994.10887876,96571287.93423562,0.021241836640105302,0.02053814578340335
2025-02-11,97465.0,98490.0,94853.0,95754.0,1284.47141085,124211202.71128002,0.0176366388629481,0.019022006549763167
2025-02-12,95756.0,98144.0,94091.0,97882.0,1476.47049215,142100558.23988962,0.031159244486710105,0.02807142883323366
2025-02-13,97882.0,98091.0,95249.0,96627.0,857.75893529,82459308.54931468,0.02090137478889316,0.017779100768205314
2025-02-14,96631.0,98871.0,96300.0,97520.0,1251.2726876,121888699.29061203,0.02250665341537035,0.02170715284372442
2025-02-15,97515.0,97974.0,97237.0,97591.0,335.74480408,32767962.44278859,0.009050888525523286,0.007334873651091348
2025-02-16,97591.0,97727.0,96066.0,96132.0,445.57381146,43215606.49489976,0.009380440109709636,0.009577057685720081
2025-02-17,96066.0,97014.0,95227.0,95772.0,800.63807134,76838809.03765483,0.015434745787471973,0.015391850649389693
2025-02-18,95779.0,96714.0,93340.0,95612.0,1415.52902397,134447152.216952,0.02075180532099868,0.020396246737287117
2025-02-19,95612.0,96866.0,95011.0,96642.0,1420.10472761,136362671.63690913,0.01737066857981361,0.014883563119757812
2025-02-20,96639.0,98758.0,96439.0,98337.0,1681.57650135,164171558.55274132,0.015320837552803331,0.01413336391136753
2025-02-21,98335.0,99508.0,94805.0,96131.0,2838.77561898,276822658.8088657,0.02469860915783682,0.024759057284397402
2025-02-22,96137.0,96967.0,95750.0,96572.0,795.72262624,76719750.9386393,0.009132920653235189,0.007828989483987048
2025-02-23,96571.0,96666.0,95260.0,96262.0,539.9144753,51851063.38411252,0.009230810204668908,0.008244906527430765
2025-02-24,96264.0,96492.0,91330.0,91554.0,1692.14741385,159818746.00080448,0.02535867925772176,0.024136028618486294
2025-02-25,91516.0,92512.0,85953.0,88576.0,4284.62546279,380441733.689654,0.04375639536199263,0.04846175736836097
2025-02-26,88573.0,89279.0,82133.0,84071.0,3118.75478282,267612008.05941048,0.04730997104527161,0.04355543254209897
2025-02-27,84150.0,86988.0,82615.0,84639.0,2559.94908433,216983589.6347252,0.03221909244497521,0.032434291288156496
2025-02-28,84621.0,85082.0,78197.0,84321.0,3567.36797341,291657751.19925904,0.06092054526832512,0.05499589962871996
2025-03-01,84316.0,86517.0,83803.0,86033.0,1461.96601707,124616188.56310476,0.02428336099114339,0.022607003689917655
2025-03-02,86031.0,95152.0,85029.0,94273.0,3153.02965002,283950812.8516375,0.04878342641685016,0.054268112281017196
2025-03-03,94272.0,94422.0,85069.0,86160.0,2856.70424439,257669013.48129705,0.04965136835284035,0.0544207262817272
2025-03-04,86161.0,88922.0,81463.0,87240.0,3206.20571035,271184833.0682223,0.054326389109061034,0.05550465027128392
2025-03-05,87262.0,90993.0,86397.0,90611.0,1832.66540574,163230525.6526018,0.03853356075508583,0.0365706797467031
2025-03-06,90590.0,92790.0,87835.0,89918.0,2169.68972472,195873242.61787552,0.04050596676446597,0.03607011122065707
2025-03-07,89922.0,91277.0,84713.0,86759.0,3286.78015466,289752888.92181355,0.05970652927577158,0.06868121435444352
2025-03-08,86754.0,86861.0,85190.0,86192.0,579.74911104,49928182.13073066,0.020630224899680895,0.018630384308871154
2025-03-09,86204.0,86469.0,80000.0,80708.0,1710.17938787,141901688.71104813,0.028826810431718225,0.029798948205737558
2025-03-10,80728.0,84007.0,77393.0,78561.0,2977.79268756,240407377.56518403,0.05196919146434409,0.04994028066184862
2025-03-11,78599.0,83568.0,76600.0,82869.0,2656.56371178,214098586.9197148,0.04512685039298949,0.04601671598750428
2025-03-12,82941.0,84437.0,80607.0,83620.0,2469.21846953,203425231.367824,0.03114384732347017,0.0329593789362194
2025-03-13,83677.0,84287.0,79910.0,81079.0,1830.00089168,150084535.33653137,0.02738210853254987,0.028266928019515858
2025-03-14,81084.0,85294.0,80801.0,83975.0,1986.99511377,166085726.24023017,0.025214500075274243,0.024069401730969085
2025-03-15,83984.0,84672.0,83633.0,84347.0,486.19010212,40945420.29948473,0.011130018164635257,0.00979493608257817
2025-03-16,84362.0,85059.0,81983.0,82555.0,1178.20234353,98315608.19400723,0.026426671364361245,0.023245526174322528
2025-03-17,82569.0,84741.0,82466.0,84058.0,1198.89639605,100117149.74264252,0.022425499280355712,0.020992725323793406
2025-03-18,84058.0,84058.0,81138.0,82715.0,1290.21505333,106245576.14427774,0.02219259829568955,0.021685595026735196
2025-03-19,82694.0,87010.0,82567.0,86868.0,1926.60953491,163110617.02599835,0.024124043447618176,0.025057271824365096
2025-03-20,86870.0,87470.0,83631.0,84158.0,1877.13235545,160288941.36381966,0.0254598368077292,0.025205135841670848
2025-03-21,84179.0,84801.0,83142.0,84061.0,1146.50782993,96224792.22566813,0.01866384153710009,0.017868212338564407
2025-03-22,84061.0,84490.0,83682.0,83823.0,316.86484991,26661081.56728162,0.007255779351799226,0.006563951523748057
2025-03-23,83823.0,86116.0,83806.0,86084.0,649.91397891,55237132.47530774,0.012278949689360347,0.01078591070200293
2025-03-24,86084.0,88772.0,85541.0,87512.0,1888.33413141,165714467.43843067,0.021031529917769416,0.019500505948652325
2025-03-25,87488.0,88539.0,86321.0,87436.0,2134.77215325,187103672.8847225,0.019239176713888455,0.017809638420968905
2025-03-26,87448.0,88296.0,85869.0,86913.0,1552.95977276,135324202.86738005,0.018642461594395296,0.01893000375424133
2025-03-27,86966.0,87755.0,85828.0,87219.0,1289.3728971,112088091.23109357,0.017023820457314914,0.01654759855965234
2025-03-28,87224.0,87481.0,83544.0,84379.0,1392.33624956,118270758.6856164,0.019829240706972836,0.017547041806798662
2025-03-29,84384.0,84561.0,81629.0,82608.0,745.3934536,61781478.29311485,0.018380743861999532,0.017414496504277045
2025-03-30,82608.0,83500.0,81551.0,82359.0,840.38263469,69471249.46335924,0.016834104734846256,0.016029191571702902
2025-03-31,82367.0,83914.0,81287.0,82538.0,1937.3372797,159791588.73165178,0.027334030718657146,0.02626234127187468
2025-04-01,82537.0,85530.0,82417.0,85170.0,1504.00240153,126590718.51831491,0.020629285007827552,0.021600709719572925
2025-04-02,85171.0,88563.0,81188.0,82502.0,2861.64666347,244680332.34612206,0.036171924023734835,0.04542025643481765
2025-04-03,82477.0,83896.0,81200.0,83132.0,1777.45240819,146597256.79624128,0.027491239822474704,0.024748299142818005
2025-04-04,83182.0,84708.0,81659.0,83851.0,2005.88282699,166683433.6293923,0.036522707858262726,0.03408377379498345
2025-04-05,83852.0,84226.0,82358.0,83507.0,518.1818542999999,43129207.17732227,0.01271596302684348,0.012793559297973102
2025-04-06,83514.0,83741.0,77098.0,78342.0,2165.48130222,173175078.52277195,0.02719302264178909,0.03047113624694419
2025-04-07,78381.0,81180.0,74434.0,79127.0,4083.99710956,316489026.46635884,0.060120324498666174,0.057255069693280564
2025-04-08,79134.0,80836.0,76159.0,76244.0,2245.5090104,176415625.21495715,0.031015834339046464,0.03322655965245447
2025-04-09,76252.0,83565.0,74588.0,82595.0,4038.27621051,319358882.5315961,0.05237789774455838,0.05253280348110845
2025-04-10,82594.0,82722.0,78424.0,79543.0,1564.07737754,126634803.3219749,0.029610909637910608,0.03236788872641551
2025-04-11,79558.0,84257.0,78942.0,83384.0,1728.84098877,141720026.63296786,0.02951851186844847,0.03085052057986617
2025-04-12,83384.0,85892.0,82784.0,85274.0,847.63757574,71437850.21450432,0.019809224416274678,0.018244620891533985
2025-04-13,85277.0,86084.0,83031.0,83712.0,1210.92223051,102141571.89528073,0.02605126417983834,0.025210962194280706
2025-04-14,83774.0,85787.0,83680.0,84583.0,1425.88175716,120732771.16570076,0.027881027205101775,0.028424041572906716
2025-04-15,84583.0,86450.0,83612.0,83686.0,1162.91179825,98921156.14617436,0.020543281752221105,0.01762437633808231
2025-04-16,83632.0,85528.0,83102.0,84046.0,1593.44839937,134041130.97405504,0.02414339073784204,0.025584066138209433
2025-04-17,84045.0,85478.0,83751.0,84954.0,1119.58782405,94705064.0012721,0.01641763112241829,0.014856548096128465
2025-04-18,84954.0,85121.0,84310.0,84468.0,323.24096242,27355554.00515128,0.007937165439192486,0.007022491179293398
2025-04-19,84466.0,85611.0,84367.0,85069.0,631.49083813,53796938.04771644,0.009833504710881243,0.00911079983613563
2025-04-20,85074.0,85305.0,83974.0,85198.0,462.80974618,39212917.66264406,0.010805354143835214,0.010144730086451243
2025-04-21,85197.0,88527.0,85134.0,87505.0,2179.81586603,190638163.57265142,0.02399067289276909,0.024947234288248684
2025-04-22,87505.0,93928.0,87094.0,93481.0,2859.469206,258538003.39943567,0.029779381273772353,0.02943422847919643
2025-04-23,93482.0,94700.0,91970.0,93730.0,2423.4269158,226456149.08538845,0.024889361753351574,0.023455710121428507
2025-04-24,93730.0,94035.0,91700.0,94010.0,1192.7081751,110881949.20338185,0.018309203217419273,0.01584395226984942
2025-04-25,94010.0,95857.0,92891.0,94726.0,2287.68750103,216747784.89060935,0.020222320604010177,0.02105426809706968
2025-04-26,94720.0,95249.0,93934.0,94662.0,518.68073079,49044430.6807225,0.011256370643256512,0.009419145881929741
2025-04-27,94662.0,95353.0,93685.0,93769.0,582.20526798,54846766.04118641,0.013320411508683665,0.012525752788088929
2025-04-28,93780.0,95633.0,92846.0,95041.0,1571.43868511,148330275.80052322,0.019176253260053604,0.019925061947026337
2025-04-29,95040.0,95479.0,93775.0,94285.0,877.67378025,83249407.19830813,0.017241246788464167,0.014891818906893959
2025-04-30,94284.0,95269.0,92946.0,94181.0,1384.2436258,130304612.40164332,0.01797130706957673,0.019388086076240693
2025-05-01,94181.0,97470.0,94141.0,96535.0,1742.18663518,167949199.76422465,0.017598036986075222,0.015991251606000432
2025-05-02,96557.0,97938.0,96399.0,96925.0,919.20772116,89254290.15501118,0.015622213058199653,0.014221185940890417
2025-05-03,96926.0,96956.0,95800.0,95916.0,696.37418877,67070812.72725691,0.008359814036383332,0.0074409738109965885
2025-05-04,95850.0,96295.0,94162.0,94316.0,562.77317581,53642029.71963766,0.01303744751554805,0.011685403653085189
2025-05-05,94301.0,95198.0,93550.0,94725.0,936.93369617,88343960.45913853,0.017063274450494142,0.01638893276733869
2025-05-06,94725.0,96895.0,93376.0,96814.0,1074.63503655,101587049.90018912,0.01812810619154884,0.01779700954933957
2025-05-07,96815.0,97717.0,95823.0,97054.0,1333.27237851,129052484.02130643,0.019317666057304925,0.01566985011438231
2025-05-08,97059.0,104159.0,96907.0,103261.0,2303.46314389,231931887.27879,0.02368469990277787,0.0253879181366284
2025-05-09,103234.0,104332.0,102350.0,102991.0,1336.0859085499999,137796000.34683028,0.02068274561260537,0.019619287192786182
2025-05-10,102992.0,104985.0,102845.0,104809.0,624.26506624,64838662.01491156,0.014347438406151578,0.012729703451879711
2025-05-11,104809.0,104958.0,103369.0,104129.0,718.36832309,74848735.0346722,0.01869819703243971,0.01632398096449436
2025-05-12,104138.0,105706.0,100764.0,102796.0,1914.47205431,198183621.87989998,0.02775322033712086,0.02487403653417411
2025-05-13,102796.0,104997.0,101471.0,104135.0,1432.50405705,148416077.51528868,0.019055055171549696,0.017392242749037418
2025-05-14,104126.0,104357.0,102622.0,103531.0,1171.49377037,121348471.3520418,0.015400455997913086,0.01401952309003715
2025-05-15,103514.0,104184.0,101442.0,103793.0,1339.09330148,137486338.80244523,0.020778377330531547,0.02112002241551076
2025-05-16,103800.0,104570.0,103137.0,103506.0,994.76037696,103357960.40585174,0.015813520604532685,0.012965310113080714
2025-05-17,103503.0,103720.0,102668.0,103153.0,459.80988884,47423677.48492683,0.011609413985274885,0.010693241531367217
2025-05-18,103172.0,106635.0,103149.0,106520.0,905.17939556,94947949.20082726,0.018839872591667372,0.020250164468065445
2025-05-19,106520.0,107115.0,102126.0,105622.0,1677.9321234,175187041.6749197,0.023544521214380384,0.02374346316345253
2025-05-20,105630.0,107340.0,104232.0,106855.0,1462.42485262,154918440.29798168,0.024349113611339086,0.02346108922578508
2025-05-21,106891.0,110730.0,106141.0,109682.0,2430.79413683,262575801.57280898,0.03171885072295914,0.0334580759993279
2025-05-22,109696.0,112000.0,109252.0,111743.0,1375.74025669,152919305.5089448,0.02267656515398562,0.020699755445011514
2025-05-23,111742.0,111816.0,106827.0,107329.0,1588.22862639,173526656.1581136,0.024243129593096987,0.024238290311051697
2025-05-24,107319.0,109501.0,106908.0,107799.0,577.06680579,62502103.96649887,0.01652391370851948,0.015098220702647304
2025-05-25,107798.0,109383.0,106666.0,109068.0,908.97625311,97908537.11786845,0.01667264254058855,0.0175086281606924
2025-05-26,109114.0,110461.0,108759.0,109468.0,736.73662452,80833323.3874904,0.016205598871842756,0.015475621395731927
2025-05-27,109474.0,110789.0,107562.0,108980.0,1296.61250535,141999500.14736414,0.019000333177173343,0.020508458667637314
2025-05-28,108980.0,109307.0,106804.0,107811.0,1079.82738975,116606749.90657955,0.015826737560635604,0.01449843432937219
2025-05-29,107821.0,108924.0,105374.0,105578.0,1431.77890157,153365798.05710906,0.020284677086970414,0.018140980010455363
2025-05-30,105577.0,106329.0,103675.0,104034.0,1224.11022278,128702711.77647074,0.020811722349361534,0.0220274173929764
2025-05-31,103988.0,104947.0,103127.0,104646.0,483.31138627,50325080.67558435,0.01469850985456131,0.011794268257063754
2025-06-01,104646.0,105908.0,103832.0,105705.0,648.06747831,67928118.73250283,0.012293077594109782,0.011570896017884597
2025-06-02,105677.0,106001.0,103708.0,105905.0,941.7313758,98672004.00542182,0.016560992320400023,0.01509373248475226
2025-06-03,105890.0,106854.0,104947.0,105454.0,924.42389243,97845378.83357872,0.015259519708757767,0.015965635840924544
2025-06-04,105426.0,106036.0,104219.0,104745.0,791.94847355,83306517.92397054,0.012559377452324296,0.012010816283954378
2025-06-05,104734.0,105959.0,100426.0,101559.0,1374.3295089,141894716.1927227,0.023460300034217098,0.023097677673549435
2025-06-06,101558.0,105416.0,101159.0,104393.0,1474.94148302,153386176.24764428,0.015340785210912202,0.014470492748480357
2025-06-07,104416.0,105959.0,103992.0,105619.0,613.87145578,64591141.92829279,0.010675908342350738,0.00942767708761979
2025-06-08,105619.0,106507.0,105060.0,105792.0,353.13072588,37364124.17196609,0.008755773359826783,0.008265729103063472
2025-06-09,105791.0,110587.0,105389.0,110307.0,1163.27877626,125706866.40844432,0.018116149274910145,0.017875949137287125
2025-06-10,110311.0,110400.0,108403.0,110292.0,920.65276216,100787550.00025193,0.017481720258423133,0.016173809351551115
2025-06-11,110292.0,110398.0,108113.0,108678.0,717.4883123,78405124.63901252,0.016674570615535424,0.012684391702439662
2025-06-12,108670.0,108833.0,105731.0,105731.0,855.76506249,91845836.52003355,0.019284300306783037,0.01794707671290128
2025-06-13,105725.0,106209.0,102816.0,106118.0,1268.16488329,132674307.70852596,0.02552603909332056,0.02353121585864607
2025-06-14,106117.0,106250.0,104376.0,105464.0,516.90004886,54329390.851408936,0.01048567349913386,0.009692341006563396
2025-06-15,105475.0,106163.0,104532.0,105617.0,487.58970132,51373490.64514583,0.011248808785269003,0.010780907661619817
2025-06-16,105612.0,108990.0,105023.0,106829.0,932.05599039,100101498.08043003,0.017035219258405017,0.017274474325320376
2025-06-17,106853.0,107773.0,103388.0,104584.0,1157.65258947,121756326.93605249,0.020416558544286676,0.018235753986471214
2025-06-18,104617.0,105566.0,103521.0,104922.0,971.05031921,101515852.34674948,0.019329501515124452,0.0188988839266794
2025-06-19,104922.0,105254.0,103957.0,104688.0,464.84582604,48613941.17221114,0.013215441542785247,0.011682665153432713
2025-06-20,104682.0,106521.0,102309.0,103316.0,971.51619457,101319107.46024378,0.019305445024019187,0.0192394707381765
2025-06-21,103329.0,104013.0,100945.0,102139.0,817.52134527,83773704.40886591,0.018585265387757118,0.016135337364526974
2025-06-22,102198.0,103387.0,98240.0,101015.0,1366.05281274,137748702.58965755,0.030311262054006537,0.030320297491186116
2025-06-23,100990.0,106125.0,99705.0,105464.0,1771.47809411,181398199.8020124,0.02713250841512634,0.02886769991066131
2025-06-24,105418.0,106344.0,104695.0,106131.0,1158.17542632,122083949.2319017,0.01699859836076295,0.01587196157928221
2025-06-25,106132.0,108182.0,105872.0,107418.0,1202.13073102,128931381.47474954,0.016787946517330163,0.014597933344136668
2025-06-26,107417.0,108358.0,106640.0,107004.0,791.37974938,85047595.68008412,0.01472239767692978,0.01336256360382092
2025-06-27,107005.0,107794.0,106351.0,107100.0,1286.60711501,137640929.623319,0.014062750316126573,0.014357469276989077
2025-06-28,107100.0,107584.0,106880.0,107348.0,204.99976689,22004646.60472328,0.0048594568611543335,0.00502835137194436
2025-06-29,107353.0,108546.0,107239.0,108384.0,526.42907649,56773325.1336536,0.009379175152367029,0.009018785156226828
2025-06-30,108389.0,108800.0,106751.0,107179.0,809.671168,87119305.478445,0.013372163771372009,0.012452522839437968
2025-07-01,107164.0,107560.0,105280.0,105709.0,918.59180036,97653213.55170755,0.013393147336592331,0.013901047834917071
2025-07-02,105698.0,109802.0,105130.0,108885.0,910.95167606,98553908.8309731,0.015730376602643394,0.01382817842737074
2025-07-03,108885.0,110557.0,108586.0,109648.0,902.39480928,98904077.42473939,0.015859117290049032,0.015313237645053298
2025-07-04,109647.0,109799.0,107303.0,108033.0,607.8822874,65936230.31440123,0.011414757763895042,0.010200388067694894
2025-07-05,108033.0,108416.0,107811.0,108240.0,219.21691172,23704148.48933779,0.006461941176637571,0.005248861896846159
2025-07-06,108240.0,109717.0,107858.0,109233.0,420.08244319,45677505.78796649,0.008956118982544156,0.010044342726667843
2025-07-07,109231.0,109711.0,107520.0,108287.0,708.78251782,76850354.33916941,0.01242864520297165,0.010836096762303675
2025-07-08,108286.0,109225.0,107471.0,108947.0,676.89664809,73445666.6451631,0.011566044783332235,0.010697998203248708
2025-07-09,108947.0,112040.0,108352.0,111287.0,1206.49472676,132906774.69316033,0.015711425747078123,0.018739848312344213
2025-07-10,111318.0,117000.0,110610.0,116031.0,1983.52144626,225539932.42650983,0.027406018595891164,0.023180878030602023
2025-07-11,116038.0,118839.0,115226.0,117579.0,1872.27005924,220154360.76675627,0.01967689191144481,0.018729656602845254
2025-07-12,117579.0,118227.0,116971.0,117464.0,657.61118852,77329872.31408846,0.009261060402862047,0.00885414437449684
2025-07-13,117464.0,119482.0,117256.0,119135.0,699.60199797,83038369.62758279,0.012026478073647222,0.011594820008253685
2025-07-14,119140.0,123236.0,118972.0,119879.0,2008.67990115,242671628.69779855,0.023539207578506256,0.0215579277305259
2025-07-15,119862.0,119945.0,115729.0,117769.0,5844.5567311,687125328.9510169,0.026605309460737567,0.02685971946386673
2025-07-16,117770.0,120086.0,117047.0,118718.0,1446.65793099,171968637.14123142,0.01927847964467903,0.01786485736184986
2025-07-17,118692.0,121000.0,117506.0,119275.0,1630.82389973,193994725.84611434,0.020336131716432716,0.019702815334265114
2025-07-18,119275.0,120900.0,116915.0,118022.0,1825.06401069,216434328.48731673,0.01892158053960691,0.019517631885429227
2025-07-19,118023.0,118553.0,117352.0,117916.0,499.25171162,58947535.6918991,0.009748167555044053,0.008415279200778525
2025-07-20,117917.0,118896.0,116551.0,117339.0,615.19846734,72552205.99699488,0.012674296574209433,0.011548494299757591
2025-07-21,117220.0,119682.0,116594.0,117437.0,1334.5015779999999,157639633.45492327,0.01759191477319353,0.01786563261728055
2025-07-22,117437.0,120297.0,116186.0,120011.0,1298.08983461,153830193.62941316,0.020808892358609467,0.021324060846439688
2025-07-23,120011.0,120165.0,117376.0,118813.0,980.23169548,115971052.0069805,0.01721372997156416,0.01539315860576788
2025-07-24,118795.0,119525.0,117201.0,118347.0,1079.42129756,128084410.47795199,0.015751481349771165,0.015823725382325755
2025-07-25,118400.0,118509.0,114518.0,117653.0,5661.93875187,657048857.3503902,0.022139594038149805,0.020922064640195928
2025-07-26,117652.0,118340.0,117196.0,117962.0,618.43322749,72862338.23862469,0.007833923275384265,0.006980017120032809
2025-07-27,117983.0,119798.0,117888.0,119469.0,579.57477524,68804491.0763468,0.010966534787533013,0.008812525633149609
2025-07-28,119514.0,119826.0,117400.0,118051.0,1062.35423495,125864184.19798835,0.015613615470509448,0.012537677520551313
2025-07-29,118068.0,119267.0,116928.0,117926.0,1161.32333055,136878585.28127968,0.015885997539280217,0.013578323536150074
2025-07-30,117926.0,118775.0,115784.0,117834.0,1043.63562888,122560735.4287884,0.015218327234031026,0.01594122685920612
2025-07-31,117833.0,118904.0,115512.0,115750.0,1022.71220262,120490454.26854704,0.013712535714455066,0.01385310663621131
2025-08-01,115749.0,116054.0,112680.0,113243.0,2329.78743891,267129177.22942942,0.02284316374593541,0.02432925423893322
2025-08-02,113243.0,114008.0,111987.0,112522.0,1093.67089437,123722820.14290056,0.013347835647716383,0.013370917094235747
2025-08-03,112522.0,114774.0,111919.0,114226.0,757.70817537,86194929.67911719,0.01078711855064086,0.009708540731744649
2025-08-04,114245.0,115732.0,114129.0,115051.0,933.27650923,107158491.0161405,0.012954784750400503,0.011709323065099317
2025-08-05,115051.0,115106.0,112660.0,114133.0,941.80637472,107334626.30201222,0.015344868755619646,0.016108117280427905
2025-08-06,114129.0,115729.0,113365.0,115030.0,1202.63711783,137958853.2684794,0.014237129695931851,0.013804242006012156
2025-08-07,115030.0,117675.0,114280.0,117515.0,1447.58301804,168374451.7126886,0.014044638897352827,0.014459879468980289
2025-08-08,117515.0,117661.0,115896.0,116675.0,1599.13538797,186568177.61235726,0.013334696062368657,0.011521344108906078
2025-08-09,116675.0,117929.0,116350.0,116495.0,985.99079289,115155596.36033762,0.009482716251852005,0.008082746698983803
2025-08-10,116490.0,119310.0,116490.0,119310.0,1018.22600871,120466234.97547254,0.014512310973484207,0.013370753800517872
2025-08-11,119312.0,122312.0,118043.0,118712.0,2061.10609204,248115599.54941902,0.020079529652463308,0.020334042579213642
2025-08-12,118711.0,120304.0,118214.0,120107.0,1834.33264903,218744000.30555663,0.01609054492664148,0.01465712881226617
2025-08-13,120113.0,123715.0,118940.0,123360.0,2624.51093464,318223986.2725509,0.02070412393808931,0.01929724785617957
2025-08-14,123360.0,124517.0,117201.0,118394.0,2568.14323965,307519748.1544649,0.030876215781979865,0.026348592725417244
2025-08-15,118393.0,119336.0,116856.0,117446.0,1480.94500475,174928173.10784,0.014824182891061945,0.014368365664401101
2025-08-16,117445.0,118057.0,117252.0,117460.0,818.55779223,96319733.04511131,0.007478426217689523,0.0073335594856186095
2025-08-17,117451.0,118626.0,117266.0,117490.0,822.50240192,97029041.56969357,0.008233392170711205,0.008537665871754325
2025-08-18,117465.0,117622.0,114706.0,116265.0,1938.43650897,224586888.23564905,0.0165936220301242,0.016092928677470513
2025-08-19,116295.0,116765.0,112702.0,112870.0,1676.74821297,191984397.90951297,0.016912984671314912,0.017642988722331526
2025-08-20,112870.0,114618.0,112353.0,114263.0,2261.15590441,257069348.04084933,0.01754189047689334,0.0181814809444872
2025-08-21,114263.0,114801.0,111972.0,112472.0,1865.84099631,211195917.22142968,0.016863150746042208,0.014849639684551783
2025-08-22,112471.0,117421.0,111658.0,116891.0,2747.02375092,314525196.65739006,0.025050492562514584,0.024940849112710505
2025-08-23,116908.0,116985.0,114536.0,115392.0,1011.7640787,116835318.7829869,0.010110132422750674,0.009901170057026282
2025-08-24,115391.0,115626.0,110671.0,113478.0,1706.85921657,194135416.55607414,0.02103448956062007,0.02527437359017442
2025-08-25,113491.0,113645.0,109283.0,110136.0,2458.05879872,274077011.4821326,0.025804067576782764,0.023289653570191256
2025-08-26,110128.0,112400.0,108717.0,111788.0,1921.06840005,212097556.3936139,0.02209460900956415,0.019022275640573627
2025-08-27,111789.0,112646.0,110381.0,111273.0,1115.69227815,124497315.5008988,0.017838397773401383,0.017714202625298974
2025-08-28,111272.0,113473.0,110876.0,112581.0,1313.36312523,147913786.38637182,0.015071883703652495,0.014860884400329132
2025-08-29,112581.0,112654.0,107488.0,108362.0,1977.32412474,216694012.15967923,0.01843776708439124,0.021825326688680088
2025-08-30,108376.0,108924.0,107389.0,108827.0,790.83013066,85726195.97567956,0.010329498396416911,0.010271833811118108
2025-08-31,108827.0,109503.0,108092.0,108269.0,747.36779711,81344678.67676668,0.010073795599074802,0.010007278202155299
2025-09-01,108268.0,109907.0,107270.0,109244.0,1584.06180608,171965546.40311682,0.01872494209422507,0.020531734240196872
2025-09-02,109255.0,111775.0,108426.0,111238.0,2118.59829056,234034681.6547951,0.019566394718696256,0.02183865022901785
2025-09-03,111238.0,112615.0,110550.0,111759.0,2089.17921268,233162191.68993226,0.016698707417079576,0.015050332820424285
2025-09-04,111758.0,112223.0,109343.0,110747.0,1931.55865495,213659017.89902893,0.015631792380442423,0.015277142842317164
2025-09-05,110738.0,113402.0,110226.0,110669.0,2214.24201717,247388151.2176965,0.01794839019480728,0.02123957359709431
2025-09-06,110668.0,111314.0,110021.0,110223.0,753.36082686,83297453.43711866,0.007774953136323857,0.006547843539554858
2025-09-07,110223.0,111597.0,110212.0,111144.0,1147.75813028,127477353.1568597,0.008403558552835063,0.007716729264437435
2025-09-08,111144.0,112935.0,110624.0,112098.0,1382.32507241,154618670.09166917,0.013099660182988505,0.011560879155803427
2025-09-09,112097.0,113279.0,110768.0,111531.0,1444.08044039,161549138.85476986,0.014829279238875687,0.014782525820878866
2025-09-10,111551.0,114348.0,110932.0,113988.0,1623.88652527,183813050.11707628,0.01648413973018636,0.013669749935202318
2025-09-11,113987.0,115533.0,113460.0,115533.0,1488.7439821,170142857.38770878,0.014252995743674775,0.013455832005423572
2025-09-12,115533.0,116805.0,114770.0,116108.0,2158.42031268,249445359.47175145,0.013627784363808682,0.012101241216521074
2025-09-13,116108.0,116364.0,115177.0,115981.0,637.92000888,73906052.09078227,0.007299285004412271,0.00772963097077285
2025-09-14,115980.0,116216.0,115190.0,115342.0,709.05249747,82063929.01418436,0.00841743750503827,0.008699808839202388
2025-09-15,115316.0,116786.0,114421.0,115387.0,1496.61808415,172387156.05094257,0.014918164864140666,0.013289824143479562
2025-09-16,115389.0,117006.0,114776.0,116837.0,1255.43431844,145329618.48772377,0.01228036011603895,0.011717199282427135
2025-09-17,116836.0,117323.0,114747.0,116477.0,2153.84805045,250072662.6332609,0.016535180756777818,0.015764088793527864
2025-09-18,116482.0,117968.0,116144.0,117125.0,2093.19820754,245632737.63982227,0.012391765598577726,0.011220068882854385
2025-09-19,117124.0,117506.0,115144.0,115702.0,1802.70990238,209683398.47456485,0.009802932211454304,0.009169462031213748
2025-09-20,115703.0,116197.0,115479.0,115759.0,1111.98890244,128857893.0415967,0.004881654195215553,0.00433121398777363
2025-09-21,115758.0,115901.0,115258.0,115292.0,789.19772796,91245605.44585544,0.006157333309072884,0.0057301339439507154
2025-09-22,115275.0,115435.0,111986.0,112741.0,1951.76217647,220857144.90105984,0.0190360019463523,0.017161469589156358
2025-09-23,112741.0,113344.0,111463.0,112025.0,1468.03878727,165120897.38172796,0.01298200379303077,0.01340311453065044
2025-09-24,112025.0,114005.0,111115.0,113339.0,1320.90667792,149130157.81126118,0.012787228140294565,0.013277516103253542
2025-09-25,113351.0,113542.0,108652.0,109021.0,2615.57202808,290095908.7235089,0.020353767274434657,0.021955379668435252
2025-09-26,109021.0,110372.0,108676.0,109696.0,1849.1098284,202353690.0198975,0.01673513681055529,0.01540522339085257
2025-09-27,109694.0,109789.0,109130.0,109679.0,475.39719794,52059850.02035625,0.005588847731366177,0.004996699571917407
2025-09-28,109679.0,112375.0,109239.0,112203.0,789.14477935,87083655.52266315,0.00982670734513839,0.00960295230728804
2025-09-29,112203.0,114486.0,111597.0,114379.0,1866.13986072,211409140.32516155,0.013929217599872602,0.013697660860502439
2025-09-30,114359.0,114842.0,112714.0,114065.0,1873.80348877,213149182.77115875,0.013521077882347014,0.013580597662622991
2025-10-01,114079.0,118708.0,113982.0,118668.0,2297.03276139,267581369.24839765,0.016261379739219126,0.017422342379798436
2025-10-02,118674.0,121106.0,118355.0,120612.0,2079.67690093,248823887.86919793,0.016058973654350925,0.015488476426916928
2025-10-03,120645.0,123966.0,119353.0,122308.0,3097.07232266,376018317.9029346,0.020046102847614947,0.018462052585890978
2025-10-04,122329.0,122885.0,121575.0,122441.0,628.47218404,76797955.99724855,0.00871239762993689,0.00787595652346105
2025-10-05,122458.0,125725.0,122209.0,123519.0,1675.31764003,207574600.1696782,0.0213447556613474,0.01980579474065831
2025-10-06,123519.0,126272.0,123148.0,124728.0,2416.9019815,301408365.7674019,0.01804468041960975,0.01668323699155977
2025-10-07,124728.0,125235.0,120648.0,121395.0,2470.10489687,303198154.73740846,0.019785327414703097,0.0198226943204898
2025-10-08,121407.0,124220.0,121113.0,123345.0,2511.13170614,307830332.780854,0.018473822379988413,0.018460650819326206
2025-10-09,123349.0,123819.0,119736.0,121695.0,2339.50892075,284819801.4336051,0.018286277938255782,0.020760022886215188
2025-10-10,121695.0,122582.0,109683.0,112996.0,4713.81894506,550914013.4695543,0.048278741111809576,0.045945345407714284
2025-10-11,112989.0,113444.0,109711.0,110764.0,2954.91390717,329958356.6534551,0.028762154163347726,0.02970390018848613
2025-10-12,110769.0,115854.0,109711.0,115090.0,2969.34386191,335622027.40671426,0.028418082890211596,0.025713068306637926
2025-10-13,115089.0,116035.0,113751.0,115265.0,1947.58068078,224128991.97924814,0.02261809092634896,0.020573332556994086
2025-10-14,115275.0,115508.0,109971.0,113078.0,2253.66732902,253110566.65481254,0.025697933962217364,0.02622902984391547
2025-10-15,113077.0,113655.0,110217.0,110804.0,2023.01367329,225966484.8152705,0.022416613803831573,0.021806902578754506
2025-10-16,110804.0,112012.0,107450.0,108206.0,3004.36833057,329756612.98311335,0.03190337694886535,0.02920895311614705
2025-10-17,108206.0,109261.0,103530.0,106476.0,4616.53928421,489562744.9704373,0.02960148971995342,0.029660893675511613
2025-10-18,106470.0,107534.0,106368.0,107220.0,852.54214319,91212847.63852943,0.013287629785007018,0.012115897130247187
2025-10-19,107214.0,109488.0,106137.0,108684.0,2023.09215463,218679851.33299604,0.018536400894501186,0.01870572374614357
2025-10-20,108683.0,111717.0,107452.0,110580.0,2416.65967333,266676689.67786822,0.021395270703111827,0.021004038283951972
2025-10-21,110580.0,114088.0,107460.0,108372.0,4329.34460736,477336858.96817833,0.03299831439186344,0.03571256769057242
2025-10-22,108324.0,109160.0,106101.0,107595.0,2975.12108444,321470343.2687584,0.025214743983648293,0.024814809996427236
2025-10-23,107572.0,111336.0,107510.0,110111.0,1735.25029935,190300231.51469874,0.02337727402463062,0.020620934552064003
2025-10-24,110110.0,112066.0,109731.0,111039.0,1412.66498963,156630390.28897706,0.01804912678266687,0.017292526105390192
2025-10-25,111038.0,111945.0,110704.0,111668.0,461.82280861,51453192.50541914,0.008590439036123302,0.0076721105144302686
2025-10-26,111658.0,115447.0,111281.0,114551.0,953.31627049,108069986.57434846,0.017181233811624258,0.015553187850381293
2025-10-27,114551.0,116381.0,113856.0,114101.0,1510.78251849,173738142.2338651,0.015642607043719094,0.014774840733316912
2025-10-28,114101.0,116077.0,112218.0,112925.0,1398.6106738,159762896.38886076,0.019157219629687038,0.02027614806515902
2025-10-29,112920.0,113654.0,109265.0,110038.0,1666.55640703,185899876.63228527,0.02969441371486111,0.023694173501993595
2025-10-30,110037.0,111603.0,106303.0,108306.0,2489.03576718,270381770.19813746,0.029154486048685917,0.02983264926602515
2025-10-31,108307.0,111049.0,108272.0,109554.0,1789.04697521,196185035.98173362,0.0260884380727148,0.023640719305248886
2025-11-01,109554.0,110478.0,109370.0,110047.0,566.13804885,62276607.64167507,0.010433919655241704,0.008256132643161329
2025-11-02,110039.0,111129.0,109475.0,110530.0,971.54551341,107214841.64894548,0.013156062941976509,0.011756734008530943
2025-11-03,110524.0,110730.0,105300.0,106548.0,2920.15812883,312986568.9538417,0.026389492536277342,0.028066180282435158
2025-11-04,106550.0,107260.0,98898.0,101466.0,5333.62771462,547081589.2462884,0.037857373581833206,0.036048139828058115
2025-11-05,101473.0,104532.0,98943.0,103865.0,2852.19774457,292042022.09179085,0.028418373052133027,0.025548429920082515
2025-11-06,103865.0,104187.0,100246.0,101284.0,2708.20760477,276631534.6328318,0.027776229212216955,0.026939589112467233
2025-11-07,101288.0,104044.0,99192.0,103275.0,2790.81081749,282564276.16543424,0.029537592774333245,0.025398796387049952
2025-11-08,103275.0,103345.0,101435.0,102286.0,1224.83513732,125317120.04725757,0.016202505185814745,0.014183208205802229
2025-11-09,102295.0,105425.0,101394.0,104705.0,1718.06176241,177328117.09230727,0.0192796698890431,0.018420010644215168
2025-11-10,104677.0,106623.0,104256.0,105972.0,1858.36284442,196609603.51465422,0.021329997424850537,0.02290009796923781
2025-11-11,105972.0,107465.0,102442.0,103015.0,1836.8384477,192089584.32530156,0.024189215970353426,0.021490906306117025
2025-11-12,103027.0,105301.0,100812.0,101635.0,1780.49932854,183337671.68958023,0.022553336974274966,0.02266818467269501
2025-11-13,101634.0,104019.0,97950.0,99618.0,3403.60227589,343340775.2243078,0.030323029111097955,0.03129060946130847
2025-11-14,99618.0,99815.0,93961.0,94509.0,6242.59326859,600929953.4232442,0.040747115904298796,0.03884144858286207
2025-11-15,94511.0,96736.0,94491.0,95539.0,1766.66154855,169174543.8753088,0.021367226015056837,0.018014948486614387
2025-11-16,95540.0,96538.0,92929.0,94187.0,2865.93071437,271161092.57867956,0.02727768452021363,0.02533275427701615
2025-11-17,94186.0,95938.0,91168.0,92102.0,4149.8301696300005,388462325.3580137,0.030251893611848747,0.031393329833087166
2025-11-18,92112.0,93753.0,89189.0,92911.0,4742.0424366199995,434327895.17600965,0.03424359970260361,0.030934975160590884
2025-11-19,92911.0,92936.0,88497.0,91474.0,3769.12562257,341322988.30899566,0.03065997936413321,0.03203984096123791
2025-11-20,91468.0,93065.0,85912.0,86527.0,5180.9142115,461832227.18454087,0.03283748351394928,0.03599248808361346
2025-11-21,86511.0,87386.0,80537.0,85060.0,8467.35355799,711021393.0184635,0.054671017973560686,0.056961980099995854
2025-11-22,85054.0,85530.0,83432.0,84679.0,2384.78905136,201331662.9912825,0.022909272827486636,0.02133518171050204
2025-11-23,84686.0,88082.0,84624.0,86803.0,2773.78769575,240028308.38544962,0.02255093341100781,0.02301084064781119
2025-11-24,86808.0,89222.0,85225.0,88277.0,4092.88381218,356755379.50447625,0.030688148849067388,0.02897027071087006
2025-11-25,88276.0,88463.0,86076.0,87331.0,2871.1718489,250399581.74293393,0.026871070535738194,0.023840287248450658
2025-11-26,87331.0,90646.0,86304.0,90477.0,2971.04093074,262819598.14082527,0.025066338722414813,0.024950781590729405
2025-11-27,90476.0,91926.0,90091.0,91325.0,1908.75344376,173928030.13026592,0.019279679805256435,0.01690898534303732
2025-11-28,91326.0,93091.0,90233.0,90913.0,2305.99037956,211275521.49194157,0.021093164413610685,0.021991822668181747
2025-11-29,90913.0,91179.0,90216.0,90832.0,681.59946371,61843168.40779064,0.011855068392056668,0.010753127522372997
2025-11-30,90832.0,91969.0,90362.0,90382.0,1020.91842738,93186666.86551093,0.01338698637689938,0.012768703365704672
2025-12-01,90369.0,90421.0,83814.0,86291.0,4297.0003516,370591906.74664044,0.03532995404361351,0.03811728438612878
2025-12-02,86291.0,92328.0,86190.0,91300.0,4590.27780876,411191331.954779,0.027626253825328732,0.028241186082443838
2025-12-03,91303.0,94172.0,91030.0,93472.0,4462.81522934,414707597.43855965,0.033242634995455385,0.025968500622610084
2025-12-04,93460.0,94086.0,90903.0,92103.0,2700.62528856,250174239.63250017,0.026190835262324613,0.023055023116008096
2025-12-05,92109.0,92690.0,88156.0,89348.0,3068.81366007,276966701.52187145,0.024865790431447574,0.026624588042967915
2025-12-06,89342.0,90286.0,88932.0,89249.0,1058.7437302,94865938.74669756,0.012185625879427188,0.01075968665926418
2025-12-07,89256.0,91767.0,87744.0,90405.0,2387.94536185,214157734.87569213,0.024448687410296252,0.02617357602009537
2025-12-08,90406.0,92296.0,89618.0,90649.0,3033.70925459,275680975.7342778,0.024255249694938315,0.02283822940076419
2025-12-09,90642.0,94652.0,89558.0,92695.0,3420.15950535,315096625.56525856,0.02643628255231608,0.027741777560779047
2025-12-10,92693.0,94494.0,91579.0,92036.0,3493.06940422,323342477.29287344,0.029105609284184028,0.024850743028445657
2025-12-11,92037.0,93562.0,89269.0,92531.0,3855.94833075,349949997.18336475,0.025265513585869925,0.02705447330184051
2025-12-12,92531.0,92757.0,89466.0,90275.0,2653.35034927,241344897.64559639,0.023209260272557482,0.02487798812488509
2025-12-13,90275.0,90640.0,89789.0,90264.0,588.9306767,53149730.4843784,0.007687725175669154,0.006965616851550902
2025-12-14,90260.0,90492.0,87607.0,88164.0,2245.28512647,199651647.68607208,0.01542608704895154,0.01655434080173793
2025-12-15,88170.0,90015.0,85140.0,86412.0,3042.86671686,266222781.91752082,0.026602604573444294,0.02615763592619943
2025-12-16,86413.0,88135.0,85260.0,87843.0,2848.88747564,247923709.99077806,0.021239310578126988,0.024998844569699107
2025-12-17,87842.0,90317.0,85274.0,86215.0,3340.0060966300002,291290687.67294115,0.0355954148733823,0.035661427825694245
2025-12-18,86214.0,89423.0,84398.0,85460.0,3975.60917787,345500996.6781238,0.03448872254843343,0.0336471853671493
2025-12-19,85459.0,89349.0,85078.0,88095.0,3013.6629094,263764893.82366675,0.029583579214512455,0.02796863532704833
2025-12-20,88095.0,88522.0,87791.0,88324.0,593.71520281,52351456.72417369,0.007923582362318549,0.007077753956796742
2025-12-21,88324.0,89017.0,87576.0,88636.0,1067.66979397,94250219.58999284,0.013137882584403647,0.013503265255873722
2025-12-22,88637.0,90536.0,87867.0,88539.0,3033.70931489,270480589.83880544,0.02258953473167876,0.021211839212484207
2025-12-23,88554.0,88876.0,86561.0,87423.0,2425.45718247,212685346.75263172,0.021729416670417213,0.02051665142975715
2025-12-24,87423.0,87976.0,86363.0,87605.0,1586.51838352,138294777.04121068,0.01654076506011541,0.014846137584439097
2025-12-25,87605.0,88516.0,86896.0,87172.0,1026.06124365,90049230.55045764,0.013214065914256093,0.01210439815153115
2025-12-26,87168.0,89476.0,86584.0,87296.0,1995.30168019,175635314.90715826,0.019959618037126862,0.023167062430489584
2025-12-27,87296.0,87902.0,87180.0,87810.0,482.15727159,42190003.4886272,0.006098900828586008,0.0057806633318891
2025-12-28,87802.0,88001.0,87377.0,87870.0,559.35879313,49063562.5860867,0.007008086078065322,0.006742463700004169
2025-12-29,87871.0,90307.0,86701.0,87119.0,2713.91365162,239197249.49775586,0.02074042666169083,0.02209598923187396
2025-12-30,87111.0,89310.0,86718.0,88390.0,1997.61555935,175782682.3769148,0.017501091810019298,0.016401119713957094
2025-12-31,88390.0,89079.0,87085.0,87496.0,1905.50552287,167776651.69862708,0.013239296208011123,0.012904692716631607
2026-01-01,87496.0,88782.0,87268.0,88728.0,1395.46879155,122502729.2708349,0.007798800474219321,0.007791694627601741
2026-01-02,88728.0,90925.0,88284.0,89952.0,3580.71314243,320751394.5315247,0.021727069368553488,0.02184255722154574
2026-01-03,89952.0,90677.0,89289.0,90590.0,830.75213082,74799123.68360516,0.00957929286099485,0.00922419452627508
2026-01-04,90590.0,91728.0,90590.0,91501.0,1249.27665922,114008576.60039221,0.012705695964787595,0.0111445645229723
2026-01-05,91498.0,94792.0,91484.0,93876.0,3369.25944401,314260389.58158624,0.018724094693696278,0.01980426008454664
2026-01-06,93876.0,94418.0,91221.0,93712.0,2746.410348,255743648.99728507,0.021143204987009983,0.021453486301663736
2026-01-07,93712.0,93712.0,90526.0,91273.0,2544.89091077,233325127.78131676,0.018033173799787666,0.018902288644512225
2026-01-08,91273.0,91562.0,89199.0,91031.0,3047.61486403,276199194.76179034,0.018865539066602845,0.0192621267840441
2026-01-09,91032.0,91924.0,89596.0,90510.0,2812.731608,255265945.79597697,0.02261247002371866,0.022597945434773954
2026-01-10,90510.0,90694.0,90286.0,90382.0,416.98576685,37732423.16153802,0.005167426158233603,0.004192138963749551
2026-01-11,90382.0,91146.0,90090.0,90872.0,856.51847229,77641302.23818383,0.009474146417901374,0.008745822041985794
2026-01-12,90872.0,92392.0,90016.0,91195.0,2412.5772724,220234737.3396657,0.02116022152957504,0.021454494012851565
2026-01-13,91195.0,96474.0,90949.0,95366.0,4730.60046022,442580077.896802,0.02195151811960322,0.024377460789268373
2026-01-14,95367.0,97939.0,94249.0,96942.0,5227.41310032,503864077.85435724,0.022557989452325036,0.02158596382445533
2026-01-15,96946.0,97165.0,95113.0,95577.0,2812.14817177,270537725.3441084,0.02268503054214484,0.019823068149570366
2026-01-16,95583.0,95811.0,94251.0,95521.0,1782.92777503,169642862.20957434,0.01544572729224527,0.014197386277053484
2026-01-17,95520.0,95603.0,95011.0,95113.0,471.76539206,44954844.12103174,0.006283782942133954,0.005088246575784431
2026-01-18,95113.0,95480.0,93584.0,93636.0,918.99519084,87188911.49228048,0.011598840792432508,0.013136500972835492
2026-01-19,93627.0,93632.0,91917.0,92560.0,1871.62721794,173552757.33162487,0.016305031591646136,0.01559299274885272
2026-01-20,92559.0,92799.0,87777.0,88316.0,4353.6405891,392657774.4505902,0.028922599834153826,0.022738761185711685
2026-01-21,88317.0,90471.0,87193.0,89374.0,4896.02575856,436722642.3827822,0.03076762277136056,0.0319798188935275
2026-01-22,89373.0,90254.0,88421.0,89464.0,2031.68926269,181656116.4624142,0.01840452032815301,0.016212355606112432
2026-01-23,89468.0,91122.0,88463.0,89493.0,2347.64120002,210436902.96976352,0.02123246507856393,0.020451682591699667
2026-01-24,89493.0,89778.0,89037.0,89089.0,472.12028436,42184937.85178123,0.005612312202129925,0.005015683100320142
2026-01-25,89089.0,89180.0,86000.0,86567.0,1952.93731653,170761547.42963946,0.017311433613126034,0.01721219828472358
2026-01-26,86568.0,88750.0,86422.0,88247.0,2317.09931351,203320752.31841215,0.021999876026584066,0.02157338802390509
2026-01-27,88247.0,89416.0,87197.0,89135.0,2324.46278911,205400744.9944858,0.017881032463950786,0.01919640889282064
2026-01-28,89135.0,90438.0,88722.0,89168.0,2234.89028223,199796821.23337096,0.01982740494736554,0.019427065626113082
2026-01-29,89167.0,89214.0,83242.0,84530.0,3681.40597733,315937899.1294064,0.025221219437350326,0.0294472826655694
2026-01-30,84520.0,84599.0,81040.0,84130.0,5197.26894551,430355817.1334048,0.03571496913263136,0.037015225754975574
2026-01-31,84124.0,84137.0,75555.0,78635.0,5126.14877716,408590934.35382414,0.036645943074084815,0.04445475474476249
2026-02-01,78644.0,79322.0,75651.0,76888.0,3780.29100762,294093964.73438203,0.039985187696854545,0.03362556120028375
2026-02-02,76888.0,79301.0,74532.0,78666.0,5904.57069753,457006280.21622235,0.045456487681236654,0.03951632867040795
2026-02-03,78666.0,79113.0,72863.0,75662.0,6491.42242041,496539204.70660585,0.04111119238471135,0.04413821010118327
2026-02-04,75661.0,76873.0,71704.0,73000.0,6664.20590605,494583038.23280853,0.045263271398675295,0.04216706029530509
2026-02-05,73000.0,73175.0,62200.0,62795.0,12980.44506677,877639493.4332619,0.07332728939748775,0.07097223700655018
2026-02-06,62795.0,71673.0,59930.0,70531.0,12389.36347229,829434037.2890781,0.06829963487255641,0.07142320030005292
2026-02-07,70515.0,71622.0,67313.0,69246.0,5313.40541323,367795980.7291697,0.04173636961661242,0.04080067004662979
2026-02-08,69249.0,72174.0,68850.0,70283.0,3209.084422,226246694.7031493,0.033124517257394584,0.03105593734601526
2026-02-09,70283.0,71383.0,68265.0,70094.0,4251.33624282,297317911.2394229,0.03505537998714432,0.0352725106731795
2026-02-10,70094.0,70465.0,67870.0,68802.0,4052.50039834,279720725.3523255,0.031018660625188037,0.03162116324400409
2026-02-11,68801.0,69235.0,65719.0,67053.0,6069.91114912,407710105.6561364,0.03742948617348306,0.0380903970041593
2026-02-12,67034.0,68364.0,65080.0,66207.0,3577.43834177,238714745.8742893,0.03383095783119161,0.031244933953671474
2026-02-13,66205.0,69405.0,65828.0,68812.0,3679.26812952,248904164.43675283,0.027478153942117056,0.02618068058229039
2026-02-14,68812.0,70513.0,68701.0,69791.0,1855.0088025,129135844.84230757,0.017915130931311106,0.018064815244959505
2026-02-15,69791.0,70937.0,68044.0,68792.0,2583.79100836,179146725.74678564,0.026870302442857794,0.023087943272351828
2026-02-16,68792.0,70066.0,67268.0,68867.0,2561.43683283,175351053.36455265,0.027989429815965295,0.027790442138488147
2026-02-17,68867.0,69205.0,66557.0,67468.0,3173.29499982,215450224.4820477,0.028439254845376634,0.027027127385966774
2026-02-18,67469.0,68428.0,65840.0,66425.0,3269.12137366,219421921.39126265,0.026873420360627967,0.023293347099181797
2026-02-19,66425.0,67281.0,65620.0,66973.0,2883.19175749,191926855.97739738,0.02462951623667812,0.022227443966945447
2026-02-20,66973.0,68298.0,66431.0,67992.0,4286.2528682,288764027.2026197,0.0280225590863656,0.025343159046851887
2026-02-21,67992.0,68668.0,67518.0,67966.0,1421.65471687,96942390.64958785,0.011874508973159614,0.012070438377050097
2026-02-22,67967.0,68224.0,67160.0,67612.0,1206.46701391,81681389.19125307,0.011640411760442369,0.011010078586563249
2026-02-23,67612.0,67654.0,63868.0,64630.0,5280.3221423,344939058.29240924,0.032287849276372606,0.03483750871604728
2026-02-24,64630.0,64984.0,62525.0,64059.0,4165.22296831,265435287.78790003,0.03239115190198742,0.029019621502011046
2026-02-25,64059.0,70038.0,63920.0,67994.0,6032.18559863,405497174.93597263,0.03647360949102234,0.037619125792780636
2026-02-26,67993.0,68841.0,66511.0,67488.0,3855.80807448,260998244.16327858,0.02942448268841966,0.02551369512271704
2026-02-27,67488.0,68207.0,64935.0,65868.0,4056.20640648,268986700.2307399,0.026140202487218853,0.024064391052104013
2026-02-28,65868.0,67743.0,63037.0,66985.0,5941.59308309,386328899.6486131,0.03686898183420141,0.04010655095807518
2026-03-01,66982.0,68201.0,65051.0,65771.0,4640.41251723,309258223.29865015,0.03681701107572901,0.034196870834071295
2026-03-02,65776.0,70111.0,65259.0,68821.0,6481.12468127,439429865.7991394,0.037232829266248935,0.040444709173122546
2026-03-03,68821.0,69256.0,66147.0,68336.0,5194.30176765,351925632.4882136,0.03538447641636424,0.034675672466322804
2026-03-04,68336.0,74075.0,67405.0,72691.0,6743.89222058,483022473.850776,0.038354978212807284,0.039055912244245164
2026-03-05,72691.0,73573.0,70671.0,70896.0,4548.71307503,327658543.24546146,0.03022890007570201,0.029296687297046386
2026-03-06,70898.0,71415.0,67753.0,68114.0,3520.23830882,244421256.240283,0.02869580745864553,0.02581242142336022
2026-03-07,68114.0,68543.0,66943.0,67269.0,1602.73980283,108638118.57645708,0.014617552469126249,0.013885010906613522
2026-03-08,67269.0,68186.0,65623.0,65975.0,2829.70777868,189378929.5473803,0.029334383710239997,0.023729135195232252
2026-03-09,65974.0,69575.0,65844.0,68453.0,4665.57773266,318271164.914928,0.031682559514047894,0.031016047815706518
2026-03-10,68453.0,71775.0,68400.0,69963.0,5202.71519204,365719557.8619879,0.033227319607146706,0.036072626148789234
2026-03-11,69958.0,71335.0,68991.0,70196.0,4649.31092584,326606334.4820408,0.02745653167024721,0.028047307353625678
2026-03-12,70196.0,70805.0,69222.0,70529.0,4885.75029631,342390798.47331744,0.024490007061360758,0.024931899758463695
2026-03-13,70537.0,73933.0,70412.0,70949.0,4593.78432038,330175160.26284003,0.0286906693611432,0.030963677666450456
2026-03-14,70947.0,71308.0,70305.0,71218.0,1520.25473636,107619413.49070756,0.012292955260466793,0.01224719750563558
2026-03-15,71218.0,73223.0,70878.0,72831.0,2292.61546545,164859148.02269432,0.0179342544743421,0.018787951264311924
2026-03-16,72849.0,74916.0,72294.0,74876.0,3772.15166866,278402216.86127853,0.03061403909049619,0.02994039197879305
2026-03-17,74884.0,76013.0,73429.0,73928.0,3923.49624615,291935874.6467879,0.025992171971504687,0.02582887211755852
2026-03-18,73931.0,74676.0,70492.0,71259.0,3059.47018424,220837276.7162577,0.023726593539324447,0.02390770025884533
2026-03-19,71241.0,71604.0,68799.0,69921.0,3381.21580722,236535040.88154265,0.025833847945731916,0.026567589462987234
2026-03-20,69921.0,71356.0,69399.0,70502.0,2786.90640315,195911111.7840132,0.024206567042542624,0.021593447933716165
2026-03-21,70498.0,71082.0,68563.0,68910.0,1361.20269127,95552306.3742389,0.01473927618369886,0.017618512138421583
2026-03-22,68910.0,69564.0,67354.0,67860.0,2109.6159151,144554203.26165545,0.021846926245044935,0.020151629289401406
2026-03-23,67853.0,71801.0,67435.0,70883.0,3654.99346849,256034718.0420161,0.04729742556021268,0.03900289762071567
2026-03-24,70875.0,71382.0,68893.0,70519.0,3323.54868049,233483996.18782592,0.02497529354700584,0.02421197345957346
2026-03-25,70519.0,72026.0,70387.0,71301.0,2612.72355105,186080660.2781738,0.02167488541855982,0.020718893401725048
2026-03-26,71305.0,71405.0,68110.0,68779.0,3000.04397195,208170123.88518873,0.02272154459661018,0.021601403366655367
2026-03-27,68779.0,69127.0,65505.0,66359.0,3005.97680194,200579154.77330914,0.025117269723164228,0.02453416145165381
2026-03-28,66359.0,67245.0,65883.0,66321.0,869.91978741,57880656.92472449,0.013569909437956652,0.013384133022403658
2026-03-29,66320.0,67067.0,64955.0,65954.0,1293.83955401,85676727.69077674,0.021064200708714075,0.019915657099018515
2026-03-30,65961.0,68109.0,65741.0,66731.0,2769.150905,185985768.1061059,0.027249266580562186,0.023471415421989543
2026-03-31,66741.0,68517.0,65926.0,68215.0,2152.37368471,144954183.2118773,0.031243901677009963,0.031144233130209767
2026-04-01,68215.0,69268.0,67542.0,68102.0,2176.81429582,148741192.50875577,0.022423316256604438,0.021406069935301277
2026-04-02,68104.0,68644.0,65696.0,66890.0,1629.62243304,108985395.41819736,0.024311587165623882,0.02412467345486863
2026-04-03,66890.0,67359.0,66282.0,66944.0,799.7654875,53450697.13528939,0.014644300239927086,0.013372154721152397
2026-04-04,66949.0,67528.0,66782.0,67290.0,407.12820025999997,27346617.21803074,0.007711334940999556,0.007080544143762431
2026-04-05,67296.0,69104.0,66608.0,68999.0,645.41692971,43532760.75687658,0.016919817733619256,0.01723913773768951
2026-04-06,69005.0,70355.0,68332.0,68857.0,1269.73380382,88220902.80861399,0.021109978169209183,0.020606775840491066
2026-04-07,68856.0,72762.0,67724.0,71940.0,1555.8436309,108309743.15925285,0.027653038690379463,0.028479289590941065
2026-04-08,71911.0,72865.0,70705.0,71110.0,1681.53724973,120431487.63150358,0.022654136508863342,0.021845543342670366
2026-04-09,71064.0,73159.0,70480.0,71812.0,1764.99624298,126697332.02901204,0.02560856648792899,0.024030903225727623
2026-04-10,71797.0,73465.0,71432.0,72980.0,2356.29877946,171388777.46954006,0.019021031789824,0.018909767479653207
2026-04-11,72980.0,73832.0,72559.0,73071.0,760.05196907,55509709.1273976,0.012985544959490397,0.012092662044320494
2026-04-12,73060.0,73166.0,70526.0,70746.0,953.31624651,68060020.16486359,0.02097992938831497,0.020531407132227064
2026-04-13,70742.0,74911.0,70584.0,74447.0,3621.422576,261937104.60250494,0.024099064617689632,0.02475497512332758
2026-04-14,74451.0,76120.0,73861.0,74184.0,4058.73780895,303780337.7520277,0.022750339132347214,0.02323770690257505
2026-04-15,74183.0,75445.0,73528.0,74818.0,824.24583731,61272399.73078952,0.020902159546324076,0.019304838353791133
2026-04-16,74828.0,75541.0,73309.0,75178.0,1166.08154755,86966574.00961252,0.025109598977219576,0.024341536009841715
2026-04-17,75172.0,78384.0,74571.0,77108.0,2558.4395203,197277764.78579387,0.024586786937996617,0.023111109867454592
2026-04-18,77107.0,77451.0,75441.0,75737.0,576.88981552,44103074.17751241,0.014159337473251748,0.01218882964373843
2026-04-19,75734.0,76264.0,73804.0,73825.0,794.5007864199999,59679928.50765048,0.019041411301998684,0.017042682436662217
2026-04-20,73834.0,76597.0,73753.0,75870.0,812.61140257,61178265.68908089,0.02185624642475748,0.021437303456903794
2026-04-21,75870.0,76944.0,74817.0,76345.0,1106.67718991,84003008.6804196,0.02381034453813797,0.022663805272124433
2026-04-22,76346.0,79500.0,76154.0,78208.0,1500.95939972,117836635.2920993,0.019346466027076032,0.020048835661579358
2026-04-23,78209.0,78695.0,76988.0,78269.0,928.43606242,72311558.97669655,0.021219815731880587,0.0201843813459831
2026-04-24,78269.0,78557.0,77295.0,77466.0,861.89309297,67128210.18093805,0.016884719145744145,0.015712805288975316
2026-04-25,77460.0,77906.0,77173.0,77639.0,273.88400022,21239249.75088654,0.007401919994851086,0.006623141050387593
2026-04-26,77639.0,78969.0,77348.0,78660.0,608.62901057,47578173.61497831,0.01581899236637103,0.015452420246003282
2026-04-27,78666.0,79490.0,76455.0,77373.0,886.75879861,68996669.0828237,0.01929177055575636,0.02011707576151348
2026-04-28,77374.0,77474.0,75657.0,76323.0,931.62772644,71151887.88732834,0.013564988782474719,0.012835144226477302
2026-04-29,76324.0,77882.0,74912.0,75745.0,1208.06442879,92366648.27774043,0.02123324029147277,0.020380615230812027
2026-04-30,75746.0,76629.0,75299.0,76310.0,584.61885651,44536738.82470218,0.014676322557899512,0.015398798205571034
2026-05-01,76310.0,78924.0,76294.0,78232.0,829.68234395,64685635.93697108,0.017050957488053478,0.01819332445056134
2026-05-02,78232.0,79157.0,78036.0,78690.0,360.45077711,28303426.09250307,0.00869397497673282,0.008573132205983588
2026-05-03,78690.0,79437.0,78082.0,78565.0,447.91420445,35251066.72197446,0.012630275604277343,0.011915849909786431
2026-05-04,78563.0,80768.0,78203.0,79844.0,1590.76805531,126811762.75239868,0.026370681459453232,0.02884052866355689
2026-05-05,79855.0,81781.0,79810.0,80913.0,1256.8049875,101986803.35950653,0.01630686649419823,0.01532893753544772
2026-05-06,80904.0,82833.0,80728.0,81447.0,974.73027712,79673837.46652877,0.016858810091466496,0.01617831493589953
2026-05-07,81436.0,81706.0,79500.0,80017.0,1030.93447403,82936733.68969858,0.016466502628626017,0.015870379068694224
2026-05-08,80005.0,80500.0,79168.0,80199.0,861.34554464,68865756.1070682,0.015653660020218063,0.014499076194211943
2026-05-09,80200.0,81063.0,80135.0,80665.0,260.35013444,20958668.52975146,0.008025295786018974,0.007468901395907957
2026-05-10,80665.0,82458.0,80269.0,82193.0,509.08425565,41362329.16200675,0.015427973003427296,0.016283492292830475
2026-05-11,82197.0,82361.0,80429.0,81736.0,1098.10551499,89544300.56653295,0.01780324391810886,0.016916902528870455
2026-05-12,81736.0,81767.0,79820.0,80491.0,1020.45687485,82343451.40037271,0.014858449858186537,0.014072027104815941
2026-05-13,80495.0,81288.0,78704.0,79284.0,1405.79319836,111844511.82805856,0.014071110584229492,0.015985786172207073
2026-05-14,79291.0,82047.0,78893.0,81075.0,2920.28181374,236590007.77739438,0.020524297677509122,0.019580133417274673
2026-05-15,81075.0,81650.0,78611.0,79062.0,1056.97680617,84342093.08239202,0.01734122035505594,0.01907765528510442
2026-05-16,79064.0,79186.0,77614.0,78118.0,443.01524369,34674732.6640055,0.010783297251226794,0.010479775395312382
2026-05-17,78117.0,78573.0,76689.0,77412.0,469.14631985,36528656.355242014,0.01164872452822239,0.01417348090125884
2026-05-18,77419.0,77753.0,76000.0,76949.0,1128.06007716,86632441.84951039,0.0188778358821031,0.01828989244279319
2026-05-19,76955.0,77357.0,76088.0,76757.0,550.76924548,42258128.67543771,0.01570261199377308,0.014776305125008358
2026-05-20,76762.0,77782.01,76440.0,77470.5,723.02197773,55865781.7865783,0.01447588515613381,0.014491499798279652
2026-05-21,77482.86,78122.49,76647.94,77554.0,723.28086911,56027758.5387399,0.01705722313343722,0.015876825002318726
2026-05-22,77565.86,77819.99,75285.0,75451.01,725.0509198,55594826.468985975,0.015382182809784635,0.014995423283434423
2026-05-23,75451.01,77302.52,74192.21,76655.99,967.2323223,73049922.13787258,0.01722644177566599,0.018971473584988692
2026-05-24,76654.0,77427.0,76015.0,76974.88,496.89495019,38109454.41560518,0.01452260119527865,0.014186794872782491
2026-05-25,76974.88,77830.83,76833.0,77254.92,518.69582604,40096317.401731275,0.011555976363426413,0.011387070643476408
2026-05-26,77255.0,78002.74,75559.41,75820.94,1137.32088336,87123325.21007292,0.0199651591726849,0.0208262563890611
2026-05-27,75820.95,76047.0,74127.01,74330.48,881.66520786,66200848.509174824,0.01634792600466499,0.017390840623022315
2026-05-28,74330.47,74461.71,72461.53,73519.16,1415.43760493,103606948.27930598,0.019373250749575986,0.020672940354682187
2026-05-29,73526.41,74223.0,72394.58,73373.29,968.72667883,71150376.72673255,0.01928083920083662,0.018713465317529623
2026-05-30,73373.3,74024.77,73125.86,73762.15,357.56268745,26335228.914882734,0.008537244404744912,0.007321837592115561
2026-05-31,73775.0,74162.97,73289.97,73567.99,421.37448096,31051885.641948786,0.010798162438306018,0.010373308257972981
2026-06-01,73568.0,73984.48,70574.13,71313.86,1811.51510088,130217135.096763,0.01985428729146643,0.020690716515098823
2026-06-02,71305.47,71309.61,66099.58,66668.6,3062.12034726,209146470.16649753,0.028785864052443898,0.02989668045740544
2026-06-03,66669.99,67417.99,63991.31,64045.64,2990.47757587,197777496.4196972,0.0332406084280994,0.030832256606165752
2026-06-04,64045.63,64687.36,61310.19,63814.8,5828.84132012,369356412.9063518,0.04895021630551957,0.045748856549484525
2026-06-05,63811.0,63915.41,59100.0,61042.14,5485.96092016,336709228.64591223,0.05248125448243183,0.05553163292707034
2026-06-06,61032.64,61503.35,59485.04,60858.64,1210.5341099299999,73498847.06954783,0.031786981039928754,0.028931684679786317
2026-06-07,60850.82,64196.66,60717.66,63315.72,1423.34858338,88517166.76079755,0.03917752112667783,0.03532817039748889
2026-06-08,63306.56,64191.09,62370.0,63061.78,2143.33985315,135892263.61091575,0.028521514514876816,0.026583218920962604
2026-06-09,63068.48,63491.41,60718.0,61685.44,2619.16979905,162578970.8744471,0.026616339243362576,0.024468648909723615
2026-06-10,61685.43,62808.52,60678.99,61456.49,2140.36256101,131938277.6233138,0.029893070399195996,0.027920193824496713
2026-06-11,61452.99,63840.01,61452.99,63558.21,1556.8794791,97982055.18830082,0.02385732807360007,0.02286645371224037
2026-06-12,63558.2,64348.63,62761.04,63531.04,1263.51892611,80332655.74846062,0.020188810297167258,0.019600822107019824
2026-06-13,63539.04,64742.88,63409.94,64440.0,561.3925642,35939161.844320655,0.010987459931758065,0.010716792734548636
2026-06-14,64423.99,65758.99,63642.58,65712.5,779.26765605,50389240.08208118,0.016912047932831995,0.01983597175312219
2026-06-15,65713.19,67253.17,65315.92,66282.05,1590.05635192,105496438.49942295,0.019874631606017507,0.017718892124239292
2026-06-16,66282.05,66949.01,65301.0,65612.86,1296.44629285,85639527.74605282,0.018839235629470114,0.019080546672232246
2026-06-17,65612.85,66390.79,63861.31,64443.27,1568.8341234,102087548.73301771,0.02945670385651507,0.02769222937612289
2026-06-18,64448.09,64754.21,62178.0,62889.92,1547.3288398,97998438.49906024,0.02330442414304157,0.02296031024613795
2026-06-19,62889.92,63606.48,62245.01,63487.34,918.36907249,57744232.7702249,0.019484173081339786,0.017527742209218624
2026-06-20,63487.34,64334.69,63133.21,64245.72,610.71977158,38937947.168969564,0.014945804027006874,0.015125923877259221
2026-06-21,64225.99,64522.0,63197.23,63237.18,551.09674747,35244923.968549006,0.014816378018230996,0.012765498719625661
2026-06-22,63237.17,65555.13,63237.17,63948.96,1437.39073712,92704459.14256829,0.020746999427001752,0.022565635028606812
2026-06-23,63948.95,64199.85,61860.01,62651.43,1351.74022349,84589358.50755805,0.020006896762859577,0.019560561328779803
2026-06-24,62651.43,63137.0,59018.45,60987.0,2180.3762098400002,132634027.24518616,0.026247756224149522,0.031046094256320905
2026-06-25,60981.45,61865.72,58035.28,59696.26,2130.48721866,127196586.36006588,0.038736930234489944,0.045674988432707085
2026-06-26,59710.91,60656.42,58240.91,60019.38,2185.00058617,130478825.28457019,0.034389730880855195,0.03798229857223261
2026-06-27,60021.01,60850.0,59766.78,59940.07,508.53190375,30667997.916611306,0.014708273835320014,0.014259999963327294
2026-06-28,59940.06,60447.61,58806.76,59473.29,634.06945764,37799868.861302145,0.020096622280946205,0.0194784864761212
2026-06-29,59473.29,60692.2,58800.83,60163.86,1820.9079122,108927770.50451368,0.02913706477245068,0.02847313999651516
2026-06-30,60163.85,60184.93,58076.49,58526.17,1527.12409907,89856160.12642871,0.022052164079302754,0.020187058503502033
2026-07-01,58526.63,61280.5,57734.63,59963.46,1390.17261075,82420262.61307083,0.026106652754704654,0.029369656729266978
2026-07-02,59957.3,62136.7,59523.85,61479.1,1886.84255097,115663231.9607708,0.022957640905221816,0.023216104411769394
2026-07-03,61478.28,62894.88,61169.93,62522.46,1067.97160731,66165537.17902039,0.01698989485221105,0.016703293528240185
2026-07-04,62522.45,63454.8,62279.5,63086.18,606.07859629,38071286.5468612,0.013202990745882099,0.01271999923059088
2026-07-05,63089.64,63945.23,62389.98,63587.06,590.31403493,37165687.269010656,0.01363320308424403,0.01548791803585157
2026-07-06,63587.05,64657.29,61246.23,64000.1,1497.89511585,94289503.138502,0.02798054215440981,0.025404825193093457
2026-07-07,64000.11,64263.34,62605.01,63311.3,1305.02995553,82771287.80412178,0.02115517346838279,0.02138329760795353
2026-07-08,63322.54,63711.85,61480.73,62237.84,902.04205645,56085749.30196971,0.022131288115028316,0.02044834887088587
2026-07-09,62238.2,63442.98,61641.44,63185.92,879.06661154,55195501.8417596,0.021202479828174747,0.019464487346257008
2026-07-10,63179.96,64653.09,62883.44,64114.25,989.8820577,63354314.03374695,0.016107560452868996,0.017771570717314986
2026-07-11,64116.45,64467.19,63777.01,63780.01,373.71337010999997,23973267.86720095,0.010522952230393987,0.010134464264816756
2026-07-12,63780.0,64233.0,63588.71,63743.46,358.98577812999997,22955834.001760695,0.01062035329316322,0.00977538334417314
2026-07-13,63743.51,64384.9,61750.06,62256.81,1038.09649603,65100828.06517574,0.01987721828169917,0.020441434889202855
2026-07-14,62256.8,65063.99,62203.26,64975.72,1066.83456731,68197482.85359569,0.02033834943007722,0.020110073757936855
2026-07-15,65000.0,65518.04,64435.14,64713.83,1005.03285047,65316892.64127723,0.01705819746298307,0.01625712881161522
2026-07-16,64713.83,64941.56,63700.01,63788.02,795.59627502,51159385.63182866,0.016814664934769238,0.016581447529568655
2026-07-17,63782.65,64347.12,62470.01,63891.98,1173.51036409,74327194.07983446,0.01849900120778989,0.017750369444047513
2026-07-18,63891.98,64825.94,63849.77,64792.35,387.44873134,24935136.018418062,0.007682999083801585,0.0065509620181589305
2026-07-19,64792.57,64918.84,64239.27,64681.58,480.10924279,30987356.273396127,0.009369410621443749,0.009635998097129592
2026-07-20,64688.7,65747.46,63705.77,65212.6,1506.90189803,97573775.50592223,0.023018504395294875,0.022416667138749482
2026-07-21,65212.6,66920.74,65108.55,66518.68,1289.11475833,85431157.7193673,0.014880090127545938,0.014246116368504027
2026-07-22,66519.8,66697.57,65488.36,66082.49,984.25922288,64944799.15341665,0.01400988353756604,0.014289086913942215
2026-07-23,66086.87,66268.25,64590.0,65050.48,1131.52154987,73771642.43214932,0.014073714068013988,0.013214692795624617
2026-07-24,65050.47,65765.4,63666.0,64086.59,916.37917245,59029322.73123374,0.01617293447968958,0.015038467533908924
2026-07-25,64086.59,64384.68,63744.38,64307.9,351.44623629,22535372.00443429,0.006239633915329572,0.005755244332455279
2026-07-26,64306.95,65518.58,64232.38,65338.88,395.9190576,25649632.106305573,0.009152298229358417,0.009091958772427933
2026-07-27,65338.88,65679.5,63536.94,63697.72,1022.46271431,66335891.21177897,0.01786338027971382,0.019197562262102404
2026-07-28,63697.72,64034.96,62683.93,63850.53,1034.53000264,65654337.953033224,0.01785662037897329,0.016911703802736967
2026-07-29,63849.63,64658.0,63198.67,63894.39,1199.20177592,76765229.89824718,0.02038066917136516,0.021453450469605992
2026-07-30,63894.24,65100.0,63514.36,64716.76,1195.48420629,77181546.16039082,0.015205481646738815,0.01441320133550819
2026-07-31,64716.76,65340.42,62369.0,62817.96,1235.25524562,78187000.73628147,0.01686554268623278,0.01739320382260366
2026-08-01,62817.96,63088.09,62216.81,62759.82,445.31419101,27964337.956344116,0.007350953578914631,0.0073809113867463715
2026-08-02,62759.82,63725.0,62754.4,63499.99,485.53607284,30714374.747839633,0.01281783843157769,0.011346039038262682
2026-08-03,63499.99,64023.9,62216.0,63460.01,924.01565811,58435781.877009764,0.016029090207557516,0.016569989584848562
2026-08-04,63460.89,64482.02,63270.0,64056.48,1012.02481152,64754106.84367324,0.01519572436660938,0.015551729428687036
2026-08-05,64056.47,64995.84,63820.01,64600.22,1116.54614458,71926661.0019317,0.014779058669512369,0.013009873806013903
2026-08-06,64600.21,64932.21,64094.0,64255.55,1131.9035155,73074102.90909517,0.011472383721891674,0.010305121706260094
2026-08-07,64265.53,65339.98,64103.0,64877.77,1964.13539171,127350825.7014746,0.012404278053071333,0.011593146451741972
2026-08-08,64877.77,65134.9,64801.24,64908.72,520.80456173,33842062.58105925,0.0037967672701465665,0.003653855121455948
2026-08-09,64908.72,65415.69,64684.71,64857.27,628.89456178,40903252.4367158,0.006495596177847969,0.006705420307409223
2026-08-10,64857.26,65333.41,63737.02,63911.16,1480.54318461,95638584.9996701,0.013790724616758555,0.013477037842971454
2026-08-11,63911.15,64447.0,63173.91,63542.82,1378.44718852,87942344.03902018,0.011015041499821672,0.010479670379069356
2026-08-12,63539.69,64410.61,63240.01,63406.33,1617.70676449,103101797.4527329,0.011722637966733144,0.010882899466328025
2026-08-13,63406.33,63936.18,62782.77,63418.04,1675.84013733,106318368.24137688,0.013984631228698547,0.012747884201310579
2026-08-14,63418.05,63552.94,62470.0,62975.97,1244.0348531,78258531.75650525,0.010126639180319372,0.01039865858435398
2026-08-15,62975.97,63112.96,62863.54,63025.94,318.97333488,20094873.739687275,0.003975282795466712,0.0035806305478476375
2026-08-16,63025.93,63310.16,62652.7,62831.66,534.53133128,33670768.74827797,0.005374081177085049,0.005450383806727731
2026-08-17,62831.65,64551.3,62689.89,64484.76,2083.29342512,132740303.60051687,0.013457116236400612,0.012121611392572054
2026-08-18,64488.02,65000.0,63982.23,64686.09,1663.10641737,107146657.68274915,0.011595006733911572,0.011212412737570466
2026-08-19,64686.09,70033.39,64112.88,69297.78,4829.36084086,325857793.3375472,0.029572294665565546,0.040948496764059025
2026-08-20,69298.02,73370.15,68858.17,73007.7,4199.95886284,299646626.4160974,0.03041217709055539,0.02876480169918993
2026-08-21,73000.01,79461.0,73000.01,78325.11,6239.29952159,478391234.73145723,0.045336311599274315,0.0463925959032033
2026-08-22,78325.29,78800.11,76525.41,77065.64,1540.63267264,119380601.77616559,0.022893913846974537,0.023367449256195355
2026-08-23,77065.63,78032.6,75568.18,77716.48,1541.9838493,118789895.1849489,0.02032614092524528,0.018779559308676627
2026-08-24,77723.58,79989.36,76664.18,78986.06,2794.80659801,219269426.54367623,0.02665247054300926,0.02886695719203538
2026-08-25,78985.15,81255.06,77850.0,78534.93,2638.50124393,209932737.26371562,0.02826905258949559,0.028361308513101296
2026-08-26,78536.3,79224.4,77626.89,79022.66,1508.94193139,118444161.05938634,0.02003149092567876,0.01823228757705502
2026-08-27,79022.65,80819.98,78573.39,80278.98,3073.12963145,245362370.8096382,0.021055609050096697,0.01980118460559315
2026-08-28,80278.99,81454.98,76876.88,77835.18,3147.57326254,248708073.06197137,0.023629946531753477,0.02508838259001386
2026-08-29,77835.18,78328.63,77345.28,78235.02,809.27102639,62934344.57483034,0.009069036136202862,0.008209517441631373
2026-08-30,78235.01,79385.99,77023.78,77701.7,1401.20396097,109797268.28340553,0.015013632985621597,0.016797868131397838
2026-08-31,77659.15,79249.85,77381.47,78571.17,2264.23417349,177244840.84024018,0.01987504443780722,0.018977689751852034
2026-09-01,78571.18,79184.0,76380.13,77397.43,2851.04332419,222080061.28277084,0.018573236728480175,0.01816653563714882
2026-09-02,77397.43,77747.28,76228.56,77301.83,1643.47814236,126753395.20854068,0.020087861999516628,0.01736606711968483
2026-09-03,77294.61,82280.62,76940.96,81265.0,2498.55416454,199134133.24418595,0.02459123217057789,0.024741620552107747
2026-09-04,81265.0,81426.37,78645.01,79676.6,2226.87926884,178252909.8275551,0.025321556279266102,0.022716986464456506
2026-09-05,79676.6,80187.04,79464.65,79830.42,552.2301498,44054024.19992699,0.006903416402411421,0.00623727475627958
2026-09-06,79830.42,80537.4,79218.0,80338.98,746.1705314,59586534.117461994,0.009547468141882242,0.009646370544290551
2026-09-07,80338.98,80430.96,78685.0,79090.41,1253.60427642,99616973.08311221,0.013060555847482138,0.012067105375209674
2026-09-08,79090.42,79455.12,77602.59,78449.0,1607.0465247,126151895.56749237,0.014501562714962963,0.014994533721187836
2026-09-09,78449.01,79741.64,77760.0,78281.65,1787.66218132,140953386.52510792,0.019136017695570804,0.01882033430537789
2026-09-10,78281.65,78526.26,76452.89,76528.75,1622.87031798,125536275.60332336,0.017164897474700017,0.016364029568835706
2026-09-11,76528.6,79836.83,76040.02,77212.48,2773.54564116,215412420.97619843,0.025240726757000106,0.029941527399428722
2026-09-12,77212.48,77480.0,77060.0,77269.22,499.05342595999997,38562786.32367677,0.004920316532738698,0.00406902111425566
2026-09-13,77269.21,77417.67,76480.0,76808.69,981.62415399,75516335.90152459,0.009198239631217226,0.00943892546004251
2026-09-14,76804.19,79579.16,76370.36,78185.01,2451.20669841,191838196.32886755,0.020907931593491132,0.018367766972808376
2026-09-15,78185.01,78241.56,74913.43,75577.29,2966.54321896,226973717.81193262,0.02739900848574729,0.027368304532929915
2026-09-16,75577.29,76471.23,74962.49,76138.6,1683.17477769,127512947.6270728,0.021740444877634876,0.02013663799646365
2026-09-17,76138.6,77083.2,75949.99,76354.94,1420.05650508,108623978.79419553,0.017299006251260338,0.015336884283906517
2026-09-18,76354.93,81376.86,76235.9,80878.77,2129.79425665,168926675.96848023,0.022522804707507747,0.024682907384081625
2026-09-19,80878.78,81913.69,80823.13,81235.14,1047.02886333,85131701.11435303,0.012350117513206357,0.0120113279973967
