date,score
2012-01-01,
2012-01-02,
2012-01-03,
2012-01-04,
2012-01-05,
2012-01-06,
2012-01-07,
2012-01-08,
2012-01-09,
2012-01-10,
2012-01-11,
2012-01-12,
2012-01-13,
2012-01-14,
2012-01-15,
2012-01-16,
2012-01-17,
2012-01-18,
2012-01-19,
2012-01-20,
2012-01-21,
2012-01-22,
2012-01-23,
2012-01-24,
2012-01-25,
2012-01-26,
2012-01-27,
2012-01-28,
2012-01-29,
2012-01-30,
2012-01-31,
2012-02-01,
2012-02-02,
2012-02-03,
2012-02-04,
2012-02-05,
2012-02-06,
2012-02-07,
2012-02-08,
2012-02-09,
2012-02-10,
2012-02-11,
2012-02-12,
2012-02-13,
2012-02-14,
2012-02-15,
2012-02-16,
2012-02-17,
2012-02-18,
2012-02-19,
2012-02-20,
2012-02-21,
2012-02-22,
2012-02-23,
2012-02-24,
2012-02-25,
2012-02-26,
2012-02-27,
2012-02-28,
2012-02-29,
2012-03-01,
2012-03-02,
2012-03-03,
2012-03-04,
2012-03-05,
2012-03-06,
2012-03-07,
2012-03-08,
2012-03-09,
2012-03-10,
2012-03-11,
2012-03-12,
2012-03-13,
2012-03-14,
2012-03-15,
2012-03-16,
2012-03-17,
2012-03-18,
2012-03-19,
2012-03-20,
2012-03-21,
2012-03-22,
2012-03-23,
2012-03-24,
2012-03-25,
2012-03-26,
2012-03-27,
2012-03-28,
2012-03-29,
2012-03-30,
2012-03-31,
2012-04-01,
2012-04-02,
2012-04-03,
2012-04-04,
2012-04-05,
2012-04-06,
2012-04-07,
2012-04-08,
2012-04-09,
2012-04-10,
2012-04-11,
2012-04-12,
2012-04-13,
2012-04-14,
2012-04-15,
2012-04-16,
2012-04-17,
2012-04-18,
2012-04-19,
2012-04-20,
2012-04-21,
2012-04-22,
2012-04-23,
2012-04-24,
2012-04-25,
2012-04-26,
2012-04-27,
2012-04-28,
2012-04-29,
2012-04-30,
2012-05-01,
2012-05-02,
2012-05-03,
2012-05-04,
2012-05-05,
2012-05-06,
2012-05-07,
2012-05-08,
2012-05-09,
2012-05-10,
2012-05-11,
2012-05-12,
2012-05-13,
2012-05-14,
2012-05-15,
2012-05-16,
2012-05-17,
2012-05-18,
2012-05-19,
2012-05-20,
2012-05-21,
2012-05-22,
2012-05-23,
2012-05-24,
2012-05-25,
2012-05-26,
2012-05-27,
2012-05-28,
2012-05-29,
2012-05-30,
2012-05-31,
2012-06-01,
2012-06-02,
2012-06-03,
2012-06-04,
2012-06-05,
2012-06-06,
2012-06-07,
2012-06-08,
2012-06-09,
2012-06-10,
2012-06-11,
2012-06-12,
2012-06-13,
2012-06-14,
2012-06-15,
2012-06-16,
2012-06-17,
2012-06-18,
2012-06-19,
2012-06-20,
2012-06-21,
2012-06-22,
2012-06-23,
2012-06-24,
2012-06-25,
2012-06-26,
2012-06-27,
2012-06-28,
2012-06-29,
2012-06-30,
2012-07-01,
2012-07-02,
2012-07-03,
2012-07-04,0.7944444444444444
2012-07-05,0.7734806629834254
2012-07-06,0.21428571428571427
2012-07-07,0.26229508196721313
2012-07-08,0.2391304347826087
2012-07-09,0.24324324324324326
2012-07-10,0.543010752688172
2012-07-11,0.7807486631016043
2012-07-12,0.8629432624113476
2012-07-13,0.8660878716127335
2012-07-14,0.8006651243493349
2012-07-15,0.8516865505106859
2012-07-16,0.9137228260869565
2012-07-17,0.9298277552163563
2012-07-18,0.9301906662232569
2012-07-19,0.8303304538598657
2012-07-20,0.8157837603126357
2012-07-21,0.8700212177369537
2012-07-22,0.807123870281765
2012-07-23,0.7929174669157304
2012-07-24,0.7435416666666668
2012-07-25,0.7223339262238032
2012-07-26,0.8164489129325303
2012-07-27,0.8182757217239977
2012-07-28,0.8474925329247722
2012-07-29,0.8331280279760105
2012-07-30,0.7932379264147528
2012-07-31,0.8338593209573646
2012-08-01,0.8309052698183133
2012-08-02,0.9388542716476478
2012-08-03,0.9605688720132518
2012-08-04,0.9062382801886197
2012-08-05,0.9364457846566969
2012-08-06,0.9289626433540625
2012-08-07,0.8806213457966927
2012-08-08,0.8937179916030966
2012-08-09,0.8801224157846567
2012-08-10,0.8956093529230824
2012-08-11,0.9022884851835954
2012-08-12,0.8914854729040973
2012-08-13,0.9105177711174673
2012-08-14,0.949977179386631
2012-08-15,0.9625249702681253
2012-08-16,0.9441025389749875
2012-08-17,0.7329231323541026
2012-08-18,0.5635602061478588
2012-08-19,0.2228846401648377
2012-08-20,0.16813586886730414
2012-08-21,0.24248024685425573
2012-08-22,0.2246753135490755
2012-08-23,0.2073518748803679
2012-08-24,0.30746311195411896
2012-08-25,0.3602673273867693
2012-08-26,0.33924736571562863
2012-08-27,0.38486955161555675
2012-08-28,0.40064826125162345
2012-08-29,0.4091150282549092
2012-08-30,0.3264064472455871
2012-08-31,0.1955979808364006
2012-09-01,0.13765328263053767
2012-09-02,0.37543458413522374
2012-09-03,0.26810905459692347
2012-09-04,0.20958079610981
2012-09-05,0.3540485846624322
2012-09-06,0.44155661240513244
2012-09-07,0.4893790153762497
2012-09-08,0.44832898100666435
2012-09-09,0.46525148057911514
2012-09-10,0.3575161610343062
2012-09-11,0.4327655330559806
2012-09-12,0.480930552543986
2012-09-13,0.49575981158552895
2012-09-14,0.5484827275672418
2012-09-15,0.5944650029782526
2012-09-16,0.6054332888327261
2012-09-17,0.6766968465771444
2012-09-18,0.7269559931427146
2012-09-19,0.908699880092565
2012-09-20,0.7959199558482093
2012-09-21,0.7091224951726149
2012-09-22,0.6463372975923931
2012-09-23,0.6173266752627109
2012-09-24,0.532073837237392
2012-09-25,0.35474298166482754
2012-09-26,0.38230111226661057
2012-09-27,0.39337908946735123
2012-09-28,0.4191043505727413
2012-09-29,0.40261749996711166
2012-09-30,0.37106712699233535
2012-10-01,0.3662736367560649
2012-10-02,0.46060527353418373
2012-10-03,0.49357957338557285
2012-10-04,0.44605613997317434
2012-10-05,0.4316566821553908
2012-10-06,0.4502599804140157
2012-10-07,0.4189091882742921
2012-10-08,0.45826248263695757
2012-10-09,0.49890394934207916
2012-10-10,0.4627794046279822
2012-10-11,0.425207259557963
2012-10-12,0.3179260945660434
2012-10-13,0.2870030943986207
2012-10-14,0.2881578396198634
2012-10-15,0.20851816778116625
2012-10-16,0.18322074262150265
2012-10-17,0.1597415982566011
2012-10-18,0.14425528940153107
2012-10-19,0.1434632469928634
2012-10-20,0.14484743670160474
2012-10-21,0.16563177737136764
2012-10-22,0.17873513766388888
2012-10-23,0.21914937431773485
2012-10-24,0.2270473839025595
2012-10-25,0.22085187199042355
2012-10-26,0.23076753853924378
2012-10-27,0.2822576792261837
2012-10-28,0.3058102624767319
2012-10-29,0.3218314883379074
2012-10-30,0.2605837658641556
2012-10-31,0.2902225591199145
2012-11-01,0.29714425226100133
2012-11-02,0.24770799575714617
2012-11-03,0.19276375098151322
2012-11-04,0.16726804354373465
2012-11-05,0.2325236021686825
2012-11-06,0.24463521001745267
2012-11-07,0.2887122727787981
2012-11-08,0.3846714470148949
2012-11-09,0.4041090088797385
2012-11-10,0.3829297143625365
2012-11-11,0.38668221195646
2012-11-12,0.3524961990551913
2012-11-13,0.3561083005346057
2012-11-14,0.3258178994403803
2012-11-15,0.31962681245812824
2012-11-16,0.41496206814584097
2012-11-17,0.48094168629482464
2012-11-18,0.4877656176301027
2012-11-19,0.5185866199145662
2012-11-20,0.5214109283379242
2012-11-21,0.5679517651827778
2012-11-22,0.6229346473168775
2012-11-23,0.6736498409772161
2012-11-24,0.6417548998711143
2012-11-25,0.6822111933883132
2012-11-26,0.6540041892409507
2012-11-27,0.6274578452061876
2012-11-28,0.6506221933269539
2012-11-29,0.6262862054426349
2012-11-30,0.5940695968007212
2012-12-01,0.5827805402804114
2012-12-02,0.599780614987891
2012-12-03,0.6492041520992275
2012-12-04,0.6338840977863841
2012-12-05,0.6852669621704114
2012-12-06,0.7041743352981203
2012-12-07,0.6538262796205246
2012-12-08,0.6338773186453397
2012-12-09,0.5876631378782656
2012-12-10,0.6030755865155463
2012-12-11,0.6263704217603143
2012-12-12,0.622538682459003
2012-12-13,0.61122009456218
2012-12-14,0.5887000174425581
2012-12-15,0.5905454725583883
2012-12-16,0.5822784697139637
2012-12-17,0.4964544886755588
2012-12-18,0.5015558415915976
2012-12-19,0.49900684008559043
2012-12-20,0.46723362936022744
2012-12-21,0.4320839863262615
2012-12-22,0.39594192504087555
2012-12-23,0.36033364432592957
2012-12-24,0.351036666865195
2012-12-25,0.3408482521298753
2012-12-26,0.2551426569274482
2012-12-27,0.2845099729273131
2012-12-28,0.25157653651098955
2012-12-29,0.23176514333209028
2012-12-30,0.22393536747803536
2012-12-31,0.23671011861005153
2013-01-01,0.24932288657490684
2013-01-02,0.16957911542877124
2013-01-03,0.19337730765076186
2013-01-04,0.2056339848784808
2013-01-05,0.1760082298419744
2013-01-06,0.1841117883925202
2013-01-07,0.2331223336458469
2013-01-08,0.4160190356529916
2013-01-09,0.522221692262063
2013-01-10,0.5336175288191027
2013-01-11,0.5404539395572487
2013-01-12,0.5412085929011456
2013-01-13,0.5350226801341674
2013-01-14,0.5924205638725197
2013-01-15,0.6131547722186692
2013-01-16,0.6128944619145646
2013-01-17,0.7148860125348676
2013-01-18,0.7761051642738808
2013-01-19,0.7620358858051185
2013-01-20,0.7741234179372047
2013-01-21,0.8472737244993244
2013-01-22,0.8656329692413955
2013-01-23,0.8485669026557822
2013-01-24,0.8633656353444186
2013-01-25,0.8423068143843876
2013-01-26,0.8189061461604975
2013-01-27,0.77381457440323
2013-01-28,0.816800510907967
2013-01-29,0.8412465394870947
2013-01-30,0.7995767033532423
2013-01-31,0.8658985381242936
2013-02-01,0.8152645992165408
2013-02-02,0.7708754706408375
2013-02-03,0.7599561737592571
2013-02-04,0.8015738783372774
2013-02-05,0.774322394029778
2013-02-06,0.7120303300446857
2013-02-07,0.7407193723863347
2013-02-08,0.7705826330270632
2013-02-09,0.7747203424164879
2013-02-10,0.785370601072569
2013-02-11,0.7678582374344024
2013-02-12,0.7925549011212991
2013-02-13,0.8463346201622153
2013-02-14,0.8857805464585518
2013-02-15,0.8454485759399675
2013-02-16,0.8369958697209796
2013-02-17,0.8245991405456361
2013-02-18,0.8080629778590266
2013-02-19,0.7975467513360524
2013-02-20,0.8283933347885449
2013-02-21,0.7260958446621746
2013-02-22,0.8022144057313185
2013-02-23,0.78857357807632
2013-02-24,0.7564633650813024
2013-02-25,0.715426182426596
2013-02-26,0.7047859924055376
2013-02-27,0.6910235849176831
2013-02-28,0.7845865696103687
2013-03-01,0.7452896978525195
2013-03-02,0.7390671779988525
2013-03-03,0.6711826663256946
2013-03-04,0.7365513571369104
2013-03-05,0.8594003755858756
2013-03-06,0.9095314604075655
2013-03-07,0.8861909320419767
2013-03-08,0.8651667043031472
2013-03-09,0.8889692046196248
2013-03-10,0.8669792872489944
2013-03-11,0.8666380376319937
2013-03-12,0.853796875407842
2013-03-13,0.7536352396729182
2013-03-14,0.7189820101954116
2013-03-15,0.6192303098572025
2013-03-16,0.5780136182260627
2013-03-17,0.547375638180081
2013-03-18,0.5831157277297498
2013-03-19,0.7941702395821092
2013-03-20,0.8490544061755849
2013-03-21,0.895601589355839
2013-03-22,0.9057297672042066
2013-03-23,0.8627094751334773
2013-03-24,0.8424645993176996
2013-03-25,0.9022857864492254
2013-03-26,0.9077745154968903
2013-03-27,0.9114895130017275
2013-03-28,0.8855743623573604
2013-03-29,0.8835414312736694
2013-03-30,0.8959435195777937
2013-03-31,0.8188884250827028
2013-04-01,0.8593769179642977
2013-04-02,0.8935712583582615
2013-04-03,0.9488100036748581
2013-04-04,0.9626207490033316
2013-04-05,0.9122819836348012
2013-04-06,0.8844145898090346
2013-04-07,0.9054526020821653
2013-04-08,0.9679325421521631
2013-04-09,0.9698506491046088
2013-04-10,0.8880093977963236
2013-04-11,0.6339196167100998
2013-04-12,0.6361628076219041
2013-04-13,0.5863629679294898
2013-04-14,0.5448708228235484
2013-04-15,0.497448387620427
2013-04-16,0.4874163944588298
2013-04-17,0.4768303840178564
2013-04-18,0.5418290375725674
2013-04-19,0.5621935268907057
2013-04-20,0.5804786857153296
2013-04-21,0.5609678685888421
2013-04-22,0.5553742995396562
2013-04-23,0.5430156430598079
2013-04-24,0.5664458747602603
2013-04-25,0.6396686968407337
2013-04-26,0.5583981705473223
2013-04-27,0.5289961384312192
2013-04-28,0.5250921498916903
2013-04-29,0.5298329629610709
2013-04-30,0.5271046287143148
2013-05-01,0.4870791886595862
2013-05-02,0.38793738285420815
2013-05-03,0.3642036454646125
2013-05-04,0.3916468233135686
2013-05-05,0.4203384335211759
2013-05-06,0.39678690118915827
2013-05-07,0.39274475987117796
2013-05-08,0.36441078925308434
2013-05-09,0.33440314794652337
2013-05-10,0.33630394307393563
2013-05-11,0.300091985155869
2013-05-12,0.306563583491399
2013-05-13,0.23670455161873688
2013-05-14,0.2881972300829376
2013-05-15,0.30194690917924066
2013-05-16,0.35282366949241795
2013-05-17,0.4306104382522708
2013-05-18,0.3674301712153701
2013-05-19,0.3048995841013002
2013-05-20,0.31743947696812697
2013-05-21,0.349317137704938
2013-05-22,0.3233516136786981
2013-05-23,0.32415339523985487
2013-05-24,0.36240461970768784
2013-05-25,0.3617881253699143
2013-05-26,0.3720457537581816
2013-05-27,0.37366711391670043
2013-05-28,0.35690521325107055
2013-05-29,0.3693732027894895
2013-05-30,0.3605664995929424
2013-05-31,0.3074618214037053
2013-06-01,0.30337242367923634
2013-06-02,0.3373457578285255
2013-06-03,0.3234326895639851
2013-06-04,0.29485293825622255
2013-06-05,0.22630614390730786
2013-06-06,0.1830434153262702
2013-06-07,0.19362690019219342
2013-06-08,0.15743503049602936
2013-06-09,0.20562180651853598
2013-06-10,0.2002424223339843
2013-06-11,0.18489837395503395
2013-06-12,0.17397391241365925
2013-06-13,0.1869906956942862
2013-06-14,0.20732680653684563
2013-06-15,0.1603879320690614
2013-06-16,0.12330542340734074
2013-06-17,0.08588804770790631
2013-06-18,0.12227131465696536
2013-06-19,0.15874400022953594
2013-06-20,0.1754182374843839
2013-06-21,0.20446650001208289
2013-06-22,0.13419154641398864
2013-06-23,0.1491082822573337
2013-06-24,0.16111538723170174
2013-06-25,0.14482212641499076
2013-06-26,0.12623367041067998
2013-06-27,0.10971308570659906
2013-06-28,0.16303409935318758
2013-06-29,0.12186698297879997
2013-06-30,0.08326883933968614
2013-07-01,0.12884965765507905
2013-07-02,0.1501004871264844
2013-07-03,0.1493180593108893
2013-07-04,0.22135130750723458
2013-07-05,0.2353258015381932
2013-07-06,0.2604523020707443
2013-07-07,0.27674140814619563
2013-07-08,0.31592129174054606
2013-07-09,0.2985372771856145
2013-07-10,0.366750530876975
2013-07-11,0.36897857342084633
2013-07-12,0.4513758435933264
2013-07-13,0.4219287172379166
2013-07-14,0.38768255468851537
2013-07-15,0.45965571905702657
2013-07-16,0.41614919299533226
2013-07-17,0.4033735196960738
2013-07-18,0.3903966529909517
2013-07-19,0.3738979608319728
2013-07-20,0.2652128188193857
2013-07-21,0.23792507506269361
2013-07-22,0.22781451481601614
2013-07-23,0.2956036129327997
2013-07-24,0.23226207372136765
2013-07-25,0.29176465165614174
2013-07-26,0.2277747153861559
2013-07-27,0.21872311469027098
2013-07-28,0.27056079343248585
2013-07-29,0.3315093956812459
2013-07-30,0.3781274074517172
2013-07-31,0.45304347058032274
2013-08-01,0.41396301193224133
2013-08-02,0.402759151803552
2013-08-03,0.4347341696911988
2013-08-04,0.4208960258642843
2013-08-05,0.4532440348016997
2013-08-06,0.4113530797043783
2013-08-07,0.3441249493795498
2013-08-08,0.2840281430749068
2013-08-09,0.2889072868388411
2013-08-10,0.24030009761767168
2013-08-11,0.2174005840373073
2013-08-12,0.22571592952097813
2013-08-13,0.2523053587460134
2013-08-14,0.33398838639284084
2013-08-15,0.35405309745844865
2013-08-16,0.3581576647779246
2013-08-17,0.37629294988352857
2013-08-18,0.40396242706913893
2013-08-19,0.49886382639424187
2013-08-20,0.5294787307516529
2013-08-21,0.6080917184569805
2013-08-22,0.6091613310485431
2013-08-23,0.5979164942742443
2013-08-24,0.5677659183272318
2013-08-25,0.5843266779740169
2013-08-26,0.5500630823732877
2013-08-27,0.5804596039080526
2013-08-28,0.5309736021174012
2013-08-29,0.5422921824565393
2013-08-30,0.5759820750316039
2013-08-31,0.6811261099899883
2013-09-01,0.7247460454622406
2013-09-02,0.6852233037215534
2013-09-03,0.6256553905480113
2013-09-04,0.6010568987969171
2013-09-05,0.5756659974748092
2013-09-06,0.553647490254723
2013-09-07,0.526340808898277
2013-09-08,0.4666506110657691
2013-09-09,0.5644878541861241
2013-09-10,0.5088533699261139
2013-09-11,0.5610323732341312
2013-09-12,0.5315153164497878
2013-09-13,0.5020319816011537
2013-09-14,0.44183896171278986
2013-09-15,0.43986443395004027
2013-09-16,0.3965911105614641
2013-09-17,0.38811297988946986
2013-09-18,0.40573021422981803
2013-09-19,0.3932505613815889
2013-09-20,0.4006616962025365
2013-09-21,0.3312303747178981
2013-09-22,0.30505442099912705
2013-09-23,0.26886413483519367
2013-09-24,0.2771083656008698
2013-09-25,0.20033827858787523
2013-09-26,0.2302850874630916
2013-09-27,0.27201509789845685
2013-09-28,0.26964309854828444
2013-09-29,0.3154232536279732
2013-09-30,0.33818569292326384
2013-10-01,0.34010827584421616
2013-10-02,0.3584542586702976
2013-10-03,0.39398512729872126
2013-10-04,0.39551793274898844
2013-10-05,0.37673347516218225
2013-10-06,0.36713580111993016
2013-10-07,0.38368817229968255
2013-10-08,0.39324414496771515
2013-10-09,0.4664826762748208
2013-10-10,0.407271298608858
2013-10-11,0.3943907489342425
2013-10-12,0.4044193146826252
2013-10-13,0.487172301218328
2013-10-14,0.6170353059326465
2013-10-15,0.6516539100111666
2013-10-16,0.7161766985642829
2013-10-17,0.6946998925281661
2013-10-18,0.7275012073192683
2013-10-19,0.8280518727741992
2013-10-20,0.7805513114087715
2013-10-21,0.8490441044422394
2013-10-22,0.8889054129609261
2013-10-23,0.8633781522278539
2013-10-24,0.8953121035976448
2013-10-25,0.8499746991789077
2013-10-26,0.7704197088228845
2013-10-27,0.7524432474205427
2013-10-28,0.745431764700898
2013-10-29,0.7045551673601873
2013-10-30,0.6743245139927123
2013-10-31,0.6642507710703931
2013-11-01,0.6092095775090135
2013-11-02,0.5818167445061049
2013-11-03,0.5729332287255126
2013-11-04,0.6404154963738526
2013-11-05,0.7522200042328239
2013-11-06,0.8066928303736852
2013-11-07,0.8523210142439321
2013-11-08,0.8879087821342965
2013-11-09,0.9373606298874945
2013-11-10,0.9160091645733576
2013-11-11,0.9061720740961646
2013-11-12,0.8585525444007768
2013-11-13,0.8951815816573352
2013-11-14,0.90160830260079
2013-11-15,0.8744142267062389
2013-11-16,0.8345046179386448
2013-11-17,0.8539116021268993
2013-11-18,0.9207853238685691
2013-11-19,0.8936511892256923
2013-11-20,0.8948820906071475
2013-11-21,0.8984640293809686
2013-11-22,0.9150240580224936
2013-11-23,0.9130150921276504
2013-11-24,0.8985657738424481
2013-11-25,0.8617639012826894
2013-11-26,0.8755044569687876
2013-11-27,0.8866126859935635
2013-11-28,0.8889756729876422
2013-11-29,0.8758982687888304
2013-11-30,0.8616460822954374
2013-12-01,0.8421701779812287
2013-12-02,0.8318806594798259
2013-12-03,0.8086828088510224
2013-12-04,0.7881103013194666
2013-12-05,0.7723692918181162
2013-12-06,0.6660997564030338
2013-12-07,0.5516830683792794
2013-12-08,0.5448894502588282
2013-12-09,0.5762830858191317
2013-12-10,0.5896037350484143
2013-12-11,0.5709135361945952
2013-12-12,0.5021353706764984
2013-12-13,0.4846423557869466
2013-12-14,0.44683333891513793
2013-12-15,0.4259514632292176
2013-12-16,0.3722987011437999
2013-12-17,0.33176196810914393
2013-12-18,0.33294003651662224
2013-12-19,0.33637698934785587
2013-12-20,0.38324265367839067
2013-12-21,0.36828690286659604
2013-12-22,0.3695760132101164
2013-12-23,0.35743295367543404
2013-12-24,0.3203249652780728
2013-12-25,0.3011396319630474
2013-12-26,0.3137145890248101
2013-12-27,0.29351214630303385
2013-12-28,0.2829408821738121
2013-12-29,0.24960811831351362
2013-12-30,0.2738689963313049
2013-12-31,0.2971308072566765
2014-01-01,0.3276587231664521
2014-01-02,0.31812314950098597
2014-01-03,0.3735470769096862
2014-01-04,0.4079107269925919
2014-01-05,0.48415159112662276
2014-01-06,0.5553884794565545
2014-01-07,0.5464998532309323
2014-01-08,0.5215643906540635
2014-01-09,0.5114015709346145
2014-01-10,0.48702396403639625
2014-01-11,0.5005380471863361
2014-01-12,0.47529252590195814
2014-01-13,0.41845006769770204
2014-01-14,0.3673653398278176
2014-01-15,0.34842002055224064
2014-01-16,0.3352717449020931
2014-01-17,0.30243578808083627
2014-01-18,0.2954607620686213
2014-01-19,0.24175825090659148
2014-01-20,0.26719945500759595
2014-01-21,0.28696766512245997
2014-01-22,0.24269539392107634
2014-01-23,0.2170001160121777
2014-01-24,0.21746856424482353
2014-01-25,0.1764960981972472
2014-01-26,0.1873282895016231
2014-01-27,0.22539788464060972
2014-01-28,0.23235662883806663
2014-01-29,0.2052636415472895
2014-01-30,0.223997377474111
2014-01-31,0.26328013255247945
2014-02-01,0.23906040404861592
2014-02-02,0.21654520461217566
2014-02-03,0.22907093789322971
2014-02-04,0.19676811556951207
2014-02-05,0.15410300998943777
2014-02-06,0.12379589284326584
2014-02-07,0.16120565244904558
2014-02-08,0.13521071639308901
2014-02-09,0.13100148666321887
2014-02-10,0.2413055763477477
2014-02-11,0.2729167964728327
2014-02-12,0.2878099304915447
2014-02-13,0.2736090565235757
2014-02-14,0.35331503215398374
2014-02-15,0.304456411345548
2014-02-16,0.31455246616031945
2014-02-17,0.29836741446628284
2014-02-18,0.23083566639690664
2014-02-19,0.21036902707798597
2014-02-20,0.25024838578985653
2014-02-21,0.2436096138632962
2014-02-22,0.24295098959890163
2014-02-23,0.2532418125295446
2014-02-24,0.2363799391604426
2014-02-25,0.2766400714714131
2014-02-26,0.3438520334743633
2014-02-27,0.32505159710414594
2014-02-28,0.28951591694490103
2014-03-01,0.2885470544616395
2014-03-02,0.23412350933506948
2014-03-03,0.3927638616205336
2014-03-04,0.38623528448439054
2014-03-05,0.2879454767876903
2014-03-06,0.2993784886295802
2014-03-07,0.2753286234404126
2014-03-08,0.22037985096025084
2014-03-09,0.2806915633339488
2014-03-10,0.28738039554336514
2014-03-11,0.25074970705417504
2014-03-12,0.24672909038674146
2014-03-13,0.2358015850058558
2014-03-14,0.25891745271471295
2014-03-15,0.2634394772535605
2014-03-16,0.24770224083935086
2014-03-17,0.18121795563013193
2014-03-18,0.17458864209398517
2014-03-19,0.13897284433814117
2014-03-20,0.13323845566963846
2014-03-21,0.1610746071019011
2014-03-22,0.14352657495454757
2014-03-23,0.14840510396019133
2014-03-24,0.16866288856075323
2014-03-25,0.1674427135140498
2014-03-26,0.165729314700908
2014-03-27,0.2058989742740333
2014-03-28,0.22713995901212097
2014-03-29,0.1907879090563166
2014-03-30,0.2220431830971869
2014-03-31,0.2634584655068588
2014-04-01,0.28918596476277725
2014-04-02,0.31153369825198296
2014-04-03,0.33399525680506886
2014-04-04,0.2961651375282149
2014-04-05,0.26064496246580043
2014-04-06,0.26555776349662696
2014-04-07,0.23290579348160026
2014-04-08,0.21001756234632948
2014-04-09,0.21321722581112768
2014-04-10,0.17021458385858754
2014-04-11,0.21349514359436952
2014-04-12,0.203156317056028
2014-04-13,0.20063903702929112
2014-04-14,0.300657784831273
2014-04-15,0.39700659563673263
2014-04-16,0.4988794973930503
2014-04-17,0.4837452622972402
2014-04-18,0.3830450624971173
2014-04-19,0.37524506248316164
2014-04-20,0.3714761320108339
2014-04-21,0.3463418665674911
2014-04-22,0.2848916212796391
2014-04-23,0.22943774962520458
2014-04-24,0.2600250935867374
2014-04-25,0.2507857943174531
2014-04-26,0.19675808200949696
2014-04-27,0.18448512398386469
2014-04-28,0.20430041572957133
2014-04-29,0.2470029284536358
2014-04-30,0.24716627708922229
2014-05-01,0.27879980369141555
2014-05-02,0.2809912876170345
2014-05-03,0.2356096736005412
2014-05-04,0.22000643952698748
2014-05-05,0.2075903405884588
2014-05-06,0.16916214311050048
2014-05-07,0.1702100187624831
2014-05-08,0.16493307368609544
2014-05-09,0.18496793818741797
2014-05-10,0.21223570213848605
2014-05-11,0.23925492109972346
2014-05-12,0.21903722395791608
2014-05-13,0.22615738426157384
2014-05-14,0.1985720054492769
2014-05-15,0.17391654979738966
2014-05-16,0.15743292272839898
2014-05-17,0.1707760347977458
2014-05-18,0.18000242648843004
2014-05-19,0.1932414364287964
2014-05-20,0.35387643958789733
2014-05-21,0.36152545239303224
2014-05-22,0.4249266379798139
2014-05-23,0.4436505590048509
2014-05-24,0.45372579121398204
2014-05-25,0.5579559276656424
2014-05-26,0.6149010218366893
2014-05-27,0.622058256739896
2014-05-28,0.5898814959773863
2014-05-29,0.5547065835499189
2014-05-30,0.6273660383249424
2014-05-31,0.6020066208963109
2014-06-01,0.6851252248512522
2014-06-02,0.694678152358129
2014-06-03,0.6896096084442547
2014-06-04,0.6798501180842155
2014-06-05,0.6561622337452381
2014-06-06,0.6307020199092769
2014-06-07,0.5866014963448882
2014-06-08,0.5251154396984118
2014-06-09,0.4489719614180905
2014-06-10,0.3931045745355338
2014-06-11,0.3761412327488073
2014-06-12,0.3634021990186374
2014-06-13,0.35458491705143574
2014-06-14,0.3503631102874526
2014-06-15,0.3899272035037289
2014-06-16,0.3711136937612065
2014-06-17,0.38465774564518856
2014-06-18,0.39394739675362095
2014-06-19,0.37609928450060504
2014-06-20,0.328040192753431
2014-06-21,0.27958323872953406
2014-06-22,0.2576203222589618
2014-06-23,0.255881354013359
2014-06-24,0.19566953284802957
2014-06-25,0.1716292839580511
2014-06-26,0.22158583410063198
2014-06-27,0.2741248097412481
2014-06-28,0.25456621004566204
2014-06-29,0.24893455098934553
2014-06-30,0.380365296803653
2014-07-01,0.34748858447488584
2014-07-02,0.40213089802130897
2014-07-03,0.3835616438356164
2014-07-04,0.3786149162861492
2014-07-05,0.3509132420091324
2014-07-06,0.36415525114155245
2014-07-07,0.32602739726027397
2014-07-08,0.30981735159817353
2014-07-09,0.260882800608828
2014-07-10,0.2263318112633181
2014-07-11,0.26171993911719943
2014-07-12,0.2859208523592085
2014-07-13,0.2777777777777778
2014-07-14,0.2624048706240487
2014-07-15,0.2687975646879756
2014-07-16,0.2647640791476408
2014-07-17,0.3060121765601218
2014-07-18,0.33554033485540335
2014-07-19,0.30608828006088284
2014-07-20,0.27792998477929987
2014-07-21,0.2678843226788432
2014-07-22,0.22496194824961943
2014-07-23,0.2547184170471841
2014-07-24,0.20768645357686452
2014-07-25,0.19665144596651446
2014-07-26,0.18919330289193304
2014-07-27,0.19535768645357685
2014-07-28,0.22678843226788434
2014-07-29,0.23112633181126332
2014-07-30,0.2161339421613394
2014-07-31,0.25000000000000006
2014-08-01,0.27922374429223745
2014-08-02,0.27503805175038054
2014-08-03,0.2679604261796043
2014-08-04,0.263013698630137
2014-08-05,0.24809741248097408
2014-08-06,0.2566971080669711
2014-08-07,0.2553272450532724
2014-08-08,0.2256468797564688
2014-08-09,0.21514459665144595
2014-08-10,0.22511415525114156
2014-08-11,0.21514459665144597
2014-08-12,0.1976407914764079
2014-08-13,0.2343987823439878
2014-08-14,0.25068493150684934
2014-08-15,0.2767123287671233
2014-08-16,0.33082191780821923
2014-08-17,0.3624048706240487
2014-08-18,0.4011415525114155
2014-08-19,0.40776255707762554
2014-08-20,0.4450532724505327
2014-08-21,0.4642313546423136
2014-08-22,0.4519025875190259
2014-08-23,0.4076864535768645
2014-08-24,0.4034246575342466
2014-08-25,0.40121765601217657
2014-08-26,0.3753424657534246
2014-08-27,0.3385083713850837
2014-08-28,0.30837138508371387
2014-08-29,0.31796042617960424
2014-08-30,0.2968797564687976
2014-08-31,0.27808219178082194
2014-09-01,0.2953576864535769
2014-09-02,0.27823439878234396
2014-09-03,0.2517503805175038
2014-09-04,0.29558599695585996
2014-09-05,0.2650684931506849
2014-09-06,0.2645357686453577
2014-09-07,0.2396499238964992
2014-09-08,0.21803652968036533
2014-09-09,0.2503805175038052
2014-09-10,0.29140030441400305
2014-09-11,0.27785388127853883
2014-09-12,0.2662100456621005
2014-09-13,0.2953576864535769
2014-09-14,0.33013698630136984
2014-09-15,0.3343226788432268
2014-09-16,0.2766362252663622
2014-09-17,0.24771689497716898
2014-09-18,0.29010654490106547
2014-09-19,0.32450532724505327
2014-09-20,0.33386605783866063
2014-09-21,0.3414764079147641
2014-09-22,0.3552511415525114
2014-09-23,0.5014459665144596
2014-09-24,0.45920852359208525
2014-09-25,0.4265601217656012
2014-09-26,0.4054033485540335
2014-09-27,0.3535007610350076
2014-09-28,0.3511415525114156
2014-09-29,0.36248097412480973
2014-09-30,0.3232876712328767
2014-10-01,0.3280821917808219
2014-10-02,0.3183409436834095
2014-10-03,0.3429984779299848
2014-10-04,0.37191780821917814
2014-10-05,0.4085235920852359
2014-10-06,0.4566971080669711
2014-10-07,0.4233637747336378
2014-10-08,0.473820395738204
2014-10-09,0.5396499238964991
2014-10-10,0.5234398782343987
2014-10-11,0.5061643835616437
2014-10-12,0.5613394216133941
2014-10-13,0.5904109589041097
2014-10-14,0.5987823439878235
2014-10-15,0.5616438356164383
2014-10-16,0.5232876712328767
2014-10-17,0.4780821917808219
2014-10-18,0.4882800608828006
2014-10-19,0.4476407914764079
2014-10-20,0.41894977168949776
2014-10-21,0.36415525114155245
2014-10-22,0.3255707762557078
2014-10-23,0.339041095890411
2014-10-24,0.30570776255707766
2014-10-25,0.29010654490106547
2014-10-26,0.3038812785388128
2014-10-27,0.2942922374429224
2014-10-28,0.2894216133942161
2014-10-29,0.2969558599695586
2014-10-30,0.3331811263318113
2014-10-31,0.2659817351598174
2014-11-01,0.2465753424657534
2014-11-02,0.21377473363774732
2014-11-03,0.26910197869101976
2014-11-04,0.3059360730593607
2014-11-05,0.37031963470319634
2014-11-06,0.4033485540334856
2014-11-07,0.3658295281582953
2014-11-08,0.36681887366818877
2014-11-09,0.41202435312024355
2014-11-10,0.4767123287671233
2014-11-11,0.47694063926940644
2014-11-12,0.6101978691019787
2014-11-13,0.636986301369863
2014-11-14,0.6243531202435313
2014-11-15,0.6052511415525115
2014-11-16,0.5954337899543379
2014-11-17,0.6273972602739727
2014-11-18,0.5991628614916287
2014-11-19,0.5380517503805176
2014-11-20,0.4905631659056317
2014-11-21,0.4424657534246575
2014-11-22,0.41491628614916287
2014-11-23,0.40205479452054793
2014-11-24,0.48257229832572296
2014-11-25,0.4952815829528158
2014-11-26,0.42480974124809745
2014-11-27,0.40776255707762554
2014-11-28,0.4574581430745813
2014-11-29,0.44558599695585993
2014-11-30,0.43980213089802134
2014-12-01,0.42473363774733636
2014-12-02,0.3730593607305936
2014-12-03,0.35319634703196345
2014-12-04,0.33150684931506846
2014-12-05,0.35106544901065445
2014-12-06,0.3468036529680365
2014-12-07,0.32054794520547947
2014-12-08,0.2812024353120244
2014-12-09,0.2845509893455099
2014-12-10,0.2471841704718417
2014-12-11,0.30487062404870624
2014-12-12,0.26674277016742765
2014-12-13,0.21316590563165905
2014-12-14,0.24786910197869105
2014-12-15,0.2350837138508371
2014-12-16,0.2458904109589041
2014-12-17,0.23987823439878234
2014-12-18,0.22831050228310504
2014-12-19,0.24375951293759515
2014-12-20,0.2735159817351598
2014-12-21,0.28515981735159823
2014-12-22,0.3738203957382039
2014-12-23,0.38340943683409434
2014-12-24,0.35479452054794525
2014-12-25,0.32541856925418566
2014-12-26,0.28363774733637753
2014-12-27,0.2682648401826484
2014-12-28,0.243455098934551
2014-12-29,0.17770167427701675
2014-12-30,0.15905631659056316
2014-12-31,0.19710806697108066
2015-01-01,0.18432267884322678
2015-01-02,0.15722983257229833
2015-01-03,0.15136986301369865
2015-01-04,0.16430745814307457
2015-01-05,0.14254185692541854
2015-01-06,0.1386986301369863
2015-01-07,0.163527397260274
2015-01-08,0.19863013698630136
2015-01-09,0.3800513698630137
2015-01-10,0.33921232876712326
2015-01-11,0.29623287671232873
2015-01-12,0.2761986301369863
2015-01-13,0.33125
2015-01-14,0.32962328767123283
2015-01-15,0.37217465753424656
2015-01-16,0.3758561643835616
2015-01-17,0.37226027397260275
2015-01-18,0.40462328767123285
2015-01-19,0.38381849315068495
2015-01-20,0.40513698630136985
2015-01-21,0.4533390410958904
2015-01-22,0.4492294520547945
2015-01-23,0.41806506849315067
2015-01-24,0.4733732876712329
2015-01-25,0.5247431506849315
2015-01-26,0.5926369863013699
2015-01-27,0.6403253424657535
2015-01-28,0.6202054794520547
2015-01-29,0.5411815068493151
2015-01-30,0.5285102739726028
2015-01-31,0.4865582191780822
2015-02-01,0.4882705479452055
2015-02-02,0.4651541095890411
2015-02-03,0.4700342465753425
2015-02-04,0.4460616438356164
2015-02-05,0.39700342465753424
2015-02-06,0.39135273972602735
2015-02-07,0.3736301369863014
2015-02-08,0.3540239726027397
2015-02-09,0.28184931506849314
2015-02-10,0.2659246575342466
2015-02-11,0.27166095890410963
2015-02-12,0.3002568493150685
2015-02-13,0.4625
2015-02-14,0.5702054794520548
2015-02-15,0.5626712328767123
2015-02-16,0.5031678082191781
2015-02-17,0.5738869863013699
2015-02-18,0.5266267123287671
2015-02-19,0.5205479452054794
2015-02-20,0.5368150684931507
2015-02-21,0.442208904109589
2015-02-22,0.42748287671232876
2015-02-23,0.42859589041095886
2015-02-24,0.3865582191780822
2015-02-25,0.3893835616438357
2015-02-26,0.323458904109589
2015-02-27,0.46035958904109586
2015-02-28,0.4554794520547945
2015-03-01,0.5440068493150685
2015-03-02,0.5674657534246574
2015-03-03,0.6540239726027397
2015-03-04,0.6588184931506849
2015-03-05,0.65625
2015-03-06,0.6349315068493151
2015-03-07,0.5834760273972602
2015-03-08,0.5863869863013699
2015-03-09,0.5954623287671234
2015-03-10,0.6429794520547945
2015-03-11,0.6362157534246575
2015-03-12,0.5874143835616439
2015-03-13,0.5648116438356164
2015-03-14,0.5377568493150684
2015-03-15,0.5372431506849314
2015-03-16,0.5137842465753425
2015-03-17,0.42166095890410954
2015-03-18,0.4032534246575342
2015-03-19,0.4459760273972603
2015-03-20,0.41883561643835615
2015-03-21,0.3824486301369863
2015-03-22,0.3998287671232877
2015-03-23,0.38946917808219184
2015-03-24,0.3946917808219178
2015-03-25,0.4313356164383562
2015-03-26,0.3621575342465754
2015-03-27,0.3275684931506849
2015-03-28,0.3531678082191781
2015-03-29,0.31138698630136985
2015-03-30,0.3496575342465753
2015-03-31,0.36138698630136984
2015-04-01,0.34580479452054796
2015-04-02,0.33022260273972603
2015-04-03,0.33972602739726027
2015-04-04,0.34032534246575347
2015-04-05,0.3579623287671233
2015-04-06,0.33398972602739724
2015-04-07,0.34563356164383563
2015-04-08,0.26106840726585645
2015-04-09,0.20381519493470368
2015-04-10,0.21399827276067235
2015-04-11,0.18893373985485462
2015-04-12,0.1998210732740728
2015-04-13,0.24806902277379372
2015-04-14,0.2312308250192048
2015-04-15,0.2767481141123087
2015-04-16,0.2625868987465586
2015-04-17,0.27122476536742013
2015-04-18,0.2853931378022072
2015-04-19,0.2758463234136357
2015-04-20,0.3130494839753224
2015-04-21,0.37423979998377727
2015-04-22,0.3595649456301322
2015-04-23,0.34507021084725387
2015-04-24,0.3367338954018217
2015-04-25,0.29812150794673237
2015-04-26,0.2901845569535697
2015-04-27,0.4040058115400581
2015-04-28,0.3824904691697323
2015-04-29,0.39468468339512275
2015-04-30,0.45385933019376573
2015-05-01,0.4800038648172801
2015-05-02,0.4863190239666386
2015-05-03,0.5078858972340314
2015-05-04,0.4750108548880396
2015-05-05,0.44905956112852663
2015-05-06,0.3966915255531222
2015-05-07,0.43550144811363517
2015-05-08,0.4926842825992567
2015-05-09,0.5102816068097126
2015-05-10,0.5155313169484166
2015-05-11,0.5234723236140336
2015-05-12,0.5244836174689741
2015-05-13,0.5050464493780508
2015-05-14,0.4914723522423097
2015-05-15,0.4630289670440828
2015-05-16,0.419347227590024
2015-05-17,0.3931325536899462
2015-05-18,0.330114560818387
2015-05-19,0.3042980585257392
2015-05-20,0.3688968093786233
2015-05-21,0.3473771727668752
2015-05-22,0.38327297538445393
2015-05-23,0.39809407251542345
2015-05-24,0.4219626591851438
2015-05-25,0.4218266748734391
2015-05-26,0.4281284741605951
2015-05-27,0.41188765310163516
2015-05-28,0.4204682631701999
2015-05-29,0.36943525953918016
2015-05-30,0.3290314577041077
2015-05-31,0.29207712457594365
2015-06-01,0.3003339965550641
2015-06-02,0.3069740866387064
2015-06-03,0.306748877533006
2015-06-04,0.2936473855226807
2015-06-05,0.33491289846981864
2015-06-06,0.35785392899233237
2015-06-07,0.3284414766464837
2015-06-08,0.40302744020268816
2015-06-09,0.42396019715339506
2015-06-10,0.4225390418115973
2015-06-11,0.42391033623910335
2015-06-12,0.4280669233668761
2015-06-13,0.4594959991984082
2015-06-14,0.5054784977789228
2015-06-15,0.5436325942466707
2015-06-16,0.6310810037073619
2015-06-17,0.6947250015506984
2015-06-18,0.7086311866897602
2015-06-19,0.6859771546356337
2015-06-20,0.6940791953545851
2015-06-21,0.6783069237485866
2015-06-22,0.6641767223486639
2015-06-23,0.6020211562960738
2015-06-24,0.5613604156825696
2015-06-25,0.5060789758711346
2015-06-26,0.5095959595959596
2015-06-27,0.5137155685337075
2015-06-28,0.533575003697819
2015-06-29,0.6069192157760886
2015-06-30,0.6877158452737101
2015-07-01,0.6933121961227772
2015-07-02,0.6771078761159064
2015-07-03,0.6930075435507651
2015-07-04,0.6981503747918486
2015-07-05,0.7941094936135087
2015-07-06,0.7759646536217155
2015-07-07,0.7004246527628673
2015-07-08,0.7537190516406388
2015-07-09,0.7357600568748419
2015-07-10,0.8449406678976826
2015-07-11,0.8419623729023824
2015-07-12,0.8675873043138042
2015-07-13,0.8613365587857793
2015-07-14,0.7875586283238621
2015-07-15,0.7430908041205632
2015-07-16,0.746472996378523
2015-07-17,0.6914341812074453
2015-07-18,0.6499885486895407
2015-07-19,0.5784777391296049
2015-07-20,0.5833163949366122
2015-07-21,0.5499816301894714
2015-07-22,0.5446090570322975
2015-07-23,0.5308858542916172
2015-07-24,0.5312911829680842
2015-07-25,0.536507254882314
2015-07-26,0.5342694779633844
2015-07-27,0.5809588563957955
2015-07-28,0.5870471364566783
2015-07-29,0.5639467418636053
2015-07-30,0.5658741405552932
2015-07-31,0.5169193112036757
2015-08-01,0.48522661666261097
2015-08-02,0.4936931907645181
2015-08-03,0.4541546785760296
2015-08-04,0.4681636869402575
2015-08-05,0.43688968093786235
2015-08-06,0.42999360635166023
2015-08-07,0.4509440174059919
2015-08-08,0.42602000162226905
2015-08-09,0.44044435855961594
2015-08-10,0.4358049078408077
2015-08-11,0.448048744411522
2015-08-12,0.4447894151720321
2015-08-13,0.44476150260278735
2015-08-14,0.4416925513996841
2015-08-15,0.4566016804798099
2015-08-16,0.4304981797187749
2015-08-17,0.44692341458992385
2015-08-18,0.47958780053725736
2015-08-19,0.47690055968279865
2015-08-20,0.5187822962740298
2015-08-21,0.5023336816440265
2015-08-22,0.5189445231722039
2015-08-23,0.49998449301708625
2015-08-24,0.4906440407857507
2015-08-25,0.5109006932814206
2015-08-26,0.5237943917207025
2015-08-27,0.4743695815023165
2015-08-28,0.5273404808596117
2015-08-29,0.5531717744282694
2015-08-30,0.5290367062214015
2015-08-31,0.548883735799182
2015-09-01,0.5226120439157756
2015-09-02,0.4642611757633015
2015-09-03,0.41209950234513293
2015-09-04,0.42787344393390675
2015-09-05,0.4716241298196895
2015-09-06,0.5556788957119614
2015-09-07,0.5746520471603135
2015-09-08,0.6143341778674797
2015-09-09,0.5743798399679363
2015-09-10,0.6044085159578781
2015-09-11,0.5904348158008998
2015-09-12,0.5752887877356465
2015-09-13,0.502150460676677
2015-09-14,0.5205749034988525
2015-09-15,0.5055577026762667
2015-09-16,0.5105776708988803
2015-09-17,0.5194541064876446
2015-09-18,0.5635428446009457
2015-09-19,0.525201471493394
2015-09-20,0.550776780559492
2015-09-21,0.4921859120253074
2015-09-22,0.5188660339817638
2015-09-23,0.5033790908613771
2015-09-24,0.5273574192563327
2015-09-25,0.5304454559768683
2015-09-26,0.5158159297271249
2015-09-27,0.5073624769184524
2015-09-28,0.5781869235577313
2015-09-29,0.5752305769074781
2015-09-30,0.5305957544266472
2015-10-01,0.5479342313069284
2015-10-02,0.5446560551189744
2015-10-03,0.5706877466206705
2015-10-04,0.6051173043615178
2015-10-05,0.6171225719643291
2015-10-06,0.6642012949523578
2015-10-07,0.6391646746157846
2015-10-08,0.6065778235830196
2015-10-09,0.5920069852993802
2015-10-10,0.6027609586655407
2015-10-11,0.6111805346807709
2015-10-12,0.585838307496314
2015-10-13,0.6231495398004608
2015-10-14,0.6636716718436132
2015-10-15,0.7071236693815816
2015-10-16,0.7413246780511779
2015-10-17,0.8254774957892577
2015-10-18,0.8251234594408898
2015-10-19,0.8327497936378427
2015-10-20,0.8235749082702318
2015-10-21,0.8085899142583128
2015-10-22,0.8224011489481495
2015-10-23,0.8165574020793671
2015-10-24,0.8011055285972623
2015-10-25,0.8433441643644761
2015-10-26,0.8373012124074948
2015-10-27,0.8668732673928706
2015-10-28,0.8949144253112132
2015-10-29,0.8997308942042055
2015-10-30,0.9333378661437235
2015-10-31,0.9129552492330006
2015-11-01,0.9258021881545735
2015-11-02,0.9448865127419686
2015-11-03,0.9664691315612431
2015-11-04,0.9724066360344111
2015-11-05,0.9534246575342465
2015-11-06,0.9319415219745876
2015-11-07,0.9257551900678967
2015-11-08,0.9129375951293759
2015-11-09,0.9145899238010718
2015-11-10,0.8670779595673314
2015-11-11,0.7618444721184447
2015-11-12,0.7956096152836825
2015-11-13,0.782026691096129
2015-11-14,0.7657185935882205
2015-11-15,0.7181305258537191
2015-11-16,0.6891234021843374
2015-11-17,0.6903997461626181
2015-11-18,0.6692372472958207
2015-11-19,0.6062850994594027
2015-11-20,0.6252553880801401
2015-11-21,0.5457818620785083
2015-11-22,0.5220995977727201
2015-11-23,0.4589122209339498
2015-11-24,0.4350746482300568
2015-11-25,0.47041315373861425
2015-11-26,0.6331355596589417
2015-11-27,0.6752720879078933
2015-11-28,0.6413005825854197
2015-11-29,0.6669985161010197
2015-11-30,0.7359272937213419
2015-12-01,0.7466912869841543
2015-12-02,0.7318525357495598
2015-12-03,0.6947187987575327
2015-12-04,0.628145889695252
2015-12-05,0.7094093986630594
2015-12-06,0.7828051416383962
2015-12-07,0.7879348515862451
2015-12-08,0.7861494014304594
2015-12-09,0.7944532714962569
2015-12-10,0.7396119914306026
2015-12-11,0.8375202187200297
2015-12-12,0.8524422305244223
2015-12-13,0.8016153504816708
2015-12-14,0.7579099926997896
2015-12-15,0.7770938005468001
2015-12-16,0.8266825076461354
2015-12-17,0.7733969358201762
2015-12-18,0.7868806153170821
2015-12-19,0.7280545177805452
2015-12-20,0.7567498318088777
2015-12-21,0.7408396673394311
2015-12-22,0.6246372558843036
2015-12-23,0.6046136852702748
2015-12-24,0.6409236436161331
2015-12-25,0.5810175443618996
2015-12-26,0.6115228811497117
2015-12-27,0.5876867398596259
2015-12-28,0.515038910598665
2015-12-29,0.4993864006145537
2015-12-30,0.5014748333595759
2015-12-31,0.4647008583711465
2016-01-01,0.4861121846714666
2016-01-02,0.4704308078422392
2016-01-03,0.45998267989293024
2016-01-04,0.47161482562994134
2016-01-05,0.4004463625389464
2016-01-06,0.3781260884709161
2016-01-07,0.516309528921716
2016-01-08,0.49599418845994186
2016-01-09,0.4835175085765544
2016-01-10,0.4688295329296746
2016-01-11,0.4300196103691616
2016-01-12,0.4078264935610236
2016-01-13,0.4188159344985041
2016-01-14,0.33616347699956584
2016-01-15,0.3191511238984078
2016-01-16,0.3575418807823153
2016-01-17,0.3729761001607955
2016-01-18,0.3618621262220695
2016-01-19,0.3400306799692723
2016-01-20,0.5187975646879757
2016-01-21,0.5030863667377603
2016-01-22,0.5029549152364458
2016-01-23,0.4375354871339756
2016-01-24,0.4691463525190497
2016-01-25,0.445308302677221
2016-01-26,0.4703902511176956
2016-01-27,0.4089620818482415
2016-01-28,0.4141385513137992
2016-01-29,0.487718946670293
2016-01-30,0.39451434515204
2016-01-31,0.37743352275709385
2016-02-01,0.37189848413277793
2016-02-02,0.3364869765200422
2016-02-03,0.3183142239590043
2016-02-04,0.418587862565189
2016-02-05,0.44857717467542696
2016-02-06,0.4574283219535935
2016-02-07,0.3979344698758964
2016-02-08,0.35768740785273617
2016-02-09,0.3621789458114446
2016-02-10,0.4373763616323843
2016-02-11,0.4317785793695099
2016-02-12,0.465697360950077
2016-02-13,0.5413616562412028
2016-02-14,0.6549953956189195
2016-02-15,0.738431075039483
2016-02-16,0.7340578672888546
2016-02-17,0.7561760734410711
2016-02-18,0.7432208242080703
2016-02-19,0.745806911820138
2016-02-20,0.7681679811816797
2016-02-21,0.8308128521874389
2016-02-22,0.7957365339746066
2016-02-23,0.7880221678284974
2016-02-24,0.747539638234017
2016-02-25,0.7255722076695151
2016-02-26,0.7132639574774671
2016-02-27,0.6761946341067739
2016-02-28,0.6155976391214937
2016-02-29,0.7037984951069505
2016-03-01,0.720534108205341
2016-03-02,0.6288704236507732
2016-03-03,0.6342472910493694
2016-03-04,0.5806043429094917
2016-03-05,0.6260946737092226
2016-03-06,0.599793399273796
2016-03-07,0.5988949485406736
2016-03-08,0.5946083413253936
2016-03-09,0.5872131804583387
2016-03-10,0.6007436194729534
2016-03-11,0.6342907106015278
2016-03-12,0.643008020688701
2016-03-13,0.5845299952763345
2016-03-14,0.5437122762819503
2016-03-15,0.5568431122753277
2016-03-16,0.5428166883764427
2016-03-17,0.5297123335385027
2016-03-18,0.5131115119069772
2016-03-19,0.5252515709766536
2016-03-20,0.5031698658765262
2016-03-21,0.49601470539118153
2016-03-22,0.48131503986487456
2016-03-23,0.5115529408396673
2016-03-24,0.46789887538588526
2016-03-25,0.47986621052280004
2016-03-26,0.47763726065568285
2016-03-27,0.5077756783708601
2016-03-28,0.5211376876941355
2016-03-29,0.4808262120496415
2016-03-30,0.39087187415009805
2016-03-31,0.41153242390842776
2016-04-01,0.4334428364896008
2016-04-02,0.46491724042503446
2016-04-03,0.4288284355124222
2016-04-04,0.44039759904190706
2016-04-05,0.4846855422434071
2016-04-06,0.4588952825372287
2016-04-07,0.42251780917345394
2016-04-08,0.3607773531250149
2016-04-09,0.3573452999527633
2016-04-10,0.3594277684735881
2016-04-11,0.4426205846848265
2016-04-12,0.49422591526984533
2016-04-13,0.49434424547792527
2016-04-14,0.5184499697017411
2016-04-15,0.5489674735069161
2016-04-16,0.5733647290095093
2016-04-17,0.5471324010058067
2016-04-18,0.5345753233802361
2016-04-19,0.5493308140450323
2016-04-20,0.5993348697174867
2016-04-21,0.6163247973356618
2016-04-22,0.5921501266801219
2016-04-23,0.6133696435302481
2016-04-24,0.7211183636077354
2016-04-25,0.7194395537806024
2016-04-26,0.7359890830840288
2016-04-27,0.7097875304771857
2016-04-28,0.6965731953450424
2016-04-29,0.6845958403114756
2016-04-30,0.7036875605368755
2016-05-01,0.6446405481360606
2016-05-02,0.6269640190282608
2016-05-03,0.5977431375636383
2016-05-04,0.5678318375059046
2016-05-05,0.49132491662014577
2016-05-06,0.5445327149625685
2016-05-07,0.5660876597815663
2016-05-08,0.5211293377802589
2016-05-09,0.5693236092622016
2016-05-10,0.5038540816764718
2016-05-11,0.5083558781008001
2016-05-12,0.4970997170572041
2016-05-13,0.5016105791023127
2016-05-14,0.4894282933253174
2016-05-15,0.48191146228463183
2016-05-16,0.4542419948182819
2016-05-17,0.43156339016046147
2016-05-18,0.39788771035818743
2016-05-19,0.3601532567049809
2016-05-20,0.36289727697380036
2016-05-21,0.3887707972497769
2016-05-22,0.40451229345891604
2016-05-23,0.4164576802507837
2016-05-24,0.4498320474465964
2016-05-25,0.5150818530128876
2016-05-26,0.5615593822018007
2016-05-27,0.724764174575228
2016-05-28,0.8339517040981377
2016-05-29,0.9060682402675789
2016-05-30,0.9338648649938212
2016-05-31,0.9499079123783896
2016-06-01,0.9304590544080388
2016-06-02,0.9228603942113627
2016-06-03,0.9432883392259868
2016-06-04,0.9484399975188827
2016-06-05,0.9372294031481562
2016-06-06,0.8890983524427075
2016-06-07,0.8618065396525482
2016-06-08,0.8015180143427663
2016-06-09,0.8036167055534085
2016-06-10,0.8026202029744778
2016-06-11,0.7922131088876483
2016-06-12,0.8490784080769909
2016-06-13,0.9176884575561949
2016-06-14,0.9173752165013384
2016-06-15,0.9127460242481499
2016-06-16,0.9577596942500107
2016-06-17,0.9447474270336813
2016-06-18,0.9478135154091698
2016-06-19,0.9362004551895908
2016-06-20,0.8837081251819089
2016-06-21,0.8238483083074485
2016-06-22,0.7710997552282389
2016-06-23,0.7937552186961728
2016-06-24,0.8427863901175191
2016-06-25,0.8090505909353335
2016-06-26,0.7297960712462366
2016-06-27,0.7485599977097379
2016-06-28,0.7483040132071781
2016-06-29,0.7304490345113869
2016-06-30,0.6735603555631898
2016-07-01,0.6465817838278868
2016-07-02,0.6556264105390227
2016-07-03,0.6352745690251594
2016-07-04,0.6167888139782329
2016-07-05,0.634484428603465
2016-07-06,0.6674959323990973
2016-07-07,0.6072672879002591
2016-07-08,0.5824019600826403
2016-07-09,0.5638107575519007
2016-07-10,0.5809371466197163
2016-07-11,0.5380119093628778
2016-07-12,0.5646393075774276
2016-07-13,0.5209587609682083
2016-07-14,0.5242533984149477
2016-07-15,0.49383561643835616
2016-07-16,0.4843288816363922
2016-07-17,0.5193188378828436
2016-07-18,0.49064976644098046
2016-07-19,0.4663305229908914
2016-07-20,0.4464896962062763
2016-07-21,0.42841070124962427
2016-07-22,0.3992790445789973
2016-07-23,0.45314720182457546
2016-07-24,0.45291912989126026
2016-07-25,0.41763644952119205
2016-07-26,0.3830398935028127
2016-07-27,0.44706202316027543
2016-07-28,0.412364791037441
2016-07-29,0.4459779657701245
2016-07-30,0.39811625942943846
2016-07-31,0.34870146910770433
2016-08-01,0.34257931225337934
2016-08-02,0.354834361565585
2016-08-03,0.3836289202845651
2016-08-04,0.433584785025503
2016-08-05,0.42704704102909113
2016-08-06,0.4623733795202855
2016-08-07,0.4927021752718493
2016-08-08,0.4656255516907382
2016-08-09,0.4646335819221979
2016-08-10,0.42333299933677826
2016-08-11,0.35954395156095675
2016-08-12,0.35371499596818445
2016-08-13,0.30780025097455427
2016-08-14,0.3010225065964319
2016-08-15,0.2953176068669692
2016-08-16,0.3759169398281349
2016-08-17,0.3184208642876569
2016-08-18,0.3188407456711661
2016-08-19,0.34701788790121335
2016-08-20,0.36367692036090715
2016-08-21,0.37657252735193214
2016-08-22,0.40159006217107307
2016-08-23,0.39281334841089216
2016-08-24,0.3641488097794191
2016-08-25,0.35586808090350835
2016-08-26,0.34913304037064075
2016-08-27,0.2848181865895612
2016-08-28,0.3253198017014739
2016-08-29,0.29718226192009844
2016-08-30,0.3339738910121527
2016-08-31,0.3093089611275724
2016-09-01,0.3604023227074715
2016-09-02,0.383363631592257
2016-09-03,0.5567901499644532
2016-09-04,0.6112065386982724
2016-09-05,0.6335998148704809
2016-09-06,0.5839686424948589
2016-09-07,0.6185005463229365
2016-09-08,0.6351612487654056
2016-09-09,0.6203561357552855
2016-09-10,0.5872732998382503
2016-09-11,0.5636971987231789
2016-09-12,0.55078155193885
2016-09-13,0.503748157054723
2016-09-14,0.48605421241226626
2016-09-15,0.45726227795193314
2016-09-16,0.42668775616342924
2016-09-17,0.4350870538163878
2016-09-18,0.3919251561433895
2016-09-19,0.3773075583420411
2016-09-20,0.36934603474518446
2016-09-21,0.3398646359676119
2016-09-22,0.3133880133407767
2016-09-23,0.365070878840364
2016-09-24,0.39239489844119035
2016-09-25,0.39642838398152525
2016-09-26,0.41701116025631857
2016-09-27,0.39756373369977527
2016-09-28,0.3766383723870733
2016-09-29,0.3958090589408492
2016-09-30,0.39196165719547865
2016-10-01,0.4344930170863094
2016-10-02,0.48379329430345014
2016-10-03,0.4065484795999675
2016-10-04,0.4027433045619158
2016-10-05,0.4268607186651589
2016-10-06,0.4137988291035055
2016-10-07,0.45882991464002326
2016-10-08,0.46236598388228056
2016-10-09,0.49683943831322197
2016-10-10,0.4855131379930624
2016-10-11,0.6259031028279964
2016-10-12,0.5937361331787406
2016-10-13,0.5964479466368933
2016-10-14,0.5677731495398004
2016-10-15,0.6165991516487501
2016-10-16,0.63114947300115
2016-10-17,0.6193269492277522
2016-10-18,0.5395342179470664
2016-10-19,0.45214234933176833
2016-10-20,0.43808371862221646
2016-10-21,0.42531741601179485
2016-10-22,0.5737204353406526
2016-10-23,0.5984597987432188
2016-10-24,0.6019619911920338
2016-10-25,0.6293444601899962
2016-10-26,0.6816304280404422
2016-10-27,0.7302882390270203
2016-10-28,0.7662105228000363
2016-10-29,0.8147645562855766
2016-10-30,0.8338474494591642
2016-10-31,0.8281528081953211
2016-11-01,0.8708716832949237
2016-11-02,0.879153843584642
2016-11-03,0.8172318365516287
2016-11-04,0.804089310678824
2016-11-05,0.7695237686262723
2016-11-06,0.7838488808729716
2016-11-07,0.7787251351493203
2016-11-08,0.7391820901504417
2016-11-09,0.7619735379300802
2016-11-10,0.7389728651655907
2016-11-11,0.6612449483021047
2016-11-12,0.6235121646316734
2016-11-13,0.6377389864635968
2016-11-14,0.6241338753620282
2016-11-15,0.6294713788809208
2016-11-16,0.7162176798690734
2016-11-17,0.7796572241069172
2016-11-18,0.7825608470152637
2016-11-19,0.8069125358449873
2016-11-20,0.791484042121737
2016-11-21,0.7481432177228116
2016-11-22,0.7566873267392872
2016-11-23,0.7411770038600459
2016-11-24,0.711177671853156
2016-11-25,0.6314402885730235
2016-11-26,0.6299079600921831
2016-11-27,0.6100831174284175
2016-11-28,0.5963420220151444
2016-11-29,0.5859699975665965
2016-11-30,0.5791235453257183
2016-12-01,0.5944349016857283
2016-12-02,0.6904290901456702
2016-12-03,0.7157290906228082
2016-12-04,0.7202733523234232
2016-12-05,0.6978564578233921
2016-12-06,0.6886274173000673
2016-12-07,0.7294818759155084
2016-12-08,0.7159984349875705
2016-12-09,0.6763179742631797
2016-12-10,0.6511145942180425
2016-12-11,0.654944818997724
2016-12-12,0.6300313002485889
2016-12-13,0.6746689855570346
2016-12-14,0.5891785116159229
2016-12-15,0.49620508342756803
2016-12-16,0.5183423750972168
2016-12-17,0.48708578462947855
2016-12-18,0.5163488928014199
2016-12-19,0.5386383914725907
2016-12-20,0.5609791824718608
2016-12-21,0.6796345600549664
2016-12-22,0.7677430898498447
2016-12-23,0.8202001116502771
2016-12-24,0.8514974974115267
2016-12-25,0.856100208509278
2016-12-26,0.8623948507273967
2016-12-27,0.8816080025574594
2016-12-28,0.9213779266448137
2016-12-29,0.8688094931363709
2016-12-30,0.8268516530443786
2016-12-31,0.7758916515175371
2017-01-01,0.810184986377712
2017-01-02,0.8656584742083088
2017-01-03,0.878846328185015
2017-01-04,0.9091252630222871
2017-01-05,0.852610624001067
2017-01-06,0.7359898211567732
2017-01-07,0.7407196470507222
2017-01-08,0.7518326481647439
2017-01-09,0.7244721873069303
2017-01-10,0.6915572383410383
2017-01-11,0.6222658784939765
2017-01-12,0.5734153743208411
2017-01-13,0.6092411057709273
2017-01-14,0.5705484149801756
2017-01-15,0.5211790531270447
2017-01-16,0.5184357803535886
2017-01-17,0.5814604390388748
2017-01-18,0.6397475044588249
2017-01-19,0.5848749828096993
2017-01-20,0.5439103235446079
2017-01-21,0.5667816933319391
2017-01-22,0.595971618962765
2017-01-23,0.5477507187552848
2017-01-24,0.4907875440081794
2017-01-25,0.510697218930948
2017-01-26,0.46091278077579445
2017-01-27,0.4899254392933543
2017-01-28,0.4423229731407524
2017-01-29,0.3862290543193041
2017-01-30,0.3952320698318388
2017-01-31,0.5105526373010151
2017-02-01,0.5381989295231304
2017-02-02,0.553591583203832
2017-02-03,0.6164406347123106
2017-02-04,0.6069408895350292
2017-02-05,0.6345328153751789
2017-02-06,0.6868444154094278
2017-02-07,0.6732917482061318
2017-02-08,0.7231385174178636
2017-02-09,0.6414834085335284
2017-02-10,0.6193720051863126
2017-02-11,0.6375014635288607
2017-02-12,0.5811300414353773
2017-02-13,0.6165813589077015
2017-02-14,0.5941095442084003
2017-02-15,0.5391910645536754
2017-02-16,0.6372212052738272
2017-02-17,0.6170494159446878
2017-02-18,0.6183936478647564
2017-02-19,0.6108507570295602
2017-02-20,0.6310196758101968
2017-02-21,0.6742457322133029
2017-02-22,0.6911962539796481
2017-02-23,0.7421100138048211
2017-02-24,0.7348034894946243
2017-02-25,0.7100831623761938
2017-02-26,0.7278959529678164
2017-02-27,0.7519536164559525
2017-02-28,0.7177995435986304
2017-03-01,0.6931353326402871
2017-03-02,0.7218668900496041
2017-03-03,0.7812365506744344
2017-03-04,0.7682081720091979
2017-03-05,0.7534069945440987
2017-03-06,0.7315500726195064
2017-03-07,0.73779299847793
2017-03-08,0.6457112800369987
2017-03-09,0.5961688066710898
2017-03-10,0.5460851623072244
2017-03-11,0.5630249411927495
2017-03-12,0.6471086067122207
2017-03-13,0.6689346803437377
2017-03-14,0.6543251976861091
2017-03-15,0.6377924825219927
2017-03-16,0.6123798605878324
2017-03-17,0.5663075867687097
2017-03-18,0.4999573991655375
2017-03-19,0.4826321550117148
2017-03-20,0.4934939512126394
2017-03-21,0.5266549846727123
2017-03-22,0.5487413651797214
2017-03-23,0.5003983741911346
2017-03-24,0.4876200726432858
2017-03-25,0.5043692736885395
2017-03-26,0.49086630975289114
2017-03-27,0.4989408929477423
2017-03-28,0.5055733939628074
2017-03-29,0.5029998692959267
2017-03-30,0.4919068189999811
2017-03-31,0.5799994954464038
2017-04-01,0.6192058993334384
2017-04-02,0.5739157871785517
2017-04-03,0.6211073635109361
2017-04-04,0.5668360178634151
2017-04-05,0.5821966873576322
2017-04-06,0.660730593607306
2017-04-07,0.6471080669710807
2017-04-08,0.6091324200913242
2017-04-09,0.6041095890410957
2017-04-10,0.5959665144596652
2017-04-11,0.5416286149162861
2017-04-12,0.5696347031963469
2017-04-13,0.5226788432267884
2017-04-14,0.493455098934551
2017-04-15,0.4582952815829528
2017-04-16,0.49246575342465765
2017-04-17,0.4772450532724505
2017-04-18,0.49421613394216135
2017-04-19,0.5215372907153729
2017-04-20,0.5888127853881279
2017-04-21,0.591324200913242
2017-04-22,0.6168949771689497
2017-04-23,0.5646879756468798
2017-04-24,0.5711567732115677
2017-04-25,0.5814307458143074
2017-04-26,0.6684931506849314
2017-04-27,0.687214611872146
2017-04-28,0.7072298325722983
2017-04-29,0.7311263318112633
2017-04-30,0.7659056316590563
2017-05-01,0.810806697108067
2017-05-02,0.8546423135464232
2017-05-03,0.8654490106544901
2017-05-04,0.9008371385083714
2017-05-05,0.8933028919330288
2017-05-06,0.8928462709284628
2017-05-07,0.8770928462709284
2017-05-08,0.9032724505327244
2017-05-09,0.9344748858447489
2017-05-10,0.9267123287671234
2017-05-11,0.9355403348554032
2017-05-12,0.9063926940639269
2017-05-13,0.9068493150684931
2017-05-14,0.9107305936073059
2017-05-15,0.8599695585996955
2017-05-16,0.795662100456621
2017-05-17,0.8178082191780822
2017-05-18,0.8205479452054794
2017-05-19,0.8638508371385084
2017-05-20,0.8807458143074582
2017-05-21,0.8916286149162862
2017-05-22,0.9295281582952816
2017-05-23,0.9519025875190259
2017-05-24,0.9613394216133943
2017-05-25,0.9172754946727549
2017-05-26,0.882420091324201
2017-05-27,0.8147640791476408
2017-05-28,0.8200913242009132
2017-05-29,0.8437595129375952
2017-05-30,0.8095890410958905
2017-05-31,0.793531202435312
2017-06-01,0.8229071537290715
2017-06-02,0.8431506849315069
2017-06-03,0.8550989345509894
2017-06-04,0.8353120243531202
2017-06-05,0.8410197869101979
2017-06-06,0.9012937595129377
2017-06-07,0.8378995433789955
2017-06-08,0.8311263318112634
2017-06-09,0.8048706240487061
2017-06-10,0.8127853881278537
2017-06-11,0.8105783866057839
2017-06-12,0.7734398782343987
2017-06-13,0.7228310502283105
2017-06-14,0.6700913242009133
2017-06-15,0.5818873668188737
2017-06-16,0.5680365296803652
2017-06-17,0.6053272450532724
2017-06-18,0.5812785388127852
2017-06-19,0.5334855403348554
2017-06-20,0.5334855403348554
2017-06-21,0.5620243531202436
2017-06-22,0.5675038051750381
2017-06-23,0.504261796042618
2017-06-24,0.44216133942161334
2017-06-25,0.4136986301369863
2017-06-26,0.3949010654490107
2017-06-27,0.4332572298325723
2017-06-28,0.45342465753424654
2017-06-29,0.4209284627092846
2017-06-30,0.3802130898021309
2017-07-01,0.35243531202435313
2017-07-02,0.37694063926940635
2017-07-03,0.3837138508371385
2017-07-04,0.3577625570776256
2017-07-05,0.38554033485540334
2017-07-06,0.3888888888888889
2017-07-07,0.3461948249619482
2017-07-08,0.3833333333333333
2017-07-09,0.3538812785388128
2017-07-10,0.30220700152207003
2017-07-11,0.27062404870624046
2017-07-12,0.28599695585996954
2017-07-13,0.27648401826484015
2017-07-14,0.2818112633181126
2017-07-15,0.2831811263318113
2017-07-16,0.29345509893455096
2017-07-17,0.3369863013698631
2017-07-18,0.38318112633181123
2017-07-19,0.3625570776255708
2017-07-20,0.571765601217656
2017-07-21,0.6046423135464232
2017-07-22,0.6394977168949771
2017-07-23,0.6375951293759514
2017-07-24,0.5888888888888889
2017-07-25,0.5288432267884322
2017-07-26,0.47777777777777775
2017-07-27,0.4613394216133942
2017-07-28,0.5015220700152206
2017-07-29,0.48378995433789956
2017-07-30,0.5009893455098935
2017-07-31,0.5378234398782343
2017-08-01,0.5554033485540335
2017-08-02,0.5111872146118721
2017-08-03,0.40974124809741247
2017-08-04,0.47245053272450527
2017-08-05,0.5909436834094368
2017-08-06,0.5942161339421613
2017-08-07,0.6067732115677322
2017-08-08,0.6572298325722983
2017-08-09,0.6550228310502283
2017-08-10,0.6504566210045662
2017-08-11,0.6945966514459666
2017-08-12,0.743302891933029
2017-08-13,0.8004566210045662
2017-08-14,0.8401826484018264
2017-08-15,0.8334855403348553
2017-08-16,0.84558599695586
2017-08-17,0.8269406392694063
2017-08-18,0.7905631659056316
2017-08-19,0.7483257229832572
2017-08-20,0.6555555555555554
2017-08-21,0.6175799086757991
2017-08-22,0.6333333333333333
2017-08-23,0.6316590563165906
2017-08-24,0.6652207001522071
2017-08-25,0.723896499238965
2017-08-26,0.6800608828006087
2017-08-27,0.6279299847792998
2017-08-28,0.5933028919330289
2017-08-29,0.6515981735159817
2017-08-30,0.5847031963470319
2017-08-31,0.5875951293759513
2017-09-01,0.6403348554033486
2017-09-02,0.6570776255707762
2017-09-03,0.6417047184170471
2017-09-04,0.5926179604261796
2017-09-05,0.5439117199391172
2017-09-06,0.5891933028919331
2017-09-07,0.5778538812785388
2017-09-08,0.5044140030441401
2017-09-09,0.4732115677321157
2017-09-10,0.42975646879756474
2017-09-11,0.4228310502283105
2017-09-12,0.3484779299847793
2017-09-13,0.32633181126331817
2017-09-14,0.3333333333333333
2017-09-15,0.36164383561643837
2017-09-16,0.3943683409436834
2017-09-17,0.389193302891933
2017-09-18,0.4068493150684932
2017-09-19,0.40509893455098933
2017-09-20,0.38226788432267883
2017-09-21,0.36864535768645357
2017-09-22,0.2735159817351598
2017-09-23,0.23173515981735157
2017-09-24,0.2213089802130898
2017-09-25,0.22968036529680363
2017-09-26,0.21491628614916283
2017-09-27,0.32161339421613394
2017-09-28,0.37070015220700153
2017-09-29,0.3532724505327245
2017-09-30,0.35266362252663624
2017-10-01,0.3809741248097412
2017-10-02,0.352283105022831
2017-10-03,0.3765601217656012
2017-10-04,0.3144596651445966
2017-10-05,0.3614155251141552
2017-10-06,0.38340943683409434
2017-10-07,0.3627092846270928
2017-10-08,0.40738203957382035
2017-10-09,0.4643074581430746
2017-10-10,0.47108066971080675
2017-10-11,0.4873668188736682
2017-10-12,0.5793759512937595
2017-10-13,0.702283105022831
2017-10-14,0.7278538812785388
2017-10-15,0.7520547945205479
2017-10-16,0.7328767123287672
2017-10-17,0.7070015220700152
2017-10-18,0.6941400304414003
2017-10-19,0.6548706240487063
2017-10-20,0.6559360730593607
2017-10-21,0.671689497716895
2017-10-22,0.6643074581430746
2017-10-23,0.6294520547945205
2017-10-24,0.6019025875190259
2017-10-25,0.6285388127853881
2017-10-26,0.6090563165905631
2017-10-27,0.5584474885844748
2017-10-28,0.4528919330289194
2017-10-29,0.5527397260273973
2017-10-30,0.571765601217656
2017-10-31,0.5896499238964992
2017-11-01,0.6232115677321156
2017-11-02,0.726027397260274
2017-11-03,0.7659817351598173
2017-11-04,0.7931506849315069
2017-11-05,0.7995433789954338
2017-11-06,0.7644596651445966
2017-11-07,0.7496194824961948
2017-11-08,0.8089802130898022
2017-11-09,0.7473363774733638
2017-11-10,0.6570015220700153
2017-11-11,0.5952054794520548
2017-11-12,0.4939117199391172
2017-11-13,0.5802891933028919
2017-11-14,0.574200913242009
2017-11-15,0.6278538812785388
2017-11-16,0.7174277016742769
2017-11-17,0.7601978691019787
2017-11-18,0.7245814307458143
2017-11-19,0.7425418569254185
2017-11-20,0.7209284627092846
2017-11-21,0.7349315068493151
2017-11-22,0.6635464231354642
2017-11-23,0.6295281582952815
2017-11-24,0.680441400304414
2017-11-25,0.7066971080669711
2017-11-26,0.7829528158295281
2017-11-27,0.8176560121765601
2017-11-28,0.8266362252663623
2017-11-29,0.8187975646879757
2017-11-30,0.8320395738203957
2017-12-01,0.8539573820395738
2017-12-02,0.8525114155251141
2017-12-03,0.8597412480974125
2017-12-04,0.8482496194824961
2017-12-05,0.8305936073059361
2017-12-06,0.8861491628614916
2017-12-07,0.9340943683409437
2017-12-08,0.9188736681887367
2017-12-09,0.8762557077625571
2017-12-10,0.8783866057838661
2017-12-11,0.8963470319634703
2017-12-12,0.8838660578386606
2017-12-13,0.8651445966514459
2017-12-14,0.8299847792998478
2017-12-15,0.8677321156773211
2017-12-16,0.8646879756468798
2017-12-17,0.8557838660578386
2017-12-18,0.8154490106544902
2017-12-19,0.7652968036529679
2017-12-20,0.7156012176560123
2017-12-21,0.5903348554033486
2017-12-22,0.5573059360730593
2017-12-23,0.5251902587519025
2017-12-24,0.5363774733637747
2017-12-25,0.47252663622526636
2017-12-26,0.4778538812785388
2017-12-27,0.5012937595129376
2017-12-28,0.4565449010654491
2017-12-29,0.39642313546423136
2017-12-30,0.3710806697108067
2017-12-31,0.34939117199391173
2018-01-01,0.34140030441400304
2018-01-02,0.3475646879756469
2018-01-03,0.37945205479452054
2018-01-04,0.39391171993911717
2018-01-05,0.519710806697108
2018-01-06,0.5669710806697108
2018-01-07,0.5119482496194825
2018-01-08,0.49185692541856924
2018-01-09,0.39094368340943686
2018-01-10,0.40875190258751903
2018-01-11,0.40121765601217657
2018-01-12,0.3685692541856926
2018-01-13,0.39193302891933024
2018-01-14,0.33455098934550986
2018-01-15,0.31803652968036533
2018-01-16,0.2961948249619482
2018-01-17,0.2828006088280061
2018-01-18,0.29079147640791475
2018-01-19,0.2859208523592085
2018-01-20,0.29178082191780824
2018-01-21,0.2982496194824962
2018-01-22,0.2996194824961948
2018-01-23,0.30981735159817353
2018-01-24,0.3133181126331811
2018-01-25,0.24946727549467276
2018-01-26,0.21225266362252665
2018-01-27,0.19550989345509895
2018-01-28,0.19383561643835617
2018-01-29,0.191248097412481
2018-01-30,0.17732115677321156
2018-01-31,0.17336377473363773
2018-02-01,0.17496194824961947
2018-02-02,0.18812785388127853
2018-02-03,0.18774733637747337
2018-02-04,0.19162861491628613
2018-02-05,0.21027397260273972
2018-02-06,0.26552511415525115
2018-02-07,0.2779299847792999
2018-02-08,0.28926940639269405
2018-02-09,0.2796803652968036
2018-02-10,0.24056316590563165
2018-02-11,0.2450532724505327
2018-02-12,0.2556316590563166
2018-02-13,0.16971080669710809
2018-02-14,0.20190258751902584
2018-02-15,0.28896499238964996
2018-02-16,0.2939117199391172
2018-02-17,0.34855403348554037
2018-02-18,0.3795281582952816
2018-02-19,0.3773972602739726
2018-02-20,0.39779299847793
2018-02-21,0.3955098934550989
2018-02-22,0.3247336377473364
2018-02-23,0.30730593607305934
2018-02-24,0.28280060882800606
2018-02-25,0.2686453576864536
2018-02-26,0.2800608828006088
2018-02-27,0.2871385083713851
2018-02-28,0.256544901065449
2018-03-01,0.295738203957382
2018-03-02,0.3356164383561644
2018-03-03,0.3359969558599695
2018-03-04,0.39375951293759515
2018-03-05,0.3361491628614916
2018-03-06,0.2684931506849315
2018-03-07,0.27199391171993914
2018-03-08,0.2484018264840183
2018-03-09,0.2473363774733638
2018-03-10,0.2215372907153729
2018-03-11,0.2452054794520548
2018-03-12,0.23660578386605785
2018-03-13,0.23706240487062402
2018-03-14,0.23143074581430748
2018-03-15,0.19375951293759514
2018-03-16,0.19292237442922375
2018-03-17,0.15266362252663623
2018-03-18,0.18036529680365299
2018-03-19,0.21210045662100457
2018-03-20,0.2047184170471842
2018-03-21,0.21293759512937596
2018-03-22,0.17785388127853882
2018-03-23,0.20563165905631664
2018-03-24,0.20799086757990867
2018-03-25,0.1832572298325723
2018-03-26,0.1291476407914764
2018-03-27,0.11567732115677323
2018-03-28,0.1171993911719939
2018-03-29,0.11818873668188738
2018-03-30,0.1332572298325723
2018-03-31,0.12397260273972603
2018-04-01,0.14155251141552513
2018-04-02,0.13584474885844747
2018-04-03,0.1547945205479452
2018-04-04,0.1643835616438356
2018-04-05,0.1741248097412481
2018-04-06,0.16879756468797566
2018-04-07,0.15639269406392695
2018-04-08,0.16362252663622526
2018-04-09,0.15220700152207
2018-04-10,0.12374429223744292
2018-04-11,0.12359208523592084
2018-04-12,0.3338660578386606
2018-04-13,0.299923896499239
2018-04-14,0.3254185692541857
2018-04-15,0.34809741248097414
2018-04-16,0.35449010654490104
2018-04-17,0.31872146118721456
2018-04-18,0.38143074581430747
2018-04-19,0.35570776255707764
2018-04-20,0.4414764079147641
2018-04-21,0.4643835616438356
2018-04-22,0.45996955859969557
2018-04-23,0.4876712328767123
2018-04-24,0.5779299847792998
2018-04-25,0.5715372907153728
2018-04-26,0.569406392694064
2018-04-27,0.5360730593607306
2018-04-28,0.5429984779299848
2018-04-29,0.5646879756468798
2018-04-30,0.5550228310502283
2018-05-01,0.5166666666666667
2018-05-02,0.5137747336377472
2018-05-03,0.5157534246575342
2018-05-04,0.5157534246575342
2018-05-05,0.4939878234398782
2018-05-06,0.4427701674277017
2018-05-07,0.41605783866057844
2018-05-08,0.37382039573820397
2018-05-09,0.4038812785388128
2018-05-10,0.35129375951293756
2018-05-11,0.34634703196347033
2018-05-12,0.34589041095890416
2018-05-13,0.3328006088280061
2018-05-14,0.34452054794520554
2018-05-15,0.3146118721461188
2018-05-16,0.28051750380517504
2018-05-17,0.241248097412481
2018-05-18,0.23637747336377476
2018-05-19,0.15844748858447488
2018-05-20,0.14657534246575343
2018-05-21,0.1297564687975647
2018-05-22,0.1117199391171994
2018-05-23,0.12404870624048704
2018-05-24,0.14931506849315068
2018-05-25,0.1317351598173516
2018-05-26,0.11369863013698629
2018-05-27,0.09703196347031964
2018-05-28,0.10152207001522069
2018-05-29,0.14429223744292238
2018-05-30,0.1532724505327245
2018-05-31,0.15
2018-06-01,0.17869101978691018
2018-06-02,0.19162861491628613
2018-06-03,0.19383561643835617
2018-06-04,0.19802130898021308
2018-06-05,0.21506849315068494
2018-06-06,0.2531963470319634
2018-06-07,0.24581430745814303
2018-06-08,0.23219178082191774
2018-06-09,0.2080669710806697
2018-06-10,0.18044140030441402
2018-06-11,0.1997716894977169
2018-06-12,0.16849315068493154
2018-06-13,0.16369863013698632
2018-06-14,0.18181126331811262
2018-06-15,0.18424657534246577
2018-06-16,0.1875951293759513
2018-06-17,0.17792998477929986
2018-06-18,0.19299847792998476
2018-06-19,0.1773972602739726
2018-06-20,0.21491628614916283
2018-06-21,0.15654490106544902
2018-06-22,0.16255707762557078
2018-06-23,0.14292237442922376
2018-06-24,0.1871385083713851
2018-06-25,0.1832572298325723
2018-06-26,0.18325722983257228
2018-06-27,0.18150684931506852
2018-06-28,0.19779299847792997
2018-06-29,0.2828006088280061
2018-06-30,0.2852359208523592
2018-07-01,0.27321156773211563
2018-07-02,0.2941400304414003
2018-07-03,0.2581430745814307
2018-07-04,0.3074581430745814
2018-07-05,0.2984779299847793
2018-07-06,0.3019025875190259
2018-07-07,0.33006088280060886
2018-07-08,0.2917808219178082
2018-07-09,0.2533485540334855
2018-07-10,0.23013698630136986
2018-07-11,0.22184170471841705
2018-07-12,0.23340943683409435
2018-07-13,0.17694063926940637
2018-07-14,0.17031963470319633
2018-07-15,0.18006088280060883
2018-07-16,0.286910197869102
2018-07-17,0.4734398782343988
2018-07-18,0.48957382039573827
2018-07-19,0.4975646879756469
2018-07-20,0.51324200913242
2018-07-21,0.4887366818873668
2018-07-22,0.5203957382039573
2018-07-23,0.5694063926940639
2018-07-24,0.6225266362252664
2018-07-25,0.593607305936073
2018-07-26,0.5563926940639269
2018-07-27,0.5921613394216134
2018-07-28,0.5546423135464231
2018-07-29,0.535007610350076
2018-07-30,0.5140791476407914
2018-07-31,0.41628614916286144
2018-08-01,0.3797564687975647
2018-08-02,0.3332572298325723
2018-08-03,0.33196347031963463
2018-08-04,0.3293759512937595
2018-08-05,0.32754946727549467
2018-08-06,0.3117199391171994
2018-08-07,0.2882039573820395
2018-08-08,0.27031963470319637
2018-08-09,0.2791476407914764
2018-08-10,0.3341704718417048
2018-08-11,0.31529680365296797
2018-08-12,0.3276255707762557
2018-08-13,0.30867579908675796
2018-08-14,0.34307458143074576
2018-08-15,0.3845509893455099
2018-08-16,0.3592085235920852
2018-08-17,0.3646118721461187
2018-08-18,0.3420091324200913
2018-08-19,0.30791476407914764
2018-08-20,0.2997716894977169
2018-08-21,0.3221461187214612
2018-08-22,0.33409436834094364
2018-08-23,0.25487062404870625
2018-08-24,0.28660578386605784
2018-08-25,0.2984779299847793
2018-08-26,0.28919330289193307
2018-08-27,0.3519025875190259
2018-08-28,0.39071537290715375
2018-08-29,0.4127853881278539
2018-08-30,0.38668188736681885
2018-08-31,0.3932267884322679
2018-09-01,0.4458143074581431
2018-09-02,0.4945205479452055
2018-09-03,0.474048706240487
2018-09-04,0.4749619482496194
2018-09-05,0.44025875190258756
2018-09-06,0.3982496194824962
2018-09-07,0.3419330289193303
2018-09-08,0.3452815829528159
2018-09-09,0.31605783866057835
2018-09-10,0.3171993911719939
2018-09-11,0.30182648401826484
2018-09-12,0.29147640791476404
2018-09-13,0.32298325722983257
2018-09-14,0.34315068493150686
2018-09-15,0.3297564687975647
2018-09-16,0.3054033485540335
2018-09-17,0.23378995433789956
2018-09-18,0.2519786910197869
2018-09-19,0.3254185692541857
2018-09-20,0.3106544901065449
2018-09-21,0.35601217656012174
2018-09-22,0.38652968036529683
2018-09-23,0.38249619482496194
2018-09-24,0.3801369863013699
2018-09-25,0.3436834094368341
2018-09-26,0.31689497716894977
2018-09-27,0.34452054794520554
2018-09-28,0.32496194824961955
2018-09-29,0.2923135464231355
2018-09-30,0.28652968036529686
2018-10-01,0.3007610350076104
2018-10-02,0.28203957382039574
2018-10-03,0.2443683409436834
2018-10-04,0.2450532724505327
2018-10-05,0.25175038051750387
2018-10-06,0.24330289193302893
2018-10-07,0.24611872146118718
2018-10-08,0.28340943683409436
2018-10-09,0.30091324200913244
2018-10-10,0.29619482496194827
2018-10-11,0.23424657534246573
2018-10-12,0.1702435312024353
2018-10-13,0.19771689497716893
2018-10-14,0.18828006088280058
2018-10-15,0.3472602739726028
2018-10-16,0.36834094368340947
2018-10-17,0.37777777777777777
2018-10-18,0.3919330289193303
2018-10-19,0.34794520547945207
2018-10-20,0.3481735159817352
2018-10-21,0.3640791476407915
2018-10-22,0.28264840182648404
2018-10-23,0.22777777777777775
2018-10-24,0.2540334855403349
2018-10-25,0.273972602739726
2018-10-26,0.3197869101978691
2018-10-27,0.3004566210045662
2018-10-28,0.2766362252663623
2018-10-29,0.2470319634703196
2018-10-30,0.2572298325722983
2018-10-31,0.27374429223744295
2018-11-01,0.3125570776255708
2018-11-02,0.31331811263318116
2018-11-03,0.32199391171993913
2018-11-04,0.3593607305936073
2018-11-05,0.39094368340943686
2018-11-06,0.4040334855403349
2018-11-07,0.44550989345509895
2018-11-08,0.41202435312024355
2018-11-09,0.3669710806697108
2018-11-10,0.3604261796042618
2018-11-11,0.38158295281582955
2018-11-12,0.35205479452054794
2018-11-13,0.28470319634703195
2018-11-14,0.31910197869101986
2018-11-15,0.2800608828006088
2018-11-16,0.2640791476407915
2018-11-17,0.2574581430745814
2018-11-18,0.25859969558599694
2018-11-19,0.33569254185692543
2018-11-20,0.37617960426179603
2018-11-21,0.3841704718417047
2018-11-22,0.34223744292237446
2018-11-23,0.34589041095890416
2018-11-24,0.37442922374429227
2018-11-25,0.42427701674277013
2018-11-26,0.4429223744292237
2018-11-27,0.44033485540334855
2018-11-28,0.447640791476408
2018-11-29,0.4718417047184171
2018-11-30,0.4530441400304414
2018-12-01,0.45395738203957386
2018-12-02,0.42427701674277013
2018-12-03,0.4251141552511416
2018-12-04,0.4184170471841705
2018-12-05,0.3557077625570776
2018-12-06,0.3354642313546423
2018-12-07,0.3320395738203958
2018-12-08,0.34474885844748854
2018-12-09,0.3367579908675799
2018-12-10,0.3506088280060883
2018-12-11,0.2918569254185693
2018-12-12,0.2743531202435312
2018-12-13,0.2735920852359209
2018-12-14,0.26004566210045665
2018-12-15,0.2060121765601218
2018-12-16,0.19056316590563166
2018-12-17,0.3008371385083714
2018-12-18,0.3429984779299848
2018-12-19,0.41354642313546425
2018-12-20,0.554261796042618
2018-12-21,0.5844748858447488
2018-12-22,0.5657534246575342
2018-12-23,0.5720700152207002
2018-12-24,0.6184170471841703
2018-12-25,0.6302130898021309
2018-12-26,0.5528919330289193
2018-12-27,0.4844748858447488
2018-12-28,0.5328006088280062
2018-12-29,0.4792237442922374
2018-12-30,0.49079147640791476
2018-12-31,0.42907153729071534
2019-01-01,0.3981735159817352
2019-01-02,0.3867579908675799
2019-01-03,0.3771689497716895
2019-01-04,0.36004566210045663
2019-01-05,0.3530441400304414
2019-01-06,0.421765601217656
2019-01-07,0.3952815829528159
2019-01-08,0.3870624048706241
2019-01-09,0.40761035007610347
2019-01-10,0.42625570776255706
2019-01-11,0.35342465753424657
2019-01-12,0.34330289193302893
2019-01-13,0.3203957382039574
2019-01-14,0.36324200913242005
2019-01-15,0.34315068493150686
2019-01-16,0.33371385083713856
2019-01-17,0.36986301369863006
2019-01-18,0.30334855403348554
2019-01-19,0.3531963470319635
2019-01-20,0.28462709284627086
2019-01-21,0.2343226788432268
2019-01-22,0.30837138508371387
2019-01-23,0.23143074581430748
2019-01-24,0.23417047184170472
2019-01-25,0.24482496194824957
2019-01-26,0.22267884322678844
2019-01-27,0.23782343987823434
2019-01-28,0.19269406392694066
2019-01-29,0.17831050228310502
2019-01-30,0.191324200913242
2019-01-31,0.1907153729071537
2019-02-01,0.21514459665144597
2019-02-02,0.24155251141552517
2019-02-03,0.2484018264840183
2019-02-04,0.24726027397260275
2019-02-05,0.2614155251141553
2019-02-06,0.20235920852359207
2019-02-07,0.18462709284627093
2019-02-08,0.3417047184170472
2019-02-09,0.3124048706240487
2019-02-10,0.3732115677321157
2019-02-11,0.3690258751902588
2019-02-12,0.35357686453576864
2019-02-13,0.3665144596651447
2019-02-14,0.36141552511415526
2019-02-15,0.3442161339421614
2019-02-16,0.33828006088280055
2019-02-17,0.36476407914764075
2019-02-18,0.49322678843226786
2019-02-19,0.5602739726027397
2019-02-20,0.5853120243531201
2019-02-21,0.5835616438356165
2019-02-22,0.5785388127853881
2019-02-23,0.6331811263318112
2019-02-24,0.6222983257229832
2019-02-25,0.5942922374429225
2019-02-26,0.5515220700152207
2019-02-27,0.5509132420091324
2019-02-28,0.5501522070015221
2019-03-01,0.5582952815829527
2019-03-02,0.5318112633181127
2019-03-03,0.5229832572298325
2019-03-04,0.4440639269406393
2019-03-05,0.4958143074581431
2019-03-06,0.5025875190258752
2019-03-07,0.5454337899543379
2019-03-08,0.5070015220700151
2019-03-09,0.521613394216134
2019-03-10,0.5515220700152207
2019-03-11,0.523896499238965
2019-03-12,0.5213089802130898
2019-03-13,0.4874429223744292
2019-03-14,0.48538812785388125
2019-03-15,0.5280060882800609
2019-03-16,0.5725266362252664
2019-03-17,0.5617199391171994
2019-03-18,0.5917808219178081
2019-03-19,0.5853881278538813
2019-03-20,0.6170471841704719
2019-03-21,0.5963470319634703
2019-03-22,0.5661339421613394
2019-03-23,0.5388888888888889
2019-03-24,0.5285388127853882
2019-03-25,0.49710806697108073
2019-03-26,0.46301369863013697
2019-03-27,0.5506088280060882
2019-03-28,0.5423135464231356
2019-03-29,0.6060121765601217
2019-03-30,0.6146879756468798
2019-03-31,0.6219178082191781
2019-04-01,0.6671993911719939
2019-04-02,0.8277777777777778
2019-04-03,0.8503805175038052
2019-04-04,0.8302130898021308
2019-04-05,0.8175038051750381
2019-04-06,0.8380517503805175
2019-04-07,0.8354642313546423
2019-04-08,0.8475646879756469
2019-04-09,0.8152968036529681
2019-04-10,0.8188736681887367
2019-04-11,0.7905631659056317
2019-04-12,0.7484779299847794
2019-04-13,0.7102739726027397
2019-04-14,0.6988584474885845
2019-04-15,0.6566210045662101
2019-04-16,0.6464992389649924
2019-04-17,0.6280060882800609
2019-04-18,0.6672754946727548
2019-04-19,0.6471080669710807
2019-04-20,0.6517503805175038
2019-04-21,0.6294520547945205
2019-04-22,0.65220700152207
2019-04-23,0.6792237442922375
2019-04-24,0.6537290715372907
2019-04-25,0.6229071537290716
2019-04-26,0.6093607305936073
2019-04-27,0.6027397260273972
2019-04-28,0.5941400304414003
2019-04-29,0.5775494672754946
2019-04-30,0.5698630136986301
2019-05-01,0.5984779299847793
2019-05-02,0.6296803652968036
2019-05-03,0.6638508371385083
2019-05-04,0.6866057838660579
2019-05-05,0.6823439878234399
2019-05-06,0.6735920852359208
2019-05-07,0.6862252663622527
2019-05-08,0.7012176560121766
2019-05-09,0.7277777777777777
2019-05-10,0.756697108066971
2019-05-11,0.8140030441400304
2019-05-12,0.8498477929984779
2019-05-13,0.8796042617960426
2019-05-14,0.9029680365296804
2019-05-15,0.8888888888888888
2019-05-16,0.8723744292237442
2019-05-17,0.8628614916286149
2019-05-18,0.7764079147640791
2019-05-19,0.8400304414003045
2019-05-20,0.8149923896499239
2019-05-21,0.7445966514459665
2019-05-22,0.698173515981735
2019-05-23,0.6767884322678843
2019-05-24,0.6894216133942161
2019-05-25,0.6578386605783866
2019-05-26,0.704185692541857
2019-05-27,0.7015220700152207
2019-05-28,0.6775494672754947
2019-05-29,0.6700152207001523
2019-05-30,0.6757229832572299
2019-05-31,0.6703957382039574
2019-06-01,0.6609589041095891
2019-06-02,0.6533485540334856
2019-06-03,0.6074581430745813
2019-06-04,0.5924657534246575
2019-06-05,0.6053272450532724
2019-06-06,0.6105783866057839
2019-06-07,0.5933028919330289
2019-06-08,0.5403348554033485
2019-06-09,0.47062404870624047
2019-06-10,0.5217656012176559
2019-06-11,0.48774733637747336
2019-06-12,0.5124048706240488
2019-06-13,0.49246575342465754
2019-06-14,0.5386605783866057
2019-06-15,0.567427701674277
2019-06-16,0.6439878234398783
2019-06-17,0.7133942161339422
2019-06-18,0.7161339421613394
2019-06-19,0.691248097412481
2019-06-20,0.721841704718417
2019-06-21,0.7608066971080669
2019-06-22,0.8395738203957381
2019-06-23,0.8332572298325723
2019-06-24,0.8035768645357687
2019-06-25,0.810806697108067
2019-06-26,0.882420091324201
2019-06-27,0.8722222222222222
2019-06-28,0.8788432267884323
2019-06-29,0.856392694063927
2019-06-30,0.8011415525114155
2019-07-01,0.7646118721461187
2019-07-02,0.7886605783866059
2019-07-03,0.791400304414003
2019-07-04,0.7683409436834094
2019-07-05,0.7000000000000001
2019-07-06,0.678234398782344
2019-07-07,0.6726788432267884
2019-07-08,0.704337899543379
2019-07-09,0.715372907153729
2019-07-10,0.6338660578386606
2019-07-11,0.6253424657534247
2019-07-12,0.6073059360730594
2019-07-13,0.5882039573820396
2019-07-14,0.5664383561643835
2019-07-15,0.5969558599695586
2019-07-16,0.5141552511415525
2019-07-17,0.48660578386605785
2019-07-18,0.5698630136986302
2019-07-19,0.5596651445966514
2019-07-20,0.5490867579908676
2019-07-21,0.5385844748858448
2019-07-22,0.45319634703196343
2019-07-23,0.404337899543379
2019-07-24,0.36050228310502286
2019-07-25,0.326103500761035
2019-07-26,0.2863013698630137
2019-07-27,0.2838660578386606
2019-07-28,0.2971841704718417
2019-07-29,0.2309741248097413
2019-07-30,0.27488584474885847
2019-07-31,0.32709284627092844
2019-08-01,0.33280060882800616
2019-08-02,0.38774733637747333
2019-08-03,0.4032724505327245
2019-08-04,0.44315068493150683
2019-08-05,0.5360730593607306
2019-08-06,0.5708523592085236
2019-08-07,0.6156012176560122
2019-08-08,0.6105022831050229
2019-08-09,0.5883561643835616
2019-08-10,0.584779299847793
2019-08-11,0.565068493150685
2019-08-12,0.49855403348554034
2019-08-13,0.46506849315068494
2019-08-14,0.39056316590563167
2019-08-15,0.38447488584474887
2019-08-16,0.45646879756468806
2019-08-17,0.41719939117199395
2019-08-18,0.3742770167427702
2019-08-19,0.421613394216134
2019-08-20,0.4385844748858448
2019-08-21,0.4315829528158295
2019-08-22,0.3581430745814307
2019-08-23,0.33105022831050235
2019-08-24,0.3419330289193303
2019-08-25,0.31796042617960424
2019-08-26,0.349923896499239
2019-08-27,0.3264079147640791
2019-08-28,0.3401826484018265
2019-08-29,0.2953576864535769
2019-08-30,0.27305936073059356
2019-08-31,0.2629375951293759
2019-09-01,0.280441400304414
2019-09-02,0.3135464231354642
2019-09-03,0.3878234398782344
2019-09-04,0.426103500761035
2019-09-05,0.40365296803652967
2019-09-06,0.3859208523592085
2019-09-07,0.38264840182648396
2019-09-08,0.40068493150684925
2019-09-09,0.3896499238964993
2019-09-10,0.35882800608828
2019-09-11,0.3541856925418569
2019-09-12,0.3904109589041096
2019-09-13,0.4029680365296804
2019-09-14,0.37450532724505325
2019-09-15,0.34558599695585995
2019-09-16,0.3375190258751902
2019-09-17,0.30525114155251143
2019-09-18,0.27975646879756466
2019-09-19,0.35395738203957383
2019-09-20,0.3149923896499239
2019-09-21,0.3128614916286149
2019-09-22,0.336986301369863
2019-09-23,0.3265601217656012
2019-09-24,0.36316590563165907
2019-09-25,0.3621765601217656
2019-09-26,0.37922374429223743
2019-09-27,0.36476407914764075
2019-09-28,0.38675799086757995
2019-09-29,0.38242009132420096
2019-09-30,0.42625570776255706
2019-10-01,0.4529680365296804
2019-10-02,0.4366057838660578
2019-10-03,0.41537290715372904
2019-10-04,0.3605783866057839
2019-10-05,0.32047184170471843
2019-10-06,0.3267123287671233
2019-10-07,0.3464231354642313
2019-10-08,0.3106544901065449
2019-10-09,0.38934550989345507
2019-10-10,0.41484018264840183
2019-10-11,0.43158295281582953
2019-10-12,0.404185692541857
2019-10-13,0.4290715372907154
2019-10-14,0.4
2019-10-15,0.41187214611872147
2019-10-16,0.3427701674277017
2019-10-17,0.3486301369863014
2019-10-18,0.36803652968036527
2019-10-19,0.36803652968036527
2019-10-20,0.43546423135464235
2019-10-21,0.39969558599695587
2019-10-22,0.37298325722983255
2019-10-23,0.37442922374429227
2019-10-24,0.30030441400304414
2019-10-25,0.5976407914764079
2019-10-26,0.7554794520547944
2019-10-27,0.8133181126331812
2019-10-28,0.8050228310502283
2019-10-29,0.8207762557077625
2019-10-30,0.8078386605783866
2019-10-31,0.7888127853881278
2019-11-01,0.7714611872146118
2019-11-02,0.6917808219178083
2019-11-03,0.5940639269406393
2019-11-04,0.6342465753424658
2019-11-05,0.591324200913242
2019-11-06,0.6004566210045662
2019-11-07,0.5927701674277016
2019-11-08,0.508675799086758
2019-11-09,0.44041095890410953
2019-11-10,0.49931506849315066
2019-11-11,0.45806697108066974
2019-11-12,0.4626331811263318
2019-11-13,0.4296803652968036
2019-11-14,0.42267884322678845
2019-11-15,0.4336377473363775
2019-11-16,0.3812024353120243
2019-11-17,0.395738203957382
2019-11-18,0.3820395738203957
2019-11-19,0.34710806697108065
2019-11-20,0.3248858447488584
2019-11-21,0.3620243531202435
2019-11-22,0.38843226788432267
2019-11-23,0.40768645357686456
2019-11-24,0.4331050228310502
2019-11-25,0.46765601217656017
2019-11-26,0.4844748858447489
2019-11-27,0.54779299847793
2019-11-28,0.5505327245053272
2019-11-29,0.5990867579908676
2019-11-30,0.560882800608828
2019-12-01,0.5497716894977169
2019-12-02,0.49779299847793
2019-12-03,0.445814307458143
2019-12-04,0.43691019786910196
2019-12-05,0.43006088280060883
2019-12-06,0.4707762557077626
2019-12-07,0.41902587519025875
2019-12-08,0.43904109589041096
2019-12-09,0.43789954337899545
2019-12-10,0.406697108066971
2019-12-11,0.3875951293759512
2019-12-12,0.3623287671232877
2019-12-13,0.3262557077625571
2019-12-14,0.32085235920852356
2019-12-15,0.33957382039573825
2019-12-16,0.34292237442922374
2019-12-17,0.31385083713850837
2019-12-18,0.4790715372907154
2019-12-19,0.4855403348554034
2019-12-20,0.4715372907153729
2019-12-21,0.44277016742770164
2019-12-22,0.5605022831050228
2019-12-23,0.6082191780821917
2019-12-24,0.5834094368340943
2019-12-25,0.47473363774733635
2019-12-26,0.4277016742770167
2019-12-27,0.41849315068493154
2019-12-28,0.4334094368340944
2019-12-29,0.450076103500761
2019-12-30,0.42336377473363773
2019-12-31,0.4135464231354642
2020-01-01,0.3729832572298326
2020-01-02,0.3445205479452055
2020-01-03,0.49185692541856924
2020-01-04,0.49809741248097417
2020-01-05,0.48660578386605774
2020-01-06,0.5792998477929985
2020-01-07,0.6896499238964993
2020-01-08,0.7359208523592086
2020-01-09,0.7529680365296804
2020-01-10,0.7736681887366819
2020-01-11,0.76324200913242
2020-01-12,0.7270167427701675
2020-01-13,0.6862252663622527
2020-01-14,0.789193302891933
2020-01-15,0.8078386605783866
2020-01-16,0.8040334855403349
2020-01-17,0.8075342465753425
2020-01-18,0.7918569254185692
2020-01-19,0.8223744292237443
2020-01-20,0.7694824961948249
2020-01-21,0.7324200913242008
2020-01-22,0.6722983257229833
2020-01-23,0.6757990867579909
2020-01-24,0.6318112633181127
2020-01-25,0.6048706240487063
2020-01-26,0.6387366818873669
2020-01-27,0.7032724505327246
2020-01-28,0.7640030441400305
2020-01-29,0.7560882800608828
2020-01-30,0.8090563165905631
2020-01-31,0.7799847792998479
2020-02-01,0.7590563165905632
2020-02-02,0.7823439878234398
2020-02-03,0.7672754946727549
2020-02-04,0.6877473363774733
2020-02-05,0.7445205479452055
2020-02-06,0.771841704718417
2020-02-07,0.7707762557077625
2020-02-08,0.7787671232876713
2020-02-09,0.8237442922374428
2020-02-10,0.8365296803652967
2020-02-11,0.8700152207001522
2020-02-12,0.8619482496194825
2020-02-13,0.8554033485540334
2020-02-14,0.8162861491628616
2020-02-15,0.8132420091324201
2020-02-16,0.782724505327245
2020-02-17,0.7755707762557078
2020-02-18,0.7963470319634703
2020-02-19,0.7480974124809741
2020-02-20,0.7270928462709284
2020-02-21,0.6970319634703196
2020-02-22,0.6458143074581432
2020-02-23,0.6918569254185692
2020-02-24,0.7166666666666666
2020-02-25,0.6124048706240486
2020-02-26,0.5729071537290715
2020-02-27,0.5512937595129377
2020-02-28,0.5245814307458142
2020-02-29,0.5041856925418569
2020-03-01,0.519558599695586
2020-03-02,0.5375951293759513
2020-03-03,0.550152207001522
2020-03-04,0.5257229832572299
2020-03-05,0.5377473363774734
2020-03-06,0.5621765601217656
2020-03-07,0.5477929984779301
2020-03-08,0.4917047184170472
2020-03-09,0.47001522070015217
2020-03-10,0.48439878234398775
2020-03-11,0.5206240487062406
2020-03-12,0.5025875190258753
2020-03-13,0.5026636225266362
2020-03-14,0.5176560121765602
2020-03-15,0.5336377473363775
2020-03-16,0.5308219178082192
2020-03-17,0.5438356164383562
2020-03-18,0.5582952815829528
2020-03-19,0.617579908675799
2020-03-20,0.6162861491628616
2020-03-21,0.6143074581430745
2020-03-22,0.5931506849315069
2020-03-23,0.6330289193302893
2020-03-24,0.6496194824961948
2020-03-25,0.6328767123287672
2020-03-26,0.7111111111111111
2020-03-27,0.6361491628614917
2020-03-28,0.6252663622526637
2020-03-29,0.5855403348554034
2020-03-30,0.617199391171994
2020-03-31,0.5722222222222223
2020-04-01,0.6072298325722983
2020-04-02,0.6234398782343988
2020-04-03,0.628234398782344
2020-04-04,0.6444444444444444
2020-04-05,0.6143835616438356
2020-04-06,0.6181126331811263
2020-04-07,0.6243531202435312
2020-04-08,0.6554794520547945
2020-04-09,0.6105783866057839
2020-04-10,0.6058599695585998
2020-04-11,0.5364535768645359
2020-04-12,0.665220700152207
2020-04-13,0.6225266362252664
2020-04-14,0.6105783866057839
2020-04-15,0.513089802130898
2020-04-16,0.6376712328767122
2020-04-17,0.6270167427701674
2020-04-18,0.6138508371385084
2020-04-19,0.5853881278538813
2020-04-20,0.5461948249619483
2020-04-21,0.5136225266362252
2020-04-22,0.5525875190258751
2020-04-23,0.6220700152207002
2020-04-24,0.6297564687975648
2020-04-25,0.6191019786910198
2020-04-26,0.6449771689497718
2020-04-27,0.6840943683409437
2020-04-28,0.6583713850837138
2020-04-29,0.7851598173515982
2020-04-30,0.8113394216133943
2020-05-01,0.8228310502283105
2020-05-02,0.808599695585997
2020-05-03,0.8284627092846271
2020-05-04,0.8145357686453577
2020-05-05,0.8375190258751902
2020-05-06,0.8265601217656012
2020-05-07,0.8643835616438358
2020-05-08,0.8257229832572297
2020-05-09,0.7938356164383562
2020-05-10,0.7881278538812785
2020-05-11,0.7624809741248098
2020-05-12,0.7719939117199391
2020-05-13,0.7582191780821917
2020-05-14,0.808675799086758
2020-05-15,0.7796042617960426
2020-05-16,0.756240487062405
2020-05-17,0.7705479452054794
2020-05-18,0.7960426179604262
2020-05-19,0.7710806697108067
2020-05-20,0.7347031963470321
2020-05-21,0.6350076103500761
2020-05-22,0.6299847792998478
2020-05-23,0.580289193302892
2020-05-24,0.567351598173516
2020-05-25,0.5499999999999999
2020-05-26,0.47435312024353116
2020-05-27,0.49330289193302895
2020-05-28,0.5663622526636226
2020-05-29,0.5480974124809741
2020-05-30,0.5713850837138508
2020-05-31,0.5311263318112632
2020-06-01,0.6372907153729072
2020-06-02,0.5850837138508371
2020-06-03,0.5624809741248097
2020-06-04,0.6171232876712329
2020-06-05,0.5864535768645358
2020-06-06,0.5391933028919331
2020-06-07,0.5687975646879757
2020-06-08,0.5316590563165905
2020-06-09,0.5976407914764079
2020-06-10,0.5752663622526637
2020-06-11,0.4809741248097412
2020-06-12,0.47229832572298336
2020-06-13,0.4147640791476408
2020-06-14,0.3821156773211568
2020-06-15,0.4472602739726027
2020-06-16,0.480441400304414
2020-06-17,0.4177321156773212
2020-06-18,0.3968036529680365
2020-06-19,0.3452054794520548
2020-06-20,0.33584474885844745
2020-06-21,0.33531202435312024
2020-06-22,0.3866818873668189
2020-06-23,0.34878234398782343
2020-06-24,0.3493150684931507
2020-06-25,0.36476407914764075
2020-06-26,0.3637747336377473
2020-06-27,0.3270928462709285
2020-06-28,0.3180365296803653
2020-06-29,0.321765601217656
2020-06-30,0.28843226788432275
2020-07-01,0.2964992389649923
2020-07-02,0.2897260273972603
2020-07-03,0.2555555555555556
2020-07-04,0.276027397260274
2020-07-05,0.2582191780821918
2020-07-06,0.2836377473363775
2020-07-07,0.2859969558599696
2020-07-08,0.35007610350076107
2020-07-09,0.35182648401826483
2020-07-10,0.3810502283105023
2020-07-11,0.37541856925418565
2020-07-12,0.4301369863013698
2020-07-13,0.3615677321156773
2020-07-14,0.4038051750380517
2020-07-15,0.3356164383561644
2020-07-16,0.3082952815829528
2020-07-17,0.29817351598173514
2020-07-18,0.3091324200913242
2020-07-19,0.32724505327245057
2020-07-20,0.3191019786910198
2020-07-21,0.38896499238964993
2020-07-22,0.47511415525114153
2020-07-23,0.5245814307458143
2020-07-24,0.5212328767123288
2020-07-25,0.5825722983257229
2020-07-26,0.704566210045662
2020-07-27,0.8200913242009134
2020-07-28,0.8598173515981736
2020-07-29,0.8665905631659057
2020-07-30,0.8611872146118721
2020-07-31,0.8768645357686453
2020-08-01,0.9122526636225265
2020-08-02,0.913089802130898
2020-08-03,0.8645357686453576
2020-08-04,0.8485540334855403
2020-08-05,0.8487823439878234
2020-08-06,0.8356164383561643
2020-08-07,0.8068493150684932
2020-08-08,0.764916286149163
2020-08-09,0.7499238964992389
2020-08-10,0.7653729071537291
2020-08-11,0.7407914764079149
2020-08-12,0.7111872146118722
2020-08-13,0.7285388127853881
2020-08-14,0.6913242009132421
2020-08-15,0.6865296803652968
2020-08-16,0.7119482496194824
2020-08-17,0.7926940639269406
2020-08-18,0.7719939117199393
2020-08-19,0.6960426179604262
2020-08-20,0.6550228310502282
2020-08-21,0.6433028919330288
2020-08-22,0.6126331811263318
2020-08-23,0.5785388127853881
2020-08-24,0.5401065449010655
2020-08-25,0.5102739726027398
2020-08-26,0.5076864535768645
2020-08-27,0.43637747336377475
2020-08-28,0.45996955859969557
2020-08-29,0.4122526636225266
2020-08-30,0.47237442922374423
2020-08-31,0.4609589041095891
2020-09-01,0.5774733637747337
2020-09-02,0.5311263318112633
2020-09-03,0.5072298325722984
2020-09-04,0.5178843226788432
2020-09-05,0.5405631659056316
2020-09-06,0.5284627092846271
2020-09-07,0.5627092846270928
2020-09-08,0.5593607305936072
2020-09-09,0.5219939117199393
2020-09-10,0.558599695585997
2020-09-11,0.49931506849315066
2020-09-12,0.47001522070015217
2020-09-13,0.4442161339421613
2020-09-14,0.4550989345509893
2020-09-15,0.49855403348554034
2020-09-16,0.5230593607305936
2020-09-17,0.550152207001522
2020-09-18,0.5076864535768645
2020-09-19,0.5317351598173516
2020-09-20,0.5331050228310503
2020-09-21,0.48257229832572296
2020-09-22,0.4496955859969558
2020-09-23,0.397945205479452
2020-09-24,0.45738203957382034
2020-09-25,0.47435312024353116
2020-09-26,0.44497716894977163
2020-09-27,0.4637747336377474
2020-09-28,0.4656012176560122
2020-09-29,0.45114155251141547
2020-09-30,0.4398782343987823
2020-10-01,0.40129375951293755
2020-10-02,0.3732115677321157
2020-10-03,0.3079908675799087
2020-10-04,0.35631659056316584
2020-10-05,0.39687975646879753
2020-10-06,0.3660578386605784
2020-10-07,0.3563165905631659
2020-10-08,0.4459665144596651
2020-10-09,0.5002283105022831
2020-10-10,0.5894977168949772
2020-10-11,0.5708523592085236
2020-10-12,0.6246575342465754
2020-10-13,0.6082191780821917
2020-10-14,0.5990106544901066
2020-10-15,0.5970319634703196
2020-10-16,0.5474885844748858
2020-10-17,0.49246575342465754
2020-10-18,0.4598934550989344
2020-10-19,0.493531202435312
2020-10-20,0.5402587519025874
2020-10-21,0.6362252663622526
2020-10-22,0.672222222222222
2020-10-23,0.6566210045662101
2020-10-24,0.6533485540334856
2020-10-25,0.6966514459665145
2020-10-26,0.7159817351598173
2020-10-27,0.7449771689497716
2020-10-28,0.7320395738203958
2020-10-29,0.7056316590563166
2020-10-30,0.7270167427701675
2020-10-31,0.7606544901065448
2020-11-01,0.7378234398782344
2020-11-02,0.7418569254185693
2020-11-03,0.7428462709284626
2020-11-04,0.789193302891933
2020-11-05,0.8213089802130897
2020-11-06,0.8398782343987823
2020-11-07,0.8011415525114156
2020-11-08,0.8033485540334856
2020-11-09,0.8228310502283105
2020-11-10,0.7693302891933028
2020-11-11,0.786834094368341
2020-11-12,0.8176560121765601
2020-11-13,0.8092846270928462
2020-11-14,0.7751141552511415
2020-11-15,0.7363013698630136
2020-11-16,0.7901826484018264
2020-11-17,0.8465753424657535
2020-11-18,0.8840943683409437
2020-11-19,0.8640791476407915
2020-11-20,0.8640030441400304
2020-11-21,0.867275494672755
2020-11-22,0.8742009132420091
2020-11-23,0.8773972602739726
2020-11-24,0.8965753424657534
2020-11-25,0.858675799086758
2020-11-26,0.7656773211567731
2020-11-27,0.7242770167427701
2020-11-28,0.7180365296803654
2020-11-29,0.7341704718417047
2020-11-30,0.817275494672755
2020-12-01,0.7648401826484019
2020-12-02,0.7755707762557077
2020-12-03,0.8031963470319634
2020-12-04,0.7169710806697108
2020-12-05,0.671917808219178
2020-12-06,0.6528158295281582
2020-12-07,0.5745814307458142
2020-12-08,0.5534246575342466
2020-12-09,0.5482496194824962
2020-12-10,0.5242770167427702
2020-12-11,0.5293759512937596
2020-12-12,0.5107305936073059
2020-12-13,0.5559360730593608
2020-12-14,0.5670471841704718
2020-12-15,0.6422374429223745
2020-12-16,0.7766362252663623
2020-12-17,0.8411719939117199
2020-12-18,0.8641552511415526
2020-12-19,0.8745814307458143
2020-12-20,0.882724505327245
2020-12-21,0.8594368340943683
2020-12-22,0.873972602739726
2020-12-23,0.8614916286149163
2020-12-24,0.8271689497716896
2020-12-25,0.8097412480974125
2020-12-26,0.8080669710806697
2020-12-27,0.8333333333333334
2020-12-28,0.8843987823439878
2020-12-29,0.8682648401826484
2020-12-30,0.8905631659056316
2020-12-31,0.8799086757990868
2021-01-01,0.8680365296803653
2021-01-02,0.9138508371385083
2021-01-03,0.9503044140030441
2021-01-04,0.9366818873668189
2021-01-05,0.9333333333333333
2021-01-06,0.954490106544901
2021-01-07,0.9675799086757989
2021-01-08,0.9733637747336377
2021-01-09,0.9550228310502283
2021-01-10,0.923592085235921
2021-01-11,0.8859208523592085
2021-01-12,0.8322678843226788
2021-01-13,0.8315829528158296
2021-01-14,0.8420091324200913
2021-01-15,0.8016742770167428
2021-01-16,0.7438356164383562
2021-01-17,0.7076103500761035
2021-01-18,0.7152968036529681
2021-01-19,0.6514459665144596
2021-01-20,0.5834855403348554
2021-01-21,0.5436834094368341
2021-01-22,0.5294520547945206
2021-01-23,0.5068493150684932
2021-01-24,0.4897260273972602
2021-01-25,0.4701674277016743
2021-01-26,0.5016742770167428
2021-01-27,0.4541095890410959
2021-01-28,0.49748858447488586
2021-01-29,0.5560121765601217
2021-01-30,0.5701674277016742
2021-01-31,0.556697108066971
2021-02-01,0.5848554033485541
2021-02-02,0.6071537290715372
2021-02-03,0.6706240487062405
2021-02-04,0.6901826484018264
2021-02-05,0.6289193302891933
2021-02-06,0.6233637747336378
2021-02-07,0.6279299847792998
2021-02-08,0.7031202435312024
2021-02-09,0.7668949771689497
2021-02-10,0.7671993911719939
2021-02-11,0.8077625570776256
2021-02-12,0.8038051750380517
2021-02-13,0.7234398782343988
2021-02-14,0.7059360730593608
2021-02-15,0.6996194824961949
2021-02-16,0.6621765601217656
2021-02-17,0.6945205479452056
2021-02-18,0.6367579908675799
2021-02-19,0.6975646879756469
2021-02-20,0.7183409436834095
2021-02-21,0.7254185692541858
2021-02-22,0.7395738203957383
2021-02-23,0.691095890410959
2021-02-24,0.6866057838660579
2021-02-25,0.6325722983257229
2021-02-26,0.6177321156773211
2021-02-27,0.6035768645357686
2021-02-28,0.5503805175038052
2021-03-01,0.5746575342465754
2021-03-02,0.5409436834094368
2021-03-03,0.4868340943683409
2021-03-04,0.47298325722983253
2021-03-05,0.4452054794520548
2021-03-06,0.4213850837138508
2021-03-07,0.45441400304414004
2021-03-08,0.47047184170471845
2021-03-09,0.5579908675799087
2021-03-10,0.5984779299847792
2021-03-11,0.6054794520547946
2021-03-12,0.5973363774733637
2021-03-13,0.6258751902587519
2021-03-14,0.5976407914764078
2021-03-15,0.5700152207001522
2021-03-16,0.5719178082191781
2021-03-17,0.5665144596651446
2021-03-18,0.5371385083713851
2021-03-19,0.5515981735159818
2021-03-20,0.48280060882800613
2021-03-21,0.4798325722983257
2021-03-22,0.4246575342465754
2021-03-23,0.3789954337899543
2021-03-24,0.3286149162861492
2021-03-25,0.3188736681887367
2021-03-26,0.34581430745814307
2021-03-27,0.3439878234398782
2021-03-28,0.35114155251141554
2021-03-29,0.45121765601217656
2021-03-30,0.44452054794520546
2021-03-31,0.48789954337899544
2021-04-01,0.4423135464231354
2021-04-02,0.4223744292237443
2021-04-03,0.39238964992389647
2021-04-04,0.41171993911719945
2021-04-05,0.456544901065449
2021-04-06,0.4066971080669711
2021-04-07,0.367427701674277
2021-04-08,0.3923135464231355
2021-04-09,0.3512937595129376
2021-04-10,0.43789954337899545
2021-04-11,0.44939117199391165
2021-04-12,0.4382039573820396
2021-04-13,0.5369101978691019
2021-04-14,0.5721461187214611
2021-04-15,0.5397260273972603
2021-04-16,0.5227549467275495
2021-04-17,0.4761035007610351
2021-04-18,0.44817351598173516
2021-04-19,0.44733637747336386
2021-04-20,0.469558599695586
2021-04-21,0.4404870624048706
2021-04-22,0.4508371385083714
2021-04-23,0.473896499238965
2021-04-24,0.45502283105022834
2021-04-25,0.43135464231354637
2021-04-26,0.426103500761035
2021-04-27,0.39490106544901066
2021-04-28,0.39802130898021315
2021-04-29,0.36537290715372905
2021-04-30,0.382648401826484
2021-05-01,0.38021308980213087
2021-05-02,0.38028919330289196
2021-05-03,0.3733637747336378
2021-05-04,0.31765601217656014
2021-05-05,0.4204718417047184
2021-05-06,0.4452054794520548
2021-05-07,0.45768645357686455
2021-05-08,0.4971841704718417
2021-05-09,0.5165144596651445
2021-05-10,0.5143074581430747
2021-05-11,0.5410197869101978
2021-05-12,0.45159817351598175
2021-05-13,0.5025875190258752
2021-05-14,0.47899543378995435
2021-05-15,0.4524353120243531
2021-05-16,0.463165905631659
2021-05-17,0.46210045662100463
2021-05-18,0.4404109589041096
2021-05-19,0.4566971080669711
2021-05-20,0.45334855403348556
2021-05-21,0.47054794520547955
2021-05-22,0.460730593607306
2021-05-23,0.4686453576864536
2021-05-24,0.4746575342465753
2021-05-25,0.4863013698630137
2021-05-26,0.49809741248097406
2021-05-27,0.41537290715372904
2021-05-28,0.3965753424657534
2021-05-29,0.35015220700152205
2021-05-30,0.3385083713850837
2021-05-31,0.29596651445966515
2021-06-01,0.2790715372907154
2021-06-02,0.2602739726027397
2021-06-03,0.256544901065449
2021-06-04,0.2898021308980213
2021-06-05,0.23949771689497718
2021-06-06,0.22831050228310504
2021-06-07,0.17267884322678842
2021-06-08,0.18295281582952816
2021-06-09,0.25433789954337904
2021-06-10,0.27016742770167423
2021-06-11,0.3200152207001522
2021-06-12,0.3224505327245053
2021-06-13,0.37754946727549465
2021-06-14,0.4715372907153729
2021-06-15,0.5040334855403348
2021-06-16,0.4035768645357687
2021-06-17,0.3665144596651446
2021-06-18,0.3278538812785388
2021-06-19,0.3425418569254186
2021-06-20,0.3334094368340944
2021-06-21,0.32047184170471843
2021-06-22,0.3354642313546423
2021-06-23,0.37914764079147634
2021-06-24,0.3949010654490106
2021-06-25,0.38257229832572304
2021-06-26,0.37070015220700153
2021-06-27,0.3892694063926941
2021-06-28,0.39817351598173517
2021-06-29,0.38051750380517496
2021-06-30,0.31955859969558603
2021-07-01,0.23949771689497718
2021-07-02,0.24041095890410957
2021-07-03,0.2232876712328767
2021-07-04,0.20616438356164385
2021-07-05,0.28447488584474884
2021-07-06,0.2805936073059361
2021-07-07,0.2469558599695586
2021-07-08,0.2510654490106545
2021-07-09,0.2684170471841705
2021-07-10,0.20799086757990867
2021-07-11,0.19657534246575342
2021-07-12,0.1969558599695586
2021-07-13,0.15190258751902586
2021-07-14,0.1875951293759513
2021-07-15,0.17359208523592085
2021-07-16,0.12747336377473364
2021-07-17,0.13561643835616438
2021-07-18,0.15220700152207
2021-07-19,0.18196347031963472
2021-07-20,0.19429223744292237
2021-07-21,0.2669710806697108
2021-07-22,0.33318112633181124
2021-07-23,0.36978691019786913
2021-07-24,0.38401826484018264
2021-07-25,0.4002283105022831
2021-07-26,0.5554033485540335
2021-07-27,0.6107305936073059
2021-07-28,0.6190258751902589
2021-07-29,0.6112633181126332
2021-07-30,0.6421613394216135
2021-07-31,0.6388127853881279
2021-08-01,0.6373668188736682
2021-08-02,0.5969558599695586
2021-08-03,0.53896499238965
2021-08-04,0.49611872146118724
2021-08-05,0.5701674277016742
2021-08-06,0.589041095890411
2021-08-07,0.6515220700152207
2021-08-08,0.6449771689497718
2021-08-09,0.6990867579908676
2021-08-10,0.6668949771689499
2021-08-11,0.6252663622526636
2021-08-12,0.6060882800608828
2021-08-13,0.6244292237442921
2021-08-14,0.5722222222222223
2021-08-15,0.5642313546423136
2021-08-16,0.5105783866057839
2021-08-17,0.5070015220700151
2021-08-18,0.5019025875190258
2021-08-19,0.5484018264840184
2021-08-20,0.5519025875190259
2021-08-21,0.545662100456621
2021-08-22,0.5596651445966514
2021-08-23,0.5707001522070014
2021-08-24,0.5824200913242009
2021-08-25,0.5969558599695586
2021-08-26,0.5574581430745814
2021-08-27,0.536834094368341
2021-08-28,0.4898782343987824
2021-08-29,0.4597412480974124
2021-08-30,0.40403348554033486
2021-08-31,0.43127853881278533
2021-09-01,0.47176560121765604
2021-09-02,0.512937595129376
2021-09-03,0.5405631659056316
2021-09-04,0.5059360730593607
2021-09-05,0.5474885844748858
2021-09-06,0.5670471841704718
2021-09-07,0.5420091324200913
2021-09-08,0.44375951293759514
2021-09-09,0.42876712328767125
2021-09-10,0.3660578386605784
2021-09-11,0.33211567732115677
2021-09-12,0.3735159817351599
2021-09-13,0.39284627092846264
2021-09-14,0.39969558599695587
2021-09-15,0.3813546423135465
2021-09-16,0.3509893455098934
2021-09-17,0.32161339421613394
2021-09-18,0.32572298325722987
2021-09-19,0.28599695585996954
2021-09-20,0.3028158295281583
2021-09-21,0.2963470319634703
2021-09-22,0.31445966514459667
2021-09-23,0.34330289193302893
2021-09-24,0.37267884322678846
2021-09-25,0.33074581430745814
2021-09-26,0.376179604261796
2021-09-27,0.3664383561643836
2021-09-28,0.334703196347032
2021-09-29,0.27747336377473364
2021-09-30,0.31019786910197866
2021-10-01,0.4709284627092846
2021-10-02,0.39771689497716894
2021-10-03,0.42496194824961947
2021-10-04,0.5179604261796042
2021-10-05,0.5573059360730594
2021-10-06,0.6576103500761036
2021-10-07,0.6542617960426179
2021-10-08,0.6589041095890411
2021-10-09,0.6331050228310502
2021-10-10,0.6569254185692542
2021-10-11,0.6656773211567732
2021-10-12,0.6546423135464231
2021-10-13,0.6560121765601218
2021-10-14,0.6235920852359208
2021-10-15,0.6667427701674278
2021-10-16,0.6364535768645357
2021-10-17,0.6878234398782345
2021-10-18,0.7364535768645358
2021-10-19,0.7450532724505327
2021-10-20,0.756544901065449
2021-10-21,0.8015981735159817
2021-10-22,0.7455859969558599
2021-10-23,0.6873668188736681
2021-10-24,0.6575342465753424
2021-10-25,0.6352359208523592
2021-10-26,0.5843987823439879
2021-10-27,0.5426940639269406
2021-10-28,0.6076103500761035
2021-10-29,0.5978691019786909
2021-10-30,0.5529680365296803
2021-10-31,0.5310502283105023
2021-11-01,0.5226027397260274
2021-11-02,0.5834855403348553
2021-11-03,0.5923896499238964
2021-11-04,0.5236681887366819
2021-11-05,0.4289193302891933
2021-11-06,0.3904109589041096
2021-11-07,0.43538812785388126
2021-11-08,0.5484779299847793
2021-11-09,0.5377473363774734
2021-11-10,0.5665905631659056
2021-11-11,0.467351598173516
2021-11-12,0.4687975646879756
2021-11-13,0.4202435312024353
2021-11-14,0.45038051750380514
2021-11-15,0.4024353120243531
2021-11-16,0.37770167427701673
2021-11-17,0.3723744292237443
2021-11-18,0.3536529680365297
2021-11-19,0.3763318112633181
2021-11-20,0.39687975646879753
2021-11-21,0.37146118721461185
2021-11-22,0.41864535768645356
2021-11-23,0.44071537290715374
2021-11-24,0.3620243531202435
2021-11-25,0.3715372907153729
2021-11-26,0.34375951293759516
2021-11-27,0.30578386605783864
2021-11-28,0.35441400304414
2021-11-29,0.37245053272450535
2021-11-30,0.37694063926940635
2021-12-01,0.38576864535768646
2021-12-02,0.387138508371385
2021-12-03,0.36674277016742773
2021-12-04,0.3337138508371385
2021-12-05,0.3812785388127854
2021-12-06,0.4452815829528159
2021-12-07,0.41651445966514455
2021-12-08,0.4094368340943684
2021-12-09,0.3860730593607306
2021-12-10,0.415220700152207
2021-12-11,0.4091324200913242
2021-12-12,0.27945205479452057
2021-12-13,0.2262557077625571
2021-12-14,0.2066971080669711
2021-12-15,0.252283105022831
2021-12-16,0.20319634703196346
2021-12-17,0.2401826484018265
2021-12-18,0.19299847792998479
2021-12-19,0.20662100456621005
2021-12-20,0.24543378995433787
2021-12-21,0.24977168949771691
2021-12-22,0.1976407914764079
2021-12-23,0.29079147640791475
2021-12-24,0.3149923896499239
2021-12-25,0.2559360730593607
2021-12-26,0.2960426179604262
2021-12-27,0.3093607305936073
2021-12-28,0.25943683409436835
2021-12-29,0.20783866057838662
2021-12-30,0.20989345509893453
2021-12-31,0.22465753424657534
2022-01-01,0.2256468797564688
2022-01-02,0.17701674277016743
2022-01-03,0.16986301369863013
2022-01-04,0.16651445966514458
2022-01-05,0.19041095890410958
2022-01-06,0.11651445966514459
2022-01-07,0.17176560121765602
2022-01-08,0.14079147640791476
2022-01-09,0.16019786910197872
2022-01-10,0.2452054794520548
2022-01-11,0.22998477929984779
2022-01-12,0.2568493150684932
2022-01-13,0.2709284627092846
2022-01-14,0.2765601217656012
2022-01-15,0.21438356164383562
2022-01-16,0.19832572298325724
2022-01-17,0.21666666666666667
2022-01-18,0.20761035007610348
2022-01-19,0.1726027397260274
2022-01-20,0.1663622526636225
2022-01-21,0.17313546423135465
2022-01-22,0.19550989345509892
2022-01-23,0.2436834094368341
2022-01-24,0.35441400304414006
2022-01-25,0.3689497716894977
2022-01-26,0.393607305936073
2022-01-27,0.4275494672754947
2022-01-28,0.4382039573820396
2022-01-29,0.3968797564687976
2022-01-30,0.33774733637747345
2022-01-31,0.36514459665144594
2022-02-01,0.3360730593607306
2022-02-02,0.3069254185692542
2022-02-03,0.30974124809741244
2022-02-04,0.4353881278538813
2022-02-05,0.41012176560121766
2022-02-06,0.41187214611872147
2022-02-07,0.4529680365296804
2022-02-08,0.4968036529680366
2022-02-09,0.5022831050228311
2022-02-10,0.532420091324201
2022-02-11,0.4578386605783866
2022-02-12,0.37838660578386607
2022-02-13,0.35251141552511417
2022-02-14,0.3292998477929985
2022-02-15,0.3388888888888888
2022-02-16,0.3119482496194825
2022-02-17,0.3068493150684931
2022-02-18,0.24543378995433787
2022-02-19,0.20745814307458144
2022-02-20,0.20304414003044138
2022-02-21,0.26796042617960425
2022-02-22,0.28394216133942163
2022-02-23,0.23652968036529678
2022-02-24,0.3639269406392694
2022-02-25,0.4156773211567732
2022-02-26,0.3836377473363775
2022-02-27,0.40570776255707763
2022-02-28,0.5408675799086757
2022-03-01,0.5563926940639269
2022-03-02,0.5835616438356165
2022-03-03,0.5288432267884322
2022-03-04,0.44505327245053267
2022-03-05,0.37945205479452054
2022-03-06,0.4140791476407915
2022-03-07,0.3684931506849315
2022-03-08,0.32412480974124813
2022-03-09,0.3830289193302892
2022-03-10,0.3748858447488585
2022-03-11,0.32115677321156777
2022-03-12,0.2526636225266362
2022-03-13,0.25814307458143076
2022-03-14,0.30631659056316596
2022-03-15,0.24961948249619484
2022-03-16,0.3911719939117199
2022-03-17,0.3284627092846271
2022-03-18,0.3856164383561644
2022-03-19,0.40722983257229833
2022-03-20,0.447869101978691
2022-03-21,0.45966514459665153
2022-03-22,0.5404109589041096
2022-03-23,0.49726027397260275
2022-03-24,0.55662100456621
2022-03-25,0.5647640791476408
2022-03-26,0.5525114155251143
2022-03-27,0.6410197869101979
2022-03-28,0.6332572298325723
2022-03-29,0.6354642313546423
2022-03-30,0.617199391171994
2022-03-31,0.5706240487062405
2022-04-01,0.5660578386605785
2022-04-02,0.5570776255707762
2022-04-03,0.5687975646879757
2022-04-04,0.5420091324200914
2022-04-05,0.4621004566210045
2022-04-06,0.44817351598173516
2022-04-07,0.41636225266362253
2022-04-08,0.36697108066971085
2022-04-09,0.2990867579908676
2022-04-10,0.25190258751902594
2022-04-11,0.2745814307458143
2022-04-12,0.2626331811263318
2022-04-13,0.3146879756468797
2022-04-14,0.2256468797564688
2022-04-15,0.23866057838660573
2022-04-16,0.20646879756468797
2022-04-17,0.20388127853881277
2022-04-18,0.28987823439878235
2022-04-19,0.24946727549467276
2022-04-20,0.24680365296803655
2022-04-21,0.27168949771689493
2022-04-22,0.25312024353120244
2022-04-23,0.22001522070015223
2022-04-24,0.245662100456621
2022-04-25,0.3442161339421614
2022-04-26,0.29315068493150687
2022-04-27,0.28789954337899537
2022-04-28,0.3715372907153729
2022-04-29,0.27929984779299843
2022-04-30,0.2551750380517504
2022-05-01,0.3258751902587519
2022-05-02,0.33462709284627096
2022-05-03,0.29337899543379
2022-05-04,0.3409436834094368
2022-05-05,0.33652968036529685
2022-05-06,0.31742770167427703
2022-05-07,0.29931506849315065
2022-05-08,0.3206240487062405
2022-05-09,0.3856164383561644
2022-05-10,0.42899543378995436
2022-05-11,0.4383561643835617
2022-05-12,0.44779299847793
2022-05-13,0.45159817351598175
2022-05-14,0.42747336377473366
2022-05-15,0.45175038051750377
2022-05-16,0.46286149162861495
2022-05-17,0.42321156773211566
2022-05-18,0.4078386605783866
2022-05-19,0.45243531202435316
2022-05-20,0.38135464231354643
2022-05-21,0.29010654490106547
2022-05-22,0.2925418569254186
2022-05-23,0.33744292237442924
2022-05-24,0.3054794520547945
2022-05-25,0.32998477929984776
2022-05-26,0.32336377473363775
2022-05-27,0.29497716894977166
2022-05-28,0.24223744292237445
2022-05-29,0.22831050228310504
2022-05-30,0.39756468797564687
2022-05-31,0.39512937595129377
2022-06-01,0.39216133942161346
2022-06-02,0.39672754946727545
2022-06-03,0.36385083713850835
2022-06-04,0.3118721461187215
2022-06-05,0.32024353120243526
2022-06-06,0.3982496194824962
2022-06-07,0.42724505327245055
2022-06-08,0.3797564687975647
2022-06-09,0.304261796042618
2022-06-10,0.31308980213089804
2022-06-11,0.2867579908675799
2022-06-12,0.31133942161339423
2022-06-13,0.3574581430745814
2022-06-14,0.36537290715372905
2022-06-15,0.4059360730593607
2022-06-16,0.41902587519025875
2022-06-17,0.41933028919330284
2022-06-18,0.44345509893455104
2022-06-19,0.46461187214611877
2022-06-20,0.4993911719939117
2022-06-21,0.49733637747336373
2022-06-22,0.4436834094368341
2022-06-23,0.4444444444444444
2022-06-24,0.43386605783866056
2022-06-25,0.40312024353120246
2022-06-26,0.3508371385083714
2022-06-27,0.31879756468797565
2022-06-28,0.2581430745814307
2022-06-29,0.24969558599695585
2022-06-30,0.289117199391172
2022-07-01,0.2836377473363775
2022-07-02,0.2334855403348554
2022-07-03,0.24794520547945206
2022-07-04,0.28013698630136985
2022-07-05,0.2984779299847793
2022-07-06,0.33409436834094364
2022-07-07,0.3484779299847793
2022-07-08,0.391248097412481
2022-07-09,0.3340182648401826
2022-07-10,0.3156012176560122
2022-07-11,0.28531202435312025
2022-07-12,0.2635464231354643
2022-07-13,0.3856164383561644
2022-07-14,0.4056316590563166
2022-07-15,0.44261796042617957
2022-07-16,0.4423135464231355
2022-07-17,0.44520547945205485
2022-07-18,0.5816590563165907
2022-07-19,0.6546423135464231
2022-07-20,0.6526636225266362
2022-07-21,0.6038812785388128
2022-07-22,0.5899543378995432
2022-07-23,0.5375951293759513
2022-07-24,0.5503044140030442
2022-07-25,0.4785388127853882
2022-07-26,0.3907914764079148
2022-07-27,0.45342465753424654
2022-07-28,0.5312024353120244
2022-07-29,0.510958904109589
2022-07-30,0.4897260273972603
2022-07-31,0.4899543378995434
2022-08-01,0.43500761035007607
2022-08-02,0.4513698630136987
2022-08-03,0.36293759512937596
2022-08-04,0.3310502283105023
2022-08-05,0.33820395738203957
2022-08-06,0.2974124809741248
2022-08-07,0.28767123287671237
2022-08-08,0.37047184170471836
2022-08-09,0.35380517503805176
2022-08-10,0.4393455098934551
2022-08-11,0.43645357686453573
2022-08-12,0.4305936073059361
2022-08-13,0.44307458143074574
2022-08-14,0.4431506849315069
2022-08-15,0.4490106544901065
2022-08-16,0.40958904109589045
2022-08-17,0.36248097412480973
2022-08-18,0.3149162861491629
2022-08-19,0.2823439878234399
2022-08-20,0.23112633181126332
2022-08-21,0.24429223744292233
2022-08-22,0.23493150684931507
2022-08-23,0.2656012176560122
2022-08-24,0.2410958904109589
2022-08-25,0.2598173515981735
2022-08-26,0.30700152207001524
2022-08-27,0.16818873668188739
2022-08-28,0.13462709284627092
2022-08-29,0.1691780821917808
2022-08-30,0.19140030441400302
2022-08-31,0.25814307458143076
2022-09-01,0.28493150684931506
2022-09-02,0.32488584474885845
2022-09-03,0.29611872146118723
2022-09-04,0.2952815829528158
2022-09-05,0.2690258751902588
2022-09-06,0.2866818873668189
2022-09-07,0.25867579908675803
2022-09-08,0.24611872146118718
2022-09-09,0.4277016742770167
2022-09-10,0.4754185692541857
2022-09-11,0.5246575342465754
2022-09-12,0.5987062404870623
2022-09-13,0.5947488584474887
2022-09-14,0.5339421613394217
2022-09-15,0.5414003044140031
2022-09-16,0.5031202435312024
2022-09-17,0.5063165905631659
2022-09-18,0.48203957382039575
2022-09-19,0.5781582952815829
2022-09-20,0.532952815829528
2022-09-21,0.4934550989345509
2022-09-22,0.48721461187214615
2022-09-23,0.4017503805175038
2022-09-24,0.34086757990867583
2022-09-25,0.3104261796042618
2022-09-26,0.3636986301369862
2022-09-27,0.423972602739726
2022-09-28,0.49322678843226786
2022-09-29,0.5051750380517503
2022-09-30,0.4901065449010654
2022-10-01,0.41643835616438357
2022-10-02,0.4133942161339422
2022-10-03,0.40205479452054793
2022-10-04,0.48835616438356166
2022-10-05,0.43203957382039576
2022-10-06,0.3515220700152207
2022-10-07,0.3374429223744293
2022-10-08,0.313165905631659
2022-10-09,0.3272450532724505
2022-10-10,0.25388127853881276
2022-10-11,0.20441400304414004
2022-10-12,0.20251141552511415
2022-10-13,0.33881278538812787
2022-10-14,0.3280821917808219
2022-10-15,0.3035768645357686
2022-10-16,0.3170471841704719
2022-10-17,0.3683409436834094
2022-10-18,0.35966514459665144
2022-10-19,0.32503805175038053
2022-10-20,0.24786910197869105
2022-10-21,0.28706240487062407
2022-10-22,0.30167427701674276
2022-10-23,0.3529680365296804
2022-10-24,0.33706240487062405
2022-10-25,0.4809741248097413
2022-10-26,0.5617199391171994
2022-10-27,0.5516742770167428
2022-10-28,0.573668188736682
2022-10-29,0.5923896499238964
2022-10-30,0.591324200913242
2022-10-31,0.5904109589041097
2022-11-01,0.5458143074581431
2022-11-02,0.48964992389649914
2022-11-03,0.4718417047184171
2022-11-04,0.5383561643835617
2022-11-05,0.5623287671232877
2022-11-06,0.5366057838660578
2022-11-07,0.5334094368340944
2022-11-08,0.5226027397260274
2022-11-09,0.46347031963470325
2022-11-10,0.489117199391172
2022-11-11,0.4887366818873668
2022-11-12,0.3820395738203957
2022-11-13,0.38706240487062404
2022-11-14,0.4863013698630137
2022-11-15,0.48356164383561645
2022-11-16,0.45578386605783866
2022-11-17,0.3986301369863014
2022-11-18,0.38477929984779297
2022-11-19,0.3920091324200914
2022-11-20,0.38736681887366825
2022-11-21,0.3605022831050228
2022-11-22,0.3121004566210046
2022-11-23,0.40228310502283104
2022-11-24,0.35570776255707764
2022-11-25,0.35175038051750385
2022-11-26,0.30441400304414
2022-11-27,0.31780821917808216
2022-11-28,0.31331811263318116
2022-11-29,0.2753424657534247
2022-11-30,0.3547945205479452
2022-12-01,0.336910197869102
2022-12-02,0.37716894977168947
2022-12-03,0.36864535768645357
2022-12-04,0.3964992389649924
2022-12-05,0.4017503805175038
2022-12-06,0.3914003044140031
2022-12-07,0.3298325722983257
2022-12-08,0.38325722983257227
2022-12-09,0.3636225266362253
2022-12-10,0.38607305936073055
2022-12-11,0.3289193302891933
2022-12-12,0.39779299847793
2022-12-13,0.49687975646879756
2022-12-14,0.5280060882800609
2022-12-15,0.48439878234398787
2022-12-16,0.4286149162861491
2022-12-17,0.43668188736681884
2022-12-18,0.4405631659056317
2022-12-19,0.40426179604261797
2022-12-20,0.40388127853881284
2022-12-21,0.3523592085235921
2022-12-22,0.3408675799086758
2022-12-23,0.3264840182648402
2022-12-24,0.31057838660578385
2022-12-25,0.3055555555555556
2022-12-26,0.3135464231354642
2022-12-27,0.24573820395738208
2022-12-28,0.2182648401826484
2022-12-29,0.24383561643835616
2022-12-30,0.25662100456621006
2022-12-31,0.21217656012176564
2023-01-01,0.23850837138508366
2023-01-02,0.28455098934550993
2023-01-03,0.29018264840182645
2023-01-04,0.3537290715372907
2023-01-05,0.32412480974124813
2023-01-06,0.3732876712328767
2023-01-07,0.36605783866057845
2023-01-08,0.37907153729071535
2023-01-09,0.4125570776255708
2023-01-10,0.46506849315068494
2023-01-11,0.5122526636225265
2023-01-12,0.6191780821917807
2023-01-13,0.6219178082191781
2023-01-14,0.7486301369863013
2023-01-15,0.7557077625570776
2023-01-16,0.810958904109589
2023-01-17,0.7782343987823439
2023-01-18,0.7977168949771689
2023-01-19,0.7493150684931508
2023-01-20,0.7831811263318111
2023-01-21,0.7926179604261796
2023-01-22,0.728158295281583
2023-01-23,0.7379756468797565
2023-01-24,0.7090563165905632
2023-01-25,0.7703957382039573
2023-01-26,0.7073820395738203
2023-01-27,0.6934550989345509
2023-01-28,0.6268645357686453
2023-01-29,0.6475646879756468
2023-01-30,0.6030441400304415
2023-01-31,0.6275494672754947
2023-02-01,0.6582191780821919
2023-02-02,0.658751902587519
2023-02-03,0.5878234398782344
2023-02-04,0.5568493150684931
2023-02-05,0.5274733637747336
2023-02-06,0.5163622526636225
2023-02-07,0.5491628614916286
2023-02-08,0.5014459665144597
2023-02-09,0.48082191780821915
2023-02-10,0.43995433789954336
2023-02-11,0.4505327245053273
2023-02-12,0.43843226788432266
2023-02-13,0.47960426179604265
2023-02-14,0.49794520547945204
2023-02-15,0.6581430745814308
2023-02-16,0.6828006088280061
2023-02-17,0.7721461187214612
2023-02-18,0.714992389649924
2023-02-19,0.7132420091324201
2023-02-20,0.74779299847793
2023-02-21,0.6963470319634704
2023-02-22,0.6722983257229833
2023-02-23,0.6611111111111111
2023-02-24,0.5830289193302892
2023-02-25,0.5186453576864536
2023-02-26,0.541400304414003
2023-02-27,0.5397260273972602
2023-02-28,0.5027397260273972
2023-03-01,0.4840943683409436
2023-03-02,0.5009132420091323
2023-03-03,0.45806697108066974
2023-03-04,0.36879756468797564
2023-03-05,0.3774733637747336
2023-03-06,0.3778538812785388
2023-03-07,0.38904109589041097
2023-03-08,0.3618721461187214
2023-03-09,0.38706240487062404
2023-03-10,0.4109589041095891
2023-03-11,0.4531202435312025
2023-03-12,0.5976407914764079
2023-03-13,0.7707762557077625
2023-03-14,0.8585996955859969
2023-03-15,0.8322678843226787
2023-03-16,0.8455859969558599
2023-03-17,0.9114155251141551
2023-03-18,0.8885844748858447
2023-03-19,0.8750380517503805
2023-03-20,0.8702435312024354
2023-03-21,0.8240487062404871
2023-03-22,0.850076103500761
2023-03-23,0.8352359208523592
2023-03-24,0.802283105022831
2023-03-25,0.7265601217656013
2023-03-26,0.7023592085235921
2023-03-27,0.698097412480974
2023-03-28,0.6249619482496195
2023-03-29,0.6704718417047184
2023-03-30,0.6214611872146119
2023-03-31,0.6050989345509893
2023-04-01,0.5633942161339421
2023-04-02,0.5146118721461188
2023-04-03,0.5589041095890411
2023-04-04,0.5095890410958904
2023-04-05,0.5023592085235921
2023-04-06,0.4535768645357687
2023-04-07,0.37572298325722986
2023-04-08,0.3757990867579909
2023-04-09,0.40715372907153724
2023-04-10,0.5236681887366819
2023-04-11,0.5419330289193304
2023-04-12,0.510806697108067
2023-04-13,0.5251141552511416
2023-04-14,0.5879756468797566
2023-04-15,0.5853120243531202
2023-04-16,0.5940639269406393
2023-04-17,0.5592846270928463
2023-04-18,0.5683409436834094
2023-04-19,0.5245814307458143
2023-04-20,0.44984779299847794
2023-04-21,0.38394216133942166
2023-04-22,0.40974124809741247
2023-04-23,0.40532724505327244
2023-04-24,0.4001522070015221
2023-04-25,0.4080669710806697
2023-04-26,0.5514459665144597
2023-04-27,0.624200913242009
2023-04-28,0.554337899543379
2023-04-29,0.4863013698630137
2023-04-30,0.5050228310502283
2023-05-01,0.5125570776255708
2023-05-02,0.48021308980213084
2023-05-03,0.5150684931506849
2023-05-04,0.4402587519025875
2023-05-05,0.508904109589041
2023-05-06,0.47876712328767124
2023-05-07,0.4579147640791477
2023-05-08,0.454185692541857
2023-05-09,0.34939117199391173
2023-05-10,0.39132420091324205
2023-05-11,0.2973363774733638
2023-05-12,0.3177321156773212
2023-05-13,0.28721461187214614
2023-05-14,0.2798325722983257
2023-05-15,0.32983257229832574
2023-05-16,0.3345509893455099
2023-05-17,0.3860730593607306
2023-05-18,0.38668188736681885
2023-05-19,0.3821156773211568
2023-05-20,0.37663622526636226
2023-05-21,0.35738203957382036
2023-05-22,0.369634703196347
2023-05-23,0.3852359208523592
2023-05-24,0.31537290715372907
2023-05-25,0.354261796042618
2023-05-26,0.3629375951293759
2023-05-27,0.3773972602739726
2023-05-28,0.4833333333333334
2023-05-29,0.49824961948249613
2023-05-30,0.48706240487062413
2023-05-31,0.47557077625570787
2023-06-01,0.454490106544901
2023-06-02,0.454337899543379
2023-06-03,0.43652968036529677
2023-06-04,0.43919330289193304
2023-06-05,0.43264840182648406
2023-06-06,0.5572298325722983
2023-06-07,0.5285388127853882
2023-06-08,0.5103500761035007
2023-06-09,0.47617960426179606
2023-06-10,0.5066971080669711
2023-06-11,0.45076103500761033
2023-06-12,0.4726027397260274
2023-06-13,0.436986301369863
2023-06-14,0.45456621004566217
2023-06-15,0.45235920852359207
2023-06-16,0.5567732115677322
2023-06-17,0.5791476407914764
2023-06-18,0.5471841704718416
2023-06-19,0.6321156773211568
2023-06-20,0.7242770167427702
2023-06-21,0.8289954337899544
2023-06-22,0.8134703196347032
2023-06-23,0.8496194824961949
2023-06-24,0.8035007610350076
2023-06-25,0.8065449010654491
2023-06-26,0.8193302891933029
2023-06-27,0.813394216133942
2023-06-28,0.7449010654490107
2023-06-29,0.7560121765601218
2023-06-30,0.8178843226788433
2023-07-01,0.7188736681887367
2023-07-02,0.7343226788432268
2023-07-03,0.730289193302892
2023-07-04,0.6862252663622527
2023-07-05,0.6425418569254187
2023-07-06,0.6576864535768645
2023-07-07,0.5752663622526637
2023-07-08,0.5322678843226788
2023-07-09,0.4953576864535768
2023-07-10,0.5329528158295281
2023-07-11,0.5574581430745815
2023-07-12,0.5687975646879756
2023-07-13,0.678386605783866
2023-07-14,0.6151445966514459
2023-07-15,0.5652968036529681
2023-07-16,0.5709284627092847
2023-07-17,0.5474124809741246
2023-07-18,0.500076103500761
2023-07-19,0.5048706240487062
2023-07-20,0.4402587519025875
2023-07-21,0.4089041095890411
2023-07-22,0.3579908675799087
2023-07-23,0.4141552511415525
2023-07-24,0.3885083713850837
2023-07-25,0.37526636225266363
2023-07-26,0.38736681887366825
2023-07-27,0.36613394216133943
2023-07-28,0.37831050228310503
2023-07-29,0.39802130898021304
2023-07-30,0.3867579908675799
2023-07-31,0.4047945205479452
2023-08-01,0.467579908675799
2023-08-02,0.4182648401826483
2023-08-03,0.4312785388127854
2023-08-04,0.39452054794520547
2023-08-05,0.3671232876712329
2023-08-06,0.37427701674277014
2023-08-07,0.45624048706240483
2023-08-08,0.5304414003044139
2023-08-09,0.517503805175038
2023-08-10,0.4595890410958905
2023-08-11,0.4432267884322678
2023-08-12,0.4471841704718417
2023-08-13,0.42945205479452053
2023-08-14,0.45867579908675804
2023-08-15,0.34786910197869103
2023-08-16,0.3070776255707763
2023-08-17,0.35844748858447484
2023-08-18,0.3643835616438357
2023-08-19,0.32671232876712325
2023-08-20,0.3436073059360731
2023-08-21,0.34939117199391173
2023-08-22,0.3735159817351598
2023-08-23,0.4143835616438356
2023-08-24,0.41012176560121766
2023-08-25,0.3603500761035007
2023-08-26,0.2596651445966514
2023-08-27,0.23614916286149162
2023-08-28,0.2754185692541856
2023-08-29,0.467579908675799
2023-08-30,0.408523592085236
2023-08-31,0.4035768645357687
2023-09-01,0.3871385083713851
2023-09-02,0.3769406392694064
2023-09-03,0.4222222222222222
2023-09-04,0.43652968036529677
2023-09-05,0.37412480974124807
2023-09-06,0.3308219178082192
2023-09-07,0.37945205479452054
2023-09-08,0.35951293759512937
2023-09-09,0.2883561643835616
2023-09-10,0.2812785388127854
2023-09-11,0.28592085235920855
2023-09-12,0.38607305936073055
2023-09-13,0.4425418569254186
2023-09-14,0.5089802130898021
2023-09-15,0.545814307458143
2023-09-16,0.543531202435312
2023-09-17,0.5519786910197869
2023-09-18,0.6288432267884322
2023-09-19,0.6426179604261796
2023-09-20,0.6108828006088279
2023-09-21,0.525951293759513
2023-09-22,0.4754946727549468
2023-09-23,0.4505327245053273
2023-09-24,0.45464231354642315
2023-09-25,0.4708523592085236
2023-09-26,0.3859208523592085
2023-09-27,0.4441400304414003
2023-09-28,0.5592846270928463
2023-09-29,0.5579908675799087
2023-09-30,0.5394977168949772
2023-10-01,0.7204718417047185
2023-10-02,0.7273211567732116
2023-10-03,0.6897260273972603
2023-10-04,0.7032724505327246
2023-10-05,0.6591324200913242
2023-10-06,0.7217656012176561
2023-10-07,0.6653729071537291
2023-10-08,0.6471080669710806
2023-10-09,0.6582191780821919
2023-10-10,0.6007610350076102
2023-10-11,0.5778538812785388
2023-10-12,0.5245053272450533
2023-10-13,0.5261796042617961
2023-10-14,0.4821156773211567
2023-10-15,0.49665144596651445
2023-10-16,0.7480974124809741
2023-10-17,0.7579908675799087
2023-10-18,0.7461187214611873
2023-10-19,0.7749619482496194
2023-10-20,0.8200152207001522
2023-10-21,0.8186453576864535
2023-10-22,0.83455098934551
2023-10-23,0.9310502283105022
2023-10-24,0.9537290715372908
2023-10-25,0.960578386605784
2023-10-26,0.9401826484018263
2023-10-27,0.9140791476407915
2023-10-28,0.8838660578386607
2023-10-29,0.8851598173515982
2023-10-30,0.8783866057838661
2023-10-31,0.8314307458143075
2023-11-01,0.8448249619482495
2023-11-02,0.8318112633181126
2023-11-03,0.8273211567732115
2023-11-04,0.7881278538812785
2023-11-05,0.7959665144596652
2023-11-06,0.7636986301369864
2023-11-07,0.7843226788432269
2023-11-08,0.7572298325722984
2023-11-09,0.8645357686453576
2023-11-10,0.8627092846270928
2023-11-11,0.8199391171993912
2023-11-12,0.8039573820395738
2023-11-13,0.8221461187214613
2023-11-14,0.8133942161339421
2023-11-15,0.8646118721461188
2023-11-16,0.793455098934551
2023-11-17,0.7889649923896499
2023-11-18,0.713013698630137
2023-11-19,0.7448249619482497
2023-11-20,0.8159817351598174
2023-11-21,0.7765601217656013
2023-11-22,0.8032724505327246
2023-11-23,0.739041095890411
2023-11-24,0.7656773211567733
2023-11-25,0.7106544901065449
2023-11-26,0.7193302891933029
2023-11-27,0.7098173515981735
2023-11-28,0.7895738203957382
2023-11-29,0.7424657534246575
2023-11-30,0.7459665144596651
2023-12-01,0.7764079147640791
2023-12-02,0.8055555555555557
2023-12-03,0.8144596651445967
2023-12-04,0.8949771689497718
2023-12-05,0.9153729071537291
2023-12-06,0.9056316590563165
2023-12-07,0.8878995433789955
2023-12-08,0.8861491628614916
2023-12-09,0.8464992389649925
2023-12-10,0.8274733637747336
2023-12-11,0.8225266362252664
2023-12-12,0.7876712328767124
2023-12-13,0.8335616438356165
2023-12-14,0.8617199391171995
2023-12-15,0.7901826484018264
2023-12-16,0.7482496194824962
2023-12-17,0.7279299847792998
2023-12-18,0.7790715372907154
2023-12-19,0.6819634703196348
2023-12-20,0.7092846270928462
2023-12-21,0.7005327245053273
2023-12-22,0.7048706240487063
2023-12-23,0.6536529680365297
2023-12-24,0.6625570776255708
2023-12-25,0.6895738203957382
2023-12-26,0.6824200913242008
2023-12-27,0.6438356164383561
2023-12-28,0.5927701674277016
2023-12-29,0.5678082191780822
2023-12-30,0.5301369863013699
2023-12-31,0.5986301369863014
2024-01-01,0.6799847792998479
2024-01-02,0.7964992389649923
2024-01-03,0.7066971080669711
2024-01-04,0.7455098934550989
2024-01-05,0.7539573820395739
2024-01-06,0.6863013698630137
2024-01-07,0.702054794520548
2024-01-08,0.810958904109589
2024-01-09,0.8136986301369863
2024-01-10,0.8446727549467276
2024-01-11,0.8329528158295282
2024-01-12,0.7454337899543378
2024-01-13,0.6869863013698629
2024-01-14,0.6381278538812786
2024-01-15,0.6278538812785389
2024-01-16,0.6703196347031963
2024-01-17,0.6251141552511414
2024-01-18,0.5523592085235921
2024-01-19,0.5878234398782344
2024-01-20,0.5006088280060883
2024-01-21,0.4686453576864536
2024-01-22,0.48127853881278543
2024-01-23,0.4840182648401826
2024-01-24,0.5221461187214612
2024-01-25,0.4977168949771689
2024-01-26,0.591400304414003
2024-01-27,0.5554794520547945
2024-01-28,0.6203196347031964
2024-01-29,0.6962709284627093
2024-01-30,0.6509132420091324
2024-01-31,0.6105783866057838
2024-02-01,0.641324200913242
2024-02-02,0.6041095890410958
2024-02-03,0.5409436834094369
2024-02-04,0.5366818873668189
2024-02-05,0.5777016742770169
2024-02-06,0.5929223744292238
2024-02-07,0.6384322678843227
2024-02-08,0.6553272450532723
2024-02-09,0.7242009132420092
2024-02-10,0.7166666666666667
2024-02-11,0.7554033485540335
2024-02-12,0.8378995433789955
2024-02-13,0.8583713850837139
2024-02-14,0.8791476407914764
2024-02-15,0.8945205479452054
2024-02-16,0.8697869101978691
2024-02-17,0.8424657534246575
2024-02-18,0.8343226788432269
2024-02-19,0.8015220700152208
2024-02-20,0.8419330289193303
2024-02-21,0.7971080669710807
2024-02-22,0.7381278538812786
2024-02-23,0.6617960426179604
2024-02-24,0.6112633181126332
2024-02-25,0.6011415525114155
2024-02-26,0.7283105022831049
2024-02-27,0.7994672754946728
2024-02-28,0.8770167427701674
2024-02-29,0.8878995433789955
2024-03-01,0.9112633181126333
2024-03-02,0.8768645357686453
2024-03-03,0.8968036529680367
2024-03-04,0.9631659056316592
2024-03-05,0.9153729071537291
2024-03-06,0.9087519025875189
2024-03-07,0.9314307458143074
2024-03-08,0.9432267884322678
2024-03-09,0.8684931506849315
2024-03-10,0.9120243531202435
2024-03-11,0.9401065449010654
2024-03-12,0.9397260273972603
2024-03-13,0.908523592085236
2024-03-14,0.8948249619482497
2024-03-15,0.8370624048706241
2024-03-16,0.7782343987823439
2024-03-17,0.7888127853881279
2024-03-18,0.7201674277016743
2024-03-19,0.6884322678843227
2024-03-20,0.7164383561643837
2024-03-21,0.697564687975647
2024-03-22,0.6573059360730594
2024-03-23,0.6453576864535768
2024-03-24,0.6527397260273973
2024-03-25,0.6866057838660579
2024-03-26,0.7242009132420091
2024-03-27,0.6515220700152207
2024-03-28,0.6773211567732116
2024-03-29,0.6474885844748859
2024-03-30,0.5729071537290715
2024-03-31,0.5828767123287671
2024-04-01,0.5451293759512938
2024-04-02,0.4917808219178082
2024-04-03,0.43569254185692546
2024-04-04,0.47709284627092846
2024-04-05,0.5026636225266362
2024-04-06,0.4899543378995434
2024-04-07,0.5012176560121766
2024-04-08,0.5767884322678843
2024-04-09,0.543455098934551
2024-04-10,0.5735159817351598
2024-04-11,0.5047945205479452
2024-04-12,0.4632420091324201
2024-04-13,0.41666666666666663
2024-04-14,0.4605783866057839
2024-04-15,0.4317351598173516
2024-04-16,0.4832572298325723
2024-04-17,0.42899543378995436
2024-04-18,0.443531202435312
2024-04-19,0.5302130898021309
2024-04-20,0.5095129375951293
2024-04-21,0.46004566210045655
2024-04-22,0.5119482496194825
2024-04-23,0.467579908675799
2024-04-24,0.43432267884322684
2024-04-25,0.41050228310502285
2024-04-26,0.3560882800608828
2024-04-27,0.33797564687975645
2024-04-28,0.2808219178082192
2024-04-29,0.3329528158295281
2024-04-30,0.30890410958904113
2024-05-01,0.3092085235920852
2024-05-02,0.29611872146118723
2024-05-03,0.39048706240487063
2024-05-04,0.4264079147640792
2024-05-05,0.426179604261796
2024-05-06,0.39870624048706244
2024-05-07,0.3878995433789954
2024-05-08,0.3675799086757991
2024-05-09,0.36963470319634706
2024-05-10,0.3050228310502283
2024-05-11,0.22092846270928465
2024-05-12,0.22792998477929988
2024-05-13,0.3472602739726028
2024-05-14,0.37168949771689497
2024-05-15,0.5241248097412481
2024-05-16,0.5047184170471842
2024-05-17,0.5359208523592085
2024-05-18,0.49543378995433784
2024-05-19,0.4773972602739726
2024-05-20,0.5898021308980214
2024-05-21,0.5872907153729071
2024-05-22,0.5300608828006088
2024-05-23,0.5180365296803653
2024-05-24,0.49299847792998475
2024-05-25,0.48120243531202445
2024-05-26,0.47838660578386605
2024-05-27,0.4986301369863014
2024-05-28,0.4988584474885845
2024-05-29,0.4074581430745814
2024-05-30,0.4563165905631659
2024-05-31,0.40601217656012184
2024-06-01,0.3507610350076104
2024-06-02,0.3984779299847793
2024-06-03,0.40882800608828007
2024-06-04,0.4958904109589041
2024-06-05,0.543455098934551
2024-06-06,0.5257229832572298
2024-06-07,0.5348554033485541
2024-06-08,0.4246575342465753
2024-06-09,0.44337899543378995
2024-06-10,0.4250380517503805
2024-06-11,0.39984779299847795
2024-06-12,0.4374429223744293
2024-06-13,0.36377473363774737
2024-06-14,0.35913242009132423
2024-06-15,0.2905631659056317
2024-06-16,0.31841704718417047
2024-06-17,0.3823439878234399
2024-06-18,0.38683409436834093
2024-06-19,0.29558599695585996
2024-06-20,0.27861491628614915
2024-06-21,0.2863774733637747
2024-06-22,0.20273972602739723
2024-06-23,0.20852359208523594
2024-06-24,0.275951293759513
2024-06-25,0.2996194824961948
2024-06-26,0.27184170471841707
2024-06-27,0.30418569254185696
2024-06-28,0.31666666666666665
2024-06-29,0.29018264840182645
2024-06-30,0.3823439878234398
2024-07-01,0.4576864535768645
2024-07-02,0.38744292237442923
2024-07-03,0.3887366818873669
2024-07-04,0.3420852359208524
2024-07-05,0.35829528158295276
2024-07-06,0.3611111111111111
2024-07-07,0.3643074581430746
2024-07-08,0.42701674277016743
2024-07-09,0.47290715372907155
2024-07-10,0.4773972602739726
2024-07-11,0.48280060882800613
2024-07-12,0.5092846270928462
2024-07-13,0.4965753424657534
2024-07-14,0.5508371385083713
2024-07-15,0.6505327245053273
2024-07-16,0.6894216133942161
2024-07-17,0.697945205479452
2024-07-18,0.6938356164383561
2024-07-19,0.7425418569254185
2024-07-20,0.7264079147640792
2024-07-21,0.7659817351598174
2024-07-22,0.7232115677321156
2024-07-23,0.6726027397260275
2024-07-24,0.634474885844749
2024-07-25,0.6948249619482496
2024-07-26,0.6857686453576864
2024-07-27,0.7026636225266363
2024-07-28,0.6493911719939117
2024-07-29,0.6503044140030441
2024-07-30,0.6133181126331811
2024-07-31,0.5683409436834094
2024-08-01,0.5931506849315068
2024-08-02,0.5150684931506849
2024-08-03,0.49200913242009137
2024-08-04,0.4827245053272451
2024-08-05,0.48896499238964997
2024-08-06,0.5092846270928463
2024-08-07,0.5330289193302893
2024-08-08,0.5905631659056316
2024-08-09,0.6033485540334855
2024-08-10,0.5589802130898022
2024-08-11,0.5631659056316591
2024-08-12,0.6053272450532724
2024-08-13,0.5750380517503806
2024-08-14,0.5540334855403348
2024-08-15,0.46826484018264836
2024-08-16,0.5039573820395739
2024-08-17,0.45281582952815835
2024-08-18,0.4964231354642313
2024-08-19,0.5332572298325723
2024-08-20,0.47937595129375954
2024-08-21,0.5358447488584475
2024-08-22,0.46887366818873666
2024-08-23,0.5642313546423136
2024-08-24,0.5544901065449012
2024-08-25,0.582420091324201
2024-08-26,0.561111111111111
2024-08-27,0.5204718417047185
2024-08-28,0.48318112633181126
2024-08-29,0.545738203957382
2024-08-30,0.47435312024353116
2024-08-31,0.36986301369863017
2024-09-01,0.391324200913242
2024-09-02,0.43980213089802134
2024-09-03,0.4079147640791477
2024-09-04,0.4525114155251142
2024-09-05,0.3818112633181126
2024-09-06,0.3431506849315069
2024-09-07,0.31270928462709285
2024-09-08,0.32709284627092844
2024-09-09,0.4035007610350076
2024-09-10,0.4715372907153729
2024-09-11,0.4859208523592085
2024-09-12,0.5318873668188737
2024-09-13,0.5972602739726027
2024-09-14,0.5505327245053272
2024-09-15,0.569710806697108
2024-09-16,0.5058599695585997
2024-09-17,0.5805936073059361
2024-09-18,0.6554033485540335
2024-09-19,0.6757229832572298
2024-09-20,0.6818873668188737
2024-09-21,0.6218417047184172
2024-09-22,0.6546423135464231
2024-09-23,0.6422374429223745
2024-09-24,0.634474885844749
2024-09-25,0.5927701674277017
2024-09-26,0.6057838660578387
2024-09-27,0.5986301369863013
2024-09-28,0.5630136986301371
2024-09-29,0.5531963470319634
2024-09-30,0.5701674277016743
2024-10-01,0.48729071537290714
2024-10-02,0.4752663622526636
2024-10-03,0.44550989345509895
2024-10-04,0.45479452054794517
2024-10-05,0.38805175038051753
2024-10-06,0.4335616438356164
2024-10-07,0.4988584474885845
2024-10-08,0.46164383561643835
2024-10-09,0.4082952815829528
2024-10-10,0.3506849315068494
2024-10-11,0.3605783866057839
2024-10-12,0.3684931506849315
2024-10-13,0.365296803652968
2024-10-14,0.5254185692541857
2024-10-15,0.6528158295281582
2024-10-16,0.6828767123287672
2024-10-17,0.6757990867579908
2024-10-18,0.6726027397260274
2024-10-19,0.6098934550989346
2024-10-20,0.6180365296803653
2024-10-21,0.6165905631659057
2024-10-22,0.5783105022831051
2024-10-23,0.5151445966514459
2024-10-24,0.5654490106544902
2024-10-25,0.5458143074581431
2024-10-26,0.4796803652968036
2024-10-27,0.5009132420091325
2024-10-28,0.6011415525114154
2024-10-29,0.6901065449010654
2024-10-30,0.7119482496194826
2024-10-31,0.669710806697108
2024-11-01,0.6764840182648402
2024-11-02,0.6057077625570776
2024-11-03,0.6212328767123287
2024-11-04,0.6184170471841705
2024-11-05,0.6274733637747336
2024-11-06,0.7850837138508372
2024-11-07,0.830289193302892
2024-11-08,0.8425418569254185
2024-11-09,0.8162100456621004
2024-11-10,0.9138508371385083
2024-11-11,0.9524353120243533
2024-11-12,0.9577625570776256
2024-11-13,0.9596651445966514
2024-11-14,0.9292237442922375
2024-11-15,0.924048706240487
2024-11-16,0.8777016742770167
2024-11-17,0.8692541856925418
2024-11-18,0.8863013698630137
2024-11-19,0.917123287671233
2024-11-20,0.9039573820395739
2024-11-21,0.935083713850837
2024-11-22,0.9110350076103502
2024-11-23,0.8693302891933029
2024-11-24,0.8829528158295281
2024-11-25,0.874048706240487
2024-11-26,0.8413242009132421
2024-11-27,0.8187214611872146
2024-11-28,0.7734398782343987
2024-11-29,0.7396499238964993
2024-11-30,0.6821156773211569
2024-12-01,0.6728310502283105
2024-12-02,0.7082952815829527
2024-12-03,0.7160578386605784
2024-12-04,0.7382800608828006
2024-12-05,0.710730593607306
2024-12-06,0.7257990867579909
2024-12-07,0.7003805175038051
2024-12-08,0.7162100456621006
2024-12-09,0.7571537290715373
2024-12-10,0.7054794520547945
2024-12-11,0.682648401826484
2024-12-12,0.6763318112633181
2024-12-13,0.6056316590563166
2024-12-14,0.5659817351598173
2024-12-15,0.6118721461187214
2024-12-16,0.7068493150684931
2024-12-17,0.7126331811263318
2024-12-18,0.6076103500761034
2024-12-19,0.5406392694063927
2024-12-20,0.5353881278538812
2024-12-21,0.5192541856925419
2024-12-22,0.47960426179604254
2024-12-23,0.4752663622526636
2024-12-24,0.510958904109589
2024-12-25,0.4909436834094368
2024-12-26,0.46506849315068494
2024-12-27,0.3900304414003044
2024-12-28,0.2996194824961948
2024-12-29,0.27336377473363777
2024-12-30,0.2971080669710806
2024-12-31,0.2898782343987823
2025-01-01,0.24786910197869105
2025-01-02,0.35799086757990867
2025-01-03,0.38401826484018264
2025-01-04,0.3308980213089802
2025-01-05,0.3725266362252663
2025-01-06,0.4812785388127854
2025-01-07,0.3927701674277017
2025-01-08,0.3516742770167428
2025-01-09,0.33462709284627096
2025-01-10,0.378386605783866
2025-01-11,0.2819634703196347
2025-01-12,0.29863013698630136
2025-01-13,0.3925418569254186
2025-01-14,0.4261796042617961
2025-01-15,0.508751902587519
2025-01-16,0.510806697108067
2025-01-17,0.5430745814307458
2025-01-18,0.595662100456621
2025-01-19,0.6311263318112634
2025-01-20,0.6561643835616439
2025-01-21,0.7450532724505327
2025-01-22,0.7031963470319634
2025-01-23,0.763165905631659
2025-01-24,0.7249619482496196
2025-01-25,0.6312024353120242
2025-01-26,0.5970319634703196
2025-01-27,0.587138508371385
2025-01-28,0.49368340943683414
2025-01-29,0.5114155251141552
2025-01-30,0.47534246575342465
2025-01-31,0.3935312024353121
2025-02-01,0.31613394216133944
2025-02-02,0.35190258751902587
2025-02-03,0.46385083713850833
2025-02-04,0.4382039573820396
2025-02-05,0.38873668188736676
2025-02-06,0.34809741248097414
2025-02-07,0.38219178082191774
2025-02-08,0.3164383561643836
2025-02-09,0.3658295281582953
2025-02-10,0.31742770167427703
2025-02-11,0.2623287671232876
2025-02-12,0.33272450532724507
2025-02-13,0.28531202435312025
2025-02-14,0.32595129375951293
2025-02-15,0.2684170471841705
2025-02-16,0.2496955859969559
2025-02-17,0.2035007610350076
2025-02-18,0.23432267884322677
2025-02-19,0.24634703196347033
2025-02-20,0.3004566210045662
2025-02-21,0.2691019786910198
2025-02-22,0.22305936073059363
2025-02-23,0.23203957382039578
2025-02-24,0.25266362252663627
2025-02-25,0.26286149162861494
2025-02-26,0.2796803652968036
2025-02-27,0.2862252663622527
2025-02-28,0.3148401826484018
2025-03-01,0.3027397260273973
2025-03-02,0.46826484018264836
2025-03-03,0.46910197869101977
2025-03-04,0.49543378995433796
2025-03-05,0.5374429223744293
2025-03-06,0.4865296803652968
2025-03-07,0.47876712328767124
2025-03-08,0.3643074581430745
2025-03-09,0.3176560121765601
2025-03-10,0.28858447488584477
2025-03-11,0.2927701674277017
2025-03-12,0.3401826484018265
2025-03-13,0.300076103500761
2025-03-14,0.319406392694064
2025-03-15,0.26164383561643834
2025-03-16,0.2897260273972603
2025-03-17,0.3070776255707763
2025-03-18,0.24550989345509894
2025-03-19,0.25768645357686454
2025-03-20,0.273972602739726
2025-03-21,0.1963470319634703
2025-03-22,0.13546423135464233
2025-03-23,0.22922374429223746
2025-03-24,0.3167427701674277
2025-03-25,0.3079908675799087
2025-03-26,0.26704718417047185
2025-03-27,0.3046423135464231
2025-03-28,0.28150684931506853
2025-03-29,0.25449010654490106
2025-03-30,0.24482496194824963
2025-03-31,0.3159056316590563
2025-04-01,0.36598173515981736
2025-04-02,0.34101978691019785
2025-04-03,0.3711567732115677
2025-04-04,0.45441400304414004
2025-04-05,0.37366818873668195
2025-04-06,0.3531202435312024
2025-04-07,0.3976407914764079
2025-04-08,0.380441400304414
2025-04-09,0.5146118721461188
2025-04-10,0.4809741248097412
2025-04-11,0.513013698630137
2025-04-12,0.547945205479452
2025-04-13,0.5875190258751902
2025-04-14,0.5401826484018265
2025-04-15,0.4417808219178082
2025-04-16,0.4407153729071538
2025-04-17,0.4114916286149163
2025-04-18,0.349923896499239
2025-04-19,0.31491628614916284
2025-04-20,0.37792998477929984
2025-04-21,0.460806697108067
2025-04-22,0.5490867579908676
2025-04-23,0.5668188736681887
2025-04-24,0.5462709284627093
2025-04-25,0.5866057838660578
2025-04-26,0.5727549467275496
2025-04-27,0.5885083713850836
2025-04-28,0.6243531202435313
2025-04-29,0.591248097412481
2025-04-30,0.5279299847792999
2025-05-01,0.5382039573820396
2025-05-02,0.49649923896499243
2025-05-03,0.4613394216133942
2025-05-04,0.4615677321156773
2025-05-05,0.4466514459665145
2025-05-06,0.47359208523592083
2025-05-07,0.5163622526636225
2025-05-08,0.6146118721461188
2025-05-09,0.6275494672754947
2025-05-10,0.6210045662100456
2025-05-11,0.6595890410958903
2025-05-12,0.6747336377473363
2025-05-13,0.6601978691019786
2025-05-14,0.621841704718417
2025-05-15,0.5945205479452055
2025-05-16,0.5433789954337899
2025-05-17,0.47952815829528156
2025-05-18,0.5591324200913241
2025-05-19,0.5897260273972603
2025-05-20,0.5865296803652968
2025-05-21,0.6875190258751903
2025-05-22,0.6745814307458144
2025-05-23,0.6503805175038051
2025-05-24,0.6209284627092846
2025-05-25,0.6410958904109589
2025-05-26,0.6506088280060883
2025-05-27,0.6236681887366818
2025-05-28,0.5480974124809741
2025-05-29,0.48082191780821915
2025-05-30,0.4407914764079147
2025-05-31,0.38911719939117195
2025-06-01,0.3584474885844749
2025-06-02,0.3853881278538813
2025-06-03,0.36849315068493144
2025-06-04,0.32587519025875195
2025-06-05,0.3200152207001522
2025-06-06,0.3438356164383562
2025-06-07,0.3530441400304414
2025-06-08,0.31750380517503807
2025-06-09,0.43881278538812785
2025-06-10,0.46445966514459663
2025-06-11,0.4374429223744292
2025-06-12,0.4120243531202436
2025-06-13,0.4141552511415525
2025-06-14,0.3119482496194825
2025-06-15,0.31339421613394214
2025-06-16,0.35243531202435313
2025-06-17,0.34414003044140024
2025-06-18,0.3561643835616438
2025-06-19,0.34528158295281586
2025-06-20,0.2601978691019787
2025-06-21,0.21560121765601215
2025-06-22,0.24817351598173515
2025-06-23,0.3462709284627093
2025-06-24,0.3603500761035008
2025-06-25,0.3936834094368341
2025-06-26,0.410806697108067
2025-06-27,0.45197869101978694
2025-06-28,0.4232115677321157
2025-06-29,0.43211567732115674
2025-06-30,0.3687975646879756
2025-07-01,0.2998477929984779
2025-07-02,0.33554033485540335
2025-07-03,0.4063926940639269
2025-07-04,0.3314307458143075
2025-07-05,0.30380517503805177
2025-07-06,0.33652968036529685
2025-07-07,0.32039573820395734
2025-07-08,0.3396499238964992
2025-07-09,0.39687975646879753
2025-07-10,0.5084474885844749
2025-07-11,0.5511415525114155
2025-07-12,0.55662100456621
2025-07-13,0.6154490106544901
2025-07-14,0.7213089802130898
2025-07-15,0.7297564687975648
2025-07-16,0.717503805175038
2025-07-17,0.7234398782343987
2025-07-18,0.6876712328767124
2025-07-19,0.6252663622526636
2025-07-20,0.613318112633181
2025-07-21,0.6356925418569255
2025-07-22,0.7225266362252662
2025-07-23,0.645814307458143
2025-07-24,0.536910197869102
2025-07-25,0.5407914764079147
2025-07-26,0.49322678843226797
2025-07-27,0.5200913242009133
2025-07-28,0.49733637747336373
2025-07-29,0.4792237442922374
2025-07-30,0.4490867579908675
2025-07-31,0.42123287671232873
2025-08-01,0.40875190258751903
2025-08-02,0.30175038051750375
2025-08-03,0.30928462709284626
2025-08-04,0.33508371385083713
2025-08-05,0.32564687975646883
2025-08-06,0.3360730593607306
2025-08-07,0.4079147640791476
2025-08-08,0.408675799086758
2025-08-09,0.3488584474885845
2025-08-10,0.4098173515981735
2025-08-11,0.44490106544901065
2025-08-12,0.5037290715372907
2025-08-13,0.5993150684931507
2025-08-14,0.5885844748858448
2025-08-15,0.5051750380517503
2025-08-16,0.4995433789954337
2025-08-17,0.48964992389649914
2025-08-18,0.4921613394216134
2025-08-19,0.40715372907153724
2025-08-20,0.4127853881278539
2025-08-21,0.37952815829528164
2025-08-22,0.49162861491628607
2025-08-23,0.4030441400304414
2025-08-24,0.40129375951293755
2025-08-25,0.4329528158295282
2025-08-26,0.441248097412481
2025-08-27,0.3850837138508371
2025-08-28,0.408675799086758
2025-08-29,0.3628614916286149
2025-08-30,0.31651445966514463
2025-08-31,0.31050228310502287
2025-09-01,0.37130898021308983
2025-09-02,0.4001522070015221
2025-09-03,0.4209284627092846
2025-09-04,0.3866057838660579
2025-09-05,0.3986301369863014
2025-09-06,0.34330289193302893
2025-09-07,0.3784627092846271
2025-09-08,0.4235159817351598
2025-09-09,0.38044140030441403
2025-09-10,0.40220700152207
2025-09-11,0.45380517503805173
2025-09-12,0.524048706240487
2025-09-13,0.489421613394216
2025-09-14,0.47351598173515974
2025-09-15,0.49200913242009126
2025-09-16,0.5121004566210046
2025-09-17,0.4861491628614917
2025-09-18,0.4726027397260273
2025-09-19,0.40251141552511416
2025-09-20,0.39832572298325725
2025-09-21,0.3822678843226789
2025-09-22,0.33980213089802125
2025-09-23,0.28150684931506853
2025-09-24,0.3095129375951294
2025-09-25,0.27617960426179605
2025-09-26,0.27534246575342464
2025-09-27,0.23386605783866057
2025-09-28,0.2835616438356164
2025-09-29,0.39315068493150684
2025-09-30,0.37823439878234394
2025-10-01,0.48295281582952815
2025-10-02,0.5507610350076103
2025-10-03,0.5908675799086758
2025-10-04,0.5595890410958904
2025-10-05,0.6550989345509893
2025-10-06,0.7015220700152206
2025-10-07,0.7082191780821918
2025-10-08,0.6831811263318113
2025-10-09,0.6641552511415525
2025-10-10,0.5898021308980214
2025-10-11,0.5009132420091325
2025-10-12,0.5538051750380517
2025-10-13,0.5187975646879756
2025-10-14,0.4989345509893455
2025-10-15,0.41902587519025875
2025-10-16,0.4286149162861491
2025-10-17,0.41187214611872147
2025-10-18,0.33683409436834094
2025-10-19,0.3201674277016743
2025-10-20,0.3549467275494672
2025-10-21,0.39490106544901066
2025-10-22,0.3693302891933029
2025-10-23,0.39954337899543385
2025-10-24,0.4202435312024353
2025-10-25,0.3666666666666667
2025-10-26,0.39101978691019784
2025-10-27,0.36529680365296807
2025-10-28,0.3926940639269406
2025-10-29,0.408599695585997
2025-10-30,0.3443683409436834
2025-10-31,0.3758751902587519
2025-11-01,0.306544901065449
2025-11-02,0.3111111111111111
2025-11-03,0.30639269406392694
2025-11-04,0.3146879756468798
2025-11-05,0.3583713850837139
2025-11-06,0.3445205479452055
2025-11-07,0.350152207001522
2025-11-08,0.2704718417047184
2025-11-09,0.30213089802130894
2025-11-10,0.3591324200913242
2025-11-11,0.3563165905631659
2025-11-12,0.2636225266362253
2025-11-13,0.2742009132420091
2025-11-14,0.2570015220700152
2025-11-15,0.23835616438356164
2025-11-16,0.2767884322678843
2025-11-17,0.3267123287671233
2025-11-18,0.37450532724505325
2025-11-19,0.3881278538812786
2025-11-20,0.3989345509893456
2025-11-21,0.40898021308980215
2025-11-22,0.36681887366818877
2025-11-23,0.3741248097412481
2025-11-24,0.430365296803653
2025-11-25,0.3854642313546423
2025-11-26,0.38683409436834093
2025-11-27,0.36217656012176563
2025-11-28,0.3719939117199391
2025-11-29,0.2681126331811263
2025-11-30,0.22161339421613394
2025-12-01,0.2254185692541857
2025-12-02,0.3009132420091324
2025-12-03,0.37108066971080667
2025-12-04,0.36484018264840185
2025-12-05,0.35441400304414006
2025-12-06,0.2841704718417047
2025-12-07,0.3854642313546423
2025-12-08,0.40403348554033486
2025-12-09,0.4207001522070015
2025-12-10,0.3640030441400304
2025-12-11,0.3780060882800609
2025-12-12,0.35494672754946727
2025-12-13,0.2808219178082192
2025-12-14,0.24802130898021313
2025-12-15,0.28987823439878235
2025-12-16,0.2491628614916286
2025-12-17,0.28538812785388123
2025-12-18,0.2687214611872146
2025-12-19,0.3299086757990868
2025-12-20,0.2714611872146119
2025-12-21,0.30646879756468803
2025-12-22,0.34779299847793
2025-12-23,0.2694063926940639
2025-12-24,0.24391171993911723
2025-12-25,0.21286149162861492
2025-12-26,0.23242009132420088
2025-12-27,0.18972602739726027
2025-12-28,0.19870624048706242
2025-12-29,0.25007610350076104
2025-12-30,0.29604261796042614
2025-12-31,0.24977168949771691
2026-01-01,0.3070015220700152
2026-01-02,0.36757990867579904
2026-01-03,0.33477929984779303
2026-01-04,0.38401826484018264
2026-01-05,0.4833333333333334
2026-01-06,0.4945966514459665
2026-01-07,0.441324200913242
2026-01-08,0.42168949771689496
2026-01-09,0.4072298325722983
2026-01-10,0.33706240487062405
2026-01-11,0.3600456621004566
2026-01-12,0.4337899543378996
2026-01-13,0.5333333333333333
2026-01-14,0.6219939117199391
2026-01-15,0.6177321156773211
2026-01-16,0.5640791476407914
2026-01-17,0.532496194824962
2026-01-18,0.4916286149162862
2026-01-19,0.42503805175038056
2026-01-20,0.35616438356164387
2026-01-21,0.36270928462709284
2026-01-22,0.3356164383561644
2026-01-23,0.38127853881278534
2026-01-24,0.3213850837138509
2026-01-25,0.31993911719939117
2026-01-26,0.3901826484018265
2026-01-27,0.4060121765601218
2026-01-28,0.38447488584474887
2026-01-29,0.3514459665144597
2026-01-30,0.3178082191780822
2026-01-31,0.3550228310502283
2026-02-01,0.40251141552511416
2026-02-02,0.43797564687975643
2026-02-03,0.43500761035007607
2026-02-04,0.42914764079147644
2026-02-05,0.4356164383561644
2026-02-06,0.4666666666666667
2026-02-07,0.46484018264840177
2026-02-08,0.47054794520547955
2026-02-09,0.447716894977169
2026-02-10,0.4406392694063927
2026-02-11,0.4411719939117199
2026-02-12,0.44117199391171996
2026-02-13,0.37115677321156776
2026-02-14,0.3213850837138508
2026-02-15,0.31742770167427703
2026-02-16,0.3338660578386606
2026-02-17,0.3099695585996956
2026-02-18,0.3015981735159817
2026-02-19,0.3802130898021309
2026-02-20,0.3403348554033485
2026-02-21,0.2653729071537291
2026-02-22,0.23515981735159816
2026-02-23,0.2540334855403349
2026-02-24,0.2694063926940639
2026-02-25,0.3997716894977169
2026-02-26,0.39071537290715375
2026-02-27,0.3119482496194825
2026-02-28,0.3742770167427702
2026-03-01,0.4054794520547945
2026-03-02,0.5143074581430747
2026-03-03,0.5463470319634703
2026-03-04,0.6404109589041096
2026-03-05,0.6215372907153729
2026-03-06,0.5711567732115677
2026-03-07,0.45319634703196343
2026-03-08,0.5273211567732115
2026-03-09,0.5461948249619483
2026-03-10,0.641324200913242
2026-03-11,0.5872907153729072
2026-03-12,0.6
2026-03-13,0.6354642313546423
2026-03-14,0.5707001522070015
2026-03-15,0.6041095890410959
2026-03-16,0.6547945205479452
2026-03-17,0.6311263318112633
2026-03-18,0.5221461187214612
2026-03-19,0.47770167427701676
2026-03-20,0.4828767123287671
2026-03-21,0.40730593607305937
2026-03-22,0.3927701674277017
2026-03-23,0.4595890410958904
2026-03-24,0.41194824961948256
2026-03-25,0.43264840182648395
2026-03-26,0.3996955859969559
2026-03-27,0.31993911719939117
2026-03-28,0.22519025875190257
2026-03-29,0.26210045662100456
2026-03-30,0.29779299847793
2026-03-31,0.3792237442922375
2026-04-01,0.34010654490106546
2026-04-02,0.31613394216133944
2026-04-03,0.2894216133942161
2026-04-04,0.2566971080669711
2026-04-05,0.3423896499238965
2026-04-06,0.31423135464231355
2026-04-07,0.3942161339421614
2026-04-08,0.3721461187214612
2026-04-09,0.44512937595129376
2026-04-10,0.44375951293759514
2026-04-11,0.4322678843226788
2026-04-12,0.4269406392694064
2026-04-13,0.5103500761035007
2026-04-14,0.5035007610350076
2026-04-15,0.5116438356164383
2026-04-16,0.5417047184170473
2026-04-17,0.5576103500761035
2026-04-18,0.5241248097412481
2026-04-19,0.5177321156773211
2026-04-20,0.5319634703196346
2026-04-21,0.6002283105022831
2026-04-22,0.5757990867579909
2026-04-23,0.5730593607305936
2026-04-24,0.5287671232876713
2026-04-25,0.4882800608828006
2026-04-26,0.5421613394216134
2026-04-27,0.4946727549467275
2026-04-28,0.4194824961948249
2026-04-29,0.3851598173515982
2026-04-30,0.3466514459665145
2026-05-01,0.3910197869101979
2026-05-02,0.36955859969558597
2026-05-03,0.3685692541856926
2026-05-04,0.49261796042617956
2026-05-05,0.47777777777777775
2026-05-06,0.49025875190258755
2026-05-07,0.46187214611872146
2026-05-08,0.46347031963470314
2026-05-09,0.45905631659056323
2026-05-10,0.5089802130898021
2026-05-11,0.5213089802130898
2026-05-12,0.44178082191780826
2026-05-13,0.3811263318112633
2026-05-14,0.4852359208523592
2026-05-15,0.42595129375951296
2026-05-16,0.37108066971080667
2026-05-17,0.34695585996955863
2026-05-18,0.3360730593607306
2026-05-19,0.3235159817351598
2026-05-20,0.3620243531202435
2026-05-21,0.3136225266362252
2026-05-22,0.24010654490106542
2026-05-23,0.2656012176560122
2026-05-24,0.2980974124809741
2026-05-25,0.3141095890410959
2026-05-26,0.33123287671232876
2026-05-27,0.23054794520547944
2026-05-28,0.1852054794520548
2026-05-29,0.19602739726027396
2026-05-30,0.10671232876712329
2026-05-31,0.11342465753424658
2026-06-01,0.16547945205479453
2026-06-02,0.2298630136986301
2026-06-03,0.27095890410958906
2026-06-04,0.3189041095890411
2026-06-05,0.3505479452054795
2026-06-06,0.34794520547945207
2026-06-07,0.39438356164383565
2026-06-08,0.3664383561643835
2026-06-09,0.3536986301369863
2026-06-10,0.3749315068493151
2026-06-11,0.34465753424657536
2026-06-12,0.2876712328767123
2026-06-13,0.23383561643835615
2026-06-14,0.2806849315068493
2026-06-15,0.38876712328767116
2026-06-16,0.41726027397260274
2026-06-17,0.523972602739726
2026-06-18,0.3838356164383562
2026-06-19,0.4465753424657534
2026-06-20,0.439041095890411
2026-06-21,0.3404109589041096
2026-06-22,0.41356164383561644
2026-06-23,0.39424657534246577
2026-06-24,0.40534246575342464
2026-06-25,0.39315068493150684
2026-06-26,0.4463013698630137
2026-06-27,0.2704109589041096
2026-06-28,0.30643835616438353
2026-06-29,0.400958904109589
2026-06-30,0.31958904109589037
2026-07-01,0.4347945205479452
2026-07-02,0.5447945205479452
2026-07-03,0.4919178082191781
2026-07-04,0.483013698630137
2026-07-05,0.5308219178082191
2026-07-06,0.6497260273972604
2026-07-07,0.5917808219178082
2026-07-08,0.5612328767123287
2026-07-09,0.5731506849315068
2026-07-10,0.5478082191780823
2026-07-11,0.46945205479452057
2026-07-12,0.44534246575342457
2026-07-13,0.3780821917808219
2026-07-14,0.5684931506849314
2026-07-15,0.517123287671233
2026-07-16,0.4102739726027398
2026-07-17,0.4232876712328767
2026-07-18,0.404931506849315
2026-07-19,0.4008219178082192
2026-07-20,0.6047945205479452
2026-07-21,0.591095890410959
2026-07-22,0.5821917808219179
2026-07-23,0.5249315068493151
2026-07-24,0.42698630136986304
2026-07-25,0.38369863013698635
2026-07-26,0.45260273972602744
2026-07-27,0.3954794520547945
2026-07-28,0.3306849315068493
2026-07-29,0.42821917808219184
2026-07-30,0.49520547945205484
2026-07-31,0.39068493150684935
2026-08-01,0.29054794520547944
2026-08-02,0.3854794520547945
2026-08-03,0.40273972602739727
2026-08-04,0.4115068493150685
2026-08-05,0.43479452054794515
2026-08-06,0.33999999999999997
2026-08-07,0.4924657534246575
2026-08-08,0.4841095890410959
2026-08-09,0.4521917808219178
2026-08-10,0.4656164383561644
2026-08-11,0.3632876712328767
2026-08-12,0.30095890410958903
2026-08-13,0.3832876712328767
2026-08-14,0.28109589041095895
2026-08-15,0.2536986301369863
2026-08-16,0.22945205479452055
2026-08-17,0.47178082191780824
2026-08-18,0.5197260273972603
2026-08-19,0.8780821917808218
2026-08-20,0.9264383561643836
2026-08-21,0.97
2026-08-22,0.9164383561643836
2026-08-23,0.8934246575342465
2026-08-24,0.9463013698630137
2026-08-25,0.9321917808219178
2026-08-26,0.8604109589041095
2026-08-27,0.8706849315068492
2026-08-28,0.8142465753424657
2026-08-29,0.7021917808219178
2026-08-30,0.7058904109589041
2026-08-31,0.7410958904109589
2026-09-01,0.712876712328767
2026-09-02,0.6832876712328768
2026-09-03,0.7349315068493152
2026-09-04,0.6613698630136986
2026-09-05,0.5231506849315068
2026-09-06,0.5526027397260275
2026-09-07,0.46520547945205476
2026-09-08,0.47643835616438357
2026-09-09,0.5047945205479452
2026-09-10,0.3876712328767123
2026-09-11,0.556027397260274
2026-09-12,0.39479452054794517
2026-09-13,0.3804109589041096
2026-09-14,0.5742465753424658
2026-09-15,0.5582191780821918
2026-09-16,0.5778082191780822
