date,0
2012-01-01,
2012-01-02,
2012-01-03,
2012-01-04,
2012-01-05,
2012-01-06,
2012-01-07,
2012-01-08,
2012-01-09,
2012-01-10,
2012-01-11,
2012-01-12,
2012-01-13,
2012-01-14,
2012-01-15,
2012-01-16,
2012-01-17,
2012-01-18,
2012-01-19,
2012-01-20,
2012-01-21,
2012-01-22,
2012-01-23,
2012-01-24,
2012-01-25,
2012-01-26,
2012-01-27,
2012-01-28,
2012-01-29,
2012-01-30,
2012-01-31,
2012-02-01,
2012-02-02,
2012-02-03,
2012-02-04,
2012-02-05,
2012-02-06,
2012-02-07,
2012-02-08,
2012-02-09,
2012-02-10,
2012-02-11,
2012-02-12,
2012-02-13,
2012-02-14,
2012-02-15,
2012-02-16,
2012-02-17,
2012-02-18,
2012-02-19,
2012-02-20,
2012-02-21,
2012-02-22,
2012-02-23,
2012-02-24,
2012-02-25,
2012-02-26,
2012-02-27,
2012-02-28,
2012-02-29,
2012-03-01,
2012-03-02,
2012-03-03,
2012-03-04,
2012-03-05,
2012-03-06,
2012-03-07,
2012-03-08,
2012-03-09,
2012-03-10,
2012-03-11,
2012-03-12,
2012-03-13,
2012-03-14,
2012-03-15,
2012-03-16,
2012-03-17,
2012-03-18,
2012-03-19,
2012-03-20,
2012-03-21,
2012-03-22,
2012-03-23,
2012-03-24,
2012-03-25,
2012-03-26,
2012-03-27,
2012-03-28,
2012-03-29,
2012-03-30,
2012-03-31,
2012-04-01,
2012-04-02,
2012-04-03,
2012-04-04,
2012-04-05,
2012-04-06,
2012-04-07,
2012-04-08,
2012-04-09,
2012-04-10,
2012-04-11,
2012-04-12,
2012-04-13,
2012-04-14,
2012-04-15,
2012-04-16,
2012-04-17,
2012-04-18,
2012-04-19,
2012-04-20,
2012-04-21,
2012-04-22,
2012-04-23,
2012-04-24,
2012-04-25,
2012-04-26,
2012-04-27,
2012-04-28,
2012-04-29,
2012-04-30,
2012-05-01,
2012-05-02,
2012-05-03,
2012-05-04,
2012-05-05,
2012-05-06,
2012-05-07,
2012-05-08,
2012-05-09,
2012-05-10,
2012-05-11,
2012-05-12,
2012-05-13,
2012-05-14,
2012-05-15,
2012-05-16,
2012-05-17,
2012-05-18,
2012-05-19,
2012-05-20,
2012-05-21,
2012-05-22,
2012-05-23,
2012-05-24,
2012-05-25,
2012-05-26,
2012-05-27,
2012-05-28,
2012-05-29,
2012-05-30,
2012-05-31,
2012-06-01,
2012-06-02,
2012-06-03,
2012-06-04,
2012-06-05,
2012-06-06,
2012-06-07,
2012-06-08,
2012-06-09,
2012-06-10,
2012-06-11,
2012-06-12,
2012-06-13,
2012-06-14,
2012-06-15,
2012-06-16,
2012-06-17,
2012-06-18,
2012-06-19,
2012-06-20,
2012-06-21,
2012-06-22,
2012-06-23,
2012-06-24,
2012-06-25,
2012-06-26,
2012-06-27,
2012-06-28,
2012-06-29,
2012-06-30,
2012-07-01,
2012-07-02,
2012-07-03,
2012-07-04,
2012-07-05,
2012-07-06,
2012-07-07,
2012-07-08,
2012-07-09,
2012-07-10,
2012-07-11,
2012-07-12,
2012-07-13,
2012-07-14,
2012-07-15,
2012-07-16,
2012-07-17,
2012-07-18,
2012-07-19,
2012-07-20,
2012-07-21,
2012-07-22,
2012-07-23,
2012-07-24,
2012-07-25,
2012-07-26,
2012-07-27,
2012-07-28,
2012-07-29,
2012-07-30,
2012-07-31,
2012-08-01,
2012-08-02,
2012-08-03,
2012-08-04,
2012-08-05,
2012-08-06,
2012-08-07,
2012-08-08,
2012-08-09,
2012-08-10,
2012-08-11,
2012-08-12,
2012-08-13,
2012-08-14,
2012-08-15,
2012-08-16,
2012-08-17,
2012-08-18,
2012-08-19,
2012-08-20,
2012-08-21,
2012-08-22,
2012-08-23,
2012-08-24,
2012-08-25,
2012-08-26,
2012-08-27,
2012-08-28,
2012-08-29,
2012-08-30,
2012-08-31,
2012-09-01,
2012-09-02,
2012-09-03,
2012-09-04,
2012-09-05,
2012-09-06,
2012-09-07,
2012-09-08,
2012-09-09,
2012-09-10,
2012-09-11,
2012-09-12,
2012-09-13,
2012-09-14,
2012-09-15,
2012-09-16,
2012-09-17,
2012-09-18,
2012-09-19,
2012-09-20,
2012-09-21,
2012-09-22,
2012-09-23,
2012-09-24,
2012-09-25,
2012-09-26,
2012-09-27,
2012-09-28,
2012-09-29,
2012-09-30,
2012-10-01,
2012-10-02,
2012-10-03,
2012-10-04,
2012-10-05,
2012-10-06,
2012-10-07,
2012-10-08,
2012-10-09,
2012-10-10,
2012-10-11,
2012-10-12,
2012-10-13,
2012-10-14,
2012-10-15,
2012-10-16,
2012-10-17,
2012-10-18,
2012-10-19,
2012-10-20,
2012-10-21,
2012-10-22,
2012-10-23,
2012-10-24,
2012-10-25,
2012-10-26,
2012-10-27,
2012-10-28,
2012-10-29,
2012-10-30,
2012-10-31,
2012-11-01,
2012-11-02,
2012-11-03,
2012-11-04,
2012-11-05,
2012-11-06,
2012-11-07,
2012-11-08,
2012-11-09,
2012-11-10,
2012-11-11,
2012-11-12,
2012-11-13,
2012-11-14,
2012-11-15,
2012-11-16,
2012-11-17,
2012-11-18,
2012-11-19,
2012-11-20,
2012-11-21,
2012-11-22,
2012-11-23,
2012-11-24,
2012-11-25,
2012-11-26,
2012-11-27,
2012-11-28,
2012-11-29,
2012-11-30,
2012-12-01,
2012-12-02,
2012-12-03,
2012-12-04,
2012-12-05,
2012-12-06,
2012-12-07,
2012-12-08,
2012-12-09,
2012-12-10,
2012-12-11,
2012-12-12,
2012-12-13,
2012-12-14,
2012-12-15,
2012-12-16,
2012-12-17,
2012-12-18,
2012-12-19,
2012-12-20,
2012-12-21,
2012-12-22,
2012-12-23,
2012-12-24,
2012-12-25,
2012-12-26,
2012-12-27,
2012-12-28,
2012-12-29,
2012-12-30,
2012-12-31,
2013-01-01,
2013-01-02,
2013-01-03,
2013-01-04,
2013-01-05,
2013-01-06,
2013-01-07,
2013-01-08,
2013-01-09,
2013-01-10,
2013-01-11,
2013-01-12,
2013-01-13,
2013-01-14,
2013-01-15,
2013-01-16,
2013-01-17,
2013-01-18,
2013-01-19,
2013-01-20,
2013-01-21,
2013-01-22,
2013-01-23,
2013-01-24,
2013-01-25,
2013-01-26,
2013-01-27,
2013-01-28,
2013-01-29,
2013-01-30,
2013-01-31,
2013-02-01,
2013-02-02,
2013-02-03,
2013-02-04,
2013-02-05,
2013-02-06,
2013-02-07,
2013-02-08,
2013-02-09,
2013-02-10,
2013-02-11,
2013-02-12,
2013-02-13,
2013-02-14,
2013-02-15,
2013-02-16,
2013-02-17,
2013-02-18,
2013-02-19,
2013-02-20,
2013-02-21,
2013-02-22,
2013-02-23,
2013-02-24,
2013-02-25,
2013-02-26,
2013-02-27,
2013-02-28,
2013-03-01,
2013-03-02,
2013-03-03,
2013-03-04,
2013-03-05,
2013-03-06,
2013-03-07,
2013-03-08,
2013-03-09,
2013-03-10,
2013-03-11,
2013-03-12,
2013-03-13,
2013-03-14,
2013-03-15,
2013-03-16,
2013-03-17,
2013-03-18,
2013-03-19,
2013-03-20,
2013-03-21,
2013-03-22,
2013-03-23,
2013-03-24,
2013-03-25,
2013-03-26,
2013-03-27,
2013-03-28,
2013-03-29,
2013-03-30,
2013-03-31,
2013-04-01,
2013-04-02,
2013-04-03,
2013-04-04,
2013-04-05,
2013-04-06,
2013-04-07,
2013-04-08,
2013-04-09,
2013-04-10,
2013-04-11,
2013-04-12,
2013-04-13,
2013-04-14,
2013-04-15,
2013-04-16,
2013-04-17,
2013-04-18,
2013-04-19,
2013-04-20,
2013-04-21,
2013-04-22,
2013-04-23,
2013-04-24,
2013-04-25,
2013-04-26,
2013-04-27,
2013-04-28,
2013-04-29,
2013-04-30,
2013-05-01,
2013-05-02,
2013-05-03,
2013-05-04,
2013-05-05,
2013-05-06,
2013-05-07,
2013-05-08,
2013-05-09,
2013-05-10,
2013-05-11,
2013-05-12,
2013-05-13,
2013-05-14,
2013-05-15,
2013-05-16,
2013-05-17,
2013-05-18,
2013-05-19,
2013-05-20,
2013-05-21,
2013-05-22,
2013-05-23,
2013-05-24,
2013-05-25,
2013-05-26,
2013-05-27,
2013-05-28,
2013-05-29,
2013-05-30,
2013-05-31,
2013-06-01,
2013-06-02,
2013-06-03,
2013-06-04,
2013-06-05,
2013-06-06,
2013-06-07,
2013-06-08,
2013-06-09,
2013-06-10,
2013-06-11,
2013-06-12,
2013-06-13,
2013-06-14,
2013-06-15,
2013-06-16,
2013-06-17,
2013-06-18,
2013-06-19,
2013-06-20,
2013-06-21,
2013-06-22,
2013-06-23,
2013-06-24,
2013-06-25,
2013-06-26,
2013-06-27,
2013-06-28,
2013-06-29,
2013-06-30,
2013-07-01,
2013-07-02,
2013-07-03,
2013-07-04,
2013-07-05,
2013-07-06,
2013-07-07,
2013-07-08,
2013-07-09,
2013-07-10,
2013-07-11,
2013-07-12,
2013-07-13,
2013-07-14,
2013-07-15,
2013-07-16,
2013-07-17,
2013-07-18,
2013-07-19,
2013-07-20,
2013-07-21,
2013-07-22,
2013-07-23,
2013-07-24,
2013-07-25,
2013-07-26,
2013-07-27,
2013-07-28,
2013-07-29,
2013-07-30,
2013-07-31,
2013-08-01,
2013-08-02,
2013-08-03,
2013-08-04,
2013-08-05,
2013-08-06,
2013-08-07,
2013-08-08,
2013-08-09,
2013-08-10,
2013-08-11,
2013-08-12,
2013-08-13,
2013-08-14,
2013-08-15,
2013-08-16,
2013-08-17,
2013-08-18,
2013-08-19,
2013-08-20,
2013-08-21,
2013-08-22,
2013-08-23,
2013-08-24,
2013-08-25,
2013-08-26,
2013-08-27,
2013-08-28,
2013-08-29,
2013-08-30,
2013-08-31,
2013-09-01,
2013-09-02,
2013-09-03,
2013-09-04,
2013-09-05,
2013-09-06,
2013-09-07,
2013-09-08,
2013-09-09,
2013-09-10,
2013-09-11,
2013-09-12,
2013-09-13,
2013-09-14,
2013-09-15,
2013-09-16,
2013-09-17,
2013-09-18,
2013-09-19,
2013-09-20,
2013-09-21,
2013-09-22,
2013-09-23,
2013-09-24,
2013-09-25,
2013-09-26,
2013-09-27,
2013-09-28,
2013-09-29,
2013-09-30,
2013-10-01,
2013-10-02,
2013-10-03,
2013-10-04,
2013-10-05,
2013-10-06,
2013-10-07,
2013-10-08,
2013-10-09,
2013-10-10,
2013-10-11,
2013-10-12,
2013-10-13,
2013-10-14,
2013-10-15,
2013-10-16,
2013-10-17,
2013-10-18,
2013-10-19,
2013-10-20,
2013-10-21,
2013-10-22,
2013-10-23,
2013-10-24,
2013-10-25,
2013-10-26,
2013-10-27,
2013-10-28,
2013-10-29,
2013-10-30,
2013-10-31,
2013-11-01,
2013-11-02,
2013-11-03,
2013-11-04,
2013-11-05,
2013-11-06,
2013-11-07,
2013-11-08,
2013-11-09,
2013-11-10,
2013-11-11,
2013-11-12,
2013-11-13,
2013-11-14,
2013-11-15,
2013-11-16,
2013-11-17,
2013-11-18,
2013-11-19,
2013-11-20,
2013-11-21,
2013-11-22,
2013-11-23,
2013-11-24,
2013-11-25,
2013-11-26,
2013-11-27,
2013-11-28,
2013-11-29,
2013-11-30,
2013-12-01,
2013-12-02,
2013-12-03,
2013-12-04,
2013-12-05,
2013-12-06,
2013-12-07,
2013-12-08,
2013-12-09,
2013-12-10,
2013-12-11,
2013-12-12,
2013-12-13,
2013-12-14,
2013-12-15,
2013-12-16,
2013-12-17,
2013-12-18,
2013-12-19,
2013-12-20,
2013-12-21,
2013-12-22,
2013-12-23,
2013-12-24,
2013-12-25,
2013-12-26,
2013-12-27,
2013-12-28,
2013-12-29,
2013-12-30,
2013-12-31,
2014-01-01,
2014-01-02,
2014-01-03,
2014-01-04,
2014-01-05,
2014-01-06,
2014-01-07,
2014-01-08,
2014-01-09,
2014-01-10,
2014-01-11,
2014-01-12,
2014-01-13,
2014-01-14,
2014-01-15,
2014-01-16,
2014-01-17,
2014-01-18,
2014-01-19,
2014-01-20,
2014-01-21,
2014-01-22,
2014-01-23,
2014-01-24,
2014-01-25,
2014-01-26,
2014-01-27,
2014-01-28,
2014-01-29,
2014-01-30,
2014-01-31,
2014-02-01,
2014-02-02,
2014-02-03,
2014-02-04,
2014-02-05,
2014-02-06,
2014-02-07,
2014-02-08,
2014-02-09,
2014-02-10,
2014-02-11,
2014-02-12,
2014-02-13,
2014-02-14,
2014-02-15,
2014-02-16,
2014-02-17,
2014-02-18,
2014-02-19,
2014-02-20,
2014-02-21,
2014-02-22,
2014-02-23,
2014-02-24,
2014-02-25,
2014-02-26,
2014-02-27,
2014-02-28,
2014-03-01,
2014-03-02,
2014-03-03,
2014-03-04,
2014-03-05,
2014-03-06,
2014-03-07,
2014-03-08,
2014-03-09,
2014-03-10,
2014-03-11,
2014-03-12,
2014-03-13,
2014-03-14,
2014-03-15,
2014-03-16,
2014-03-17,
2014-03-18,
2014-03-19,
2014-03-20,
2014-03-21,
2014-03-22,
2014-03-23,
2014-03-24,
2014-03-25,
2014-03-26,
2014-03-27,
2014-03-28,
2014-03-29,
2014-03-30,
2014-03-31,
2014-04-01,
2014-04-02,
2014-04-03,
2014-04-04,
2014-04-05,
2014-04-06,
2014-04-07,
2014-04-08,
2014-04-09,
2014-04-10,
2014-04-11,
2014-04-12,
2014-04-13,
2014-04-14,
2014-04-15,
2014-04-16,
2014-04-17,
2014-04-18,
2014-04-19,
2014-04-20,
2014-04-21,
2014-04-22,
2014-04-23,
2014-04-24,
2014-04-25,
2014-04-26,
2014-04-27,
2014-04-28,
2014-04-29,
2014-04-30,
2014-05-01,
2014-05-02,
2014-05-03,
2014-05-04,
2014-05-05,
2014-05-06,
2014-05-07,
2014-05-08,
2014-05-09,
2014-05-10,
2014-05-11,
2014-05-12,
2014-05-13,
2014-05-14,
2014-05-15,
2014-05-16,
2014-05-17,
2014-05-18,
2014-05-19,
2014-05-20,
2014-05-21,
2014-05-22,
2014-05-23,
2014-05-24,
2014-05-25,
2014-05-26,
2014-05-27,
2014-05-28,
2014-05-29,
2014-05-30,
2014-05-31,
2014-06-01,
2014-06-02,
2014-06-03,
2014-06-04,
2014-06-05,
2014-06-06,
2014-06-07,
2014-06-08,
2014-06-09,
2014-06-10,
2014-06-11,
2014-06-12,
2014-06-13,
2014-06-14,
2014-06-15,
2014-06-16,
2014-06-17,
2014-06-18,
2014-06-19,
2014-06-20,
2014-06-21,
2014-06-22,
2014-06-23,
2014-06-24,
2014-06-25,
2014-06-26,
2014-06-27,
2014-06-28,
2014-06-29,
2014-06-30,
2014-07-01,
2014-07-02,
2014-07-03,
2014-07-04,
2014-07-05,
2014-07-06,
2014-07-07,
2014-07-08,
2014-07-09,
2014-07-10,
2014-07-11,
2014-07-12,
2014-07-13,
2014-07-14,
2014-07-15,
2014-07-16,
2014-07-17,
2014-07-18,
2014-07-19,
2014-07-20,
2014-07-21,
2014-07-22,
2014-07-23,
2014-07-24,
2014-07-25,
2014-07-26,
2014-07-27,
2014-07-28,
2014-07-29,
2014-07-30,
2014-07-31,
2014-08-01,
2014-08-02,
2014-08-03,
2014-08-04,
2014-08-05,
2014-08-06,
2014-08-07,
2014-08-08,
2014-08-09,
2014-08-10,
2014-08-11,
2014-08-12,
2014-08-13,
2014-08-14,
2014-08-15,
2014-08-16,
2014-08-17,
2014-08-18,
2014-08-19,
2014-08-20,
2014-08-21,
2014-08-22,
2014-08-23,
2014-08-24,
2014-08-25,
2014-08-26,
2014-08-27,
2014-08-28,
2014-08-29,
2014-08-30,
2014-08-31,
2014-09-01,
2014-09-02,
2014-09-03,
2014-09-04,
2014-09-05,
2014-09-06,
2014-09-07,
2014-09-08,
2014-09-09,
2014-09-10,
2014-09-11,
2014-09-12,
2014-09-13,
2014-09-14,
2014-09-15,
2014-09-16,
2014-09-17,
2014-09-18,
2014-09-19,
2014-09-20,
2014-09-21,
2014-09-22,
2014-09-23,
2014-09-24,
2014-09-25,
2014-09-26,
2014-09-27,
2014-09-28,
2014-09-29,
2014-09-30,
2014-10-01,
2014-10-02,
2014-10-03,
2014-10-04,
2014-10-05,
2014-10-06,
2014-10-07,
2014-10-08,
2014-10-09,
2014-10-10,
2014-10-11,
2014-10-12,
2014-10-13,
2014-10-14,
2014-10-15,
2014-10-16,
2014-10-17,
2014-10-18,
2014-10-19,
2014-10-20,
2014-10-21,
2014-10-22,
2014-10-23,
2014-10-24,
2014-10-25,
2014-10-26,
2014-10-27,
2014-10-28,
2014-10-29,
2014-10-30,
2014-10-31,
2014-11-01,
2014-11-02,
2014-11-03,
2014-11-04,
2014-11-05,
2014-11-06,
2014-11-07,
2014-11-08,
2014-11-09,
2014-11-10,
2014-11-11,
2014-11-12,
2014-11-13,
2014-11-14,
2014-11-15,
2014-11-16,
2014-11-17,
2014-11-18,
2014-11-19,
2014-11-20,
2014-11-21,
2014-11-22,
2014-11-23,
2014-11-24,
2014-11-25,
2014-11-26,
2014-11-27,
2014-11-28,
2014-11-29,
2014-11-30,
2014-12-01,
2014-12-02,
2014-12-03,
2014-12-04,
2014-12-05,
2014-12-06,
2014-12-07,
2014-12-08,
2014-12-09,
2014-12-10,
2014-12-11,
2014-12-12,
2014-12-13,
2014-12-14,
2014-12-15,
2014-12-16,
2014-12-17,
2014-12-18,
2014-12-19,
2014-12-20,
2014-12-21,
2014-12-22,
2014-12-23,
2014-12-24,
2014-12-25,
2014-12-26,
2014-12-27,
2014-12-28,
2014-12-29,
2014-12-30,
2014-12-31,
2015-01-01,
2015-01-02,
2015-01-03,
2015-01-04,
2015-01-05,
2015-01-06,
2015-01-07,
2015-01-08,
2015-01-09,
2015-01-10,
2015-01-11,
2015-01-12,
2015-01-13,
2015-01-14,
2015-01-15,
2015-01-16,
2015-01-17,
2015-01-18,
2015-01-19,
2015-01-20,
2015-01-21,
2015-01-22,
2015-01-23,
2015-01-24,
2015-01-25,
2015-01-26,
2015-01-27,
2015-01-28,
2015-01-29,
2015-01-30,
2015-01-31,
2015-02-01,
2015-02-02,
2015-02-03,
2015-02-04,
2015-02-05,
2015-02-06,
2015-02-07,
2015-02-08,
2015-02-09,
2015-02-10,
2015-02-11,
2015-02-12,
2015-02-13,
2015-02-14,
2015-02-15,
2015-02-16,
2015-02-17,
2015-02-18,
2015-02-19,
2015-02-20,
2015-02-21,
2015-02-22,
2015-02-23,
2015-02-24,
2015-02-25,
2015-02-26,
2015-02-27,
2015-02-28,
2015-03-01,
2015-03-02,
2015-03-03,
2015-03-04,
2015-03-05,
2015-03-06,
2015-03-07,
2015-03-08,
2015-03-09,
2015-03-10,
2015-03-11,
2015-03-12,
2015-03-13,
2015-03-14,
2015-03-15,
2015-03-16,
2015-03-17,
2015-03-18,
2015-03-19,
2015-03-20,
2015-03-21,
2015-03-22,
2015-03-23,
2015-03-24,
2015-03-25,
2015-03-26,
2015-03-27,
2015-03-28,
2015-03-29,
2015-03-30,
2015-03-31,
2015-04-01,
2015-04-02,
2015-04-03,
2015-04-04,
2015-04-05,
2015-04-06,
2015-04-07,
2015-04-08,
2015-04-09,
2015-04-10,
2015-04-11,
2015-04-12,
2015-04-13,
2015-04-14,
2015-04-15,
2015-04-16,
2015-04-17,
2015-04-18,
2015-04-19,
2015-04-20,
2015-04-21,
2015-04-22,
2015-04-23,
2015-04-24,
2015-04-25,
2015-04-26,
2015-04-27,
2015-04-28,
2015-04-29,
2015-04-30,
2015-05-01,
2015-05-02,
2015-05-03,
2015-05-04,
2015-05-05,
2015-05-06,
2015-05-07,
2015-05-08,
2015-05-09,
2015-05-10,
2015-05-11,
2015-05-12,
2015-05-13,
2015-05-14,
2015-05-15,
2015-05-16,
2015-05-17,
2015-05-18,
2015-05-19,
2015-05-20,
2015-05-21,
2015-05-22,
2015-05-23,
2015-05-24,
2015-05-25,
2015-05-26,
2015-05-27,
2015-05-28,
2015-05-29,
2015-05-30,
2015-05-31,
2015-06-01,
2015-06-02,
2015-06-03,
2015-06-04,
2015-06-05,
2015-06-06,
2015-06-07,
2015-06-08,
2015-06-09,
2015-06-10,
2015-06-11,
2015-06-12,
2015-06-13,
2015-06-14,
2015-06-15,
2015-06-16,
2015-06-17,
2015-06-18,
2015-06-19,
2015-06-20,
2015-06-21,
2015-06-22,
2015-06-23,
2015-06-24,
2015-06-25,
2015-06-26,
2015-06-27,
2015-06-28,
2015-06-29,
2015-06-30,
2015-07-01,
2015-07-02,
2015-07-03,
2015-07-04,
2015-07-05,
2015-07-06,
2015-07-07,
2015-07-08,
2015-07-09,
2015-07-10,
2015-07-11,
2015-07-12,
2015-07-13,
2015-07-14,
2015-07-15,
2015-07-16,
2015-07-17,
2015-07-18,
2015-07-19,
2015-07-20,
2015-07-21,
2015-07-22,
2015-07-23,
2015-07-24,
2015-07-25,
2015-07-26,
2015-07-27,
2015-07-28,
2015-07-29,
2015-07-30,
2015-07-31,
2015-08-01,
2015-08-02,
2015-08-03,
2015-08-04,
2015-08-05,
2015-08-06,
2015-08-07,
2015-08-08,
2015-08-09,
2015-08-10,
2015-08-11,
2015-08-12,
2015-08-13,
2015-08-14,
2015-08-15,
2015-08-16,
2015-08-17,
2015-08-18,
2015-08-19,
2015-08-20,
2015-08-21,
2015-08-22,
2015-08-23,
2015-08-24,
2015-08-25,
2015-08-26,
2015-08-27,
2015-08-28,
2015-08-29,
2015-08-30,
2015-08-31,
2015-09-01,
2015-09-02,
2015-09-03,
2015-09-04,
2015-09-05,
2015-09-06,
2015-09-07,
2015-09-08,
2015-09-09,
2015-09-10,
2015-09-11,
2015-09-12,
2015-09-13,
2015-09-14,
2015-09-15,
2015-09-16,
2015-09-17,
2015-09-18,
2015-09-19,
2015-09-20,
2015-09-21,
2015-09-22,
2015-09-23,
2015-09-24,
2015-09-25,
2015-09-26,
2015-09-27,
2015-09-28,
2015-09-29,
2015-09-30,
2015-10-01,
2015-10-02,
2015-10-03,
2015-10-04,
2015-10-05,
2015-10-06,
2015-10-07,
2015-10-08,
2015-10-09,
2015-10-10,
2015-10-11,
2015-10-12,
2015-10-13,
2015-10-14,
2015-10-15,
2015-10-16,
2015-10-17,
2015-10-18,
2015-10-19,
2015-10-20,
2015-10-21,
2015-10-22,
2015-10-23,
2015-10-24,
2015-10-25,
2015-10-26,
2015-10-27,
2015-10-28,
2015-10-29,
2015-10-30,
2015-10-31,
2015-11-01,
2015-11-02,
2015-11-03,
2015-11-04,
2015-11-05,
2015-11-06,
2015-11-07,
2015-11-08,
2015-11-09,
2015-11-10,
2015-11-11,
2015-11-12,
2015-11-13,
2015-11-14,
2015-11-15,
2015-11-16,
2015-11-17,
2015-11-18,
2015-11-19,
2015-11-20,
2015-11-21,
2015-11-22,
2015-11-23,
2015-11-24,
2015-11-25,
2015-11-26,
2015-11-27,
2015-11-28,
2015-11-29,
2015-11-30,
2015-12-01,
2015-12-02,
2015-12-03,
2015-12-04,
2015-12-05,
2015-12-06,
2015-12-07,
2015-12-08,
2015-12-09,
2015-12-10,
2015-12-11,
2015-12-12,
2015-12-13,
2015-12-14,
2015-12-15,
2015-12-16,
2015-12-17,
2015-12-18,
2015-12-19,
2015-12-20,
2015-12-21,
2015-12-22,
2015-12-23,
2015-12-24,
2015-12-25,
2015-12-26,
2015-12-27,
2015-12-28,
2015-12-29,
2015-12-30,
2015-12-31,
2016-01-01,-0.01913206117333752
2016-01-02,-0.0034166635406923606
2016-01-03,-0.00038214558037295745
2016-01-04,0.008482185627914583
2016-01-05,0.020250846486560926
2016-01-06,0.014787584008739488
2016-01-07,-0.0005864681138265531
2016-01-08,-0.007340670920652712
2016-01-09,-0.0028336021638806154
2016-01-10,0.0010317443942812314
2016-01-11,-0.003682745696242592
2016-01-12,0.014214972520653825
2016-01-13,0.016604236388611544
2016-01-14,0.010773524644498648
2016-01-15,0.03360479795237771
2016-01-16,-6.275946476400919e-05
2016-01-17,0.008915222089168685
2016-01-18,-0.013332322614195006
2016-01-19,-0.0074485072528994245
2016-01-20,-0.005427190604320967
2016-01-21,0.009821906384928896
2016-01-22,0.008794917228639407
2016-01-23,-0.002732970969379513
2016-01-24,-0.0010012370978398637
2016-01-25,0.00036202609436709166
2016-01-26,0.009701264334284627
2016-01-27,0.002181049282963593
2016-01-28,0.006421848439309121
2016-01-29,0.005521617172278393
2016-01-30,-0.0015750965565514575
2016-01-31,0.010445080177858593
2016-02-01,-0.0007752188710209255
2016-02-02,-0.0008569239136511209
2016-02-03,-0.007820853762151784
2016-02-04,0.007833619440453042
2016-02-05,0.024581581564287375
2016-02-06,0.010824191258185697
2016-02-07,0.0009516253952780096
2016-02-08,-0.001150622405612089
2016-02-09,-0.0085096652605572
2016-02-10,-0.01118812064743782
2016-02-11,-0.011287484700186128
2016-02-12,0.0056555275596494045
2016-02-13,0.006683174352670179
2016-02-14,0.03092993642100035
2016-02-15,0.025658623698647715
2016-02-16,0.040365947414504284
2016-02-17,0.04720293036559554
2016-02-18,0.05169930910383861
2016-02-19,0.0507183864422912
2016-02-20,0.02098498141534512
2016-02-21,0.029507412396993792
2016-02-22,0.043856361253187696
2016-02-23,0.01730904687442589
2016-02-24,0.018777254944606213
2016-02-25,0.013326958980550587
2016-02-26,0.019095785015142197
2016-02-27,0.02245701139328163
2016-02-28,0.0132711334795791
2016-02-29,0.01516375540920014
2016-03-01,0.016760990095516456
2016-03-02,0.01354325193847337
2016-03-03,0.0030735339488944776
2016-03-04,0.019317859292141384
2016-03-05,0.02418149909270132
2016-03-06,-0.00010930177517736906
2016-03-07,-0.0009521664277146876
2016-03-08,-0.0025683396412203513
2016-03-09,-0.010026644660025355
2016-03-10,0.0003479962764468458
2016-03-11,0.0008482972911374569
2016-03-12,0.004418441435470095
2016-03-13,-0.013743398193183607
2016-03-14,-0.014232378291507683
2016-03-15,-0.009825326510412395
2016-03-16,-0.007381133419680296
2016-03-17,-0.003912311877868593
2016-03-18,-0.02085056463433993
2016-03-19,-0.008888424653215952
2016-03-20,-0.00825302862102792
2016-03-21,-0.010176921915992189
2016-03-22,-0.007988001173150914
2016-03-23,-0.0051562379194884465
2016-03-24,-0.009255578945306328
2016-03-25,-0.0009345607508537676
2016-03-26,0.012114953226346137
2016-03-27,0.00881803489299141
2016-03-28,0.01280310158305197
2016-03-29,0.008654649839467265
2016-03-30,-0.0018061010901753343
2016-03-31,-0.008779872704944278
2016-04-01,-0.00548983557352833
2016-04-02,-0.008923568889656069
2016-04-03,-0.0013897797553944751
2016-04-04,0.00010527050041698633
2016-04-05,0.014869342551851081
2016-04-06,0.004066172845743847
2016-04-07,-0.003328943919168925
2016-04-08,-0.009685469499089057
2016-04-09,-0.005501267340744345
2016-04-10,-0.009692729087340509
2016-04-11,-0.0001236843415792251
2016-04-12,0.02213897526622254
2016-04-13,0.008112312059008756
2016-04-14,0.02022254896386443
2016-04-15,0.012953422496969687
2016-04-16,0.034152217091037634
2016-04-17,0.015639499372080423
2016-04-18,0.020728116339454206
2016-04-19,0.014119191650671619
2016-04-20,0.01826110689550694
2016-04-21,0.026612765628576146
2016-04-22,0.030409107422226755
2016-04-23,0.025721474757230297
2016-04-24,0.02568723801476843
2016-04-25,0.025814509347692825
2016-04-26,0.019118146263509474
2016-04-27,0.0017182726075556185
2016-04-28,-0.00044848231366263
2016-04-29,0.006657979789558894
2016-04-30,0.004810932404184984
2016-05-01,0.0008854348171805201
2016-05-02,0.0027116542824955235
2016-05-03,0.0027972294736066175
2016-05-04,0.0006319946378379058
2016-05-05,0.0029878211065198492
2016-05-06,0.011292123603072177
2016-05-07,0.006941033411621427
2016-05-08,0.0058045534993519535
2016-05-09,0.012709265441765373
2016-05-10,0.007951762165271634
2016-05-11,0.017977833716535475
2016-05-12,0.008866994396352516
2016-05-13,0.0002349079580260015
2016-05-14,0.003238984967334362
2016-05-15,0.005534627069477044
2016-05-16,0.009244981677835142
2016-05-17,0.005702470138087948
2016-05-18,0.0004991859381872052
2016-05-19,-0.00012997127361689714
2016-05-20,-0.005337423540952628
2016-05-21,-0.004811460371805086
2016-05-22,-0.014095564697716613
2016-05-23,-0.0018939999451950931
2016-05-24,0.00517671934358992
2016-05-25,0.015243144942141476
2016-05-26,0.01978666127457244
2016-05-27,0.008796871392337964
2016-05-28,0.009351678015639934
2016-05-29,0.02135793339734072
2016-05-30,0.01544933794674829
2016-05-31,0.03738003008470106
2016-06-01,0.037431719734242565
2016-06-02,0.03797683975137399
2016-06-03,0.024254910612928456
2016-06-04,0.042936335686648355
2016-06-05,0.06805618674912901
2016-06-06,0.0655602147223598
2016-06-07,0.05620992660579084
2016-06-08,0.061078489475444246
2016-06-09,0.031693350946891276
2016-06-10,0.024803462138079168
2016-06-11,0.0537480190719316
2016-06-12,0.030924261065643433
2016-06-13,0.010662383276162833
2016-06-14,0.050380861215675886
2016-06-15,0.06569819898019698
2016-06-16,0.032876355160007475
2016-06-17,0.018031256166098398
2016-06-18,0.036190669377032345
2016-06-19,0.0696943351259542
2016-06-20,0.034923765737227594
2016-06-21,0.009374460956006246
2016-06-22,0.03239856868808444
2016-06-23,0.009675497624652231
2016-06-24,0.011987349709202101
2016-06-25,0.004702884857493353
2016-06-26,0.014121420242815378
2016-06-27,0.025441073088652465
2016-06-28,0.0410491403250529
2016-06-29,0.025332859181293965
2016-06-30,0.002753704289896762
2016-07-01,0.024721598266152847
2016-07-02,0.02697529729531767
2016-07-03,0.01986748893704157
2016-07-04,0.017868402184980123
2016-07-05,0.036664281178789906
2016-07-06,0.028433224418081545
2016-07-07,0.018928497581707483
2016-07-08,0.010427216118973659
2016-07-09,0.006613716884515776
2016-07-10,0.004952976713265272
2016-07-11,0.0037900355881848153
2016-07-12,0.017871535758054106
2016-07-13,0.019504027628991536
2016-07-14,0.011131156247017342
2016-07-15,0.019121646132906383
2016-07-16,0.012600156188406682
2016-07-17,0.020014673536203877
2016-07-18,0.020359836992379053
2016-07-19,0.016184197185620527
2016-07-20,0.005665160331020402
2016-07-21,0.0039004469563009075
2016-07-22,0.0035149313965917046
2016-07-23,0.009173011856193817
2016-07-24,0.003779331969323263
2016-07-25,0.0032916630681212385
2016-07-26,-0.001797474038203541
2016-07-27,0.0034684804326569106
2016-07-28,0.005037609795970033
2016-07-29,0.0021199991435026547
2016-07-30,0.004147722439363219
2016-07-31,-0.0072117606637261
2016-08-01,-0.0009840196220632824
2016-08-02,0.03286034682177239
2016-08-03,0.0043926896747672846
2016-08-04,-0.017331562663437477
2016-08-05,-0.012900683360795242
2016-08-06,-0.021100059576144505
2016-08-07,-0.014798299242638127
2016-08-08,-0.010790475901481272
2016-08-09,0.00143903662957161
2016-08-10,-0.006147343975229087
2016-08-11,-0.011064007964463737
2016-08-12,-0.010604162439638487
2016-08-13,-0.027843379351914575
2016-08-14,-0.030956542810160522
2016-08-15,-0.02948012592847397
2016-08-16,-0.020031446036007015
2016-08-17,-0.023633797344889563
2016-08-18,-0.024440902448695616
2016-08-19,-0.015967293875568413
2016-08-20,-0.0054479150078254445
2016-08-21,-0.004283480776565001
2016-08-22,0.007105277490160656
2016-08-23,0.006170421773779086
2016-08-24,0.006524794117876364
2016-08-25,-0.005634939990051855
2016-08-26,-0.009897918736648909
2016-08-27,-0.022092752925837192
2016-08-28,-0.008743561182035006
2016-08-29,-0.010316146739666611
2016-08-30,-0.014936030132052577
2016-08-31,-0.008917133761133282
2016-09-01,-0.015085711251451007
2016-09-02,-0.007331244295454609
2016-09-03,0.018510288148817097
2016-09-04,0.008013737934451906
2016-09-05,0.005250657192269652
2016-09-06,0.009273703682030416
2016-09-07,0.01685664780692652
2016-09-08,0.0082539665342428
2016-09-09,0.015987924680467384
2016-09-10,0.03013544403876645
2016-09-11,0.0013697213546199497
2016-09-12,0.008493448068634446
2016-09-13,-0.001915391558120441
2016-09-14,0.001337106544943608
2016-09-15,0.00034573794978523683
2016-09-16,-0.0037561016976541775
2016-09-17,-0.005128937451660944
2016-09-18,-0.004061451911343879
2016-09-19,-0.009577645705054717
2016-09-20,-0.016611260630721898
2016-09-21,-0.016318962204243115
2016-09-22,-0.021450978047863677
2016-09-23,-0.019948381830650792
2016-09-24,-0.018332209727815393
2016-09-25,-0.01905505413369993
2016-09-26,-0.007089598367780924
2016-09-27,-0.0010587223208111366
2016-09-28,0.00014636681345231366
2016-09-29,0.005586448755351913
2016-09-30,-0.0023752696487940404
2016-10-01,0.0029924370585636935
2016-10-02,0.007771019570328946
2016-10-03,-0.0009608178741094302
2016-10-04,0.010820344933692107
2016-10-05,0.011852397033984422
2016-10-06,0.013292718843190034
2016-10-07,0.019337635907635774
2016-10-08,0.01625266720198434
2016-10-09,0.012814750973192615
2016-10-10,0.03649439261236847
2016-10-11,0.0045491498358057585
2016-10-12,0.013360065850982253
2016-10-13,0.009020991794697019
2016-10-14,0.009155591033193335
2016-10-15,0.0305053675800166
2016-10-16,0.03080542862675976
2016-10-17,0.02052274072743194
2016-10-18,0.005184535584029546
2016-10-19,0.0009864072685011865
2016-10-20,-0.006218706040609521
2016-10-21,0.0022163623022214817
2016-10-22,0.011664781932203102
2016-10-23,0.034708185258155035
2016-10-24,0.018937399005109826
2016-10-25,0.027427272579238902
2016-10-26,0.015442069733368188
2016-10-27,0.01384692835186123
2016-10-28,0.027787924130582904
2016-10-29,0.02644739711116581
2016-10-30,0.05236683947059011
2016-10-31,0.04240737285425503
2016-11-01,0.03566507302214944
2016-11-02,0.03762068937237543
2016-11-03,0.03127200343523423
2016-11-04,0.021334291696166702
2016-11-05,0.026484159261585937
2016-11-06,0.013406168158660066
2016-11-07,0.009659913855407138
2016-11-08,0.00962827402890868
2016-11-09,0.01674776368621564
2016-11-10,0.020218368873661866
2016-11-11,0.020568723922630244
2016-11-12,0.009924651284142997
2016-11-13,0.01067983058518027
2016-11-14,0.025277378813307008
2016-11-15,0.023673044879409175
2016-11-16,0.03992570969543188
2016-11-17,0.04462895334547867
2016-11-18,0.05864190247114812
2016-11-19,0.06326389019779757
2016-11-20,0.04377470418855073
2016-11-21,0.02161232569634066
2016-11-22,0.045699386079088654
2016-11-23,0.02269932140933781
2016-11-24,0.0174234657979761
2016-11-25,0.017870008138871036
2016-11-26,0.019930853545197906
2016-11-27,0.01022627729050504
2016-11-28,0.0070534362074644525
2016-11-29,0.009037145048009837
2016-11-30,0.020672078576849492
2016-12-01,0.039265588700684306
2016-12-02,0.032087648858948145
2016-12-03,0.04590857738989478
2016-12-04,0.04840515361327173
2016-12-05,0.03191629973014866
2016-12-06,0.027423959344764565
2016-12-07,0.03314569237354039
2016-12-08,0.03961282144526835
2016-12-09,0.0465692817008195
2016-12-10,0.05282890448040702
2016-12-11,0.04369074862628563
2016-12-12,0.05028839003095536
2016-12-13,0.04122975139047337
2016-12-14,0.04483060989782107
2016-12-15,0.03148455116007269
2016-12-16,0.033081253508131916
2016-12-17,0.05550828108051765
2016-12-18,0.051783026309536496
2016-12-19,0.048213499598590275
2016-12-20,0.05919784887774472
2016-12-21,0.04178002293337676
2016-12-22,0.03447466677706195
2016-12-23,0.031974805714482225
2016-12-24,0.04477562551582004
2016-12-25,0.050783501381866866
2016-12-26,0.07342188603827521
2016-12-27,0.06130816836363826
2016-12-28,0.04706437575272182
2016-12-29,0.04789924032344012
2016-12-30,0.06843776907966376
2016-12-31,0.07576302777980554
2017-01-01,0.06442277056154823
2017-01-02,0.04276991036576651
2017-01-03,0.03930275148057311
2017-01-04,0.0023788026519460832
2017-01-05,-0.018752585168099606
2017-01-06,0.01660592693550504
2017-01-07,-0.01155324240896395
2017-01-08,-0.012610300710258007
2017-01-09,-0.019099412799237367
2017-01-10,-0.008349405648207015
2017-01-11,0.03168014986438429
2017-01-12,0.04058214872133132
2017-01-13,0.017000097492348668
2017-01-14,0.027914348347913766
2017-01-15,0.025148019023481183
2017-01-16,0.02331271499242978
2017-01-17,-0.010844911346808402
2017-01-18,0.008873723412512918
2017-01-19,-0.005352535204539656
2017-01-20,-0.002316425990261915
2017-01-21,0.0016327585236186417
2017-01-22,0.010192509565351789
2017-01-23,-0.00014066873737873575
2017-01-24,0.0024299934631102954
2017-01-25,-0.0028143578589027675
2017-01-26,-0.004007024270710306
2017-01-27,-0.0004855249008950633
2017-01-28,-0.002655962959830345
2017-01-29,-0.004569863111818495
2017-01-30,0.0020763674910733647
2017-01-31,-0.0003217246550474755
2017-02-01,0.01766133241995536
2017-02-02,0.0223324771586607
2017-02-03,0.03332725253298712
2017-02-04,0.02910345135347133
2017-02-05,0.0236351709551138
2017-02-06,0.026116591239795435
2017-02-07,0.03907332037509678
2017-02-08,0.02329286455091646
2017-02-09,-0.013600925830287757
2017-02-10,-0.01862736856416933
2017-02-11,-0.016526396411747142
2017-02-12,-0.012387797112515433
2017-02-13,-0.011552837953063097
2017-02-14,-0.009889328625291679
2017-02-15,-0.014494154010693592
2017-02-16,-0.003791778445347909
2017-02-17,0.010150974709025313
2017-02-18,0.007166690765012993
2017-02-19,0.005275839526487926
2017-02-20,0.024605032075386123
2017-02-21,0.03936451827315754
2017-02-22,0.03378746671472678
2017-02-23,0.01862288165008392
2017-02-24,-0.022193491282770126
2017-02-25,0.001157008985705018
2017-02-26,0.03200054480866943
2017-02-27,0.039082191462276844
2017-02-28,0.03321967092309126
2017-03-01,0.045562811546808954
2017-03-02,0.010938980381492087
2017-03-03,0.009923612525181138
2017-03-04,0.015571174552510841
2017-03-05,0.04115774768697584
2017-03-06,0.045294248950176565
2017-03-07,-0.0018346479900518513
2017-03-08,-0.0007641786078025575
2017-03-09,-0.007449728962469881
2017-03-10,0.02639550694448785
2017-03-11,-0.019716862444819003
2017-03-12,-0.009757628890490753
2017-03-13,0.0010088965175862152
2017-03-14,0.010286958913245867
2017-03-15,0.016103665291465265
2017-03-16,-0.001532608414877016
2017-03-17,0.014573055818989314
2017-03-18,0.04943902969047675
2017-03-19,0.017347937000843278
2017-03-20,0.009298658517465126
2017-03-21,-0.02244116930809188
2017-03-22,0.005257074488280214
2017-03-23,-0.004097418010351016
2017-03-24,0.03307031152470918
2017-03-25,0.015239223534332498
2017-03-26,0.0004983238611429773
2017-03-27,-0.009342356355443192
2017-03-28,-0.006371383537420895
2017-03-29,0.0007678172834238911
2017-03-30,-0.014771828449258536
2017-03-31,-0.005059092594309247
2017-04-01,-0.0018884341064181586
2017-04-02,-0.005559257903451589
2017-04-03,-0.009453249668586476
2017-04-04,0.0009381980644432634
2017-04-05,-0.004005144872935798
2017-04-06,-0.004796036237188793
2017-04-07,-0.006532234727278302
2017-04-08,0.0038354822778282785
2017-04-09,-0.0033586582519131714
2017-04-10,0.004233527559260504
2017-04-11,0.007914296487606692
2017-04-12,0.005260234979096894
2017-04-13,-0.018887038893095304
2017-04-14,-0.014428092237828599
2017-04-15,-0.01441723682598559
2017-04-16,-0.017420675499373428
2017-04-17,-0.016928874600831947
2017-04-18,-0.01640499825803292
2017-04-19,-0.014761894840590328
2017-04-20,-0.0068319794524307875
2017-04-21,-0.0019215076983736257
2017-04-22,-0.010062428563947125
2017-04-23,-0.0005684817309022348
2017-04-24,-0.0010954945497739647
2017-04-25,0.0033385717368640557
2017-04-26,0.004405631747407565
2017-04-27,0.020886877717131398
2017-04-28,0.028961670137566526
2017-04-29,0.025071524144097027
2017-04-30,0.0236193344597882
2017-05-01,0.00748065146641743
2017-05-02,0.004241037923308703
2017-05-03,0.022585255953043337
2017-05-04,-0.013608832465074213
2017-05-05,-0.01225741869034783
2017-05-06,0.030059386011629843
2017-05-07,0.029055820978334982
2017-05-08,0.011545181806031387
2017-05-09,-0.007101301772168288
2017-05-10,0.00449609072779763
2017-05-11,-0.014735311374315187
2017-05-12,-0.017567462035820557
2017-05-13,0.02826889962740264
2017-05-14,0.017849248935896136
2017-05-15,-0.011147254321901848
2017-05-16,-0.009536841444967364
2017-05-17,-0.0011872950483690884
2017-05-18,0.030448506102151603
2017-05-19,0.02271898389260439
2017-05-20,0.02016382167527142
2017-05-21,-0.0010062274666791187
2017-05-22,0.01963448866109378
2017-05-23,-0.015357121334757588
2017-05-24,-0.004254548774242793
2017-05-25,0.008113939790953003
2017-05-26,0.006028489621212929
2017-05-27,-0.013547358768565734
2017-05-28,-0.03931916364763275
2017-05-29,-0.0003410790129846431
2017-05-30,-0.02151628796981839
2017-05-31,0.005472484282338171
2017-06-01,0.0432497215321204
2017-06-02,0.0558408825655622
2017-06-03,0.06838338642214531
2017-06-04,0.028765918423776696
2017-06-05,0.06745063009830712
2017-06-06,0.006238248634232116
2017-06-07,0.011857295762692094
2017-06-08,0.053620567870611265
2017-06-09,0.042244543144968845
2017-06-10,0.06469120266290891
2017-06-11,0.043047869010626724
2017-06-12,-0.01753045073068042
2017-06-13,0.006063844586539696
2017-06-14,0.0033572037076227395
2017-06-15,0.009342868296803584
2017-06-16,0.004414265477800132
2017-06-17,-0.01383971574145678
2017-06-18,0.0031798374772659763
2017-06-19,-0.021662852167750414
2017-06-20,-0.012304949043256965
2017-06-21,-0.013494035608675892
2017-06-22,-0.010112966502810317
2017-06-23,-0.019487767653236034
2017-06-24,-0.03619551675469345
2017-06-25,-0.027465842217409855
2017-06-26,-0.028497484444416972
2017-06-27,-0.04277105854267335
2017-06-28,-0.03970360847080039
2017-06-29,-0.02814299856796139
2017-06-30,-0.023330305918235834
2017-07-01,-0.03230175160593766
2017-07-02,-0.039732731631088876
2017-07-03,-0.03296578275301182
2017-07-04,-0.02999216749854153
2017-07-05,-0.021669639453039024
2017-07-06,-0.02880345817391949
2017-07-07,-0.022799561281571876
2017-07-08,-0.02313279688144512
2017-07-09,-0.02352202613474773
2017-07-10,-0.014231980915660634
2017-07-11,-0.024211449790087457
2017-07-12,-0.026881356931244483
2017-07-13,-0.0349012504088503
2017-07-14,-0.028583873235153205
2017-07-15,0.0263463900535337
2017-07-16,0.022282007936291356
2017-07-17,-0.027286648412248503
2017-07-18,-0.031914292967685234
2017-07-19,-0.028334161874544024
2017-07-20,-0.018838967025494972
2017-07-21,-0.022310155449917896
2017-07-22,-0.02172938226428622
2017-07-23,-0.03048452739664133
2017-07-24,-0.029094816041316928
2017-07-25,-0.01977154021277324
2017-07-26,-0.023201887508139733
2017-07-27,-0.03909947320647808
2017-07-28,-0.03840720862738443
2017-07-29,-0.03175219690262461
2017-07-30,-0.035177074759110416
2017-07-31,-0.02823716652734805
2017-08-01,-0.035914638801417896
2017-08-02,-0.028216529567876014
2017-08-03,-0.03649457753138553
2017-08-04,-0.02532883250711397
2017-08-05,-0.02750299566257514
2017-08-06,0.007808617438571248
2017-08-07,0.0013624955021077619
2017-08-08,0.029600152352309665
2017-08-09,0.005623646781370726
2017-08-10,0.030865746285930702
2017-08-11,0.04619239610976902
2017-08-12,0.02056826106210925
2017-08-13,0.012776702608080628
2017-08-14,0.023346081346754304
2017-08-15,0.027619465898608715
2017-08-16,0.019803020941336593
2017-08-17,0.03679528035520104
2017-08-18,-0.004901764929880815
2017-08-19,-0.011873847954914973
2017-08-20,-0.010358711220960723
2017-08-21,-0.005552131032206271
2017-08-22,-0.042212149060252176
2017-08-23,-0.024129944089327216
2017-08-24,-0.002188850471962458
2017-08-25,0.008515454470477257
2017-08-26,0.009568239882249615
2017-08-27,0.00637000629376707
2017-08-28,0.017948328786277116
2017-08-29,0.01546164073481343
2017-08-30,0.01227622578713957
2017-08-31,0.020904476190696675
2017-09-01,0.038000435990849804
2017-09-02,-0.057928573683862075
2017-09-03,-0.040367653005319803
2017-09-04,-0.042582391813653586
2017-09-05,-0.05466390785030311
2017-09-06,-0.0445906869086958
2017-09-07,-0.03336537547089441
2017-09-08,-0.011604008388524932
2017-09-09,-0.027087042881476987
2017-09-10,-0.0036273100942732913
2017-09-11,-0.03415548916497756
2017-09-12,-0.035480619503850126
2017-09-13,0.009257655392411919
2017-09-14,0.038640256395977
2017-09-15,0.026282356457299344
2017-09-16,0.023399131126429152
2017-09-17,0.012413138973311312
2017-09-18,-0.029061929678020945
2017-09-19,-0.019520466917100902
2017-09-20,-0.010405873021933153
2017-09-21,0.005073709681995581
2017-09-22,0.0022583383239941236
2017-09-23,-0.03647887218349401
2017-09-24,-0.023643160760473975
2017-09-25,-0.03831678306753583
2017-09-26,-0.04172888799475615
2017-09-27,-0.035749822916975774
2017-09-28,-0.02977907322955343
2017-09-29,-0.02997790812701498
2017-09-30,-0.025053158097561583
2017-10-01,-0.017554232143134736
2017-10-02,-0.0193806637914204
2017-10-03,-0.027239374451773154
2017-10-04,-0.02919161333958482
2017-10-05,-0.03489511273469549
2017-10-06,-0.028697354397587405
2017-10-07,-0.019905951618038566
2017-10-08,-0.014239909067058224
2017-10-09,-0.004093327702852995
2017-10-10,0.0046813715688942895
2017-10-11,0.003983693419159777
2017-10-12,-0.00674146080448129
2017-10-13,-0.00867574655407252
2017-10-14,0.016041018941573754
2017-10-15,0.007175188376668262
2017-10-16,0.0215539910325893
2017-10-17,-0.002486412020337392
2017-10-18,-0.03289987512118421
2017-10-19,-0.02233456452442437
2017-10-20,-0.000863453111520861
2017-10-21,-0.0002590017626625307
2017-10-22,-0.03572065250676641
2017-10-23,-0.04643052208604377
2017-10-24,-0.038991228307434254
2017-10-25,-0.040149620305672276
2017-10-26,-0.02731645416433428
2017-10-27,-0.018042011884215465
2017-10-28,-0.02341511206476394
2017-10-29,-0.02713804795912387
2017-10-30,-0.02308098437511703
2017-10-31,-0.006012700943434799
2017-11-01,0.023110880844475434
2017-11-02,0.023288995785136345
2017-11-03,0.04478182428281549
2017-11-04,0.029018531431272802
2017-11-05,0.03760470186996166
2017-11-06,-0.02023883810763634
2017-11-07,-0.0009286148597581639
2017-11-08,0.0010714544251744216
2017-11-09,-0.013785165994179466
2017-11-10,-0.017568260056082235
2017-11-11,0.0031298703689864567
2017-11-12,0.02629748209255287
2017-11-13,-0.03290458512796035
2017-11-14,-0.013588262308948275
2017-11-15,-0.030981988778321066
2017-11-16,0.017047053065546894
2017-11-17,-0.004833647355402963
2017-11-18,0.00872189092196412
2017-11-19,0.02687220783880432
2017-11-20,0.036587611327991106
2017-11-21,0.0010120953094262565
2017-11-22,0.012128850763358748
2017-11-23,-0.028788164778755773
2017-11-24,-0.004084307985131875
2017-11-25,0.029548486002075006
2017-11-26,0.006047445027393737
2017-11-27,0.047840856176072186
2017-11-28,0.03835402214042188
2017-11-29,0.019588395820351608
2017-11-30,0.018987132424453344
2017-12-01,0.009526903117957244
2017-12-02,0.025546355443563155
2017-12-03,0.035599529679405044
2017-12-04,0.045518559556705036
2017-12-05,0.04591911936619337
2017-12-06,0.034803746861106176
2017-12-07,0.008445888787451906
2017-12-08,0.004326319402426808
2017-12-09,0.021230874459851067
2017-12-10,0.038962476921096535
2017-12-11,0.04209889230836464
2017-12-12,0.05222827203869602
2017-12-13,0.02225088934081967
2017-12-14,0.03546825598217729
2017-12-15,0.026936342578996613
2017-12-16,0.053746448539385414
2017-12-17,0.0033597701766827953
2017-12-18,0.016594662461165876
2017-12-19,-0.010098163621362802
2017-12-20,-0.0008867494982567334
2017-12-21,-0.02048101008214023
2017-12-22,0.020709155758577017
2017-12-23,0.014286036134923545
2017-12-24,0.019211974281205583
2017-12-25,0.01360519972316622
2017-12-26,-0.022991607723519304
2017-12-27,-0.02232649324065406
2017-12-28,-0.021836718955396926
2017-12-29,-0.010445051074504719
2017-12-30,0.019600225950956375
2017-12-31,-0.03026366378868853
2018-01-01,0.013037361907297434
2018-01-02,-0.0025879848485104557
2018-01-03,-0.007278984859907589
2018-01-04,-0.023661049943829428
2018-01-05,-0.01611926496479161
2018-01-06,-0.02245554368851933
2018-01-07,-0.022991875957561705
2018-01-08,-0.021839844323620704
2018-01-09,-0.00010810692889275168
2018-01-10,-0.004616369840386532
2018-01-11,0.005843737959557407
2018-01-12,-0.017550363710426377
2018-01-13,0.0005082749614454189
2018-01-14,0.006757726912831133
2018-01-15,-0.01243288728061106
2018-01-16,0.036646475556865926
2018-01-17,0.04769154933554477
2018-01-18,0.05678649551569332
2018-01-19,0.03871533649196032
2018-01-20,0.015291052289127804
2018-01-21,0.036600156827620224
2018-01-22,0.056924896188451056
2018-01-23,0.034783412726816745
2018-01-24,-0.010234728795653455
2018-01-25,-0.019081456800780192
2018-01-26,-0.004235828614231951
2018-01-27,0.01369203254800822
2018-01-28,0.012886694716450325
2018-01-29,0.021388344010999174
2018-01-30,-0.0024228997384365247
2018-01-31,0.018408201456897186
2018-02-01,0.05245606063844146
2018-02-02,0.054843767304585594
2018-02-03,0.0691925996208832
2018-02-04,0.07507893716751773
2018-02-05,0.08065844145298504
2018-02-06,0.06557209961952103
2018-02-07,0.07257977624143234
2018-02-08,0.03686067443445853
2018-02-09,0.03975310925160965
2018-02-10,0.051936098058629386
2018-02-11,0.0431810574503264
2018-02-12,0.02519952858757849
2018-02-13,0.02322010224246469
2018-02-14,0.007825211359523597
2018-02-15,0.007981093556100506
2018-02-16,0.003930971617178179
2018-02-17,-0.01350543632872854
2018-02-18,0.006479324091692613
2018-02-19,-0.0070773045904572104
2018-02-20,-0.005472893798505879
2018-02-21,-0.0037374365502324666
2018-02-22,0.013593087558100857
2018-02-23,0.00539143866497636
2018-02-24,0.024095933844536014
2018-02-25,-0.005439866630949475
2018-02-26,-0.005494878799986377
2018-02-27,0.017622514713144334
2018-02-28,0.016353111036262056
2018-03-01,0.0017439609542726638
2018-03-02,0.00650155782774631
2018-03-03,-0.0022347641693293277
2018-03-04,0.003045611878366731
2018-03-05,0.006152543128605429
2018-03-06,0.005229472597442712
2018-03-07,0.00916462986758792
2018-03-08,0.0262384371857422
2018-03-09,0.03471172560915432
2018-03-10,0.03220344002563503
2018-03-11,0.01040234218422394
2018-03-12,0.02506108612752962
2018-03-13,0.02215025837591696
2018-03-14,0.05073110403561716
2018-03-15,0.027545094536856222
2018-03-16,0.026348324327977506
2018-03-17,0.011090249408064268
2018-03-18,0.026887681769984833
2018-03-19,0.019369731976172425
2018-03-20,0.04224897355048451
2018-03-21,0.03376485759735619
2018-03-22,0.025924953477593486
2018-03-23,0.019971166127456606
2018-03-24,0.01408182357036677
2018-03-25,0.012483483179182813
2018-03-26,0.009718779858850548
2018-03-27,0.01746446865969834
2018-03-28,-0.005550966019724638
2018-03-29,0.014170416335709363
2018-03-30,0.047540417234334345
2018-03-31,0.011829328089627111
2018-04-01,0.02513326691537666
2018-04-02,0.03705078473785066
2018-04-03,0.025479478244239812
2018-04-04,0.04011633984036031
2018-04-05,0.018824113185237714
2018-04-06,0.020131469446931217
2018-04-07,0.019025081021593376
2018-04-08,0.024026539811455045
2018-04-09,0.02225930284631906
2018-04-10,0.008838160163717976
2018-04-11,0.019584368850357133
2018-04-12,-0.012846423219287447
2018-04-13,0.004612216914539347
2018-04-14,0.012712229929798905
2018-04-15,0.018290643005608502
2018-04-16,0.014795307300354598
2018-04-17,0.012043225318043967
2018-04-18,0.014241331384570002
2018-04-19,0.027566602932739277
2018-04-20,0.015228040244354826
2018-04-21,0.0358024801949021
2018-04-22,0.03549068848623092
2018-04-23,0.03279024562718478
2018-04-24,0.021322826562054267
2018-04-25,0.009455567114256585
2018-04-26,0.021079200221078113
2018-04-27,0.02784018387450955
2018-04-28,0.012751822232009968
2018-04-29,0.019068412664926548
2018-04-30,0.007046691236121058
2018-05-01,0.020718082259657433
2018-05-02,0.004337380798283537
2018-05-03,0.004160040485410829
2018-05-04,0.0093694788117782
2018-05-05,-0.0062564889488831675
2018-05-06,-0.003923533540591041
2018-05-07,0.001508473369193512
2018-05-08,0.003007404167645706
2018-05-09,0.012936179833271586
2018-05-10,-0.004245501050788058
2018-05-11,0.04352589950153612
2018-05-12,0.02868187696836115
2018-05-13,0.00868945204821318
2018-05-14,0.009672340049633688
2018-05-15,0.012708130806681359
2018-05-16,0.0029636398574170325
2018-05-17,0.028370350826029168
2018-05-18,-0.007741775325598572
2018-05-19,0.002262785999661182
2018-05-20,-0.0054976421799877665
2018-05-21,-0.009446914710031288
2018-05-22,-0.023787813509076862
2018-05-23,0.011844498356620152
2018-05-24,-0.01750046897535368
2018-05-25,-0.029792032318064748
2018-05-26,-0.04476222528525824
2018-05-27,-0.017298415582683323
2018-05-28,0.0034711691422979556
2018-05-29,-0.00910179505418551
2018-05-30,-0.01564247832576538
2018-05-31,0.007490829413839419
2018-06-01,0.01559667151180335
2018-06-02,0.023132327030350504
2018-06-03,0.029851128461779067
2018-06-04,0.026043007336984166
2018-06-05,0.022259969561922877
2018-06-06,0.021830820729120588
2018-06-07,0.027437789705198404
2018-06-08,0.02361081140593705
2018-06-09,0.016320901017624477
2018-06-10,-0.00011532849638985562
2018-06-11,-0.0042854017778013375
2018-06-12,0.020762368015980522
2018-06-13,0.017246786977224725
2018-06-14,0.0160451858833353
2018-06-15,0.011366045977865332
2018-06-16,0.00584994029887993
2018-06-17,-0.010746799163052963
2018-06-18,-0.004251597670608736
2018-06-19,0.0024432453646655024
2018-06-20,0.0061656771688972205
2018-06-21,0.01369465053594072
2018-06-22,-0.004930463544958061
2018-06-23,-0.011953021897209572
2018-06-24,-0.02849290058070668
2018-06-25,-0.028121217772769998
2018-06-26,-0.02301126027526879
2018-06-27,-0.017306052423843605
2018-06-28,-0.004373587731740657
2018-06-29,-0.030108230799062222
2018-06-30,0.0023324164783408547
2018-07-01,-0.004748526368563789
2018-07-02,0.0002330530382167634
2018-07-03,0.0015786732950904747
2018-07-04,0.0014375348614847393
2018-07-05,0.0042801870800445695
2018-07-06,-0.00010679352982737196
2018-07-07,0.011432666963284335
2018-07-08,0.019991297895699166
2018-07-09,0.01996281827491606
2018-07-10,0.000719865244923012
2018-07-11,0.00436746952808343
2018-07-12,0.004382131573213353
2018-07-13,-0.0070777448306522895
2018-07-14,0.003740578223646038
2018-07-15,-0.0014013112829517798
2018-07-16,0.006078877889068862
2018-07-17,-0.009582991017464453
2018-07-18,0.0108182153681361
2018-07-19,0.018992075623526
2018-07-20,0.02798870538981287
2018-07-21,0.022032089918728
2018-07-22,0.02370459489313342
2018-07-23,0.01656273555701272
2018-07-24,-0.018525406807558414
2018-07-25,0.007199502003375976
2018-07-26,0.01925174817164423
2018-07-27,0.02155643100732853
2018-07-28,0.011054573876995918
2018-07-29,0.004847688518274285
2018-07-30,0.010088783994522931
2018-07-31,0.01000089141423766
2018-08-01,0.012251492453080864
2018-08-02,0.0076183652687802335
2018-08-03,0.007733352870465073
2018-08-04,0.03753273225325133
2018-08-05,0.02241926309110783
2018-08-06,0.025931203552765087
2018-08-07,0.04466323453097589
2018-08-08,0.05794483762015815
2018-08-09,0.04330208653532214
2018-08-10,0.05043469855622991
2018-08-11,0.03371457207175051
2018-08-12,0.03623912343077971
2018-08-13,0.025196618449551372
2018-08-14,0.012613335690825594
2018-08-15,0.00022327750629840524
2018-08-16,-0.007664680319025496
2018-08-17,-0.018181878959801414
2018-08-18,0.003157884337259234
2018-08-19,0.004892004056843152
2018-08-20,0.013983243559162343
2018-08-21,0.0026528517535571346
2018-08-22,-0.01174345378283401
2018-08-23,0.002047071459421653
2018-08-24,0.0014831710759276935
2018-08-25,0.003357649685353962
2018-08-26,0.010895241439451885
2018-08-27,-0.007782408044394322
2018-08-28,0.005858243089929016
2018-08-29,0.015925763457217284
2018-08-30,0.0051670374316587385
2018-08-31,0.024125445189839976
2018-09-01,0.014766618336961537
2018-09-02,0.029659452438059765
2018-09-03,0.021170452174868737
2018-09-04,0.02042991152923844
2018-09-05,0.022122194038956454
2018-09-06,0.029482915279462486
2018-09-07,0.029802362413554127
2018-09-08,0.03783819293810372
2018-09-09,0.009232955890830277
2018-09-10,0.00853537962509181
2018-09-11,0.015841280502536723
2018-09-12,0.0026799219807036256
2018-09-13,0.0008289696019106342
2018-09-14,0.008167304985388634
2018-09-15,0.010879045119762829
2018-09-16,0.018233175119955022
2018-09-17,0.013923732958814689
2018-09-18,0.013742876583412781
2018-09-19,0.01090353972415175
2018-09-20,0.019307603317550118
2018-09-21,0.019255987395358765
2018-09-22,0.023679753003496635
2018-09-23,0.027290556121095353
2018-09-24,0.028744967506922025
2018-09-25,0.03014767455423068
2018-09-26,0.025328550204998846
2018-09-27,0.013297277709420664
2018-09-28,0.019762136098904808
2018-09-29,0.004330750841626501
2018-09-30,0.009105637251020794
2018-10-01,0.01290163479148341
2018-10-02,0.005454026853711393
2018-10-03,-0.003819474343226015
2018-10-04,-0.0011137857993586656
2018-10-05,-0.003963233153787544
2018-10-06,0.006611824183205683
2018-10-07,0.007252892823446038
2018-10-08,0.005009245740537687
2018-10-09,0.007063681316819285
2018-10-10,0.01133947317896159
2018-10-11,0.0007168699245681062
2018-10-12,-0.002704804292958205
2018-10-13,-0.00719576286631554
2018-10-14,0.0002633069658396944
2018-10-15,0.0031099109824402993
2018-10-16,0.020480625526451385
2018-10-17,0.021832690312023673
2018-10-18,0.02137844906421478
2018-10-19,0.020635619587312824
2018-10-20,0.02077959217471306
2018-10-21,0.019275523559337444
2018-10-22,0.022420908921833148
2018-10-23,0.022326810257624268
2018-10-24,0.02354602521229093
2018-10-25,0.02395696142942683
2018-10-26,0.02280981146477568
2018-10-27,0.019109032125552993
2018-10-28,0.018028369834703992
2018-10-29,0.010116783602532325
2018-10-30,0.007680295244375504
2018-10-31,0.0043383626567024556
2018-11-01,0.010985167640848472
2018-11-02,0.012519120368806843
2018-11-03,0.022054644957258184
2018-11-04,0.01677810655728517
2018-11-05,0.02274071781261999
2018-11-06,0.02712677192969641
2018-11-07,0.030012537385214092
2018-11-08,0.01824883281391747
2018-11-09,0.008743041552474063
2018-11-10,0.008138347115309863
2018-11-11,0.010087629879106176
2018-11-12,-0.0015845164757020557
2018-11-13,-0.019712362908221967
2018-11-14,0.022225624821786572
2018-11-15,0.02627925643740969
2018-11-16,0.022996968781351212
2018-11-17,0.019404070817094797
2018-11-18,0.005850840889888409
2018-11-19,0.04101414505399455
2018-11-20,0.0686129145574941
2018-11-21,0.05779440494357233
2018-11-22,0.055291326828084485
2018-11-23,0.045213147996135655
2018-11-24,0.0733851875933674
2018-11-25,0.08117753445293566
2018-11-26,0.08296439344133018
2018-11-27,0.05326578135994623
2018-11-28,0.0441167624531861
2018-11-29,0.04598232633411477
2018-11-30,0.051712674455686045
2018-12-01,0.04423544879105671
2018-12-02,0.03661740099282375
2018-12-03,0.02115361954517583
2018-12-04,0.003043239154986402
2018-12-05,0.046257650229811195
2018-12-06,0.06481800318163787
2018-12-07,0.059017130584868516
2018-12-08,0.03162311186881732
2018-12-09,0.03668751909738416
2018-12-10,0.02436057306482874
2018-12-11,0.02455276318854877
2018-12-12,0.04239561033976157
2018-12-13,0.03219211386349009
2018-12-14,0.03011489099004245
2018-12-15,0.036983207456813785
2018-12-16,0.03626044454531767
2018-12-17,0.026292373365802053
2018-12-18,0.02960675596911347
2018-12-19,0.026843973462510676
2018-12-20,-0.0089053026356059
2018-12-21,-0.0004699112708526229
2018-12-22,0.022235723148228227
2018-12-23,0.022218464273888662
2018-12-24,0.011525474881556402
2018-12-25,-0.007507501365366024
2018-12-26,-0.00620173310949409
2018-12-27,0.014410695133025423
2018-12-28,-0.008921397458075847
2018-12-29,-0.0037699980551759477
2018-12-30,-0.0015667248640145947
2018-12-31,0.027210251569249392
2019-01-01,0.013724186743001751
2019-01-02,0.010805002642911076
2019-01-03,0.014115209519905922
2019-01-04,0.016953037160834194
2019-01-05,0.02424692122128775
2019-01-06,0.010889587729644483
2019-01-07,0.008030347076426626
2019-01-08,0.0062711716971743745
2019-01-09,0.009337602152424223
2019-01-10,9.597760891610365e-05
2019-01-11,0.006083339622710429
2019-01-12,0.006945532733719341
2019-01-13,0.021845220023831758
2019-01-14,0.014307128665793714
2019-01-15,0.013726654874464433
2019-01-16,0.01583494944735868
2019-01-17,0.018600583098637477
2019-01-18,0.01222459543368634
2019-01-19,0.011591552745807813
2019-01-20,-0.0015565729011710054
2019-01-21,-0.0012136571318824396
2019-01-22,0.005831401740634054
2019-01-23,0.0030550483173340057
2019-01-24,0.005840677203006482
2019-01-25,0.01925684461259768
2019-01-26,0.012125462695590927
2019-01-27,0.013432650854604569
2019-01-28,-0.001417799458831507
2019-01-29,-0.008071075565443443
2019-01-30,0.0009528651169781689
2019-01-31,-0.000649981010440717
2019-02-01,-0.001914986974871587
2019-02-02,0.004901239656370969
2019-02-03,0.0058616136104768625
2019-02-04,0.011582329709966484
2019-02-05,0.007871521281268374
2019-02-06,0.0033239134976609046
2019-02-07,-0.003362765943085426
2019-02-08,0.0020204787920431577
2019-02-09,0.02525837381991974
2019-02-10,0.01898247182680574
2019-02-11,0.024009086535289922
2019-02-12,0.02005540767121207
2019-02-13,0.018242370363036033
2019-02-14,0.01785394065247314
2019-02-15,0.014981207838797134
2019-02-16,0.011514845119743208
2019-02-17,0.009985062198033173
2019-02-18,-0.0015229414872112946
2019-02-19,0.01146750009869053
2019-02-20,0.00751366822800243
2019-02-21,0.025992316632546246
2019-02-22,0.02144480122594508
2019-02-23,-0.0013390682531842402
2019-02-24,-0.004330143521646579
2019-02-25,-0.006480885435419739
2019-02-26,-0.009159647612831208
2019-02-27,-0.01189220065086895
2019-02-28,-0.009817363983307265
2019-03-01,-0.004459289845274605
2019-03-02,0.015945914956054793
2019-03-03,0.008644024374093486
2019-03-04,0.0015955054542146586
2019-03-05,0.010310854410379268
2019-03-06,0.0071898588216340615
2019-03-07,0.002385783274176915
2019-03-08,0.0015582177289857363
2019-03-09,-0.004044219066341374
2019-03-10,-0.0059330947448684316
2019-03-11,-0.010671419486746667
2019-03-12,-0.002025208955786375
2019-03-13,-0.0029808705216130865
2019-03-14,-0.003971002319808576
2019-03-15,-0.006933465340765216
2019-03-16,-0.008018145564012577
2019-03-17,0.0025426390759708197
2019-03-18,0.00912642101524239
2019-03-19,0.007803888638976029
2019-03-20,0.021542069883688505
2019-03-21,0.0052838420181142804
2019-03-22,0.006733855169228312
2019-03-23,0.0039624348619360095
2019-03-24,0.00426392684363122
2019-03-25,0.0032877559804336755
2019-03-26,0.008785491372127203
2019-03-27,-0.0028181955112029284
2019-03-28,-0.0013931633222702476
2019-03-29,0.011102147167985623
2019-03-30,0.013227063339616756
2019-03-31,0.008231396700693503
2019-04-01,0.02315408346665934
2019-04-02,-0.01908744973277338
2019-04-03,-0.005053124671193295
2019-04-04,-0.02062361170660738
2019-04-05,0.00723900618347906
2019-04-06,0.03275675072076299
2019-04-07,-0.006310207918546114
2019-04-08,-0.022026322090168245
2019-04-09,0.01647916888165428
2019-04-10,0.026915464599436105
2019-04-11,-0.000961618753173812
2019-04-12,0.0019538249651918915
2019-04-13,-0.0007113508272245092
2019-04-14,-0.009743027257917102
2019-04-15,-0.004435509842670448
2019-04-16,-0.0016031638623283592
2019-04-17,-0.0020232240368280256
2019-04-18,0.002350509857524974
2019-04-19,-0.002906978048529462
2019-04-20,0.008219730171581686
2019-04-21,0.003690766918460504
2019-04-22,0.009409699145466861
2019-04-23,0.010061407220070137
2019-04-24,-0.01703845803774025
2019-04-25,-0.02133594349040939
2019-04-26,-0.008988824818573278
2019-04-27,-0.004392009524991167
2019-04-28,-0.005679280706700295
2019-04-29,-0.0004607342947940672
2019-04-30,0.01306327188613112
2019-05-01,0.011100937333575351
2019-05-02,0.007949530463136229
2019-05-03,0.013205545021730132
2019-05-04,0.008139912805897723
2019-05-05,0.003023247318595763
2019-05-06,0.025759159858082237
2019-05-07,0.027670111041060694
2019-05-08,0.0038484265316142603
2019-05-09,-0.0008590717728759452
2019-05-10,0.0065503592557737255
2019-05-11,-0.01769338366863703
2019-05-12,-0.033711873573926576
2019-05-13,-0.021179242995823192
2019-05-14,-0.007798729028353924
2019-05-15,-0.042250760056878514
2019-05-16,0.008312675644234716
2019-05-17,-0.033876042492244206
2019-05-18,-0.024314406773755643
2019-05-19,0.027008884772454896
2019-05-20,-0.001801157744375228
2019-05-21,-0.03042415683207249
2019-05-22,-0.03871081173715506
2019-05-23,-0.030349974885467226
2019-05-24,-0.03128207687599211
2019-05-25,-0.01593328871841523
2019-05-26,-0.003028792228135036
2019-05-27,0.01010603669041323
2019-05-28,-0.008584517247545801
2019-05-29,-0.015159845586030311
2019-05-30,-0.04160329040168624
2019-05-31,-0.02768652008100322
2019-06-01,-0.0414603245983992
2019-06-02,-0.01661556806208822
2019-06-03,-0.0514993817921807
2019-06-04,-0.017316336117445437
2019-06-05,-0.01568329366144214
2019-06-06,-0.02348174034279489
2019-06-07,-0.020192267540096332
2019-06-08,-0.017859094206867123
2019-06-09,-0.00600244319002895
2019-06-10,-0.027437082117114063
2019-06-11,-0.021659077442046818
2019-06-12,-0.013520412838754322
2019-06-13,-0.02300367714283258
2019-06-14,-0.00713067884405492
2019-06-15,0.01197972525469899
2019-06-16,0.02645358701167554
2019-06-17,0.01661073805724616
2019-06-18,-0.0036383626013728617
2019-06-19,0.019514079069052066
2019-06-20,0.04119884336582263
2019-06-21,0.014918190873527923
2019-06-22,0.013331229311014216
2019-06-23,0.02187727633638785
2019-06-24,0.027901990581299583
2019-06-25,0.03539375597667775
2019-06-26,0.01570156102007165
2019-06-27,-0.006542188282338621
2019-06-28,0.0552186453128867
2019-06-29,0.047578456573437414
2019-06-30,-0.0032361273815840284
2019-07-01,0.01749586774615114
2019-07-02,-0.018037950648713098
2019-07-03,0.005102617619050651
2019-07-04,-0.027631336267739053
2019-07-05,-0.029425312095451635
2019-07-06,-0.03306323840844475
2019-07-07,-0.041528833405089734
2019-07-08,-0.017556625168263514
2019-07-09,-0.01795958733241857
2019-07-10,-0.0526989968745396
2019-07-11,-0.03305824515760164
2019-07-12,-0.028475891562189146
2019-07-13,-0.04359619735083267
2019-07-14,-0.03953965340252337
2019-07-15,-0.0274681726137536
2019-07-16,0.005091433331252175
2019-07-17,0.011543545348152261
2019-07-18,-0.03838054229412646
2019-07-19,-0.017011172953614716
2019-07-20,-0.01846677535116748
2019-07-21,-0.019996726654893274
2019-07-22,-0.005035769176191334
2019-07-23,-0.0047593046403819885
2019-07-24,6.276345296046792e-05
2019-07-25,-0.020790013113205847
2019-07-26,-0.0027536655954676827
2019-07-27,-0.0064963631326232394
2019-07-28,-0.022369173221520756
2019-07-29,-0.017647943968424895
2019-07-30,-0.00365840478435173
2019-07-31,0.005463485419686055
2019-08-01,0.012408669285692587
2019-08-02,0.019760763695065343
2019-08-03,0.010027473545742217
2019-08-04,0.004371901791344763
2019-08-05,-0.013126813258486048
2019-08-06,0.004681172317712775
2019-08-07,0.005158636741642508
2019-08-08,0.009600623481110683
2019-08-09,0.004861602833116373
2019-08-10,0.006962682809562103
2019-08-11,0.01424172073391424
2019-08-12,0.00808371850472336
2019-08-13,0.015945420560876767
2019-08-14,0.025848067825732658
2019-08-15,0.016768669969411953
2019-08-16,0.0112426705244381
2019-08-17,0.0024599880254235007
2019-08-18,0.008670620587360825
2019-08-19,-0.00341579706576502
2019-08-20,0.006281800721545608
2019-08-21,0.007260529368159392
2019-08-22,0.011163644047588768
2019-08-23,0.009360455208407073
2019-08-24,-0.0062981256736133785
2019-08-25,-0.004433564715581069
2019-08-26,0.000142274379061089
2019-08-27,0.006564136307498171
2019-08-28,-0.016261361123825358
2019-08-29,-0.01040093018394016
2019-08-30,-0.015955673933145714
2019-08-31,-0.022259170554197388
2019-09-01,-0.021671702953486142
2019-09-02,0.006669027502313064
2019-09-03,0.0040680078205864376
2019-09-04,0.005644339729805669
2019-09-05,-0.0024897617100222654
2019-09-06,-0.005842162368401753
2019-09-07,0.006557030170928105
2019-09-08,0.0053885095775508774
2019-09-09,0.00672533798100323
2019-09-10,-0.0069754303554274396
2019-09-11,-0.010088889961839433
2019-09-12,-0.0008494870632557114
2019-09-13,-0.0004321924185180849
2019-09-14,0.005862893259586834
2019-09-15,0.006714715406365201
2019-09-16,0.0024444502230118684
2019-09-17,0.005200822205131804
2019-09-18,-0.00784851900875746
2019-09-19,-0.004894866180897415
2019-09-20,-0.0018366795302169727
2019-09-21,-0.0019901816131214865
2019-09-22,0.015543755756981213
2019-09-23,-0.0033778538368220193
2019-09-24,0.029726673097610762
2019-09-25,0.00977379619779891
2019-09-26,0.026586152140601737
2019-09-27,0.007666835199175331
2019-09-28,0.009353548795968425
2019-09-29,0.003476577600496992
2019-09-30,-0.000948477098299254
2019-10-01,-0.0016740870816844401
2019-10-02,0.005810450037513063
2019-10-03,0.015388888068244956
2019-10-04,0.008399387856638713
2019-10-05,0.0094812048302917
2019-10-06,0.0024736287703018248
2019-10-07,-0.004946777000409462
2019-10-08,0.0005249646395389883
2019-10-09,0.02013962539048265
2019-10-10,0.015372352856328928
2019-10-11,0.01315152192606486
2019-10-12,0.008434538040491997
2019-10-13,0.005820441211948547
2019-10-14,0.012066974569725534
2019-10-15,-0.010010756991604072
2019-10-16,-0.008218807354038835
2019-10-17,-0.00543624330109137
2019-10-18,-0.02355607048770834
2019-10-19,-0.01761845644708979
2019-10-20,0.00726795871264081
2019-10-21,0.00869346715703823
2019-10-22,0.00544448035173752
2019-10-23,-0.03003893238286351
2019-10-24,-0.03266233132811689
2019-10-25,-0.001461456422952105
2019-10-26,-0.0038767419921075744
2019-10-27,-0.0011998653466427445
2019-10-28,0.035102484197359424
2019-10-29,-0.0021842211003116094
2019-10-30,0.011096573335566545
2019-10-31,0.0036704815491669382
2019-11-01,0.0056138756207588895
2019-11-02,-0.016109501320582472
2019-11-03,-0.01579568049771566
2019-11-04,-0.012008951785102655
2019-11-05,-0.004776737357726732
2019-11-06,-0.01241484284437312
2019-11-07,-0.01052063167024207
2019-11-08,-0.014166544855102678
2019-11-09,-0.010296067292281101
2019-11-10,-0.0029785919775525524
2019-11-11,-0.0027401197480630734
2019-11-12,-0.01543133124402409
2019-11-13,-0.006386781283221449
2019-11-14,-0.012883928645915197
2019-11-15,-0.01883611430877493
2019-11-16,-0.015744297181899507
2019-11-17,-0.007402145610598736
2019-11-18,-0.0012711555893609862
2019-11-19,-0.01734043640176709
2019-11-20,-0.005585571988460254
2019-11-21,0.00912965540017049
2019-11-22,0.015554675904607665
2019-11-23,-0.0013782761889667352
2019-11-24,0.014447371559164679
2019-11-25,0.0036747240467826328
2019-11-26,0.00999211145239338
2019-11-27,-0.01271925490962466
2019-11-28,-0.008189632621353153
2019-11-29,-0.010699076503158022
2019-11-30,0.0047446193099647625
2019-12-01,0.0006962176272334723
2019-12-02,0.0022167951797883597
2019-12-03,-0.0029992999119081267
2019-12-04,-0.018389258059802148
2019-12-05,0.0009957192934467425
2019-12-06,-0.003636941553373282
2019-12-07,0.004588039919804071
2019-12-08,0.010248275554141466
2019-12-09,0.022317996298946444
2019-12-10,0.0004538146745678311
2019-12-11,-0.003782330667309056
2019-12-12,-0.0018053785823614985
2019-12-13,0.000822326023216306
2019-12-14,-0.0037768777480549887
2019-12-15,-0.013813887534690091
2019-12-16,-0.008712967120787982
2019-12-17,-0.013082313045639194
2019-12-18,-0.0032977169666760383
2019-12-19,0.014923223502909174
2019-12-20,0.024764182368166396
2019-12-21,0.006850763045478007
2019-12-22,-0.0018423665666870155
2019-12-23,0.008139030637497836
2019-12-24,0.015526017962183331
2019-12-25,0.0013934101031456301
2019-12-26,-0.0006314664201999716
2019-12-27,-0.006323385823054819
2019-12-28,0.0021815690934657733
2019-12-29,-0.010402810252892832
2019-12-30,-0.0034332519490395752
2019-12-31,-0.001247701955419673
2020-01-01,-0.0046974030748920936
2020-01-02,-0.0037581406571220123
2020-01-03,-0.00964620029877869
2020-01-04,-0.011377126315830304
2020-01-05,-0.007236295047544354
2020-01-06,-0.014121216939681566
2020-01-07,-0.007994313455854787
2020-01-08,0.004332889820676372
2020-01-09,0.008532887249413349
2020-01-10,-0.02097480397050055
2020-01-11,-0.012042904986063502
2020-01-12,-0.011742010540445592
2020-01-13,-0.010162471600870785
2020-01-14,-0.026576502190765385
2020-01-15,-0.0016557103313129418
2020-01-16,-0.0031347568025430063
2020-01-17,-0.008371989839712518
2020-01-18,-0.004888933465383647
2020-01-19,-0.018082225709344216
2020-01-20,-0.013431966973195451
2020-01-21,-0.01912340242847059
2020-01-22,-0.01023940890570545
2020-01-23,-0.008391357708755362
2020-01-24,-0.013869876526370407
2020-01-25,-0.010323147865245259
2020-01-26,-0.00945983519111195
2020-01-27,-0.011062247994191752
2020-01-28,0.016320060264278128
2020-01-29,0.002494800979081922
2020-01-30,0.023356108780693816
2020-01-31,-0.0056051903649938385
2020-02-01,-0.009931649006228546
2020-02-02,-0.01318322972410973
2020-02-03,-0.020951021294028024
2020-02-04,-0.020640016436157586
2020-02-05,0.010775365251670195
2020-02-06,0.022853643999535513
2020-02-07,0.0171524174258127
2020-02-08,0.014145218400526398
2020-02-09,0.019467311750484845
2020-02-10,0.006352296039752649
2020-02-11,0.02272381246961061
2020-02-12,0.030120021657371245
2020-02-13,-0.0006333151994219291
2020-02-14,0.016128437566090063
2020-02-15,-0.014250446464351222
2020-02-16,0.002004035569501186
2020-02-17,-0.004782935069556708
2020-02-18,-0.002766410157834756
2020-02-19,-0.009524204505889694
2020-02-20,0.0031192126915269443
2020-02-21,0.0013224506827110624
2020-02-22,0.002346320918114423
2020-02-23,0.0007621305391294267
2020-02-24,0.012681497368050182
2020-02-25,-0.004107637253683477
2020-02-26,0.014634671549478033
2020-02-27,0.003856640953253174
2020-02-28,0.0009241103363561913
2020-02-29,-0.003835558589443626
2020-03-01,-0.0005937317124852794
2020-03-02,-0.005522934899900905
2020-03-03,0.00930600734944707
2020-03-04,-0.005532283830724539
2020-03-05,-0.004028501335222079
2020-03-06,0.008371879044948675
2020-03-07,0.0022753515903297683
2020-03-08,0.03881997533161315
2020-03-09,0.038377849727936765
2020-03-10,0.03943492626945258
2020-03-11,0.0023320936731219774
2020-03-12,0.06782800576325376
2020-03-13,0.04660960355433678
2020-03-14,0.0814849984648385
2020-03-15,0.052310084297463956
2020-03-16,0.06520712773300853
2020-03-17,0.05606168241360213
2020-03-18,0.061526104953817835
2020-03-19,0.027517656423432613
2020-03-20,0.046650520960265486
2020-03-21,0.03991416243058863
2020-03-22,0.0421372867466848
2020-03-23,0.021599017789655568
2020-03-24,0.0337573409225309
2020-03-25,0.03267615566960176
2020-03-26,0.011959294478204055
2020-03-27,0.02387379363012094
2020-03-28,0.024470220365547166
2020-03-29,0.029854931439264334
2020-03-30,0.0017671378733213744
2020-03-31,0.022267826661710278
2020-04-01,0.025004749184022353
2020-04-02,0.017484336655342103
2020-04-03,0.010123856698093096
2020-04-04,0.012882625570695796
2020-04-05,0.025926049325161883
2020-04-06,0.015918349823589823
2020-04-07,0.014706655105559435
2020-04-08,0.022375290132859653
2020-04-09,0.009257298922938077
2020-04-10,0.012890723631030969
2020-04-11,0.011644083093044301
2020-04-12,0.005810731569086518
2020-04-13,0.010152232283508275
2020-04-14,0.009564178580096437
2020-04-15,0.0253514278627232
2020-04-16,-5.896759343802345e-05
2020-04-17,0.013690856063468001
2020-04-18,0.020577412243785325
2020-04-19,0.020180862794063243
2020-04-20,0.018449815174058647
2020-04-21,0.022352314127215677
2020-04-22,0.011796868487586149
2020-04-23,0.021939708575009653
2020-04-24,0.030413873703193397
2020-04-25,0.023882139384093472
2020-04-26,0.026379019934347693
2020-04-27,0.02819427283640029
2020-04-28,0.025337950550960487
2020-04-29,-0.013561125012337048
2020-04-30,0.003564686279858087
2020-05-01,0.00035957035069704543
2020-05-02,0.01155278603172726
2020-05-03,0.012445097752846765
2020-05-04,0.00639141506542492
2020-05-05,0.01076295832361792
2020-05-06,0.010768840486848359
2020-05-07,-0.01995944326631842
2020-05-08,-0.007654811134390345
2020-05-09,0.0014225040536654065
2020-05-10,0.0339569019308076
2020-05-11,0.022798494355463217
2020-05-12,0.009404052476587833
2020-05-13,0.000532649416120932
2020-05-14,0.0021704688545453685
2020-05-15,-0.0043071602684349045
2020-05-16,-0.00479809892003091
2020-05-17,0.0004794712716958543
2020-05-18,-0.0019338389445044857
2020-05-19,0.004859800098778139
2020-05-20,0.0050897754838381045
2020-05-21,0.010180235525854195
2020-05-22,0.0029704698498250414
2020-05-23,0.0012890384543298753
2020-05-24,0.003346023355822706
2020-05-25,0.00027290521251257036
2020-05-26,0.0048709739360430285
2020-05-27,-0.004363012536109254
2020-05-28,0.00938875172668448
2020-05-29,0.000874356086192378
2020-05-30,-0.005932673799464846
2020-05-31,0.000858461447764185
2020-06-01,0.008421556605092216
2020-06-02,0.008684205250790318
2020-06-03,-0.0072253140413650625
2020-06-04,-0.007481068159943003
2020-06-05,-0.0024590792484215813
2020-06-06,0.0014415276953289998
2020-06-07,-0.0030478596103328277
2020-06-08,0.0028785387007394868
2020-06-09,0.0006407161744615024
2020-06-10,0.0069345828392772145
2020-06-11,0.009329141237801385
2020-06-12,0.012437326340238882
2020-06-13,0.016654959601201193
2020-06-14,0.008724788822908693
2020-06-15,0.00933780215322099
2020-06-16,0.010306525574824688
2020-06-17,0.005524339095508243
2020-06-18,0.006508283998915101
2020-06-19,-0.00040999613393579603
2020-06-20,0.0028269289638419913
2020-06-21,-0.0023716964754224505
2020-06-22,-0.0038114307732090725
2020-06-23,-0.004142778304840627
2020-06-24,0.0004899792596275832
2020-06-25,0.0008121975226720283
2020-06-26,-0.005770925741155649
2020-06-27,-0.006116706880055414
2020-06-28,-0.004115809220786409
2020-06-29,-0.0029224851305806065
2020-06-30,-0.004095960511557062
2020-07-01,0.00784750473175825
2020-07-02,-0.008257677029632211
2020-07-03,-0.004022069114415313
2020-07-04,3.3732773120447e-05
2020-07-05,0.0008817320738462335
2020-07-06,0.0034978825979301215
2020-07-07,-0.00020054032310666276
2020-07-08,-0.00028347576835429907
2020-07-09,0.0021805815809591675
2020-07-10,-0.0032217164790005856
2020-07-11,-0.0032181428288968516
2020-07-12,-0.002303786753436631
2020-07-13,-0.001678880997454373
2020-07-14,-0.0010756832561044888
2020-07-15,-0.011660996967397821
2020-07-16,0.0015891868125227256
2020-07-17,-0.00410680926446983
2020-07-18,-0.004809876748894947
2020-07-19,-0.007029583210322731
2020-07-20,-0.00977491664971916
2020-07-21,-0.009543000789256746
2020-07-22,-0.0011076330634862302
2020-07-23,0.001990401729235018
2020-07-24,0.011233904177933813
2020-07-25,0.0010325809456852692
2020-07-26,-0.0006665791234748092
2020-07-27,0.000435193835927261
2020-07-28,0.007731635442252756
2020-07-29,0.013612206010001794
2020-07-30,0.019490766621236562
2020-07-31,0.03212193519281262
2020-08-01,0.022185234426962137
2020-08-02,0.026792905405355297
2020-08-03,0.02313190731489444
2020-08-04,0.00944387138820348
2020-08-05,0.03936343670290216
2020-08-06,0.03943253378703709
2020-08-07,0.016471207541370644
2020-08-08,0.03621584356566577
2020-08-09,0.022055353767280534
2020-08-10,0.02195483481684388
2020-08-11,0.01418725109895143
2020-08-12,0.022400266578130476
2020-08-13,0.027843654660251894
2020-08-14,0.021111956989188736
2020-08-15,0.032024803077254936
2020-08-16,0.029959525206493292
2020-08-17,0.028097721624558793
2020-08-18,0.029092307193425166
2020-08-19,0.024334264846469656
2020-08-20,0.02584051716713141
2020-08-21,0.01987055461422413
2020-08-22,0.026820981586766022
2020-08-23,0.023507247645308035
2020-08-24,0.025457538701486714
2020-08-25,0.026278649504629367
2020-08-26,0.017100584793664865
2020-08-27,0.006329153730741766
2020-08-28,0.00635628017670265
2020-08-29,0.0028569043101996745
2020-08-30,0.003723558454383984
2020-08-31,0.0060054206191476455
2020-09-01,0.004823393628447184
2020-09-02,-0.0010609983839956212
2020-09-03,0.03963607376242436
2020-09-04,0.022632039395476335
2020-09-05,0.044913510698374036
2020-09-06,0.004734065029702585
2020-09-07,0.014470964038652879
2020-09-08,0.012530049574874342
2020-09-09,0.00434350634562403
2020-09-10,0.006488903976315679
2020-09-11,0.010178872479450048
2020-09-12,0.006298250836474694
2020-09-13,0.006401453727698665
2020-09-14,0.004104554067988079
2020-09-15,0.004132136489188491
2020-09-16,0.012614797188988853
2020-09-17,0.008725646259396725
2020-09-18,0.008121367940019076
2020-09-19,0.016085744130288026
2020-09-20,0.014391009347174178
2020-09-21,0.0064862618893399586
2020-09-22,0.013573824436491872
2020-09-23,0.016973292855749698
2020-09-24,0.0063913942506697245
2020-09-25,0.009663075517930516
2020-09-26,0.00771191107571317
2020-09-27,0.015925475999174703
2020-09-28,0.017169984282736906
2020-09-29,0.015781624379820742
2020-09-30,0.020349460915897066
2020-10-01,0.02250563833749459
2020-10-02,0.014357141156492028
2020-10-03,0.002686373276137689
2020-10-04,0.0029499661916382665
2020-10-05,0.011588414123536415
2020-10-06,0.005184029608529782
2020-10-07,0.006970600563873696
2020-10-08,0.002385276847766107
2020-10-09,0.003007872282062631
2020-10-10,0.014295778748843375
2020-10-11,0.014978845043843832
2020-10-12,0.004111574491703551
2020-10-13,0.0187782491666772
2020-10-14,0.020028300431734494
2020-10-15,0.017907100185287017
2020-10-16,0.009726394065601298
2020-10-17,0.004688748226743704
2020-10-18,-0.001277606777850182
2020-10-19,0.007183217200071627
2020-10-20,0.00846261277122785
2020-10-21,0.013723698367435774
2020-10-22,0.03452353622054436
2020-10-23,0.03736800929195481
2020-10-24,0.04470174178053493
2020-10-25,0.036086864282736796
2020-10-26,0.03951651261129978
2020-10-27,0.03557019545069717
2020-10-28,0.023829311738493064
2020-10-29,0.02063166420582847
2020-10-30,0.02206817286209002
2020-10-31,0.02599034389384415
2020-11-01,0.02083143206616737
2020-11-02,0.007432324431626015
2020-11-03,0.022073799615887565
2020-11-04,0.019108450974545416
2020-11-05,-0.0005428016391327702
2020-11-06,0.016997434599136402
2020-11-07,0.002764255806666035
2020-11-08,0.030812909368051554
2020-11-09,0.026422806578256467
2020-11-10,0.024664945835700253
2020-11-11,0.04006451982832913
2020-11-12,0.046269980011311114
2020-11-13,0.054224204935973346
2020-11-14,0.035385548169877976
2020-11-15,0.026521487362539745
2020-11-16,0.045661624868713155
2020-11-17,0.05110456898235416
2020-11-18,0.023387169282216565
2020-11-19,0.0335415799243095
2020-11-20,0.03364272712097427
2020-11-21,0.044193416662974556
2020-11-22,0.044372288064999765
2020-11-23,0.046820195445115856
2020-11-24,0.05888983760070497
2020-11-25,0.01637187214620961
2020-11-26,0.020752138885800776
2020-11-27,0.027210879177326855
2020-11-28,0.029899142419700354
2020-11-29,0.022468245481237936
2020-11-30,0.02485757494488261
2020-12-01,0.003755518293594645
2020-12-02,0.026584049897943204
2020-12-03,0.037000772381104226
2020-12-04,0.011508396077662705
2020-12-05,0.012755818855897674
2020-12-06,0.014540965044584546
2020-12-07,0.009061365904829631
2020-12-08,0.0043751729670050525
2020-12-09,0.014689111274902932
2020-12-10,0.019476420129175925
2020-12-11,0.010210278716404413
2020-12-12,0.010162757327831347
2020-12-13,0.014892792043820019
2020-12-14,0.015607374086909065
2020-12-15,0.024444908024234206
2020-12-16,0.030042099175026538
2020-12-17,0.025329773580774404
2020-12-18,0.034129570989050666
2020-12-19,0.03856244638832972
2020-12-20,0.051256073588938904
2020-12-21,0.048583975344982384
2020-12-22,0.07742935557967004
2020-12-23,0.05361066739429083
2020-12-24,0.04758016366781483
2020-12-25,0.06493568238523789
2020-12-26,0.03811120888190466
2020-12-27,0.02215266601408721
2020-12-28,0.018077184842196177
2020-12-29,0.036460413575542715
2020-12-30,0.05511092927223721
2020-12-31,0.06001724344335877
2021-01-01,0.04522662201546734
2021-01-02,0.02130775509395726
2021-01-03,0.016610985354947285
2021-01-04,0.01724175965870543
2021-01-05,0.05568797009952674
2021-01-06,0.037124703785270836
2021-01-07,0.027531174432534028
2021-01-08,0.0340610603608728
2021-01-09,0.04232662696248656
2021-01-10,0.03810643171726324
2021-01-11,0.03954406673302022
2021-01-12,0.05040761511361141
2021-01-13,0.026665830333142255
2021-01-14,0.028432082339151104
2021-01-15,0.009416030444863782
2021-01-16,0.028659079016618287
2021-01-17,0.010570324662863685
2021-01-18,-0.006155144829788132
2021-01-19,-0.026285918462597042
2021-01-20,-0.03160129823422325
2021-01-21,0.02642734463450852
2021-01-22,-0.0010605458173978783
2021-01-23,0.006092960012842733
2021-01-24,-0.00620794110514494
2021-01-25,-0.022207087483171586
2021-01-26,-0.004268435092031114
2021-01-27,0.006241696519155991
2021-01-28,-0.036109293803082025
2021-01-29,-0.014597885660442855
2021-01-30,-0.020011450365811857
2021-01-31,-0.044384440968796034
2021-02-01,-0.03501447105225324
2021-02-02,-0.02847379560035983
2021-02-03,-0.022950920703127122
2021-02-04,-0.03994533301053093
2021-02-05,-0.022021978382746405
2021-02-06,-0.026602562675897022
2021-02-07,-0.027624228634125877
2021-02-08,0.0031372600869189974
2021-02-09,0.00989173187314025
2021-02-10,0.01912515548851473
2021-02-11,0.013510457535838056
2021-02-12,0.034498622063955535
2021-02-13,0.02889379519717518
2021-02-14,0.028425099743593973
2021-02-15,0.008772994467863395
2021-02-16,0.026814307285913372
2021-02-17,0.03016123614896683
2021-02-18,0.007925806848016408
2021-02-19,0.02067865309149136
2021-02-20,0.01246591830195326
2021-02-21,0.005676477241516358
2021-02-22,-0.02519816391468058
2021-02-23,0.010263554378059259
2021-02-24,0.015933125670220986
2021-02-25,0.0023048055600850786
2021-02-26,-0.012218088504442903
2021-02-27,-0.006229148428491501
2021-02-28,0.0008636401513487076
2021-03-01,-0.019943810033314406
2021-03-02,-0.039197323379203466
2021-03-03,-0.01904463571174852
2021-03-04,-0.025464440617262045
2021-03-05,-0.02348760650316921
2021-03-06,-0.030401956000471204
2021-03-07,-0.02506219415902111
2021-03-08,-0.014821028327708709
2021-03-09,0.011985497709986862
2021-03-10,0.024779807489772248
2021-03-11,0.03877059884362771
2021-03-12,0.028584246077201995
2021-03-13,0.03304765545215243
2021-03-14,0.027346237755994287
2021-03-15,-0.01644039226499615
2021-03-16,-0.03186262858063186
2021-03-17,-0.03615842066283465
2021-03-18,-0.032081823669011536
2021-03-19,-0.02235508244202941
2021-03-20,-0.02403645977819196
2021-03-21,-0.03333541236473063
2021-03-22,-0.03360434996573376
2021-03-23,-0.042524640003176406
2021-03-24,-0.024923105032649714
2021-03-25,-0.02036217902590259
2021-03-26,-0.024418930227167814
2021-03-27,-0.001542540080677554
2021-03-28,0.002958983769349664
2021-03-29,-0.0031343307554975424
2021-03-30,0.0022760042580014716
2021-03-31,-0.00682997768507133
2021-04-01,0.004918270230406108
2021-04-02,-0.00518746186301042
2021-04-03,-0.01506702821331964
2021-04-04,-0.002627576829097048
2021-04-05,-0.008065365485413067
2021-04-06,-0.005179977326307684
2021-04-07,-0.015541737869308701
2021-04-08,-0.01605453244561329
2021-04-09,-0.01527588171049109
2021-04-10,-0.010990027378865855
2021-04-11,-0.018628814412599067
2021-04-12,-0.013210470832249376
2021-04-13,0.0037568647416441224
2021-04-14,0.0020006578847285264
2021-04-15,0.0097278115099404
2021-04-16,-0.015023377058562336
2021-04-17,-0.030356714851427522
2021-04-18,0.009826175378867581
2021-04-19,-0.014822475238177176
2021-04-20,0.0038895478505564817
2021-04-21,-0.011482533035951249
2021-04-22,-0.0009853330961619247
2021-04-23,0.021185785892632446
2021-04-24,0.010861182073348248
2021-04-25,-0.0124396946551332
2021-04-26,-0.028815095316136883
2021-04-27,0.01703523281541045
2021-04-28,0.011865688660293501
2021-04-29,0.009811843862579677
2021-04-30,0.0007715725420216289
2021-05-01,-0.0014467048387883917
2021-05-02,-0.002081937539877782
2021-05-03,0.001858067515516394
2021-05-04,-0.020228194557293834
2021-05-05,-0.0116156714776672
2021-05-06,-0.006832392714168788
2021-05-07,-0.00647233070230821
2021-05-08,-0.0050046843888230524
2021-05-09,-0.0056718268633685915
2021-05-10,-0.014571311083360884
2021-05-11,0.0003057640131869432
2021-05-12,0.01504426843980277
2021-05-13,-0.001904482341777107
2021-05-14,-0.0025448516939612165
2021-05-15,0.012463644394983988
2021-05-16,0.024997677248853344
2021-05-17,0.061431261487028384
2021-05-18,0.025514630509695328
2021-05-19,0.05144919312485947
2021-05-20,0.01195965898349435
2021-05-21,0.055942989944036535
2021-05-22,0.029048146583648314
2021-05-23,0.0479327807972298
2021-05-24,-0.003100434573624411
2021-05-25,0.000933088589141021
2021-05-26,-0.005140922614593451
2021-05-27,0.002741723691432432
2021-05-28,0.03190765464887624
2021-05-29,0.024581565253482852
2021-05-30,-0.002412710779537859
2021-05-31,-0.03326539023705525
2021-06-01,-0.014162867036914963
2021-06-02,-0.020807334609827376
2021-06-03,-0.017057598662863795
2021-06-04,-0.018707731546948072
2021-06-05,-0.006718375531085538
2021-06-06,-0.011152593904879587
2021-06-07,-0.011825258835927582
2021-06-08,0.008005951003067741
2021-06-09,-0.001066462497412238
2021-06-10,0.004431601888179358
2021-06-11,0.006753335224525367
2021-06-12,-0.008735056456447994
2021-06-13,-0.009097051925705214
2021-06-14,-0.0017206707729329768
2021-06-15,0.017216173272028932
2021-06-16,-0.004652590129212698
2021-06-17,-0.00657648408324783
2021-06-18,-0.013195837838453519
2021-06-19,-0.013474505057953733
2021-06-20,-0.0068535573868187035
2021-06-21,0.01443953299205311
2021-06-22,-0.009073599954011309
2021-06-23,0.0003680374036808638
2021-06-24,0.0011469209186419594
2021-06-25,0.009322316361099313
2021-06-26,-0.0077209534279386975
2021-06-27,-0.021024648359662192
2021-06-28,0.0009433216397878479
2021-06-29,-0.008766290080118916
2021-06-30,-0.00654861377237131
2021-07-01,-0.015715622999029486
2021-07-02,-0.010420330294559436
2021-07-03,-0.004333095660564226
2021-07-04,-0.01039455243899888
2021-07-05,-0.01218814965442479
2021-07-06,-0.005503853013970259
2021-07-07,-0.00868418170243876
2021-07-08,-0.012618693658469484
2021-07-09,-0.0005669185058774538
2021-07-10,-0.006041720828012007
2021-07-11,-0.005593534023604177
2021-07-12,9.986764325889202e-05
2021-07-13,-0.011878300902289715
2021-07-14,-0.009062851369710344
2021-07-15,-0.010565175225243946
2021-07-16,-0.03200820796643162
2021-07-17,-0.02346725638974946
2021-07-18,-0.014923890195730018
2021-07-19,-0.008165650329326726
2021-07-20,-0.004811411494808815
2021-07-21,-0.019058304650663636
2021-07-22,-0.00029304702410637895
2021-07-23,0.005524966201694903
2021-07-24,0.006042948245341853
2021-07-25,0.007963775483015965
2021-07-26,0.009720724395969276
2021-07-27,-0.009782609849764576
2021-07-28,0.002504828458735112
2021-07-29,0.008671516659306315
2021-07-30,-0.005112560538724316
2021-07-31,0.00709831421367278
2021-08-01,0.012341539927729942
2021-08-02,0.01572190519882139
2021-08-03,-0.003927469461861773
2021-08-04,0.004072869814216776
2021-08-05,-0.004779685780012645
2021-08-06,-0.0037195475730573023
2021-08-07,-0.014759692637828628
2021-08-08,0.0002960128740921953
2021-08-09,-0.005364240955132726
2021-08-10,-0.004854656408931334
2021-08-11,-0.01299111282981217
2021-08-12,-0.019630205349376817
2021-08-13,-0.012399219377984478
2021-08-14,-0.023184545620423033
2021-08-15,-0.021583557233540312
2021-08-16,-0.023151467349438216
2021-08-17,-0.02335898113862929
2021-08-18,-0.02119817260643022
2021-08-19,-0.02666689429360241
2021-08-20,-0.015018999364714965
2021-08-21,-0.016288167561740903
2021-08-22,-0.017764160940187023
2021-08-23,-0.00782295416161273
2021-08-24,-0.016222628192699453
2021-08-25,0.007331194049784393
2021-08-26,0.014294468889177746
2021-08-27,-0.0043925363675689985
2021-08-28,0.003934636045477695
2021-08-29,0.0007279080806772999
2021-08-30,-0.0020565878552614133
2021-08-31,-0.007323670710881133
2021-09-01,-0.0016121599978455082
2021-09-02,0.006384328756110033
2021-09-03,-3.7181769752914114e-05
2021-09-04,0.011539355841574034
2021-09-05,0.03147768892056937
2021-09-06,0.025389220710679256
2021-09-07,0.002529593497146753
2021-09-08,-0.006002856160394138
2021-09-09,0.005378285771402652
2021-09-10,-0.023960272330342987
2021-09-11,-0.015098934491138152
2021-09-12,-0.01173613880968131
2021-09-13,-0.017758059369121653
2021-09-14,-0.0035441296689328592
2021-09-15,0.005235546329428659
2021-09-16,-0.001708320014876232
2021-09-17,-0.0020775524818713257
2021-09-18,-0.004866093131633388
2021-09-19,-0.00442679190546072
2021-09-20,6.26659188412624e-05
2021-09-21,0.028779864985910227
2021-09-22,-0.03112185835145673
2021-09-23,-0.011954077902498096
2021-09-24,-0.028773880037096432
2021-09-25,-0.031664015544260876
2021-09-26,-0.026879011273754645
2021-09-27,-0.033865700464646924
2021-09-28,-0.022850855398455664
2021-09-29,-0.010973857853956513
2021-09-30,-0.014031796436539212
2021-10-01,-0.01890763111081872
2021-10-02,0.0017374709946950478
2021-10-03,-0.0012050560347691584
2021-10-04,-0.00528273320650911
2021-10-05,0.026851372354146454
2021-10-06,0.003322770730360192
2021-10-07,0.017952578600586144
2021-10-08,0.023483222034276212
2021-10-09,0.030121555443826973
2021-10-10,0.028128904404033057
2021-10-11,0.014525766833046783
2021-10-12,0.016982618038753488
2021-10-13,0.012762696438337488
2021-10-14,0.01986014000314143
2021-10-15,0.008997557488312952
2021-10-16,0.038408771396549864
2021-10-17,0.03405119478155401
2021-10-18,0.042236754042730244
2021-10-19,0.04331469795693609
2021-10-20,0.05538498208256004
2021-10-21,0.022192686285230794
2021-10-22,0.010968232092364598
2021-10-23,0.017011920990171864
2021-10-24,0.02398286979796636
2021-10-25,0.016856678826127246
2021-10-26,0.0018781644290547764
2021-10-27,-0.007844242725551459
2021-10-28,-0.002656729616828846
2021-10-29,-0.017229508912866672
2021-10-30,-0.006521792258006533
2021-10-31,0.0003843552082607323
2021-11-01,0.015380049506507025
2021-11-02,0.012849520995668712
2021-11-03,0.013447013762782517
2021-11-04,0.014914272347847252
2021-11-05,-0.0042149374261072434
2021-11-06,-0.006462220173188197
2021-11-07,-0.009048757117774605
2021-11-08,0.03325018886389622
2021-11-09,0.02788372100052272
2021-11-10,0.0072541211626897
2021-11-11,-0.001364499327099904
2021-11-12,0.0019684128679429915
2021-11-13,0.0025530360585383684
2021-11-14,-0.0014972248827467322
2021-11-15,0.004970787353749878
2021-11-16,-0.02827490932187821
2021-11-17,-0.025162675673140518
2021-11-18,-0.02423630965776354
2021-11-19,-0.02553163737299771
2021-11-20,-0.010170372258871359
2021-11-21,-0.020631525178117838
2021-11-22,-0.02319224056196561
2021-11-23,-0.006458969595082808
2021-11-24,-0.005562257040267889
2021-11-25,-0.008814991370513727
2021-11-26,-0.022456235558998065
2021-11-27,-0.019292255795974482
2021-11-28,-0.014559876421807085
2021-11-29,0.008878335396669568
2021-11-30,-0.007785702380470936
2021-12-01,-0.003784224275064019
2021-12-02,-0.010475452124039508
2021-12-03,-0.01966054189361705
2021-12-04,0.030482266564377043
2021-12-05,-0.0084410035266489
2021-12-06,-0.01934977880850266
2021-12-07,-0.02328138681072711
2021-12-08,-0.03553236492477578
2021-12-09,0.0016602727573450068
2021-12-10,-0.02406197801536703
2021-12-11,-0.034825683637536665
2021-12-12,-0.02439305435630084
2021-12-13,-0.014639883186304554
2021-12-14,-0.028288547249556106
2021-12-15,-0.030700806478142172
2021-12-16,-0.013447799815079107
2021-12-17,-0.026038073089154044
2021-12-18,-0.019083011870135842
2021-12-19,-0.02390265190691207
2021-12-20,-0.027244381349605648
2021-12-21,-0.026921251183179805
2021-12-22,-0.020526063066872588
2021-12-23,-0.0014819112087425489
2021-12-24,-0.005958949447449975
2021-12-25,-0.0022401465672321763
2021-12-26,0.0018482595050034285
2021-12-27,0.005119938790775002
2021-12-28,-0.011542818224918268
2021-12-29,-0.03149261190602991
2021-12-30,-0.02035230164618551
2021-12-31,-0.0297841865383456
2022-01-01,-0.012581335476314966
2022-01-02,-0.012442932017414022
2022-01-03,-0.012663737926635752
2022-01-04,-0.01951407431264385
2022-01-05,-0.01426574873024697
2022-01-06,0.0016940899137843119
2022-01-07,-0.005857947300175172
2022-01-08,-0.006207808146932517
2022-01-09,-0.01018791571664581
2022-01-10,-0.013505529129150004
2022-01-11,-0.021132197108903576
2022-01-12,-0.005958352302773189
2022-01-13,-0.01436484654547957
2022-01-14,-0.010020007588290143
2022-01-15,-0.008052173150094339
2022-01-16,-0.009608352824319424
2022-01-17,-0.006669887316677478
2022-01-18,0.0016400204381644377
2022-01-19,-0.0019239946423350784
2022-01-20,-0.001155518897021994
2022-01-21,0.034215052698520765
2022-01-22,0.047160417208800945
2022-01-23,-0.009394178187508507
2022-01-24,0.004613412205391961
2022-01-25,-0.021016899352323114
2022-01-26,-8.603842449940665e-05
2022-01-27,-0.031257188031547374
2022-01-28,-0.024471993150758965
2022-01-29,-0.010246449991330266
2022-01-30,-0.004528816164777816
2022-01-31,-0.0022481033015814785
2022-02-01,-0.002498665455993583
2022-02-02,0.004515369490434715
2022-02-03,0.0015331944474429775
2022-02-04,0.0026017203799840165
2022-02-05,0.01164023724293187
2022-02-06,0.008265724059799796
2022-02-07,0.006759921728699446
2022-02-08,0.015137934755905627
2022-02-09,0.009733365791462617
2022-02-10,0.012142462378448036
2022-02-11,0.010251192633295231
2022-02-12,0.011487898897377129
2022-02-13,0.007640405226351195
2022-02-14,0.005763715792333226
2022-02-15,0.00816613143466044
2022-02-16,-0.00174758137037823
2022-02-17,0.00903013400029091
2022-02-18,-0.008354951050161085
2022-02-19,-0.00900206010054782
2022-02-20,0.012958922925032998
2022-02-21,0.02414042480806883
2022-02-22,0.008798789266118563
2022-02-23,0.012278551918999278
2022-02-24,0.00665208618294068
2022-02-25,0.0004931956558289329
2022-02-26,0.001835015703465452
2022-02-27,-0.005122225810661265
2022-02-28,0.0050824346787251215
2022-03-01,0.00906833323693989
2022-03-02,-0.0013119371666191065
2022-03-03,0.0008323278252917751
2022-03-04,0.003103418422782932
2022-03-05,-0.004649021962091662
2022-03-06,-0.0038998753066718937
2022-03-07,-0.0053217913483176085
2022-03-08,-0.01832297512572674
2022-03-09,-0.007531433349086664
2022-03-10,-0.0010976904138053276
2022-03-11,-0.006183496921359873
2022-03-12,-0.0016060705582000153
2022-03-13,-0.0027918402908837805
2022-03-14,-0.0016503773650863424
2022-03-15,-0.007231839199032788
2022-03-16,0.010435128885280406
2022-03-17,-0.005697842527612882
2022-03-18,-1.974725800297528e-05
2022-03-19,0.003920458870759491
2022-03-20,0.0005643612146787471
2022-03-21,0.0013518763922807475
2022-03-22,0.0038334744087471146
2022-03-23,0.00344576953116608
2022-03-24,0.016333261622778702
2022-03-25,0.012926018450734062
2022-03-26,0.010511808544684833
2022-03-27,0.01307776231868602
2022-03-28,0.020295227381621074
2022-03-29,0.02826057585455417
2022-03-30,0.021616911961874662
2022-03-31,0.010644938029500386
2022-04-01,0.010630081381002942
2022-04-02,0.008995979131085536
2022-04-03,0.015796817020536827
2022-04-04,0.0069995522791243235
2022-04-05,0.00618077788377749
2022-04-06,0.0036649284733206874
2022-04-07,0.004859077475244244
2022-04-08,0.00715494076638215
2022-04-09,0.0026553777113978608
2022-04-10,-0.004629216469233061
2022-04-11,0.012762311511018427
2022-04-12,0.008656792534012995
2022-04-13,0.012606606239516146
2022-04-14,0.009567463430983372
2022-04-15,0.0014419681738166684
2022-04-16,-0.00476223674940282
2022-04-17,0.0006421369416117618
2022-04-18,0.001901256301112293
2022-04-19,-0.003653432132722105
2022-04-20,-0.0006057799819121982
2022-04-21,-0.0023360166231231527
2022-04-22,-0.00258770884921164
2022-04-23,-0.013610230323853348
2022-04-24,-0.008828610535730039
2022-04-25,-0.006657175735370986
2022-04-26,-0.02324610649481285
2022-04-27,-0.031606259597305036
2022-04-28,-0.021681197910138863
2022-04-29,-0.021035771016945665
2022-04-30,-0.022050559185091054
2022-05-01,-0.026008136577341096
2022-05-02,-0.022073196581686987
2022-05-03,-0.015362969090602653
2022-05-04,-0.010181662271752972
2022-05-05,-0.016621309411838973
2022-05-06,-0.034518889275843095
2022-05-07,-0.049674749198144574
2022-05-08,-0.0235386516613304
2022-05-09,0.016104384760250223
2022-05-10,-0.010865487170227067
2022-05-11,0.029569045144944652
2022-05-12,0.01954827998531593
2022-05-13,0.02124468048983092
2022-05-14,0.00998328445748672
2022-05-15,0.0027866461411385343
2022-05-16,-0.008201341336227075
2022-05-17,-0.0061288007643408235
2022-05-18,-0.0032383351016461105
2022-05-19,-0.018799043354739253
2022-05-20,0.0012433867055089505
2022-05-21,-0.010002865422620952
2022-05-22,-0.016848959690184576
2022-05-23,-0.015099051477308315
2022-05-24,-0.024713212437934003
2022-05-25,-0.01991638835968781
2022-05-26,-0.023941817501885128
2022-05-27,-0.0175662755371836
2022-05-28,-0.01781595351902884
2022-05-29,-0.0024460212011405127
2022-05-30,-0.010705049712702731
2022-05-31,-0.0040727970520526855
2022-06-01,-0.0034353464696009243
2022-06-02,-0.021016882303577452
2022-06-03,-0.015858333144853746
2022-06-04,-0.004154748793756014
2022-06-05,-0.004861778597609313
2022-06-06,-0.00526352066048087
2022-06-07,-0.007216863968489936
2022-06-08,-0.0065850687267029195
2022-06-09,-0.001833387212662769
2022-06-10,-0.007568588138342632
2022-06-11,-0.010252243632893654
2022-06-12,-0.014958195078125201
2022-06-13,0.05107865425765732
2022-06-14,0.04553699082657909
2022-06-15,0.03095503954780668
2022-06-16,0.01928888439835866
2022-06-17,0.0017724658229149066
2022-06-18,0.059114410327457796
2022-06-19,0.02505766139515786
2022-06-20,0.02261688799818926
2022-06-21,0.020990329762609557
2022-06-22,0.031245941386875996
2022-06-23,0.006344560993436921
2022-06-24,0.021371707125129865
2022-06-25,0.03690422749043171
2022-06-26,0.024933801890351312
2022-06-27,0.028503573375038574
2022-06-28,0.02652368211311618
2022-06-29,0.01762699987660623
2022-06-30,0.023573805338824447
2022-07-01,0.034368414458735196
2022-07-02,0.021075580066309715
2022-07-03,0.02434666882560657
2022-07-04,0.021868003028402038
2022-07-05,0.02150712988998221
2022-07-06,0.027529975355077962
2022-07-07,0.030205827466033494
2022-07-08,0.03793794994977284
2022-07-09,0.028549108692835303
2022-07-10,0.031127211002269867
2022-07-11,0.0355391935822959
2022-07-12,0.01656967472345132
2022-07-13,0.020217370534610122
2022-07-14,0.008537574564854817
2022-07-15,0.016314006430724746
2022-07-16,0.002987293947258734
2022-07-17,0.006337404681792889
2022-07-18,0.0004949014224293375
2022-07-19,-0.009264840778099628
2022-07-20,0.0019203248293624684
2022-07-21,0.004430787075213385
2022-07-22,-0.011733232115462447
2022-07-23,-0.01106671022622495
2022-07-24,-0.0039696443406644685
2022-07-25,0.0021983901754948566
2022-07-26,-0.00047199776055096616
2022-07-27,-0.007913078894184564
2022-07-28,0.005981886248567263
2022-07-29,0.006793962365443639
2022-07-30,0.0019928074542487338
2022-07-31,0.006650250890841816
2022-08-01,-0.00222619045852617
2022-08-02,-0.0028694112564761694
2022-08-03,-0.0027304716340519515
2022-08-04,-0.007722585132312875
2022-08-05,-0.008832538253118428
2022-08-06,-0.010082762447264488
2022-08-07,-0.005141823411994379
2022-08-08,-0.005677652309367313
2022-08-09,-0.0013478770850295328
2022-08-10,-0.005218501544385714
2022-08-11,-0.0016369543264631798
2022-08-12,-0.0020142567759385247
2022-08-13,0.002372857708110662
2022-08-14,-0.00715291968937844
2022-08-15,0.002787555699351919
2022-08-16,-0.0009491753084731083
2022-08-17,-2.227702954427453e-05
2022-08-18,0.00012357152724969058
2022-08-19,0.021518156499629525
2022-08-20,0.0003362388786700056
2022-08-21,-0.006657146658770547
2022-08-22,0.0036766962508985868
2022-08-23,0.008075306790293203
2022-08-24,0.009408093733100241
2022-08-25,0.00796498559339201
2022-08-26,0.010948079518303365
2022-08-27,0.009378697011717516
2022-08-28,0.004608729114015088
2022-08-29,0.006005772812154788
2022-08-30,0.013140740655600598
2022-08-31,0.017803371318383564
2022-09-01,0.012160628521618679
2022-09-02,0.0019857598354024674
2022-09-03,0.00021209531863791047
2022-09-04,-0.005006101701776368
2022-09-05,-0.0025908665564521437
2022-09-06,0.001064880129470334
2022-09-07,-0.016038874640459635
2022-09-08,-0.018741164923854484
2022-09-09,-0.015705048007078774
2022-09-10,0.006351004569486428
2022-09-11,0.007889308556511637
2022-09-12,-0.000901843705110795
2022-09-13,-0.008430494085215625
2022-09-14,-0.015570647882473644
2022-09-15,-0.023389447552139023
2022-09-16,-0.028573811315867743
2022-09-17,-0.010657974889719835
2022-09-18,-0.015787632303199538
2022-09-19,-0.03301746511067647
2022-09-20,-0.027009852679099153
2022-09-21,-0.018076114214669096
2022-09-22,-0.02532883982014772
2022-09-23,-0.027082531928489906
2022-09-24,-0.014146627257565455
2022-09-25,-0.010308444445688663
2022-09-26,-0.01201401477560984
2022-09-27,-0.026567078650076976
2022-09-28,-0.0266718553178478
2022-09-29,-0.015612826632237956
2022-09-30,-0.006117663713441915
2022-10-01,0.0034327957845787143
2022-10-02,-0.003406413856278161
2022-10-03,0.00016541990755805224
2022-10-04,0.00017785605144381308
2022-10-05,-0.0017908507947546263
2022-10-06,0.0048680117326063204
2022-10-07,0.006160207596344492
2022-10-08,0.010353713229368006
2022-10-09,0.01062645934264643
2022-10-10,0.008838586877358676
2022-10-11,0.0035215597143436793
2022-10-12,-0.0002087873086143253
2022-10-13,0.0024364773255715006
2022-10-14,-0.0016336922553287598
2022-10-15,-0.001621509093107916
2022-10-16,-0.00266583062132138
2022-10-17,-0.004251756813248766
2022-10-18,-0.010609761860322038
2022-10-19,-0.0012795999174873489
2022-10-20,-0.01005422025784367
2022-10-21,-0.0037505049302579588
2022-10-22,0.00021749019649018966
2022-10-23,-0.0017276029699928698
2022-10-24,0.004024826658401311
2022-10-25,0.006736530851325263
2022-10-26,0.0011611640592662411
2022-10-27,0.009795003658885013
2022-10-28,0.009010765812447159
2022-10-29,0.008775150423732083
2022-10-30,0.014179953341029023
2022-10-31,-0.0018100615361178107
2022-11-01,0.006205713867013952
2022-11-02,0.0010596546934815434
2022-11-03,-0.0026214053671079983
2022-11-04,0.00638462034363179
2022-11-05,0.011529455351691205
2022-11-06,-0.004470149059871543
2022-11-07,-0.0016086799066412122
2022-11-08,0.008723046951078863
2022-11-09,0.03171585239528878
2022-11-10,-0.002539768879732951
2022-11-11,0.008295920916607614
2022-11-12,-0.0013640037895296295
2022-11-13,0.0062211717527160225
2022-11-14,0.01467671269186293
2022-11-15,-0.0011251189042995658
2022-11-16,-0.004412832015369198
2022-11-17,-0.002091229767706722
2022-11-18,0.010468029078254979
2022-11-19,0.0064625424628512295
2022-11-20,0.011527776809713187
2022-11-21,0.014056627690761147
2022-11-22,-0.00383256818953927
2022-11-23,0.00045182941729360733
2022-11-24,0.0050611325706885
2022-11-25,0.00404839083647081
2022-11-26,0.015954554135612354
2022-11-27,0.014788518479133386
2022-11-28,0.014670479366156576
2022-11-29,0.011530262266964696
2022-11-30,0.0016561977676743322
2022-12-01,-0.008016647680310227
2022-12-02,-0.006205104995682961
2022-12-03,0.0042229961463857435
2022-12-04,0.005306716373902612
2022-12-05,0.008910913019922057
2022-12-06,0.00238073662685455
2022-12-07,0.006556751396042432
2022-12-08,0.008821453577127204
2022-12-09,0.0028388337534859796
2022-12-10,-0.0029013307007863943
2022-12-11,-0.0032238478541507264
2022-12-12,-0.0006920821328496519
2022-12-13,-0.00014923962273581632
2022-12-14,0.006434285750239516
2022-12-15,-0.0023861199430521363
2022-12-16,-0.003601897047305766
2022-12-17,-0.0020034799166150875
2022-12-18,0.001814538623974217
2022-12-19,-0.0023563302217059
2022-12-20,0.0006517960786086951
2022-12-21,-0.000878782282574379
2022-12-22,-0.0036841088940695326
2022-12-23,-0.00482032301216892
2022-12-24,-0.0010431289372677325
2022-12-25,-0.0008191781138199355
2022-12-26,-0.004114816263093261
2022-12-27,-0.006722316593325471
2022-12-28,-0.014001471056296625
2022-12-29,-0.012333583201323352
2022-12-30,-0.006479074258507901
2022-12-31,-0.008736090423341586
2023-01-01,-0.000882108007741356
2023-01-02,0.007228393309025242
2023-01-03,0.00617943455580994
2023-01-04,0.004428452177307961
2023-01-05,0.0009444764964658307
2023-01-06,0.005851887033124391
2023-01-07,0.004379127725371696
2023-01-08,0.002891672237119249
2023-01-09,0.000893527904791018
2023-01-10,0.015376355819481788
2023-01-11,0.000652158598224885
2023-01-12,-0.002585254971424973
2023-01-13,-0.005887767566964304
2023-01-14,-0.007023160720995102
2023-01-15,-0.0003600585842293555
2023-01-16,0.0017478583830986673
2023-01-17,0.010036213635422486
2023-01-18,0.01622609692587975
2023-01-19,0.014535545545157846
2023-01-20,-0.009426189154747305
2023-01-21,0.008169205664133731
2023-01-22,0.0096012736726717
2023-01-23,0.011181885574875948
2023-01-24,-0.0028723057914771598
2023-01-25,0.007730527420456031
2023-01-26,-0.005373017377259797
2023-01-27,-0.000305021132567874
2023-01-28,-0.017499747167252656
2023-01-29,-0.004821599523582983
2023-01-30,-0.012959810670989638
2023-01-31,-0.012358229239111082
2023-02-01,-0.012771130933750053
2023-02-02,-0.024647173109581207
2023-02-03,-0.026789976361299192
2023-02-04,-0.014795796687872594
2023-02-05,-0.011353341504912552
2023-02-06,-0.018453110212977287
2023-02-07,-0.013955477363000304
2023-02-08,-0.013987791366787333
2023-02-09,-0.01381047259864531
2023-02-10,-0.015018954442073334
2023-02-11,-0.0109862158257543
2023-02-12,-0.021629522198366086
2023-02-13,-0.024169467250000545
2023-02-14,-0.014367772921934757
2023-02-15,7.643227274282334e-05
2023-02-16,-0.002944913591303906
2023-02-17,0.0012373204541377767
2023-02-18,0.013018722480177923
2023-02-19,-0.00014317662812163832
2023-02-20,0.013598436362469329
2023-02-21,-0.004872170103964484
2023-02-22,-0.005395932815290637
2023-02-23,-0.007784790302930162
2023-02-24,-0.007245977497736132
2023-02-25,-0.006643679889204497
2023-02-26,-0.006140036505938665
2023-02-27,-0.009502101540104285
2023-02-28,-0.010837625911066073
2023-03-01,-0.009352721451788155
2023-03-02,-0.0048934614851587
2023-03-03,-0.014095254743930018
2023-03-04,-0.00778530897432219
2023-03-05,0.00148710095603354
2023-03-06,0.0008407275961051056
2023-03-07,-0.01129906237635516
2023-03-08,-0.005478570690599071
2023-03-09,0.023789557665804633
2023-03-10,-0.00685760575419548
2023-03-11,-0.010520997114169909
2023-03-12,-0.0173236633370654
2023-03-13,0.005672922887685355
2023-03-14,0.028032954208674014
2023-03-15,0.02192803112744677
2023-03-16,0.019090627472695992
2023-03-17,0.0003777026628385556
2023-03-18,0.028944552302321937
2023-03-19,0.02290580920600591
2023-03-20,0.026105837453008363
2023-03-21,0.0325361977613156
2023-03-22,0.015278558440427357
2023-03-23,0.02420341795145735
2023-03-24,0.012133594041281316
2023-03-25,0.004244151878909278
2023-03-26,0.011073967322319097
2023-03-27,0.011617543484431886
2023-03-28,0.005468901816459652
2023-03-29,0.018507219524886813
2023-03-30,0.011458089396962148
2023-03-31,0.013566295358817078
2023-04-01,0.011137762959384677
2023-04-02,0.0027228892387156194
2023-04-03,-0.0012438860445508348
2023-04-04,-0.004136593231825021
2023-04-05,-0.00011517100524302781
2023-04-06,-0.0005259756260740802
2023-04-07,-0.004940681443306605
2023-04-08,-0.006107540209010284
2023-04-09,-0.010822823522944135
2023-04-10,-0.007033963640233174
2023-04-11,-0.004988239206629729
2023-04-12,-0.00028828488631098867
2023-04-13,0.02686200993247601
2023-04-14,0.018328756481018154
2023-04-15,0.02209820716861414
2023-04-16,0.018423870741016413
2023-04-17,-0.0028725357481276925
2023-04-18,0.010648872673204225
2023-04-19,-0.006236268267243301
2023-04-20,-0.007898349325429209
2023-04-21,-0.011156025966673169
2023-04-22,-0.010436173460645869
2023-04-23,-0.015849479137793953
2023-04-24,-0.014744745857394949
2023-04-25,-0.01219130624506073
2023-04-26,-0.0012889702232496139
2023-04-27,0.004181985877307137
2023-04-28,-0.007813601939985424
2023-04-29,-0.015155464563508388
2023-04-30,-0.012605222776339981
2023-05-01,-0.018447757431070924
2023-05-02,-0.009769839089802456
2023-05-03,-0.009241119471567338
2023-05-04,-0.010933863573564344
2023-05-05,-0.005693792821021197
2023-05-06,-0.009758502641077119
2023-05-07,-0.0066946473514126
2023-05-08,-0.006372879376852692
2023-05-09,-0.005330976031149874
2023-05-10,-0.015675389773290322
2023-05-11,-0.027608559333019565
2023-05-12,-0.024414863292407014
2023-05-13,-0.018283416097535667
2023-05-14,-0.015100211685286198
2023-05-15,-0.010285809788807762
2023-05-16,-0.012847943394997579
2023-05-17,-0.010957184224769862
2023-05-18,-0.0193169680368637
2023-05-19,-0.008693475727664284
2023-05-20,-0.0016816969931005197
2023-05-21,-0.007265641579411476
2023-05-22,-0.0022100146993872852
2023-05-23,-0.004912847554023676
2023-05-24,-0.018557439207460724
2023-05-25,-0.00804356659649379
2023-05-26,-0.011348138183195262
2023-05-27,-0.005859795339944221
2023-05-28,-0.006532032405462779
2023-05-29,-0.015131860169325379
2023-05-30,-0.011967656838499246
2023-05-31,-0.013452718388152377
2023-06-01,-0.02316713347689312
2023-06-02,-0.012738589992738752
2023-06-03,-0.013876883312763355
2023-06-04,-0.012481021697788908
2023-06-05,-0.023767474625707365
2023-06-06,-0.023311145109203138
2023-06-07,-0.01035006771087154
2023-06-08,-0.013039728005999398
2023-06-09,-0.00515666155876681
2023-06-10,-0.018657152299032153
2023-06-11,-0.01653972857940803
2023-06-12,-0.009277571875332935
2023-06-13,-0.007106639754367654
2023-06-14,-0.014776725959434456
2023-06-15,-0.016382461865958233
2023-06-16,-0.005110720979514848
2023-06-17,-0.0046656446340384945
2023-06-18,-0.0027692885513928606
2023-06-19,0.002015637406797157
2023-06-20,-0.0011643775079361427
2023-06-21,-0.0028707820432101873
2023-06-22,0.00686140560640576
2023-06-23,0.011756831112236615
2023-06-24,0.010224516464299564
2023-06-25,0.015442914580640992
2023-06-26,0.018028175656970638
2023-06-27,0.01640872424264763
2023-06-28,-0.004030811927672919
2023-06-29,-0.006672599445802408
2023-06-30,-0.005901000476809678
2023-07-01,-0.0053826272570842975
2023-07-02,0.00356954997953063
2023-07-03,0.00996022920780355
2023-07-04,0.003912420342035169
2023-07-05,0.0031745644921922214
2023-07-06,-0.00029427875856875027
2023-07-07,0.0039502226891664155
2023-07-08,0.007172310444463125
2023-07-09,-0.002596095896084749
2023-07-10,-0.004241001296674643
2023-07-11,-0.009438071464852796
2023-07-12,-0.009448088259825497
2023-07-13,0.004963252735029676
2023-07-14,0.0031136392265909973
2023-07-15,-0.008015913418240327
2023-07-16,-0.008215556824352667
2023-07-17,-0.010615997646534644
2023-07-18,-0.0102030442165803
2023-07-19,-0.019833880759932872
2023-07-20,-0.022603129024529305
2023-07-21,-0.011888788118049524
2023-07-22,-0.013311958773599671
2023-07-23,-0.005455527356614159
2023-07-24,-0.010134330747427598
2023-07-25,-0.013406984927952205
2023-07-26,-0.010804620284690463
2023-07-27,-0.012602336928879493
2023-07-28,-0.016142835116733215
2023-07-29,-0.006487242742147082
2023-07-30,-0.00862913448728482
2023-07-31,-0.014598629070078945
2023-08-01,-0.007202117795793982
2023-08-02,-0.014292414553294788
2023-08-03,-0.01366215228686772
2023-08-04,-0.004914017568538136
2023-08-05,-0.010249089575664108
2023-08-06,-0.006470096216503912
2023-08-07,-0.008582389423220609
2023-08-08,-0.007842746924300929
2023-08-09,-0.0019519408968927702
2023-08-10,-0.003954764705710222
2023-08-11,-0.005864291192558611
2023-08-12,-0.007997684305883811
2023-08-13,-0.004949989078970668
2023-08-14,-0.002263109934166165
2023-08-15,-0.009807768723384033
2023-08-16,-0.017304762676238764
2023-08-17,-0.01723190164871198
2023-08-18,-0.01693353618996139
2023-08-19,-0.021676931145666323
2023-08-20,-0.021915219948247168
2023-08-21,-0.019742822270295557
2023-08-22,-0.0091298228814523
2023-08-23,-0.026042156215450123
2023-08-24,-0.029944600402717087
2023-08-25,-0.025017142589735683
2023-08-26,-0.008483793394358312
2023-08-27,-0.010390615189643126
2023-08-28,-0.012486221351026497
2023-08-29,-0.015150660741185344
2023-08-30,-0.011756432176985136
2023-08-31,-0.015439911818707845
2023-09-01,-0.015548766371952558
2023-09-02,-0.02029416565945642
2023-09-03,-0.017139240773058607
2023-09-04,-0.020495959485935727
2023-09-05,-0.017307939157635083
2023-09-06,-0.022201006967625583
2023-09-07,-0.018046009074431168
2023-09-08,-0.0206173976459034
2023-09-09,-0.013271826672343993
2023-09-10,-0.016863175809095795
2023-09-11,-0.008165911973809479
2023-09-12,-0.013695961349355563
2023-09-13,-0.0072627614203134745
2023-09-14,-0.0068577899456649495
2023-09-15,-0.004849498239947482
2023-09-16,0.0028843053499052157
2023-09-17,0.005457582905581147
2023-09-18,0.006612806252534793
2023-09-19,0.0151420882735121
2023-09-20,0.011908789034325249
2023-09-21,0.000566984318172208
2023-09-22,0.006345067551381475
2023-09-23,0.0004801126383506954
2023-09-24,-0.001854850812921257
2023-09-25,0.004393977333518271
2023-09-26,0.00984943001196653
2023-09-27,0.004659279509237652
2023-09-28,0.0005776839374442137
2023-09-29,-0.0004260345808814423
2023-09-30,-0.005236749624631729
2023-10-01,-0.005827734522967001
2023-10-02,-0.0050293995628322005
2023-10-03,-0.015354834617861426
2023-10-04,-0.008707634216457235
2023-10-05,-0.023238635544993086
2023-10-06,-0.008385990654466722
2023-10-07,-0.0025322186259115575
2023-10-08,-0.002025749283963115
2023-10-09,-0.012703694883900414
2023-10-10,-0.01049825803767344
2023-10-11,-0.01293055472519517
2023-10-12,-0.011609355590204293
2023-10-13,-0.011790641656780204
2023-10-14,-0.018125365361095457
2023-10-15,-0.004708357185979074
2023-10-16,0.019836263967028384
2023-10-17,0.0092618946101121
2023-10-18,0.009646345515913814
2023-10-19,0.017016640915494215
2023-10-20,0.012268454822051996
2023-10-21,0.015704145641667
2023-10-22,0.017026712623388156
2023-10-23,0.025744892897752593
2023-10-24,0.01768655075690949
2023-10-25,0.001884863443081836
2023-10-26,0.023491821907655343
2023-10-27,0.02455215797905783
2023-10-28,0.031172571544467436
2023-10-29,0.03285633703251621
2023-10-30,0.02203929114243873
2023-10-31,0.013194203425911051
2023-11-01,0.007714337752658358
2023-11-02,-0.0015600098478081056
2023-11-03,-0.0018154146970730607
2023-11-04,0.006898658767207513
2023-11-05,-0.0013898334443970804
2023-11-06,-0.0022123184401229563
2023-11-07,0.0014197928275207657
2023-11-08,-0.002299217090629817
2023-11-09,-0.004928074620371469
2023-11-10,-0.006015998562321573
2023-11-11,-0.01525851579005046
2023-11-12,-0.01055440025133823
2023-11-13,-0.010350304104908026
2023-11-14,-0.00669560890180564
2023-11-15,-0.01207192833478075
2023-11-16,-0.012245285614994036
2023-11-17,-0.006337477473796247
2023-11-18,-0.005372483739324375
2023-11-19,-0.01125280622862485
2023-11-20,-0.004314492397666065
2023-11-21,-0.02518039421942918
2023-11-22,-0.008903576574607528
2023-11-23,-0.0052614598377720605
2023-11-24,-0.003887977413045181
2023-11-25,0.004018358925247115
2023-11-26,0.001827286591781863
2023-11-27,0.002916035375341842
2023-11-28,0.0231385251497993
2023-11-29,0.022358785691677985
2023-11-30,0.015198594255577706
2023-12-01,0.02196258937842867
2023-12-02,0.02476358130489022
2023-12-03,0.018637593072239073
2023-12-04,0.0066883340236730815
2023-12-05,0.009432191867683688
2023-12-06,0.02387411339319086
2023-12-07,0.03338766026916159
2023-12-08,0.027675819113910392
2023-12-09,0.023869547943260613
2023-12-10,0.023962004537477783
2023-12-11,0.008223184297370088
2023-12-12,0.014601975770403492
2023-12-13,0.023171928235760874
2023-12-14,0.018160780523083647
2023-12-15,0.006301709200933899
2023-12-16,0.00884728825611385
2023-12-17,-0.0004750903620600476
2023-12-18,0.007235841943193794
2023-12-19,-0.003060927728343722
2023-12-20,0.00605251971462664
2023-12-21,0.017130331809945564
2023-12-22,0.009991853185012993
2023-12-23,0.0027498889265092797
2023-12-24,-0.003155442086452035
2023-12-25,0.006800757427220826
2023-12-26,0.0015449499202621329
2023-12-27,0.004864569780645989
2023-12-28,0.009185516057758405
2023-12-29,0.005374738406060137
2023-12-30,0.008851938973857559
2023-12-31,0.004661914928815215
2024-01-01,
2024-01-02,
2024-01-03,
2024-01-04,
2024-01-05,
2024-01-06,
2024-01-07,
2024-01-08,
2024-01-09,
2024-01-10,
2024-01-11,
2024-01-12,
2024-01-13,
2024-01-14,
2024-01-15,
2024-01-16,
2024-01-17,
2024-01-18,
2024-01-19,
2024-01-20,
2024-01-21,
2024-01-22,
2024-01-23,
2024-01-24,
2024-01-25,
2024-01-26,
2024-01-27,
2024-01-28,
2024-01-29,
2024-01-30,
2024-01-31,
2024-02-01,
2024-02-02,
2024-02-03,
2024-02-04,
2024-02-05,
2024-02-06,
2024-02-07,
2024-02-08,
2024-02-09,
2024-02-10,
2024-02-11,
2024-02-12,
2024-02-13,
2024-02-14,
2024-02-15,
2024-02-16,
2024-02-17,
2024-02-18,
2024-02-19,
2024-02-20,
2024-02-21,
2024-02-22,
2024-02-23,
2024-02-24,
2024-02-25,
2024-02-26,
2024-02-27,
2024-02-28,
2024-02-29,
2024-03-01,
2024-03-02,
2024-03-03,
2024-03-04,
2024-03-05,
2024-03-06,
2024-03-07,
2024-03-08,
2024-03-09,
2024-03-10,
2024-03-11,
2024-03-12,
2024-03-13,
2024-03-14,
2024-03-15,
2024-03-16,
2024-03-17,
2024-03-18,
2024-03-19,
2024-03-20,
2024-03-21,
2024-03-22,
2024-03-23,
2024-03-24,
2024-03-25,
2024-03-26,
2024-03-27,
2024-03-28,
2024-03-29,
2024-03-30,
2024-03-31,
2024-04-01,
2024-04-02,
2024-04-03,
2024-04-04,
2024-04-05,
2024-04-06,
2024-04-07,
2024-04-08,
2024-04-09,
2024-04-10,
2024-04-11,
2024-04-12,
2024-04-13,
2024-04-14,
2024-04-15,
2024-04-16,
2024-04-17,
2024-04-18,
2024-04-19,
2024-04-20,
2024-04-21,
2024-04-22,
2024-04-23,
2024-04-24,
2024-04-25,
2024-04-26,
2024-04-27,
2024-04-28,
2024-04-29,
2024-04-30,
2024-05-01,
2024-05-02,
2024-05-03,
2024-05-04,
2024-05-05,
2024-05-06,
2024-05-07,
2024-05-08,
2024-05-09,
2024-05-10,
2024-05-11,
2024-05-12,
2024-05-13,
2024-05-14,
2024-05-15,
2024-05-16,
2024-05-17,
2024-05-18,
2024-05-19,
2024-05-20,
2024-05-21,
2024-05-22,
2024-05-23,
2024-05-24,
2024-05-25,
2024-05-26,
2024-05-27,
2024-05-28,
2024-05-29,
2024-05-30,
2024-05-31,
2024-06-01,
2024-06-02,
2024-06-03,
2024-06-04,
2024-06-05,
2024-06-06,
2024-06-07,
2024-06-08,
2024-06-09,
2024-06-10,
2024-06-11,
2024-06-12,
2024-06-13,
2024-06-14,
2024-06-15,
2024-06-16,
2024-06-17,
2024-06-18,
2024-06-19,
2024-06-20,
2024-06-21,
2024-06-22,
2024-06-23,
2024-06-24,
2024-06-25,
2024-06-26,
2024-06-27,
2024-06-28,
2024-06-29,
2024-06-30,
2024-07-01,
2024-07-02,
2024-07-03,
2024-07-04,
2024-07-05,
2024-07-06,
2024-07-07,
2024-07-08,
2024-07-09,
2024-07-10,
2024-07-11,
2024-07-12,
2024-07-13,
2024-07-14,
2024-07-15,
2024-07-16,
2024-07-17,
2024-07-18,
2024-07-19,
2024-07-20,
2024-07-21,
2024-07-22,
2024-07-23,
2024-07-24,
2024-07-25,
2024-07-26,
2024-07-27,
2024-07-28,
2024-07-29,
2024-07-30,
2024-07-31,
2024-08-01,
2024-08-02,
2024-08-03,
2024-08-04,
2024-08-05,
2024-08-06,
2024-08-07,
2024-08-08,
2024-08-09,
2024-08-10,
2024-08-11,
2024-08-12,
2024-08-13,
2024-08-14,
2024-08-15,
2024-08-16,
2024-08-17,
2024-08-18,
2024-08-19,
2024-08-20,
2024-08-21,
2024-08-22,
2024-08-23,
2024-08-24,
2024-08-25,
2024-08-26,
2024-08-27,
2024-08-28,
2024-08-29,
2024-08-30,
2024-08-31,
2024-09-01,
2024-09-02,
2024-09-03,
2024-09-04,
2024-09-05,
2024-09-06,
2024-09-07,
2024-09-08,
2024-09-09,
2024-09-10,
2024-09-11,
2024-09-12,
2024-09-13,
2024-09-14,
2024-09-15,
2024-09-16,
2024-09-17,
2024-09-18,
2024-09-19,
2024-09-20,
2024-09-21,
2024-09-22,
2024-09-23,
2024-09-24,
2024-09-25,
2024-09-26,
2024-09-27,
2024-09-28,
2024-09-29,
2024-09-30,
2024-10-01,
2024-10-02,
2024-10-03,
2024-10-04,
2024-10-05,
2024-10-06,
2024-10-07,
2024-10-08,
2024-10-09,
2024-10-10,
2024-10-11,
2024-10-12,
2024-10-13,
2024-10-14,
2024-10-15,
2024-10-16,
2024-10-17,
2024-10-18,
2024-10-19,
2024-10-20,
2024-10-21,
2024-10-22,
2024-10-23,
2024-10-24,
2024-10-25,
2024-10-26,
2024-10-27,
2024-10-28,
2024-10-29,
2024-10-30,
2024-10-31,
2024-11-01,
2024-11-02,
2024-11-03,
2024-11-04,
2024-11-05,
2024-11-06,
2024-11-07,
2024-11-08,
2024-11-09,
2024-11-10,
2024-11-11,
2024-11-12,
2024-11-13,
2024-11-14,
2024-11-15,
2024-11-16,
2024-11-17,
2024-11-18,
2024-11-19,
2024-11-20,
2024-11-21,
2024-11-22,
2024-11-23,
2024-11-24,
2024-11-25,
2024-11-26,
2024-11-27,
2024-11-28,
2024-11-29,
2024-11-30,
2024-12-01,
2024-12-02,
2024-12-03,
2024-12-04,
2024-12-05,
2024-12-06,
2024-12-07,
2024-12-08,
2024-12-09,
2024-12-10,
2024-12-11,
2024-12-12,
2024-12-13,
2024-12-14,
2024-12-15,
2024-12-16,
2024-12-17,
2024-12-18,
2024-12-19,
2024-12-20,
2024-12-21,
2024-12-22,
2024-12-23,
2024-12-24,
2024-12-25,
2024-12-26,
2024-12-27,
2024-12-28,
2024-12-29,
2024-12-30,
2024-12-31,
2025-01-01,
2025-01-02,
2025-01-03,
2025-01-04,
2025-01-05,
2025-01-06,
2025-01-07,
2025-01-08,
2025-01-09,
2025-01-10,
2025-01-11,
2025-01-12,
2025-01-13,
2025-01-14,
2025-01-15,
2025-01-16,
2025-01-17,
2025-01-18,
2025-01-19,
2025-01-20,
2025-01-21,
2025-01-22,
2025-01-23,
2025-01-24,
2025-01-25,
2025-01-26,
2025-01-27,
2025-01-28,
2025-01-29,
2025-01-30,
2025-01-31,
2025-02-01,
2025-02-02,
2025-02-03,
2025-02-04,
2025-02-05,
2025-02-06,
2025-02-07,
2025-02-08,
2025-02-09,
2025-02-10,
2025-02-11,
2025-02-12,
2025-02-13,
2025-02-14,
2025-02-15,
2025-02-16,
2025-02-17,
2025-02-18,
2025-02-19,
2025-02-20,
2025-02-21,
2025-02-22,
2025-02-23,
2025-02-24,
2025-02-25,
2025-02-26,
2025-02-27,
2025-02-28,
2025-03-01,
2025-03-02,
2025-03-03,
2025-03-04,
2025-03-05,
2025-03-06,
2025-03-07,
2025-03-08,
2025-03-09,
2025-03-10,
2025-03-11,
2025-03-12,
2025-03-13,
2025-03-14,
2025-03-15,
2025-03-16,
2025-03-17,
2025-03-18,
2025-03-19,
2025-03-20,
2025-03-21,
2025-03-22,
2025-03-23,
2025-03-24,
2025-03-25,
2025-03-26,
2025-03-27,
2025-03-28,
2025-03-29,
2025-03-30,
2025-03-31,
2025-04-01,
2025-04-02,
2025-04-03,
2025-04-04,
2025-04-05,
2025-04-06,
2025-04-07,
2025-04-08,
2025-04-09,
2025-04-10,
2025-04-11,
2025-04-12,
2025-04-13,
2025-04-14,
2025-04-15,
2025-04-16,
2025-04-17,
2025-04-18,
2025-04-19,
2025-04-20,
2025-04-21,
2025-04-22,
2025-04-23,
2025-04-24,
2025-04-25,
2025-04-26,
2025-04-27,
2025-04-28,
2025-04-29,
2025-04-30,
2025-05-01,
2025-05-02,
2025-05-03,
2025-05-04,
2025-05-05,
2025-05-06,
2025-05-07,
2025-05-08,
2025-05-09,
2025-05-10,
2025-05-11,
2025-05-12,
2025-05-13,
2025-05-14,
2025-05-15,
2025-05-16,
2025-05-17,
2025-05-18,
2025-05-19,
2025-05-20,
2025-05-21,
2025-05-22,
2025-05-23,
2025-05-24,
2025-05-25,
2025-05-26,
2025-05-27,
2025-05-28,
2025-05-29,
2025-05-30,
2025-05-31,
2025-06-01,
2025-06-02,
2025-06-03,
2025-06-04,
2025-06-05,
2025-06-06,
2025-06-07,
2025-06-08,
2025-06-09,
2025-06-10,
2025-06-11,
2025-06-12,
2025-06-13,
2025-06-14,
2025-06-15,
2025-06-16,
2025-06-17,
2025-06-18,
2025-06-19,
2025-06-20,
2025-06-21,
2025-06-22,
2025-06-23,
2025-06-24,
2025-06-25,
2025-06-26,
2025-06-27,
2025-06-28,
2025-06-29,
2025-06-30,
2025-07-01,
2025-07-02,
2025-07-03,
2025-07-04,
2025-07-05,
2025-07-06,
2025-07-07,
2025-07-08,
2025-07-09,
2025-07-10,
2025-07-11,
2025-07-12,
2025-07-13,
2025-07-14,
2025-07-15,
2025-07-16,
2025-07-17,
2025-07-18,
2025-07-19,
2025-07-20,
2025-07-21,
2025-07-22,
2025-07-23,
2025-07-24,
2025-07-25,
2025-07-26,
2025-07-27,
2025-07-28,
2025-07-29,
2025-07-30,
2025-07-31,
2025-08-01,
2025-08-02,
2025-08-03,
2025-08-04,
2025-08-05,
2025-08-06,
2025-08-07,
2025-08-08,
2025-08-09,
2025-08-10,
2025-08-11,
2025-08-12,
2025-08-13,
2025-08-14,
2025-08-15,
2025-08-16,
2025-08-17,
2025-08-18,
2025-08-19,
2025-08-20,
2025-08-21,
2025-08-22,
2025-08-23,
2025-08-24,
2025-08-25,
2025-08-26,
2025-08-27,
2025-08-28,
2025-08-29,
2025-08-30,
2025-08-31,
2025-09-01,
2025-09-02,
2025-09-03,
2025-09-04,
2025-09-05,
2025-09-06,
2025-09-07,
2025-09-08,
2025-09-09,
2025-09-10,
2025-09-11,
2025-09-12,
2025-09-13,
2025-09-14,
2025-09-15,
2025-09-16,
2025-09-17,
2025-09-18,
2025-09-19,
2025-09-20,
2025-09-21,
2025-09-22,
2025-09-23,
2025-09-24,
2025-09-25,
2025-09-26,
2025-09-27,
2025-09-28,
2025-09-29,
2025-09-30,
2025-10-01,
2025-10-02,
2025-10-03,
2025-10-04,
2025-10-05,
2025-10-06,
2025-10-07,
2025-10-08,
2025-10-09,
2025-10-10,
2025-10-11,
2025-10-12,
2025-10-13,
2025-10-14,
2025-10-15,
2025-10-16,
2025-10-17,
2025-10-18,
2025-10-19,
2025-10-20,
2025-10-21,
2025-10-22,
2025-10-23,
2025-10-24,
2025-10-25,
2025-10-26,
2025-10-27,
2025-10-28,
2025-10-29,
2025-10-30,
2025-10-31,
2025-11-01,
2025-11-02,
2025-11-03,
2025-11-04,
2025-11-05,
2025-11-06,
2025-11-07,
2025-11-08,
2025-11-09,
2025-11-10,
2025-11-11,
2025-11-12,
2025-11-13,
2025-11-14,
2025-11-15,
2025-11-16,
2025-11-17,
2025-11-18,
2025-11-19,
2025-11-20,
2025-11-21,
2025-11-22,
2025-11-23,
2025-11-24,
2025-11-25,
2025-11-26,
2025-11-27,
2025-11-28,
2025-11-29,
2025-11-30,
2025-12-01,
2025-12-02,
2025-12-03,
2025-12-04,
2025-12-05,
2025-12-06,
2025-12-07,
2025-12-08,
2025-12-09,
2025-12-10,
2025-12-11,
2025-12-12,
2025-12-13,
2025-12-14,
2025-12-15,
2025-12-16,
2025-12-17,
2025-12-18,
2025-12-19,
2025-12-20,
2025-12-21,
2025-12-22,
2025-12-23,
2025-12-24,
2025-12-25,
2025-12-26,
2025-12-27,
2025-12-28,
2025-12-29,
2025-12-30,
2025-12-31,
2026-01-01,
2026-01-02,
2026-01-03,
2026-01-04,
2026-01-05,
2026-01-06,
2026-01-07,
2026-01-08,
2026-01-09,
2026-01-10,
2026-01-11,
2026-01-12,
2026-01-13,
2026-01-14,
2026-01-15,
2026-01-16,
2026-01-17,
2026-01-18,
2026-01-19,
2026-01-20,
2026-01-21,
2026-01-22,
2026-01-23,
2026-01-24,
2026-01-25,
2026-01-26,
2026-01-27,
2026-01-28,
2026-01-29,
2026-01-30,
2026-01-31,
2026-02-01,
2026-02-02,
2026-02-03,
2026-02-04,
2026-02-05,
2026-02-06,
2026-02-07,
2026-02-08,
2026-02-09,
2026-02-10,
2026-02-11,
2026-02-12,
2026-02-13,
2026-02-14,
2026-02-15,
2026-02-16,
2026-02-17,
2026-02-18,
2026-02-19,
2026-02-20,
2026-02-21,
2026-02-22,
2026-02-23,
2026-02-24,
2026-02-25,
2026-02-26,
2026-02-27,
2026-02-28,
2026-03-01,
2026-03-02,
2026-03-03,
2026-03-04,
2026-03-05,
2026-03-06,
2026-03-07,
2026-03-08,
2026-03-09,
2026-03-10,
2026-03-11,
2026-03-12,
2026-03-13,
2026-03-14,
2026-03-15,
2026-03-16,
2026-03-17,
2026-03-18,
2026-03-19,
2026-03-20,
2026-03-21,
2026-03-22,
2026-03-23,
2026-03-24,
2026-03-25,
2026-03-26,
2026-03-27,
2026-03-28,
2026-03-29,
2026-03-30,
2026-03-31,
2026-04-01,
2026-04-02,
2026-04-03,
2026-04-04,
2026-04-05,
2026-04-06,
2026-04-07,
2026-04-08,
2026-04-09,
2026-04-10,
2026-04-11,
2026-04-12,
2026-04-13,
2026-04-14,
2026-04-15,
2026-04-16,
2026-04-17,
2026-04-18,
2026-04-19,
2026-04-20,
2026-04-21,
2026-04-22,
2026-04-23,
2026-04-24,
2026-04-25,
2026-04-26,
2026-04-27,
2026-04-28,
2026-04-29,
2026-04-30,
2026-05-01,
2026-05-02,
2026-05-03,
2026-05-04,
2026-05-05,
2026-05-06,
2026-05-07,
2026-05-08,
2026-05-09,
2026-05-10,
2026-05-11,
2026-05-12,
2026-05-13,
2026-05-14,
2026-05-15,
2026-05-16,
2026-05-17,
2026-05-18,
2026-05-19,
2026-05-20,
2026-05-21,
2026-05-22,
2026-05-23,
2026-05-24,
2026-05-25,
2026-05-26,
2026-05-27,
2026-05-28,
2026-05-29,
2026-05-30,
2026-05-31,
2026-06-01,
2026-06-02,
2026-06-03,
2026-06-04,
2026-06-05,
2026-06-06,
2026-06-07,
2026-06-08,
2026-06-09,
2026-06-10,
2026-06-11,
2026-06-12,
2026-06-13,
2026-06-14,
2026-06-15,
2026-06-16,
2026-06-17,
2026-06-18,
2026-06-19,
2026-06-20,
2026-06-21,
2026-06-22,
2026-06-23,
2026-06-24,
2026-06-25,
2026-06-26,
2026-06-27,
2026-06-28,
2026-06-29,
2026-06-30,
2026-07-01,
2026-07-02,
2026-07-03,
2026-07-04,
2026-07-05,
2026-07-06,
2026-07-07,
2026-07-08,
2026-07-09,
2026-07-10,
2026-07-11,
2026-07-12,
2026-07-13,
2026-07-14,
2026-07-15,
2026-07-16,
2026-07-17,
2026-07-18,
2026-07-19,
2026-07-20,
2026-07-21,
2026-07-22,
2026-07-23,
2026-07-24,
2026-07-25,
2026-07-26,
2026-07-27,
2026-07-28,
2026-07-29,
2026-07-30,
2026-07-31,
2026-08-01,
2026-08-02,
2026-08-03,
2026-08-04,
2026-08-05,
2026-08-06,
2026-08-07,
2026-08-08,
2026-08-09,
2026-08-10,
2026-08-11,
2026-08-12,
2026-08-13,
2026-08-14,
2026-08-15,
2026-08-16,
2026-08-17,
2026-08-18,
2026-08-19,
2026-08-20,
2026-08-21,
2026-08-22,
2026-08-23,
2026-08-24,
2026-08-25,
2026-08-26,
2026-08-27,
2026-08-28,
2026-08-29,
2026-08-30,
2026-08-31,
2026-09-01,
2026-09-02,
2026-09-03,
2026-09-04,
2026-09-05,
2026-09-06,
2026-09-07,
2026-09-08,
2026-09-09,
2026-09-10,
2026-09-11,
2026-09-12,
2026-09-13,
2026-09-14,
2026-09-15,
2026-09-16,
