tree
version=v4
num_class=1
num_tree_per_iteration=1
label_index=0
max_feature_idx=36
objective=regression
feature_names=ret_1d ret_3d ret_7d ret_14d ret_30d ret_90d ma_z_30 ma_z_90 ma_z_200 dd_90 ru_90 rangepos_7 rv rv_ratio_3_30 rv_rank park_ratio volu_z_7_90 spotvol_z upvol_share_7 mvrv mvrv_rank mvrv_ch_30 netflow_7 netflow_30 netflow_rank splyex_ch_7 splyex_ch_30 flowin_z adr_mom_30 adr_px_div hash_mom_30 fee_z txtfr_mom_30 ethbtc_ch_7 ethbtc_ch_30 stbl_gr_7 stbl_gr_30
feature_infos=[-0.66394802586768298:0.33748618826273391] [-0.79994551098739908:0.54739361292951394] [-1.2128916440593644:0.70126511741463815] [-0.77792128107089786:1.0815981694613337] [-0.91419347534754736:1.7457913293218663] [-1.1242660617151934:2.8251238814236896] [-4.9098702182714158:4.6342458154914059] [-4.7126946538023402:4.910791024844591] [-3.6499439446062798:6.8761953334974644] [-0.71030567685589519:0] [0:15.788856304985336] [0:1] [0:0.97515812768875398] [0:4.7089144183711866] [0.0013698630136986:1] [0:5.1287097213455439] [-2.0055424991285111:2.3271944709030974] [-1.889222404474824:2.4480454411074635] [0:1.0000000000000004] [0.56357972000000001:5.8840677799999996] [0.0013698630136986:1] [-0.65176125996291634:1.1654431789894195] [-0.33054363119931213:0.11148955068782079] [-0.195173557330903:0.027240399980282701] [0.0013698630136986:1] [-0.69823213081585167:3.5542910047414846] [-0.85412547850772391:4.4708186355992767] [-2.1236465895824019:2.031614260586692] [-0.49468778904696009:0.76206779905508171] [-1.1373576962400342:0.75911403264759902] [-0.5789128292815704:1.0253689007739846] [-2.0828766011409088:2.8819872716644848] [-1.2297705006705186:1.359581442543071] [-0.52542042061423255:1.7922234011054139] [-0.62636995578765964:4.6293856579232298] [-0.1459140667743305:0.19593526489757759] [-0.13453808047452251:0.4211809129072161]
tree_sizes=1519 1569 1568 1565 1572 1563 1555 1571 1565 1565 1574 1566 1562 1561 1571 1569 1566 1578 1567 1565 1578 1572 1576 1571 1573 1573 1561 1576 1569 1568 1570 1565 1565 1574 1569 1569 1572 1578 1566 1559 1576 1565 1584 1574 1568 1583 1572 1576 1572 1571 1578 1573 1577 1572 1577 1581 1574 1572 1576 1575 1574 1573 1562 1572 1570 1576 1572 1582 1564 1577 1565 1576 1576 1581 1577 1573 1574 1564 1567 1583 1575 1576 1558 1582 1574 1577 1574 1566 1580 1578 1547 1573 1566 1570 1575 1578 1563 1565 1570 1572 1573 1576 1575 1572 1583 1569 1578 1567 1573 1578 1570 1563 1575 1567 1578 1574 1577 1580 1558 1571 1566 1570 1570 1579 1572 1577 1582 1586 1569 1577 1564 1568 1572 1581 1575 1574 1561 1576 1571 1586 1580 1574 1577 1567 1578 1571 1575 1564 1563 1575 1577 1571 1566 1574 1577 1560 1579 1567 1567 1563 1574 1575 1572 1578 1582 1574 1584 1568 1577 1582 1556 1563 1579 1558 1571 1568 1587 1578 1580 1570 1574 1582 1570 1569 1571 1570 1576 1564 1576 1566 1571 1580 1578 1583 1572 1571 1570 1589 1571 1559 1574 1572 1568 1575 1581 1575 1574 1582 1561 1577 1576 1560 1572 1566 1579 1571 1574 1590 1584 1581 1576 1573 1575 1567 1569 1576 1561 1577 1576 1577 1567 1575 1577 1570 1570 1576 1578 1568 1563 1578 1579 1568 1574 1582 1581 1580 1577 1576 1577 1570 1576 1571 1570 1568 1578 1578 1567 1579 1583 1588 1575 1577 1588 1584 1574 1580 1573 1571 1574 1581 1585 1577 1580 1570 1567 1579 1566 1572 1574 1562 1572 1572 1586 1576 1575 1578 1571 1580 1593 1586 1574 1583 1577 1580 1565 1573 1567 1572 1578 1551

Tree=0
num_leaves=15
num_cat=0
split_feature=6 1 30 21 7 4 20 34 36 33 21 8 7 6
split_gain=0.192393 0.102043 0.0643946 0.0435707 0.0651252 0.0398119 0.0478539 0.0315718 0.0286905 0.0275401 0.0330699 0.0259779 0.0284023 0.021389
threshold=1.5715065799915113 -0.12670079217475846 0.28949401862083507 0.3188966667481028 2.0055820523986898 -0.28488244807879376 0.011643835616438301 0.080651510177521715 0.060639405827605609 0.0044377165360600006 0.25227696277101386 -0.88238231830023617 -0.5832424884643207 -1.3719587660556682
decision_type=10 10 10 10 10 8 8 8 8 10 10 10 10 10
left_child=1 -1 8 4 5 -3 -7 13 -2 10 -10 -9 -13 -8
right_child=2 3 -4 -5 -6 6 7 11 9 -11 -12 12 -14 -15
leaf_value=0.0042980700416773571 0.0036178254732949912 0.0038827409196334757 0.0046823801534037436 0.0028485711894622586 0.0040812547726630267 0.0027884443992067685 0.0038628577840930374 0.0035457491838652624 0.00406567239650109 0.0044550761456726897 0.0034400561554802428 0.0029061187081709187 0.0033310916942168398 0.0034962994656714155
leaf_weight=128 238 169 102 100 145 101 156 386 273 100 102 170 825 1303
leaf_count=128 238 169 102 100 145 101 156 386 273 100 102 170 825 1303
internal_value=0.00357989 0.00348269 0.00399338 0.00345057 0.00347016 0.00344092 0.00341507 0.00343872 0.00388786 0.00402141 0.00389584 0.00333616 0.00325545 0.00353631
internal_weight=4298 3483 815 3355 3255 3110 2941 2840 713 475 375 1381 995 1459
internal_count=4298 3483 815 3355 3255 3110 2941 2840 713 475 375 1381 995 1459
is_linear=0
shrinkage=1


Tree=1
num_leaves=15
num_cat=0
split_feature=6 3 30 21 21 3 17 20 13 23 8 33 29 25
split_gain=0.22587 0.155056 0.149827 0.0459425 0.040578 0.0345278 0.043595 0.0393067 0.0364534 0.0348314 0.0334474 0.0252794 0.0212847 0.0234652
threshold=1.5715065799915113 -0.27837401543382306 0.28949401862083507 0.34260527453464767 -0.023986064304987644 -0.13028075136800213 0.12885587450177663 0.1856164383561644 0.58744735101963375 0.0012909782559897504 2.267034928817099 -0.17784687477894676 0.084865241164779517 -0.0090632167910263493
decision_type=10 10 10 8 10 10 8 8 10 10 10 10 10 10
left_child=1 -1 -2 4 5 7 8 -3 -7 -8 12 -10 13 -6
right_child=2 3 -4 -5 10 6 9 -9 11 -11 -12 -13 -14 -15
leaf_value=0.0010233208388427412 0.00029351724460175018 -0.00026932857342492142 0.0015054433101284062 -0.0006063348487721546 0.00024285195820300025 0.00033819428609214292 -0.00036697502763709055 0.00036500775066694281 -0.00051557740115792895 -0.0010247175119750733 0.00041540197305833695 -0.00014096480860051054 0.00033791846287546348 -0.00013378175226042306
leaf_weight=102 721 167 101 173 168 107 270 175 216 100 153 633 114 1075
leaf_count=102 721 167 101 173 168 107 270 175 216 100 153 633 114 1075
internal_value=5.25144e-06 -0.000101271 0.000450629 -0.000136975 -0.000110513 -0.000212276 -0.000281378 5.58412e-05 -0.000172737 -0.000556036 2.22766e-06 -0.000238733 -4.57112e-05 -8.21081e-05
internal_weight=4275 3453 822 3351 3178 1668 1326 342 956 370 1510 849 1357 1243
internal_count=4275 3453 822 3351 3178 1668 1326 342 956 370 1510 849 1357 1243
is_linear=0
shrinkage=0.03


Tree=2
num_leaves=15
num_cat=0
split_feature=6 30 3 16 12 21 25 21 2 30 25 20 35 36
split_gain=0.143714 0.0781055 0.0748691 0.0874265 0.0608618 0.0377851 0.0320799 0.0330244 0.0284941 0.033394 0.0277685 0.0249558 0.0275507 0.0216787
threshold=1.5715065799915113 0.28949401862083507 -0.13028075136800213 0.97803302793227842 0.079156949670770818 -0.023986064304987644 -0.0098410489770692482 0.31325268335815643 -0.017699626191444748 0.1274075447597092 -0.0080251156693360477 0.029452054794520507 0.032076273090951353 0.060639405827605609
decision_type=8 10 10 8 2 8 10 8 10 10 8 10 8 8
left_child=2 6 3 11 5 8 -2 13 9 -4 -7 -1 -13 -8
right_child=1 -3 4 -5 -6 10 7 -9 -10 -11 -12 12 -14 -15
leaf_value=-0.00036931398286229385 0.00071671694092540546 0.001112097815200698 -0.00026392303639873239 0.00094001343680335386 -0.00079124150132494307 0.00027267873095352334 1.3046766129094933e-05 -0.00032313011682455088 -0.00011980227854655822 -0.00082216834179132286 -7.2567151349762365e-05 0.00053867814406008353 -5.5005580895262081e-05 0.00040444429715280421
leaf_weight=101 103 101 384 119 121 244 210 104 755 128 1323 107 187 320
leaf_count=101 103 101 384 119 121 244 210 104 755 128 1323 107 187 320
internal_value=-2.25683e-06 0.000349129 -8.75209e-05 0.000245058 -0.000145687 -0.000116779 0.000237781 0.000154974 -0.000238258 -0.000410086 -1.81121e-05 2.6559e-05 0.000166458 0.000250934
internal_weight=4307 838 3469 514 2955 2834 737 634 1267 512 1567 395 294 530
internal_count=4307 838 3469 514 2955 2834 737 634 1267 512 1567 395 294 530
is_linear=0
shrinkage=0.03


Tree=3
num_leaves=15
num_cat=0
split_feature=6 2 30 19 20 4 31 15 13 19 19 23 32 14
split_gain=0.116962 0.0776635 0.0576291 0.0505595 0.0466894 0.047433 0.0283308 0.0307731 0.0293363 0.0254698 0.0225284 0.0251106 0.0329297 0.0237966
threshold=1.5715065799915113 -0.20484960760631263 0.28949401862083507 3.3121612850000006 0.86350078677282238 -0.3393073567681722 1.1507900567321661 1.2297776190845495 1.4106905579563229 2.7602110712890005 1.7358594295320002 0.00029609104556815006 0.012060544497027802 0.43959985580389332
decision_type=10 10 10 8 10 8 10 8 10 10 10 10 10 10
left_child=1 -1 -2 4 5 -3 7 10 -9 -6 -7 13 -13 -12
right_child=2 3 -4 -5 9 6 -8 8 -10 -11 11 12 -14 -15
leaf_value=0.00070627063833723816 0.00022887446166967333 0.00049141058446970014 0.0009821518353748857 -0.00069159871163719793 6.1178996722655301e-05 -6.3975944107825091e-05 0.0001842825526108251 -0.00074353251180876191 -0.00016244835444428934 0.00053550108970864499 -0.00030103711060118369 -0.00069809491939520441 -7.6487924697873897e-05 0.00016475658366419207
leaf_weight=107 712 102 101 119 466 1288 201 156 159 126 236 202 124 163
leaf_count=107 712 102 101 119 466 1288 201 156 159 126 236 202 124 163
internal_value=5.33153e-06 -7.10658e-05 0.000327886 -9.69715e-05 -7.39794e-05 -0.000128138 -0.000154046 -0.00018359 -0.000457345 0.000165772 -0.000139725 -0.000272936 -0.000466382 -0.000111066
internal_weight=4262 3449 813 3342 3223 2631 2529 2328 315 592 2013 725 326 399
internal_count=4262 3449 813 3342 3223 2631 2529 2328 315 592 2013 725 326 399
is_linear=0
shrinkage=0.03


Tree=4
num_leaves=15
num_cat=0
split_feature=9 26 3 20 5 19 22 18 15 32 35 3 14 20
split_gain=0.14238 0.103752 0.0897673 0.0497881 0.0476898 0.0380219 0.0316712 0.0416099 0.0281237 0.0230266 0.0224077 0.036085 0.0338509 0.0215387
threshold=-0.022278899395258098 0.057822306964940007 -0.22941637313501276 0.007534246575342401 0.81816008947102092 2.6605386173975005 -0.0012112060633751999 0.67797237459257798 1.474653114064461 -0.032750271842516492 0.049376867645641608 -0.12428471500292089 0.6715539383561645 0.89753684635574416
decision_type=10 10 10 8 8 10 8 10 10 8 8 10 10 10
left_child=2 13 -1 -4 6 -6 -5 8 10 -9 11 -8 -12 -2
right_child=1 -3 3 4 5 -7 7 9 -10 -11 12 -13 -14 -15
leaf_value=0.00056480982486075098 8.9096977467085952e-06 0.0010430760834597679 -0.00074084925782281553 0.0001653196927109867 -0.00089045917949800329 -0.00014706275504004288 0.00043021277377348655 -0.00016570214052494107 0.00022199432427235229 0.00031088762860235873 -0.00020968277971664852 -0.00015280312186071872 -0.00069632499965977055 0.00036920019322697416
leaf_weight=179 304 158 106 465 111 138 100 127 160 297 669 1075 157 289
leaf_count=179 304 158 106 465 111 138 100 127 160 297 669 1075 157 289
internal_value=-2.06321e-06 0.000372116 -8.08787e-05 -0.000115601 -9.44202e-05 -0.000489462 -6.1421e-05 -0.000102448 -0.000155751 0.000167868 -0.000186434 -0.000101572 -0.000305813 0.000186117
internal_weight=4335 751 3584 3405 3299 249 3050 2585 2161 424 2001 1175 826 593
internal_count=4335 751 3584 3405 3299 249 3050 2585 2161 424 2001 1175 826 593
is_linear=0
shrinkage=0.03


Tree=5
num_leaves=15
num_cat=0
split_feature=2 22 3 12 8 28 9 16 33 22 11 15 11 30
split_gain=0.121307 0.054369 0.0523575 0.0719872 0.0590937 0.0512787 0.04741 0.0446522 0.0314037 0.0324491 0.029014 0.0312446 0.0280683 0.0368648
threshold=0.10229868377179242 0.0025248302228804502 -0.17575009757804541 0.079156949670770818 2.267034928817099 0.096357623956638563 -0.00079999303186179991 0.43055069235457638 0.17410809623303583 -0.0013476521765408997 0.81131719459687646 1.1360230392977306 0.68377665075604732 0.15655053790024806
decision_type=8 8 10 2 10 10 8 10 10 8 10 10 10 10
left_child=2 10 7 4 5 8 -3 -1 9 -4 -2 -12 13 -11
right_child=1 6 3 -5 -6 -7 -8 -9 -10 12 11 -13 -14 -15
leaf_value=-3.4168736316853439e-05 0.00052593220287645371 0.0002757518964702107 0.00014628477236973834 -0.0007952297644806094 0.00037414126424995648 0.00019621781704978793 0.0011855751343070947 0.00071368194091587264 -0.00061789355032036664 -0.0001884417468247264 0.00023517989877574 -0.00039471964446420317 -1.8355314637983205e-05 -0.00060069585249133018
leaf_weight=154 137 102 308 127 234 406 108 129 126 1304 188 107 669 227
leaf_count=154 137 102 308 127 234 406 108 129 126 1304 188 107 669 227
internal_value=-8.98768e-06 0.000369921 -7.54309e-05 -0.000108181 -8.03583e-05 -0.0001159 0.000760351 0.000313196 -0.00016429 -0.000140317 0.000173601 3.93707e-06 -0.000180682 -0.000251323
internal_weight=4326 642 3684 3401 3274 3040 210 283 2634 2508 432 295 2200 1531
internal_count=4326 642 3684 3401 3274 3040 210 283 2634 2508 432 295 2200 1531
is_linear=0
shrinkage=0.03


Tree=6
num_leaves=15
num_cat=0
split_feature=6 5 3 35 5 6 3 5 13 36 36 6 31 8
split_gain=0.157396 0.173648 0.0880954 0.0720221 0.0484584 0.0680869 0.0490548 0.0319453 0.03193 0.0265116 0.0256646 0.0549189 0.0227765 0.0234436
threshold=1.5199180186674013 0.8759915211321625 -0.19252625074782351 0.08359365418912286 0.81816008947102092 0.23270171180493796 0.0017206264671157502 0.54315796648986192 0.65287214582107556 0.060639405827605609 -0.0096850910908718984 -1.4895891688974379 1.1949243280457709 1.5346871308692749
decision_type=10 10 10 8 8 8 10 10 10 8 10 10 8 10
left_child=2 9 3 -1 6 -6 8 -8 -4 -2 11 -10 13 -11
right_child=1 -3 4 -5 5 -7 7 -9 10 12 -12 -13 -14 -15
leaf_value=-0.00016175322486055343 -2.4307454452024433e-05 0.0014774277995740252 0.00018335656450529182 0.00084608178788416638 -3.1049850879753653e-05 -0.0010764391640709205 -9.0453239814361621e-07 0.00049048976290412777 -0.00089483594304573207 0.00020455697990282349 -0.00011541675735233266 -0.00023716729669344416 1.4687685655768621e-06 0.00070079684314166906
leaf_weight=103 270 108 170 157 115 105 1215 127 141 168 677 557 127 183
leaf_count=103 270 108 170 157 115 105 1215 127 141 168 677 557 127 183
internal_value=1.84812e-05 0.000380484 -7.39793e-05 0.000451305 -0.000118591 -0.000542819 -8.53803e-05 4.72466e-05 -0.000200362 0.000213343 -0.000248296 -0.00037544 0.000346443 0.000469489
internal_weight=4223 856 3367 260 3107 220 2887 1342 1545 748 1375 698 478 351
internal_count=4223 856 3367 260 3107 220 2887 1342 1545 748 1375 698 478 351
is_linear=0
shrinkage=0.03


Tree=7
num_leaves=15
num_cat=0
split_feature=6 3 30 4 2 20 11 34 22 21 19 29 35 6
split_gain=0.140541 0.126182 0.0874472 0.0401149 0.0413809 0.0358899 0.0320177 0.0236001 0.0256668 0.0206154 0.0358007 0.0287147 0.0247665 0.0559114
threshold=1.5715065799915113 -0.27837401543382306 0.30957606770717844 0.39211371006221557 -0.13431993296385328 0.80551750380517517 0.12468477426795446 -0.21895305191890213 0.00092951472828180009 -0.038213325453605541 1.9734805200710002 0.24361833759225179 0.036511874040988504 -0.58888111137512722
decision_type=10 10 10 8 10 10 10 10 10 8 10 8 8 10
left_child=1 -1 -2 4 -3 6 -6 -7 -9 10 11 12 -8 -14
right_child=2 3 -4 -5 5 7 9 8 -10 -11 -12 -13 13 -15
leaf_value=0.00092740621803285553 0.00023248083622264855 0.00032824823173560077 0.0011562278409484148 -0.00066542803057793355 -0.00057010650003513571 0.00035412684108586953 -8.6207860995341602e-05 6.5243598031016023e-05 -0.00045096201725148909 -5.8033953487533535e-05 -0.00063059793146238194 0.00017800462680558362 -0.00079339584272262683 2.7035990785165898e-06
leaf_weight=103 704 191 102 110 169 182 394 435 103 1151 173 175 175 142
leaf_count=103 704 191 102 110 169 182 394 435 103 1151 173 175 175 142
internal_value=-1.29704e-07 -8.2413e-05 0.00035579 -0.000114321 -9.49137e-05 -0.000121481 -0.00017756 6.37586e-05 -3.68264e-05 -0.000146322 -0.000241557 -0.00016248 -0.000246942 -0.000442279
internal_weight=4309 3503 806 3400 3290 3099 2379 720 538 2210 1059 886 711 317
internal_count=4309 3503 806 3400 3290 3099 2379 720 538 2210 1059 886 711 317
is_linear=0
shrinkage=0.03


Tree=8
num_leaves=15
num_cat=0
split_feature=6 10 1 22 22 19 30 4 21 5 12 1 17 36
split_gain=0.154002 0.111531 0.0396513 0.0403777 0.0415936 0.0425518 0.0339261 0.0315441 0.0305253 0.0300833 0.0290425 0.0283981 0.0282713 0.0181297
threshold=1.5715065799915113 1.6766947236992231 -0.12670079217475846 0.0007948861289131001 0.0017281953208710002 2.0136199042105005 0.23260215071741183 -0.28488244807879376 -0.18948506510917426 0.50685529835032395 0.064104852938755355 0.011177429479875801 -0.41439557426875256 0.031620884222995756
decision_type=10 10 10 10 10 10 8 10 8 10 2 10 10 8
left_child=2 13 -1 7 5 12 11 -4 -9 -10 -8 -6 -5 -2
right_child=1 -3 3 4 6 -7 10 8 9 -11 -12 -13 -14 -15
leaf_value=0.0004161612379539292 -1.1120046917182792e-05 0.0012261218909178889 0.0004708465160240718 9.1029146970292434e-05 -0.00012068919163523834 -0.0010105933161685243 -6.0975625331463692e-05 -0.00051488667610101392 -7.0366811074664933e-05 0.00032104551350662053 -0.00073568004467430197 0.00042518311077987565 -0.00050993952392387396 0.00032361903953955331
leaf_weight=131 205 113 100 104 231 103 121 121 1885 190 106 130 205 495
leaf_count=131 205 113 100 104 231 103 121 121 1885 190 106 130 205 495
internal_value=1.93e-06 0.00037183 -8.62366e-05 -0.000106805 -0.000265409 -0.000494746 -0.000101899 -3.72995e-05 -6.14562e-05 -3.38411e-05 -0.000385101 7.90084e-05 -0.000309443 0.000226205
internal_weight=4240 813 3427 3296 1000 412 588 2296 2196 2075 227 361 309 700
internal_count=4240 813 3427 3296 1000 412 588 2296 2196 2075 227 361 309 700
is_linear=0
shrinkage=0.03


Tree=9
num_leaves=15
num_cat=0
split_feature=23 30 7 32 14 22 18 8 35 19 7 9 9 4
split_gain=0.124059 0.0766879 0.0765792 0.0597517 0.053584 0.0410492 0.045103 0.0365313 0.0385204 0.0225772 0.0237731 0.021958 0.0253712 0.0211086
threshold=0.0052302773526424007 0.35865825853284955 1.3583664658344057 0.2766576793157825 0.93630136986301382 0.0007948861289131001 0.67491395305370072 2.4628069750048573 -0.011453413460594348 1.3688346720091711 -0.75296158552014469 -0.44699153833532562 -0.36820014820637487 0.16250775061823702
decision_type=10 8 10 8 10 10 10 8 10 10 10 8 8 10
left_child=2 -2 4 7 5 11 9 -4 -9 -7 -11 -1 -13 -14
right_child=1 -3 3 -5 -6 6 -8 8 -10 10 -12 12 13 -15
leaf_value=0.00031723246349242681 0.00015177018091983011 0.0011928788202092589 9.3717506157680382e-05 -0.00051686779452055423 0.00048847138005705764 -0.00022961856512905031 0.00019158628352930202 0.00075060258632605504 0.00013842560317061726 -0.00091386077889675423 -0.00040075378596376364 -0.00055791169343481089 -0.00010527138903340448 0.00032550832365747378
leaf_weight=112 142 113 619 100 117 299 121 198 175 128 252 101 1727 104
leaf_count=112 142 113 619 100 117 299 121 198 175 128 252 101 1727 104
internal_value=-8.09471e-06 0.000627192 -4.87882e-05 0.000165449 -0.000127943 -0.000154115 -0.000335654 0.000236478 0.000469018 -0.000430323 -0.000583214 -8.24168e-05 -0.000106344 -7.99835e-05
internal_weight=4308 255 4053 1092 2961 2844 800 992 373 679 380 2044 1932 1831
internal_count=4308 255 4053 1092 2961 2844 800 992 373 679 380 2044 1932 1831
is_linear=0
shrinkage=0.03


Tree=10
num_leaves=15
num_cat=0
split_feature=6 10 4 26 30 14 12 1 18 25 31 13 17 34
split_gain=0.1244 0.0728557 0.0526948 0.0336514 0.0335447 0.0397093 0.0247157 0.0363192 0.0216019 0.0338582 0.0266976 0.0216373 0.024346 0.0194009
threshold=1.5199180186674013 1.6766947236992231 -0.3269843513416173 0.27662697549549775 0.32190430968874756 0.51963632241976765 0.056978991724649306 -0.0060441102255341496 0.67491395305370072 0.0055843688407591508 0.048780795476290058 0.83160241700439796 -0.16065369532834309 -0.27126915748548802
decision_type=10 10 8 10 10 10 2 10 10 10 10 8 10 10
left_child=2 -2 -1 4 6 -6 8 -8 9 13 -10 -11 -13 -4
right_child=1 -3 3 -5 5 -7 7 -9 10 11 -12 12 -14 -15
leaf_value=0.00046610972113722825 0.00022604659678218745 0.0010377794726860131 -0.00030257031612708436 0.00043283932685400666 -8.0404298387293238e-05 -0.0008648402025833742 0.00041957784667323079 -0.00027050844497845949 -0.00015272332686106313 -0.00064491285117418808 0.00036313767531585958 0.00013260597095004489 -0.00039771621939281495 -3.8246470141808086e-05
leaf_weight=154 740 111 297 101 123 107 189 102 177 161 175 114 228 1461
leaf_count=154 740 111 297 101 123 107 189 102 177 161 175 114 228 1461
internal_value=1.41954e-05 0.000337368 -6.73328e-05 -9.34071e-05 -0.000111029 -0.000455974 -8.29722e-05 0.000177208 -0.000112231 -0.000146244 0.000105236 -0.000362093 -0.000221579 -8.36333e-05
internal_weight=4240 851 3389 3235 3134 230 2904 291 2613 2261 352 503 342 1758
internal_count=4240 851 3389 3235 3134 230 2904 291 2613 2261 352 503 342 1758
is_linear=0
shrinkage=0.03


Tree=11
num_leaves=15
num_cat=0
split_feature=6 23 21 4 2 6 36 25 21 31 17 24 31 34
split_gain=0.11241 0.0732049 0.065944 0.0489878 0.0366721 0.0274281 0.0501322 0.0267958 0.0395262 0.0263231 0.0251602 0.0193728 0.0231011 0.0201644
threshold=1.4304122809151665 0.0023969280992841503 -0.32082151822296262 0.36613164565803763 -0.13431993296385328 -1.5089851028360097 0.0039654040767574507 -0.0095760759365687981 0.31325268335815643 -0.66916521368423687 0.50755211302109837 0.2773972602739726 -1.1705003152685611 -0.29840069918204287
decision_type=8 10 8 10 8 10 10 10 8 10 10 8 8 10
left_child=2 7 -1 4 -4 6 -6 -2 9 -9 -11 13 -13 -7
right_child=1 -3 3 -5 5 11 -8 8 -10 10 -12 12 -14 -15
leaf_value=0.00060161743205176983 0.00058189070015214378 0.00086094284101008358 0.00031185254045395237 -0.00071188466199914569 -0.00074055669255277637 -0.00024629857006621075 0.0001008741916951046 0.00062379585377805467 -0.0004201074598760929 -0.00010658582784393216 0.00031502479541463304 -0.0005048274572881711 -0.00010440929488500324 0.00011517861110546205
leaf_weight=118 115 160 193 111 153 171 105 100 108 257 244 136 1702 655
leaf_count=118 115 160 193 111 153 171 105 100 108 257 244 136 1702 655
internal_value=2.52525e-06 0.000283544 -8.04666e-05 -0.000106308 -8.36228e-05 -0.000110232 -0.000402706 0.000166911 9.59974e-05 0.000191443 9.98334e-05 -8.12057e-05 -0.000135327 3.93133e-05
internal_weight=4328 984 3344 3226 3115 2922 258 824 709 601 501 2664 1838 826
internal_count=4328 984 3344 3226 3115 2922 258 824 709 601 501 2664 1838 826
is_linear=0
shrinkage=0.03


Tree=12
num_leaves=15
num_cat=0
split_feature=6 23 3 10 9 3 10 27 21 10 21 26 2 2
split_gain=0.129908 0.105837 0.067941 0.0630026 0.0613629 0.044096 0.0346452 0.0378849 0.0273032 0.0458637 0.0216634 0.025734 0.0202031 0.0148107
threshold=1.5715065799915113 0.0023969280992841503 -0.13028075136800213 2.6615080409324849 -0.47075467642980134 0.0066164722299081003 0.16179676141866609 0.45585608951561846 0.30645902004253173 1.1393484000780023 -0.023986064304987644 0.016420457431140553 -0.016584174487079197 -0.050418387188948741
decision_type=8 10 10 8 8 10 8 10 10 8 10 10 10 10
left_child=2 8 4 5 -1 10 7 -6 9 -2 11 -4 -13 -7
right_child=1 -3 3 -5 6 13 -8 -9 -10 -11 -12 12 -14 -15
leaf_value=0.0008412983229843517 0.00012873211965684493 0.0010668719571708919 -0.0002172725585565518 -0.00085704819877032855 0.00017766727404728628 0.00034715213122806475 0.00036656038196347017 -0.00060951300450999817 -0.00026684601626218984 0.00079763235181943811 -7.7798483509947876e-05 -0.00081355410509163166 -0.00024100184940367139 -1.7462348588943392e-05
leaf_weight=112 499 141 647 101 112 104 172 100 102 109 549 138 100 1247
leaf_count=112 499 141 647 101 112 104 172 100 102 109 549 138 100 1247
internal_value=4.35882e-07 0.000330633 -8.30158e-05 -0.000138802 0.000239723 -0.000111265 5.57054e-05 -0.000199133 0.000177984 0.000254178 -0.000226828 -0.00031832 -0.000582895 1.17822e-05
internal_weight=4233 851 3382 2886 496 2785 384 212 710 608 1434 885 238 1351
internal_count=4233 851 3382 2886 496 2785 384 212 710 608 1434 885 238 1351
is_linear=0
shrinkage=0.03


Tree=13
num_leaves=15
num_cat=0
split_feature=6 30 2 0 11 10 22 34 25 21 17 0 35 6
split_gain=0.105681 0.0769904 0.0565715 0.0687249 0.0308323 0.0962715 0.0368699 0.0404762 0.0298467 0.0239643 0.03602 0.023723 0.0235752 0.0235631
threshold=1.5199180186674013 0.47780538816622792 -0.13431993296385328 -0.015859772556534795 0.68728635695170337 1.1738760866277647 -0.00085403852627084992 0.21359686513610499 0.014358257447461402 0.30645902004253173 0.45531832781717446 0.013162520374812201 0.049376867645641608 -1.4621358475485979
decision_type=8 8 10 10 10 10 8 8 10 10 10 10 8 10
left_child=2 9 3 -1 5 6 7 -4 -6 10 -2 -12 -8 -14
right_child=1 -3 4 -5 8 -7 12 -9 -10 -11 11 -13 13 -15
leaf_value=0.00071760060585628147 5.800928997116525e-05 0.0010519643365904422 0.00036250335873108707 -0.00024210482291987556 -4.0643880639811789e-05 -0.00094257063691340743 -9.4823453997139033e-05 -0.0002558334167195809 0.0004304421336782467 -0.0001592366419325117 0.00079488006944721228 0.00024504647566573115 -0.00073765851818296928 -0.00024395867670122206
leaf_weight=162 354 100 252 109 816 133 1033 147 137 145 134 157 101 556
leaf_count=162 354 100 252 109 816 133 1033 147 137 145 134 157 101 556
internal_value=-2.69569e-06 0.000287801 -7.80307e-05 0.000334201 -0.000113687 -0.000174799 -0.000123784 0.000134348 2.89709e-05 0.000185064 0.000263094 0.000507385 -0.000184944 -0.000324853
internal_weight=4336 890 3446 271 3175 2222 2089 399 953 790 645 291 1690 657
internal_count=4336 890 3446 271 3175 2222 2089 399 953 790 645 291 1690 657
is_linear=0
shrinkage=0.03


Tree=14
num_leaves=15
num_cat=0
split_feature=2 9 32 23 4 18 22 16 10 7 23 29 23 28
split_gain=0.107115 0.0997468 0.056749 0.120788 0.0351431 0.0324371 0.0368063 0.024513 0.0653487 0.0266221 0.0222123 0.0210505 0.028926 0.0205683
threshold=-0.17761682497153439 -0.023462640025613848 0.20743971400289762 0.0019347952271426001 -0.3269843513416173 0.65709131087457451 0.0007948861289131001 1.2152613412065165 0.96106502865368992 0.96228014066005485 0.00063041008680345004 -0.16943335771084553 0.00026571418892935009 0.0052384302560595005
decision_type=10 10 8 10 8 10 10 8 10 10 8 10 10 10
left_child=-1 4 3 -3 -2 6 10 8 9 13 -6 -7 -13 -8
right_child=1 2 -4 -5 5 11 7 -9 -10 -11 -12 12 -14 -15
leaf_value=0.00083953598238026934 0.00043844941982230094 0.00021986331398381198 -0.00031181712317409607 0.0012977863695530171 -1.2665808677277618e-05 -0.00024572982207049873 -0.00010914526441226464 9.9667116657405246e-05 -0.001035112717179704 0.00016875615064695327 -0.00026586039479559702 -3.1600795452258328e-06 0.00045040420358280551 -0.00051028259045033211
leaf_weight=134 110 563 114 108 1443 127 202 111 109 110 393 316 206 273
leaf_count=134 110 563 114 108 1443 127 202 111 109 110 393 316 206 273
internal_value=2.02334e-05 -6.97051e-06 0.000296742 0.000401675 -7.74251e-05 -9.53123e-05 -0.000141965 -0.000310477 -0.00037632 -0.000245838 -6.74375e-05 9.4166e-05 0.000178408 -0.000342608
internal_weight=4319 4185 785 671 3400 3290 2641 805 694 585 1836 649 522 475
internal_count=4319 4185 785 671 3400 3290 2641 805 694 585 1836 649 522 475
is_linear=0
shrinkage=0.03


Tree=15
num_leaves=15
num_cat=0
split_feature=6 23 2 7 19 31 22 36 33 18 23 23 7 19
split_gain=0.092899 0.0652284 0.0455675 0.055451 0.0471688 0.0309809 0.0288383 0.0246536 0.0297602 0.0226661 0.022055 0.0255855 0.018973 0.0286958
threshold=1.5715065799915113 0.0023342477128707505 -0.13431993296385328 -0.59525741325721804 2.9769578450000007 -0.66150819014477635 -0.0013476521765408997 0.060639405827605609 -0.055929822538794798 0.78273965069625062 0.0043598576609853012 0.0017209690950197502 1.174067956432497 1.9616059957535004
decision_type=8 10 10 8 10 8 8 8 8 8 10 10 8 10
left_child=2 5 3 -1 6 -2 -4 -7 -9 -10 11 12 13 -8
right_child=1 -3 4 -5 -6 7 10 8 9 -11 -12 -13 -14 -15
leaf_value=-5.0913716599979421e-05 0.00060675832527953095 0.00085476144997907494 0.00013934081673208515 0.00083706286822312639 -0.00073086669804464655 -0.00023380384759858231 -8.9415872809018253e-05 -0.00014661627415183759 0.00012576329393307721 0.00066949551672136978 0.00025826697584013271 -0.00038117833467313326 6.2775232296808628e-05 -0.00039674543676936573
leaf_weight=158 109 139 432 100 101 171 1373 153 159 121 125 346 474 338
leaf_count=158 109 139 432 100 101 171 1373 153 159 121 125 346 474 338
internal_value=-7.78641e-06 0.000271789 -7.7183e-05 0.000302634 -0.000108337 0.000152977 -8.68271e-05 6.67763e-05 0.000186795 0.000368357 -0.000123806 -0.000143148 -0.000104671 -0.000151107
internal_weight=4299 852 3447 258 3189 713 3088 604 433 280 2656 2531 2185 1711
internal_count=4299 852 3447 258 3189 713 3088 604 433 280 2656 2531 2185 1711
is_linear=0
shrinkage=0.03


Tree=16
num_leaves=15
num_cat=0
split_feature=6 1 19 21 3 20 15 24 0 11 3 19 8 2
split_gain=0.119767 0.0905241 0.078978 0.046792 0.0350275 0.0334706 0.030085 0.0252884 0.0342821 0.0353735 0.0343843 0.0315175 0.0228686 0.0180673
threshold=1.5715065799915113 -0.12670079217475846 2.5744106859140929 0.3188966667481028 0.23865351236938762 0.0061643835616438008 1.474653114064461 0.28494827090717501 0.038828733182432906 0.87361769823918001 -0.13318189682366735 2.3955813189870003 1.7257893427280684 -0.065413790023970034
decision_type=10 10 10 10 10 8 10 8 10 8 10 10 10 10
left_child=1 -1 4 5 -2 -3 7 -7 9 10 13 12 -12 -9
right_child=2 3 -4 -5 -6 6 -8 8 -10 -11 11 -13 -14 -15
leaf_value=0.00071441766645651873 0.00027359762399081956 -0.00059621228997920692 0.00087334622853632018 -0.00069551885431142824 -0.00032770989163379585 5.6226448155575774e-05 0.00031320811686335156 0.000492719115928695 -0.00060616772999995958 0.00032580098748621818 -0.00017562048180610259 -0.0005953255248620392 0.00027891312977266759 -6.0053516289270995e-05
leaf_weight=125 524 101 187 107 100 895 184 103 125 155 1366 149 103 103
leaf_count=125 524 101 187 107 100 895 184 103 125 155 1366 149 103 103
internal_value=1.32283e-05 -6.26814e-05 0.000340694 -9.23367e-05 0.000175395 -7.16562e-05 -5.41025e-05 -7.71222e-05 -0.000133845 -0.000102559 -0.000139751 -0.00018628 -0.000142913 0.000221459
internal_weight=4327 3516 811 3391 624 3284 3183 2999 2104 1979 1824 1618 1469 206
internal_count=4327 3516 811 3391 624 3284 3183 2999 2104 1979 1824 1618 1469 206
is_linear=0
shrinkage=0.03


Tree=17
num_leaves=15
num_cat=0
split_feature=14 9 23 25 11 5 7 22 5 28 31 1 1 18
split_gain=0.0801954 0.0930314 0.0421477 0.0359174 0.0347777 0.0689223 0.0381477 0.0394472 0.018596 0.0248816 0.0230358 0.0183545 0.0230009 0.0183001
threshold=0.96402317617075506 -0.0063706284916802492 0.00081764973725160009 -0.00056335609590054986 0.68728635695170337 0.81816008947102092 1.3760215195346379 0.0007948861289131001 0.56853549249020363 0.013017616671214103 -0.71265156849922628 -0.086137290214237286 -0.049194698300985294 0.71550855622597409
decision_type=10 10 10 8 8 10 8 10 10 8 8 10 10 8
left_child=1 4 3 -3 5 6 7 11 9 10 -6 -1 -13 -11
right_child=-2 2 -4 -5 8 -7 -8 -9 -10 13 -12 12 -14 -15
leaf_value=-0.00045598238456460538 0.00073790276545928572 0.00049040623555230279 0.00075819371915222399 -0.00014051187598704208 0.00016253618392322283 -0.00085525794904708907 0.00017055506550252996 -0.00037558233723415966 0.00031776755514389141 5.4509166354879182e-06 -0.00027507720762156592 0.0002862803873262733 -9.261557191134812e-05 0.00036411996662853041
leaf_weight=101 122 150 158 167 149 112 367 549 192 336 366 160 1143 202
leaf_count=101 122 150 158 167 149 112 367 549 192 336 366 160 1143 202
internal_value=-4.71114e-06 -2.7393e-05 0.00036548 0.000161009 -7.85723e-05 -0.000144486 -0.000108407 -0.00016113 5.0247e-05 1.97093e-07 -0.000148121 -7.62389e-05 -4.51731e-05 0.000142231
internal_weight=4274 4152 475 317 3677 2432 2320 1953 1245 1053 515 1404 1303 538
internal_count=4274 4152 475 317 3677 2432 2320 1953 1245 1053 515 1404 1303 538
is_linear=0
shrinkage=0.03


Tree=18
num_leaves=15
num_cat=0
split_feature=7 1 32 30 18 25 20 32 21 9 11 6 2 0
split_gain=0.0992763 0.100431 0.0746866 0.166923 0.0373237 0.0290689 0.0250694 0.0203859 0.0196192 0.0264656 0.0193813 0.047855 0.0398287 0.021838
threshold=2.0055820523986898 -0.14105093688676987 0.20743971400289762 0.17716890862222323 0.67491395305370072 0.0055843688407591508 0.084246575342465713 -0.029746725485020747 -0.23388717037511184 -0.37234758269796736 0.67940830968802501 0.31613989217608968 -0.0012238381307737498 0.022488662663770354
decision_type=10 10 8 10 8 10 10 10 8 10 10 8 10 10
left_child=1 -1 3 -2 5 8 -6 -8 -3 -10 12 -12 13 -7
right_child=2 4 -4 -5 6 10 7 -9 9 -11 11 -13 -14 -15
leaf_value=0.00083964546354088393 0.0002095816332079716 0.00030250439496739998 -0.00034960968973592101 0.0015291662382797867 -0.00030359411637044488 -0.00013721239335297598 -8.1356715698225495e-05 0.00031033211621455851 -0.00048365831570061038 -7.2788513881856388e-05 0.0003692204296003333 -0.00048942559498127349 -0.00077813003716561599 -0.00062433373590465636
leaf_weight=100 440 107 118 103 109 415 173 370 149 1728 116 108 159 100
leaf_count=100 440 107 118 103 109 415 173 370 149 1728 116 108 159 100
internal_value=-1.3329e-05 -7.49454e-05 0.000323441 0.000471558 -0.000101975 -0.00014831 0.00010241 0.000185936 -8.38338e-05 -0.000106602 -0.000289509 -4.64167e-05 -0.000369363 -0.000236893
internal_weight=4295 3634 661 543 3534 2882 652 543 1984 1877 898 224 674 515
internal_count=4295 3634 661 543 3534 2882 652 543 1984 1877 898 224 674 515
is_linear=0
shrinkage=0.03


Tree=19
num_leaves=15
num_cat=0
split_feature=10 18 3 30 3 20 16 25 15 35 33 10 25 31
split_gain=0.118052 0.0442166 0.0389995 0.0361975 0.0290259 0.0277044 0.0357679 0.0275537 0.026226 0.0509011 0.0234494 0.0376034 0.0189901 0.0172655
threshold=2.4795330781313787 0.67491395305370072 -0.13028075136800213 -0.0065916560012135488 -0.074438274455952483 0.15136986301369862 0.346192950773967 -0.0080251156693360477 1.1696008208407016 0.017328523824086301 -0.098940662280355932 0.99973776118646651 0.0051588259293468509 0.66112328381654439
decision_type=10 8 8 8 10 8 8 8 10 8 8 10 10 10
left_child=1 2 5 -3 8 12 -7 -6 9 -4 -5 -12 -1 -9
right_child=-2 3 4 10 7 6 -8 13 -10 -11 11 -13 -14 -15
leaf_value=0.00020941081773535666 0.00080184980030614231 -0.00026033794308523873 -7.0512900623851164e-05 -0.00013476996272423326 0.00016384907399304212 7.1949032321951917e-05 0.0008025962901644691 -0.00016437731528919173 3.5402590658382641e-05 -0.00095501250953280493 0.00021336219489083311 0.00082512227624344334 -0.00034870021116594732 4.5453641147975328e-05
leaf_weight=109 162 149 111 124 370 133 107 1540 100 121 602 103 101 455
leaf_count=109 162 149 111 124 370 133 107 1540 100 121 602 103 101 455
internal_value=1.98931e-05 -1.175e-05 -6.6521e-05 0.000163934 -0.000109698 0.000190616 0.000407428 -7.24097e-05 -0.000370308 -0.000542241 0.000241293 0.000307921 -6.08809e-05 -0.000116527
internal_weight=4287 4125 3147 978 2697 450 240 2365 332 232 829 705 210 1995
internal_count=4287 4125 3147 978 2697 450 240 2365 332 232 829 705 210 1995
is_linear=0
shrinkage=0.03


Tree=20
num_leaves=15
num_cat=0
split_feature=30 26 21 7 30 3 36 18 28 24 26 34 3 0
split_gain=0.0770125 0.0832361 0.0717129 0.0584424 0.0334336 0.0351859 0.0399331 0.0313996 0.0258972 0.0260482 0.0246521 0.0243545 0.0236649 0.023169
threshold=0.55219563970726704 0.32204550641204199 0.38510196877284147 2.0055820523986898 0.32190430968874756 -0.13028075136800213 0.021348979033730054 0.67491395305370072 0.096357623956638563 0.2404109589041096 0.00042291192734875003 0.11319234233384597 0.0057138276246684007 -0.021947086728765348
decision_type=10 10 10 10 10 10 8 10 10 8 10 10 10 10
left_child=1 2 3 4 5 6 -1 8 9 -7 -9 -11 -13 -8
right_child=-2 -3 -4 -5 -6 7 13 10 -10 11 -12 12 -14 -15
leaf_value=-0.00025373266908756801 0.00072309153611676354 0.00081446332574058834 -0.00076457585859441614 0.0002893383385352339 -0.00042990906326899927 3.0945403624558048e-05 0.00075914967697276092 -3.6827977551490783e-05 0.00015752415046028426 -0.00015838257385511278 0.00037218073840297272 -0.00021762169050273402 -0.00079964366691581679 0.00020496892285882493
leaf_weight=109 129 103 111 513 194 522 104 306 273 1252 228 149 111 195
leaf_count=109 129 103 111 513 194 522 104 306 273 1252 228 149 111 195
internal_value=1.51746e-05 -7.56469e-06 -2.93577e-05 -7.7894e-06 -5.24162e-05 -2.92499e-05 0.000229578 -6.67585e-05 -0.000114732 -0.00015157 0.000139637 -0.000214475 -0.0004765 0.000407043
internal_weight=4299 4170 4067 3956 3443 3249 408 2841 2307 2034 534 1512 260 299
internal_count=4299 4170 4067 3956 3443 3249 408 2841 2307 2034 534 1512 260 299
is_linear=0
shrinkage=0.03


Tree=21
num_leaves=15
num_cat=0
split_feature=26 9 32 8 34 34 14 18 22 21 28 18 36 22
split_gain=0.0618431 0.0606712 0.0484471 0.0577841 0.06938 0.0400701 0.0379092 0.0337811 0.0353907 0.0266225 0.032737 0.0338454 0.0216983 0.0243429
threshold=0.19638343588569171 -0.031616550198013141 0.2766576793157825 2.4328124289230648 -0.024791332501160845 0.045192269363054809 0.93630136986301382 0.67491395305370072 0.0007948861289131001 -0.22129155434784001 -0.0017848015200367497 0.44068001391466088 0.045607071452643907 0.0018713621243944001
decision_type=10 8 10 10 8 10 10 8 10 10 10 10 10 8
left_child=2 -2 3 6 -5 -6 7 8 -1 -10 11 -11 13 -9
right_child=1 -3 -4 4 5 -7 -8 12 9 10 -12 -13 -14 -15
leaf_value=-4.4626539511417701e-05 5.5974683852341233e-05 0.0010091779449472337 -0.00060334121522126547 -0.00011920686550824158 0.0011109059602979606 0.00027828788558912016 0.00046336239126811582 -5.0441150194958759e-05 -0.00071682064271708188 0.00040367628022841372 -0.00038854319180517643 -0.00026093764990609214 0.00052378304173804021 0.00042805278877733414
leaf_weight=2006 142 100 122 164 102 110 122 440 106 122 376 146 100 117
leaf_count=2006 142 100 122 164 102 110 122 440 106 122 376 146 100 117
internal_value=1.50266e-06 0.000462316 -2.66866e-05 -7.95104e-06 0.000343108 0.000695254 -4.57233e-05 -6.45721e-05 -0.000110641 -0.000285744 -0.000209815 4.34626e-05 0.000128056 5.29824e-05
internal_weight=4275 242 4033 3911 376 212 3535 3413 2756 750 644 268 657 557
internal_count=4275 242 4033 3911 376 212 3535 3413 2756 750 644 268 657 557
is_linear=0
shrinkage=0.03


Tree=22
num_leaves=15
num_cat=0
split_feature=6 3 5 30 26 5 16 22 9 9 28 30 36 21
split_gain=0.0725822 0.0684752 0.0574034 0.0572091 0.0290018 0.0323306 0.0312865 0.0219383 0.0254198 0.0236392 0.0218773 0.021877 0.0211976 0.0183825
threshold=1.5715065799915113 -0.27837401543382306 1.7447171004547628 0.28949401862083507 0.16058446995604242 0.83788224443483339 0.97803302793227842 0.0007948861289131001 -0.44699153833532562 -0.36380622307884525 0.096357623956638563 0.18271128466486705 0.30942515816634902 0.3188966667481028
decision_type=10 10 8 10 10 10 10 10 10 10 10 10 8 10
left_child=1 -1 4 13 5 6 7 8 -3 -10 -11 12 -9 -2
right_child=3 2 -4 -5 -6 -7 -8 11 9 10 -12 -13 -14 -15
leaf_value=0.00068527711988385163 0.00020666041873971072 0.00039654870013526474 -0.00076703639788320286 0.00086337385918937044 0.00035121220701183389 -0.00059424632624723017 0.00029651491179033562 -0.00033654760356864328 -0.00049161213972470966 -8.1638923481507241e-05 0.00024564301955357684 -0.00052040180109047052 5.0305231964574766e-05 -0.00021834142198529812
leaf_weight=100 591 105 105 111 136 105 191 243 109 1711 201 182 260 104
leaf_count=100 591 105 105 111 136 105 191 243 109 1711 201 182 260 104
internal_value=-9.38925e-06 -6.9363e-05 -9.28913e-05 0.000246019 -6.99171e-05 -8.88855e-05 -7.02509e-05 -9.56539e-05 -4.78242e-05 -7.1833e-05 -4.66823e-05 -0.000242678 -0.000138057 0.000141958
internal_weight=4254 3448 3348 806 3243 3107 3002 2811 2126 2021 1912 685 503 695
internal_count=4254 3448 3348 806 3243 3107 3002 2811 2126 2021 1912 685 503 695
is_linear=0
shrinkage=0.03


Tree=23
num_leaves=15
num_cat=0
split_feature=5 26 7 29 30 24 30 3 31 17 26 21 4 2
split_gain=0.0603878 0.0923084 0.043732 0.0344656 0.0330809 0.0276269 0.032114 0.0273224 0.0403854 0.0322294 0.0258749 0.0255301 0.029234 0.0253954
threshold=1.9658293470534896 0.16058446995604242 0.75031547161213952 0.4108388276676761 0.33033836252088028 0.85000000000000009 0.34866016957047391 -0.13028075136800213 -0.55435897165362213 0.11937137321205905 -0.0092819569642184994 0.38510196877284147 0.16927188739743135 -0.027588276690379446
decision_type=8 10 10 8 10 10 10 10 10 10 10 8 10 10
left_child=1 2 3 5 -3 6 7 8 -1 10 -9 12 -4 -12
right_child=-2 4 11 -5 -6 -7 -8 9 -10 -11 13 -13 -14 -15
leaf_value=0.00062197632139291911 -0.0007213649977711611 0.0001748107351056754 -1.2506289197186162e-05 0.00030421530649687583 0.0008749895875743176 -0.00055311550884104923 -0.00058859733412516238 0.00015043148161597765 -0.00010512531044029552 -0.00038480288808510524 -0.00038753857387796602 -0.00035237613808069575 0.0002520563040457408 -4.1993846009938106e-05
leaf_weight=107 103 116 788 154 130 141 121 349 175 370 278 109 713 596
leaf_count=107 103 116 788 154 130 141 121 349 175 370 278 109 713 596
internal_value=-2.10371e-05 -2.79514e-06 -3.8628e-05 -0.000122722 0.000554883 -0.000154127 -0.00012463 -9.32028e-05 0.00017679 -0.000141402 -6.64975e-05 8.10452e-05 0.000113585 -0.000153483
internal_weight=4250 4147 3901 2291 246 2137 1996 1875 282 1593 1223 1610 1501 874
internal_count=4250 4147 3901 2291 246 2137 1996 1875 282 1593 1223 1610 1501 874
is_linear=0
shrinkage=0.03


Tree=24
num_leaves=15
num_cat=0
split_feature=6 23 29 4 7 3 16 6 31 4 4 35 19 23
split_gain=0.0826446 0.125848 0.052318 0.045095 0.0262119 0.036745 0.0362095 0.0324321 0.0243317 0.0173785 0.0184341 0.0190084 0.0220546 0.0236727
threshold=1.5199180186674013 0.0021442442882008005 0.39169306394805786 0.36613164565803763 -2.1021285329913133 -0.13318189682366735 0.40759961133931377 -1.4621358475485979 -0.66150819014477635 -0.22719399979102692 -0.041827249972058743 0.00066492076436285008 1.9371255142154522 0.00059182296168945007
decision_type=10 10 10 10 8 10 8 10 8 10 10 10 10 10
left_child=2 8 3 4 -1 6 -6 -7 -2 -9 -11 12 -12 -14
right_child=1 -3 -4 -5 5 7 -8 9 -10 10 11 -13 13 -15
leaf_value=-0.0005238041092538229 0.0004786273251964554 0.0010052755686698733 0.00057361727253610795 -0.00066079220009326444 -1.6908685032435055e-05 -0.0004726076809852879 0.00062050161109719843 0.0003123528857354101 4.148614099640805e-06 -0.00021153467052310775 -3.6122730460591459e-05 8.9474150537314037e-05 -3.4480059437459873e-05 -0.00063456321977619224
leaf_weight=107 111 158 104 117 197 183 130 101 603 688 834 721 109 126
leaf_count=107 111 158 104 117 197 183 130 101 603 688 834 721 109 126
internal_value=-6.81063e-06 0.000253025 -7.33921e-05 -9.45365e-05 -7.28071e-05 -5.63638e-05 0.000242025 -9.20642e-05 8.07276e-05 -6.41994e-05 -8.01453e-05 -2.91962e-05 -0.000109279 -0.000362744
internal_weight=4289 872 3417 3313 3196 3089 327 2762 714 2579 2478 1790 1069 235
internal_count=4289 872 3417 3313 3196 3089 327 2762 714 2579 2478 1790 1069 235
is_linear=0
shrinkage=0.03


Tree=25
num_leaves=15
num_cat=0
split_feature=28 11 30 29 21 2 3 20 21 29 5 20 3 28
split_gain=0.0888619 0.0574752 0.0645385 0.0360178 0.0420173 0.0378662 0.031099 0.0271495 0.0267037 0.025931 0.0212465 0.0199182 0.0238414 0.0204406
threshold=0.30188945367623271 0.85786266201709716 0.29645625556343097 0.36149394672623941 -0.19768257314782212 -0.09644214595722464 0.16733250757655888 0.96859934916892387 0.24416460556608624 -0.19764279809067628 0.81816008947102092 0.0061643835616438008 -0.13607440730275136 0.088778054776673415
decision_type=10 8 8 10 8 10 8 10 10 10 8 10 10 10
left_child=1 3 8 4 5 -1 10 -8 9 -3 11 -6 -13 -14
right_child=-2 2 -4 -5 6 -7 7 -9 -10 -11 -12 12 13 -15
leaf_value=-0.00088125164876045247 0.00082667061173782234 0.00056261534756049507 0.00089445999988432357 0.00043109022785023214 -0.00040943907128352367 -0.00016467469179632323 -2.9179023351657704e-06 0.00057799601054761833 -0.00029608798592591719 7.8383148816235971e-05 -0.00046769448567464156 0.00028495667585017411 -0.00011294976813789101 0.00013544740484080234
leaf_weight=103 110 125 103 119 142 180 178 117 119 434 122 173 1964 347
leaf_count=103 110 125 103 119 142 180 178 117 119 434 122 173 1964 347
internal_value=3.85113e-06 -1.85179e-05 0.000213024 -7.12424e-05 -8.98353e-05 -0.00043625 -5.69559e-05 0.000233272 0.000103712 0.000190692 -8.84791e-05 -7.0006e-05 -4.98185e-05 -7.54407e-05
internal_weight=4336 4226 781 3445 3326 283 3043 295 678 559 2748 2626 2484 2311
internal_count=4336 4226 781 3445 3326 283 3043 295 678 559 2748 2626 2484 2311
is_linear=0
shrinkage=0.03


Tree=26
num_leaves=15
num_cat=0
split_feature=6 2 10 19 19 11 17 34 5 9 11 31 34 30
split_gain=0.0593961 0.0500744 0.0481405 0.0307235 0.0329067 0.0304315 0.0291365 0.0250953 0.0275057 0.0312135 0.0172707 0.0228212 0.0224183 0.0276159
threshold=1.4797596730610734 -0.13431993296385328 1.6766947236992231 3.3121612850000006 2.7047989740775003 0.12468477426795446 0.81688649146873205 0.10447423383247352 -0.314458050361277 -0.28972782984210571 0.95493793166121954 -0.69108147158708844 0.13219010862680858 0.063087783000515818
decision_type=8 10 10 8 10 10 10 8 8 10 10 10 8 10
left_child=1 6 10 4 5 -3 -1 -7 -9 -10 11 -2 13 -13
right_child=2 3 -4 -5 -6 7 -8 8 9 -11 -12 12 -14 -15
leaf_value=8.5748655098758964e-05 0.00055654287353395983 -0.00046675082738996328 0.00078452938951418865 -0.00056496988403049054 0.00034194893294862006 1.3007035268084578e-05 0.00073185211645754604 0.0001716317961869539 -0.00060680163927078379 -0.00015474841594824573 -0.00020589157682084276 0.00021339408958218493 0.00034881005859067557 -0.0003020829748592857
leaf_weight=158 122 175 114 110 164 1579 101 171 165 753 110 191 217 174
leaf_count=158 122 175 114 110 164 1579 101 171 165 753 110 191 217 174
internal_value=8.41528e-06 -5.00707e-05 0.000220312 -8.35498e-05 -6.50302e-05 -8.90661e-05 0.000346793 -6.34662e-05 -0.000173902 -0.000238847 0.000136986 0.000191635 0.000111053 -3.31017e-05
internal_weight=4304 3376 928 3117 3007 2843 259 2668 1089 918 814 704 582 365
internal_count=4304 3376 928 3117 3007 2843 259 2668 1089 918 814 704 582 365
is_linear=0
shrinkage=0.03


Tree=27
num_leaves=15
num_cat=0
split_feature=2 16 20 24 33 36 19 27 36 8 10 22 1 31
split_gain=0.0592039 0.0642155 0.0633885 0.0698651 0.0372978 0.0281298 0.0297949 0.0304156 0.0257172 0.0253958 0.0184248 0.0342093 0.0219941 0.0259554
threshold=-0.20484960760631263 1.8693514480900688 0.97446789194423711 0.54315068493150698 0.093947787680219066 -0.012337764064638749 3.3589109450000003 0.42944768943295092 0.20959299597931244 -0.58916109652991455 0.93989451604522112 0.0016987172779128503 0.053890244856922211 -1.2574092626817113
decision_type=10 8 10 10 8 8 8 10 10 10 10 10 10 10
left_child=-1 2 5 -4 -5 -2 7 8 10 -9 12 -12 13 -7
right_child=1 -3 3 4 -6 6 -8 9 -10 -11 11 -13 -14 -15
leaf_value=0.00067238700789723374 -0.00034344691198520916 -0.00062919885265154451 0.00078453054373835097 0.00037075320386999508 -0.00040891775078004378 -0.00048958465032046658 -0.00049524455702388919 -0.00011095352449478538 0.00034693841331540982 0.00031633573639770806 -0.0005362560221964396 0.00014218461712718839 0.00026970562055904531 -3.4861048190516624e-05
leaf_weight=110 242 144 183 108 103 115 106 172 142 435 177 103 193 1951
leaf_count=110 242 144 183 108 103 115 106 172 142 435 177 103 193 1951
internal_value=8.77516e-07 -1.76025e-05 5.00366e-06 0.000363969 -1.05e-05 -3.43406e-05 -1.18278e-05 4.48515e-06 -3.90094e-05 0.000195341 -6.1234e-05 -0.000288571 -3.24809e-05 -6.12933e-05
internal_weight=4284 4174 4030 394 211 3636 3394 3288 2681 607 2539 280 2259 2066
internal_count=4284 4174 4030 394 211 3636 3394 3288 2681 607 2539 280 2259 2066
is_linear=0
shrinkage=0.03


Tree=28
num_leaves=15
num_cat=0
split_feature=30 16 16 22 19 9 19 34 14 4 8 19 20 20
split_gain=0.0700795 0.0556628 0.072038 0.0352513 0.0392552 0.0263101 0.0256098 0.0217748 0.0255802 0.0292478 0.0206391 0.0207786 0.0213403 0.0308495
threshold=0.60580871436614203 1.8693514480900688 1.3877360371016885 -0.0014207350166530498 2.9769578450000007 -0.034918500376917593 2.5744106859140929 0.48157602417150952 0.76917808219178097 -0.17334272181932572 1.8342342870963497 1.3271057457470004 0.5582191780821919 0.49383561643835622
decision_type=10 8 10 8 10 10 10 10 10 10 10 10 10 8
left_child=1 2 3 5 6 -1 7 8 10 -10 11 -5 13 -13
right_child=-2 -3 -4 4 -6 -7 -8 -9 9 -11 -12 12 -14 -15
leaf_value=8.6222675303875091e-05 0.00075010512527842364 -0.00054708107041701536 0.00058876361841752299 1.7683558710952039e-05 -0.00055993565262656717 0.00059396754527047194 0.00031941948038657252 -0.00044695514755425746 0.00052678170954388115 -4.7926863392015493e-06 0.00015297841324099631 -0.00020541656973230548 -6.9058291036609175e-05 -0.00075659903675711704
leaf_weight=363 105 166 177 778 129 119 168 118 138 267 309 539 787 107
leaf_count=363 105 166 177 778 129 119 168 118 138 267 309 539 787 107
internal_value=2.68493e-06 -1.70344e-05 5.62372e-06 -2.21159e-05 -5.6807e-05 0.00021639 -3.5755e-05 -5.58556e-05 -3.93421e-05 0.000180552 -7.49697e-05 -0.0001071 -0.000174673 -0.000301821
internal_weight=4270 4165 3999 3822 3340 482 3211 3043 2925 405 2520 2211 1433 646
internal_count=4270 4165 3999 3822 3340 482 3211 3043 2925 405 2520 2211 1433 646
is_linear=0
shrinkage=0.03


Tree=29
num_leaves=15
num_cat=0
split_feature=6 6 5 18 1 28 20 27 9 3 35 3 34 24
split_gain=0.0626961 0.065814 0.0936145 0.0469824 0.0401914 0.0381128 0.0191144 0.02216 0.0245362 0.0272711 0.0370867 0.0199185 0.01747 0.0410073
threshold=1.5715065799915113 2.18300134837988 0.68306277507142632 0.88800326366596571 -0.12670079217475846 0.21085648512107549 0.007534246575342401 0.73283615353947051 -0.50720927003343486 -0.11480254825352719 0.053485470869027156 -0.076225311099651791 0.11319234233384597 0.45000000000000001
decision_type=10 10 10 10 10 10 8 10 10 10 8 10 10 10
left_child=4 2 -2 -3 -1 6 -6 8 -8 10 -10 -11 -13 -14
right_child=1 3 -4 -5 5 -7 7 -9 9 11 -12 12 13 -15
leaf_value=0.00044903956627504984 0.00019437345477994172 0.00015002109424676745 0.0011237560943019077 -0.00060392038313071485 -0.00042932387170731089 -0.00061223549990275952 -0.00048508994535011646 0.00024785443057186905 0.00056379304272316706 -0.00035504143319534315 -0.00011725992038495176 -1.927823796079457e-05 4.0490472227679283e-05 -0.00054547215460861484
leaf_weight=127 385 210 127 109 120 114 119 204 139 219 141 1895 231 195
leaf_count=127 385 210 127 109 120 114 119 204 139 219 141 1895 231 195
internal_value=-9.14266e-06 0.000224341 0.000433542 -0.000112939 -6.47558e-05 -8.47136e-05 -6.5375e-05 -5.08195e-05 -7.19367e-05 -5.36745e-05 0.000224794 -8.47531e-05 -5.85414e-05 -0.000230948
internal_weight=4335 831 512 319 3504 3377 3263 3143 2939 2820 280 2540 2321 426
internal_count=4335 831 512 319 3504 3377 3263 3143 2939 2820 280 2540 2321 426
is_linear=0
shrinkage=0.03


Tree=30
num_leaves=15
num_cat=0
split_feature=6 10 5 26 30 20 3 6 35 7 4 8 24 4
split_gain=0.0535413 0.0649644 0.0514632 0.0506673 0.0326208 0.0236345 0.0280175 0.0268823 0.0330544 0.0258683 0.0204223 0.0292858 0.018728 0.0210392
threshold=1.5715065799915113 1.6766947236992231 1.6535118134138815 0.16058446995604242 0.34866016957047391 0.007534246575342401 -0.13028075136800213 -0.42444775341746183 0.013262628006281951 -0.56903641151781292 -0.022030822224055547 -0.78444455982665595 0.2404109589041096 0.32266095029565384
decision_type=8 10 8 10 10 8 10 10 8 10 10 10 8 10
left_child=2 -2 3 4 5 -1 9 8 -8 -7 11 -10 -9 -14
right_child=1 -3 -4 -5 -6 6 7 12 10 -11 -12 -13 13 -15
leaf_value=-0.00043451119028759422 7.8398564077252928e-05 0.0008238972626731549 -0.00072363601701201533 0.0004987478832852967 -0.00047722117443800522 1.6639528815836834e-05 -3.5345824028162641e-05 0.00015381437123944966 -0.00015700820034656387 0.00056921778655176101 -5.2711782408558302e-05 -0.00075597697231511883 -2.3576376635554764e-05 -0.0004394149284367351
leaf_weight=139 737 118 103 136 173 207 493 487 125 116 116 185 1076 117
leaf_count=139 737 118 103 136 173 207 493 487 125 116 116 185 1076 117
internal_value=-2.65117e-05 0.000185478 -7.8892e-05 -5.81433e-05 -8.22961e-05 -5.92341e-05 -4.06704e-05 -7.35196e-05 -0.000203492 0.000220741 -0.000395417 -0.000520783 -2.02849e-06 -6.60223e-05
internal_weight=4328 855 3473 3370 3234 3061 2922 2599 919 323 426 310 1680 1193
internal_count=4328 855 3473 3370 3234 3061 2922 2599 919 323 426 310 1680 1193
is_linear=0
shrinkage=0.03


Tree=31
num_leaves=15
num_cat=0
split_feature=9 36 20 10 4 10 20 2 31 6 31 35 15 21
split_gain=0.0502982 0.0514614 0.0766353 0.0565293 0.0453534 0.0404483 0.0327484 0.0376382 0.0210201 0.0268391 0.0298378 0.0229347 0.0193701 0.0256649
threshold=-0.036427599483399346 0.2440697356835991 0.99773713958060306 1.3041818039829509 -0.3393073567681722 5.2581834122266349 0.010273972602739701 -0.14343724377942427 -0.73405636782729211 0.074001065132818053 -1.1705003152685611 0.0082171539896801014 0.96646888914410278 -0.14959118823028117
decision_type=10 8 8 10 8 8 8 10 10 10 8 8 10 10
left_child=4 -2 3 -3 -1 6 -6 -8 9 10 -9 -12 -10 -14
right_child=1 2 -4 -5 5 -7 7 8 12 -11 11 -13 13 -15
leaf_value=0.0004550234542461112 -3.0512372542914098e-05 0.0003655795289794633 -0.00030833196717340057 0.0011806295893727501 -0.00056695454158100546 -0.00064966982163847803 0.00044796993510852403 -0.00043848579478503945 -4.1033814620162604e-05 0.00032295587970301588 -0.00015541079496875804 0.00035076354733520529 -0.00063990917240003818 -0.00015530926769719624
leaf_weight=145 483 285 104 104 105 103 131 128 1348 253 158 155 112 659
leaf_count=145 483 285 104 104 105 103 131 128 1348 253 158 155 112 659
internal_value=1.20086e-06 0.000189815 0.000403812 0.000595702 -5.48368e-05 -7.89752e-05 -5.86642e-05 -3.96051e-05 -6.30657e-05 7.982e-05 -6.17229e-05 9.68246e-05 -0.00010994 -0.000229375
internal_weight=4273 976 493 389 3297 3152 3049 2944 2813 694 441 313 2119 771
internal_count=4273 976 493 389 3297 3152 3049 2944 2813 694 441 313 2119 771
is_linear=0
shrinkage=0.03


Tree=32
num_leaves=15
num_cat=0
split_feature=9 19 3 4 5 9 34 20 19 14 13 13 35 24
split_gain=0.0551811 0.0568131 0.0442826 0.0506714 0.0233594 0.0320249 0.0403856 0.0290317 0.0363813 0.0291605 0.0277079 0.0218245 0.0223768 0.0201662
threshold=-0.0045210835831528485 2.8843656900000005 -0.27837401543382306 0.38506630686721727 -0.50189742422431161 -0.35691876598680977 0.45842084317681842 0.16506849315068492 0.91923610000000011 0.10342465753424651 1.0776899005584029 1.2495456547999242 0.0065929293721351508 0.63458360513155043
decision_type=10 10 10 8 8 8 8 8 10 10 10 10 10 8
left_child=2 -2 -1 4 -4 6 -6 8 -7 -10 -11 -9 13 -13
right_child=1 -3 3 -5 5 7 -8 11 9 10 -12 12 -14 -15
leaf_value=0.0005667956419496919 0.00013052132242368175 0.00091433352174968494 0.00029746926381429806 -0.00055828675285224828 3.8882008819036448e-05 0.00013512932530026402 -0.00068184277342915459 -7.235817998894624e-06 -0.00075002550107647521 -2.5358715336960978e-05 -0.00056592799656278827 0.00012481454489261521 -8.4815800263069902e-05 0.00066900226124744222
leaf_weight=102 385 102 183 165 128 218 148 2038 109 266 121 123 124 123
leaf_count=102 385 102 183 165 128 218 148 2038 109 266 121 123 124 123
internal_value=3.13025e-06 0.000302311 -3.5077e-05 -5.21991e-05 -2.81344e-05 -4.60812e-05 -0.000352849 -1.84406e-05 -0.000185742 -0.000326711 -0.000199437 3.14482e-05 0.00024178 0.000404815
internal_weight=4335 487 3848 3746 3581 3398 276 3122 714 496 387 2408 370 246
internal_count=4335 487 3848 3746 3581 3398 276 3122 714 496 387 2408 370 246
is_linear=0
shrinkage=0.03


Tree=33
num_leaves=15
num_cat=0
split_feature=17 31 20 19 14 31 31 21 5 21 17 33 36 3
split_gain=0.088594 0.0775679 0.0319688 0.037828 0.0341738 0.0310547 0.0279865 0.0261033 0.0213499 0.0252645 0.0246126 0.0311836 0.0200333 0.0218043
threshold=1.5051441725813171 0.80552062015672876 0.99048849831997943 2.9461082850000007 0.93630136986301382 -1.6114851869017726 -1.3131685269375255 0.24036191535718973 -0.56803875559188188 -0.048117053153878646 0.27850329146613678 -0.044494231127393542 0.10133224804726985 0.11621061664866791
decision_type=10 10 10 10 10 10 10 8 8 10 10 10 8 10
left_child=2 -2 3 4 5 7 -7 -1 -8 10 -10 -12 -11 -14
right_child=1 -3 -4 -5 -6 6 8 -9 9 12 11 -13 13 -15
leaf_value=0.00063721410476749664 0.0012005521773493714 3.7084519017213586e-05 0.0004025748060915403 -0.00050565781364152629 0.00050698438554227479 -0.00049911543862944489 0.00034807377258570902 1.9177247562648485e-06 -7.3674843421551553e-05 -7.5343183505346498e-05 -0.00010882424094043651 -0.00072341046841458161 4.1122896942414584e-05 0.00037881625888046744
leaf_weight=109 100 102 159 137 108 113 125 119 876 1023 167 132 839 212
leaf_count=109 100 102 159 137 108 113 125 119 876 1023 167 132 839 212
internal_value=2.25367e-05 0.000628145 -7.88851e-06 -2.48561e-05 -6.98826e-06 -2.25915e-05 -4.49371e-05 0.000312791 -2.901e-05 -4.40303e-05 -0.000154858 -0.000387582 1.89793e-05 0.000110711
internal_weight=4321 202 4119 3960 3823 3715 3487 228 3374 3249 1175 299 2074 1051
internal_count=4321 202 4119 3960 3823 3715 3487 228 3374 3249 1175 299 2074 1051
is_linear=0
shrinkage=0.03


Tree=34
num_leaves=15
num_cat=0
split_feature=23 10 16 5 21 12 18 31 10 5 36 8 20 6
split_gain=0.0863958 0.0660758 0.0385086 0.0284446 0.0488012 0.0257972 0.0245148 0.0241428 0.0244992 0.0212493 0.0190901 0.0220078 0.0205066 0.0188755
threshold=0.006918605124663451 3.8599820536370442 1.1594291303051467 -0.58003558534883659 -0.2604242495457762 0.059038577753591052 0.67491395305370072 -0.52734967195047011 0.018076275727661004 0.54315796648986192 -0.0017502780762756998 -0.024767683628349198 0.78772629167951391 -0.98301421116569709
decision_type=10 8 10 8 8 2 10 8 10 10 8 10 10 10
left_child=1 2 3 -1 -5 -4 7 10 -9 -8 -6 13 -13 -12
right_child=-2 -3 5 4 6 -7 9 8 -10 -11 11 12 -14 -15
leaf_value=0.00043421433179326798 0.00066232833678409324 -0.0007512062044433233 6.8581761186123911e-05 -0.00064461164520329499 -0.00024845627183406446 0.00062336522051690646 4.4023531191947438e-05 -0.00056054002794160226 -0.00010062246110096318 0.00043845528887626436 0.00065431208484681381 -0.00020185064989414986 0.0002544750562063544 0.00014615701266393444
leaf_weight=109 166 105 171 114 135 132 669 106 1816 146 100 216 143 187
leaf_count=109 166 105 171 114 135 132 669 106 1816 146 100 216 143 187
internal_value=1.46946e-06 -2.57367e-05 -5.9959e-06 -3.2501e-05 -4.70853e-05 0.000316466 -2.68352e-05 -7.03172e-05 -0.000127376 0.000116925 7.00183e-05 0.00013797 -1.90843e-05 0.000331387
internal_weight=4315 4149 4044 3741 3632 303 3518 2703 1922 815 781 646 359 287
internal_count=4315 4149 4044 3741 3632 303 3518 2703 1922 815 781 646 359 287
is_linear=0
shrinkage=0.03


Tree=35
num_leaves=15
num_cat=0
split_feature=6 10 4 16 5 20 19 10 5 24 27 13 25 26
split_gain=0.0498743 0.0685647 0.0467757 0.0458241 0.0258282 0.0312927 0.0170398 0.033386 0.0222463 0.0169459 0.0206059 0.0169872 0.014439 0.0184462
threshold=1.5199180186674013 1.6766947236992231 0.36613164565803763 1.1732395729275524 -0.61274409252709006 0.0089041095890410506 2.7047989740775003 0.91288427014173967 0.51644032074535151 0.57969467943487796 -0.14918139992463261 1.0409037968019024 -0.0080251156693360477 0.015373996108946601
decision_type=8 10 10 10 10 8 10 10 10 10 8 10 8 10
left_child=2 9 3 4 -1 -6 7 8 12 10 -2 -11 -7 -14
right_child=1 -3 -4 -5 5 6 -8 -9 -10 11 -12 -13 13 -15
leaf_value=0.0003533941195671693 -7.7176940550863804e-05 0.000887376970357237 -0.00061226545016790281 0.0005612436925002839 -0.00055702944175879416 0.00011231823014494464 0.00029422785042111026 -0.00048607617199741073 0.0003843114573036448 0.00021411944949225445 0.00033585870957084118 -0.0002539615918228972 -2.6384079330355802e-05 -0.00021488544768612816
leaf_weight=131 157 109 124 109 109 378 119 155 102 106 337 184 1435 689
leaf_count=131 157 109 124 109 109 378 119 155 102 106 337 184 1435 689
internal_value=1.07743e-06 0.000199655 -5.20597e-05 -2.96195e-05 -5.11406e-05 -6.94431e-05 -5.00424e-05 -6.53967e-05 -3.94727e-05 9.90235e-05 0.000205132 -8.21406e-05 -5.74813e-05 -8.78927e-05
internal_weight=4244 893 3351 3227 3118 2987 2878 2759 2604 784 494 290 2502 2124
internal_count=4244 893 3351 3227 3118 2987 2878 2759 2604 784 494 290 2502 2124
is_linear=0
shrinkage=0.03


Tree=36
num_leaves=15
num_cat=0
split_feature=5 3 34 18 16 22 16 20 21 14 18 20 22 35
split_gain=0.0769554 0.049095 0.0712772 0.0596905 0.0330341 0.040633 0.0390911 0.038109 0.0291399 0.0221431 0.0386947 0.0176415 0.0198242 0.0193365
threshold=1.9658293470534896 0.19973386063656681 -0.024791332501160845 0.76202902773750425 1.0088924954581362 0.0007948861289131001 0.72016309408403212 0.82716016859852493 -0.23388717037511184 0.76369863013698647 0.54512082323670652 0.86350078677282238 0.00053283620239815007 -0.00032544475121554993
decision_type=8 10 8 10 10 10 10 10 8 8 10 8 10 10
left_child=1 4 -3 -4 5 8 9 -6 -1 10 -7 12 13 -10
right_child=-2 2 3 -5 7 6 -8 -9 11 -11 -12 -13 -14 -15
leaf_value=0.00050467921709544791 -0.00076646770655723476 -0.00014643089421709495 0.0010108856021921004 8.4185076863962292e-05 0.00064510624995299233 -0.00038751214981377143 -0.00069298043898584176 -7.4404264329174571e-05 -0.0001883242716225298 0.00017777183789835442 5.5596087900498371e-05 0.00014291993151584962 0.00025846889847224314 1.7532966219863624e-05
leaf_weight=103 111 175 149 107 135 419 123 124 757 166 303 589 170 889
leaf_count=103 111 175 149 107 135 419 123 124 757 166 303 589 170 889
internal_value=-4.19117e-06 1.67972e-05 0.000318228 0.000632587 -1.79657e-05 -4.21909e-05 -0.000202248 0.000305745 2.26038e-05 -0.000130776 -0.000202451 9.53474e-07 -4.53578e-05 -7.7425e-05
internal_weight=4320 4209 431 256 3778 3519 1011 259 2508 888 722 2405 1816 1646
internal_count=4320 4209 431 256 3778 3519 1011 259 2508 888 722 2405 1816 1646
is_linear=0
shrinkage=0.03


Tree=37
num_leaves=15
num_cat=0
split_feature=2 12 10 8 10 33 12 18 2 17 8 34 2 26
split_gain=0.0495907 0.0890451 0.0520916 0.022695 0.0566198 0.0325351 0.0218729 0.0182414 0.0182942 0.0199921 0.023234 0.0204443 0.0175175 0.0190145
threshold=-0.20484960760631263 0.10462954964121327 2.4795330781313787 1.7567464233140309 0.92293726874102944 -0.065126273503345392 0.026496148751515004 0.16241352138003654 -0.12387597141320904 0.084966894776767818 0.26907622578826246 0.089246425038959507 -0.07065160245172418 -0.0090671974563733496
decision_type=10 2 10 8 10 8 2 10 10 10 10 8 10 10
left_child=-1 2 3 4 7 -5 -7 -2 -9 12 11 -11 -10 -14
right_child=1 -3 -4 5 -6 6 -8 8 9 10 -12 -13 13 -15
leaf_value=0.0005923216666041081 -0.00041105237676969701 -0.00082914200675440947 0.00062667028381336665 -0.00024097129306308208 -0.00073064312920371631 -3.0750244519612039e-05 0.00030367493380719984 0.00034679357280858032 0.00037374591393721045 -0.00011287727006431879 -4.9900388210900072e-06 -0.00053996541414436734 0.00014478695292843011 -7.1416306734490355e-05
leaf_weight=116 106 115 111 190 104 263 522 113 114 216 451 190 531 1150
leaf_count=116 106 115 111 190 104 263 522 113 114 216 451 190 531 1150
internal_value=-6.42082e-06 -2.3741e-05 5.8005e-08 -1.83206e-05 -5.94846e-05 0.000106945 0.000192146 -3.39444e-05 -1.87716e-05 -3.49713e-05 -0.000153729 -0.000316884 2.19976e-05 -2.89444e-06
internal_weight=4292 4176 4061 3950 2975 975 785 2871 2765 2652 857 406 1795 1681
internal_count=4292 4176 4061 3950 2975 975 785 2871 2765 2652 857 406 1795 1681
is_linear=0
shrinkage=0.03


Tree=38
num_leaves=15
num_cat=0
split_feature=18 30 1 15 4 30 29 33 18 31 15 33 4 14
split_gain=0.0431868 0.0472338 0.0356488 0.0274296 0.0512204 0.0479258 0.0357964 0.0252135 0.0315912 0.0246308 0.025104 0.0217284 0.0275257 0.0174881
threshold=0.65709131087457451 0.33033836252088028 0.11067348009634427 1.474653114064461 0.38506630686721727 0.063087783000515818 -0.23917006954857853 0.064585663192310558 0.83193919854974407 -1.74238294027583 1.3465335497654534 0.18697333590183357 -0.28488244807879376 0.36095890410958903
decision_type=8 10 10 10 8 8 8 8 8 10 10 10 10 10
left_child=3 2 7 4 6 -5 -1 13 -9 -8 11 12 -11 -2
right_child=1 -3 -4 5 -6 -7 9 8 -10 10 -12 -13 -14 -15
leaf_value=0.00038777142233707631 0.00021452611699069457 0.0007197940327715492 -0.00041452047078796155 -0.00022193227067366704 -0.00069343761297671169 0.00053351139149355868 0.00032267439238552024 0.00016120442656787065 0.00078487172041413018 0.00040759473383040036 -0.00054305486188439475 -0.00046917166118605485 -8.115837856961573e-05 -0.00010732392093619573
leaf_weight=152 274 118 105 126 112 176 126 233 104 104 105 117 2160 329
leaf_count=152 274 118 105 126 112 176 126 233 104 104 105 117 2160 329
internal_value=7.39009e-06 0.000163409 9.74543e-05 -4.98726e-05 -7.85272e-05 0.000219845 -5.24032e-05 0.000156534 0.000362332 -7.87102e-05 -9.96608e-05 -7.90105e-05 -5.78581e-05 3.94845e-05
internal_weight=4341 1163 1045 3178 2876 302 2764 940 337 2612 2486 2381 2264 603
internal_count=4341 1163 1045 3178 2876 302 2764 940 337 2612 2486 2381 2264 603
is_linear=0
shrinkage=0.03


Tree=39
num_leaves=15
num_cat=0
split_feature=3 16 16 35 7 15 31 3 21 11 30 32 21 3
split_gain=0.0556852 0.050765 0.0580282 0.0382173 0.0331943 0.0474349 0.0235402 0.0224582 0.0243902 0.029188 0.0230135 0.0209994 0.0264815 0.0168806
threshold=-0.27837401543382306 1.8693514480900688 1.2344440565446539 0.050568345709103159 2.0055820523986898 0.84097189884254664 0.82406413611868357 -0.13028075136800213 -0.036841438609566589 0.86350430232733955 0.16353171554268717 0.026872773380143006 0.24416460556608624 -0.15370415016058053
decision_type=10 8 10 10 10 10 8 10 8 10 10 8 8 10
left_child=-1 2 3 4 7 -6 -4 13 9 10 -9 -7 -13 -2
right_child=1 -3 6 -5 5 11 -8 8 -10 -11 -12 12 -14 -15
leaf_value=0.00068378281192833248 6.801433220223648e-05 -0.00051144790812164814 0.00071350499824541049 -0.00048925316226502351 0.00081261506961452122 0.00037831850367875804 0.0001298487731216128 -0.00013603561092459131 2.4668885893420452e-05 0.00022293682550058154 -0.00048694321083224748 0.00023230959528287216 -0.00042516204195782998 0.00051766294004489588
leaf_weight=107 248 159 141 135 101 129 113 745 1719 154 215 105 106 104
leaf_count=107 248 159 141 135 101 129 113 745 1719 154 215 105 106 104
internal_value=2.36473e-05 5.92695e-06 2.70264e-05 -2.88043e-06 1.58765e-05 0.00025828 0.000461366 -1.80393e-05 -4.6222e-05 -0.000155234 -0.00021674 8.42196e-05 -0.00010018 0.000206255
internal_weight=4281 4174 4015 3761 3626 441 254 3185 2833 1114 960 340 211 352
internal_count=4281 4174 4015 3761 3626 441 254 3185 2833 1114 960 340 211 352
is_linear=0
shrinkage=0.03


Tree=40
num_leaves=15
num_cat=0
split_feature=30 21 16 22 21 25 4 4 10 7 16 9 11 16
split_gain=0.0444584 0.0800572 0.0888015 0.0402415 0.0547461 0.0257779 0.0218324 0.0222225 0.0207327 0.0174851 0.0244742 0.0234727 0.0233766 0.0152089
threshold=0.55219563970726704 0.39666198393967306 1.3877360371016885 0.0007948861289131001 -0.2604242495457762 0.010990605142658453 0.16927188739743135 -0.28488244807879376 0.50790817438063485 -0.97738156104646368 0.71006805572132869 -0.20779761534254457 0.71263238438727206 -0.30863567038609957
decision_type=10 10 10 10 8 10 8 10 10 10 8 10 10 10
left_child=1 2 3 6 -5 8 7 -1 13 -7 11 -11 -13 -6
right_child=-2 -3 -4 4 5 9 -8 -9 -10 10 -12 12 -14 -15
leaf_value=0.00040666019214161982 0.00053356209208581023 -0.00081599840036544356 0.00072446164974643214 -0.00076553703252842705 5.8841187116437749e-05 -0.00027941817579971205 0.00020535061779723731 -3.4433566550352233e-05 -0.00065883622342274362 0.00060719329112777945 -0.00018867738122035289 -0.00024373764639350177 0.00033495596830856387 -0.00037217479306137093
leaf_weight=103 124 109 138 124 139 150 499 2130 103 100 189 112 131 149
leaf_count=103 124 109 138 124 139 150 499 2130 103 100 189 112 131 149
internal_value=-1.49983e-05 -3.19055e-05 -9.91484e-06 -3.65967e-05 -0.000181258 -0.000110498 2.70005e-05 -1.32245e-05 -0.00030302 1.27915e-06 8.22879e-05 0.000232161 6.86964e-05 -0.000166696
internal_weight=4300 4176 4067 3929 1197 1073 2732 2233 391 682 532 343 243 288
internal_count=4300 4176 4067 3929 1197 1073 2732 2233 391 682 532 343 243 288
is_linear=0
shrinkage=0.03


Tree=41
num_leaves=15
num_cat=0
split_feature=6 10 19 3 10 16 32 19 20 30 35 11 24 1
split_gain=0.0408601 0.0546504 0.0359376 0.0253952 0.0657729 0.0233126 0.0184731 0.0179339 0.0280876 0.01814 0.0178721 0.0203639 0.0163247 0.0152411
threshold=1.5715065799915113 1.6766947236992231 3.3121612850000006 -0.18707499513633261 0.16748989516761967 1.8693514480900688 0.10482473819218452 1.3203804182575003 0.57739726027397265 0.054412939063901405 -0.004891298521317749 0.37306320078939043 0.6380186619019258 -0.049194698300985294
decision_type=8 10 8 10 8 8 10 8 10 10 10 10 10 10
left_child=2 6 3 4 -1 7 -2 9 10 -5 11 -9 -12 -10
right_child=1 -3 -4 5 -6 -7 -8 8 13 -11 12 -13 -14 -15
leaf_value=-0.00016976122056580698 0.00016554864679732472 0.00078699258164436161 -0.00056762881702658282 -6.5398269279404669e-05 0.00081308759070658563 -0.00049979743041491157 -0.00017416948226458439 -0.00076648759728413995 0.00023462844344716618 0.00021427315043002191 -0.00024698710987424767 -0.00022660699846598794 0.00015484900826142915 -5.9251556253602511e-05
leaf_weight=142 527 107 118 444 101 104 193 103 177 386 310 166 124 1244
leaf_count=142 527 107 118 444 101 104 193 103 177 386 310 166 124 1244
internal_value=-1.82489e-05 0.000170348 -6.40495e-05 -4.5217e-05 0.000246905 -6.87952e-05 7.39122e-05 -5.28022e-05 -9.89472e-05 6.517e-05 -0.000253328 -0.000443542 -0.000131721 -2.19515e-05
internal_weight=4246 827 3419 3301 243 3058 720 2954 2124 830 703 269 434 1421
internal_count=4246 827 3419 3301 243 3058 720 2954 2124 830 703 269 434 1421
is_linear=0
shrinkage=0.03


Tree=42
num_leaves=15
num_cat=0
split_feature=23 10 23 36 32 16 34 4 4 1 2 36 9 31
split_gain=0.0464879 0.0390242 0.0404411 0.0282341 0.023807 0.02889 0.0309727 0.0311484 0.0268449 0.0250377 0.0351582 0.0231549 0.0184811 0.0185165
threshold=0.0081380908961487513 5.2581834122266349 0.0046148039083360503 -0.012337764064638749 0.0057660633411397511 -0.75204367729411026 0.42097124625500365 -0.19594675657894112 -0.055444749132407288 0.10112433155195116 0.083935816546688705 0.24868785804637403 -0.33619708144700328 -0.67763435086119717
decision_type=10 8 10 8 10 8 10 10 10 10 10 8 10 8
left_child=1 2 3 -1 5 8 7 -7 -5 10 -6 -12 -9 -14
right_child=-2 -3 -4 4 9 6 -8 12 -10 -11 11 -13 13 -15
leaf_value=-0.00031773457811113282 0.00057904314524465724 -0.0005837489674865667 0.00050871904257809852 -0.00066558956527759693 4.5466969921878797e-05 0.00037232710843730876 -0.00051307343849564123 -0.00041470320432078245 -7.2425850737409744e-05 -0.00036270377368914934 5.6351249350897843e-05 0.00060137085225678191 0.00020505728099962339 -7.7104151056831973e-05
leaf_weight=255 118 100 132 127 1548 186 102 103 146 105 113 185 279 791
leaf_count=255 118 100 132 127 1548 186 102 103 146 105 113 185 279 791
internal_value=4.22114e-06 -1.27107e-05 2.01156e-06 -1.55877e-05 5.72293e-06 -7.50461e-05 -2.16309e-05 1.69999e-05 -0.000355375 7.75167e-05 0.000103468 0.000399043 -4.06847e-05 -2.91966e-06
internal_weight=4290 4172 4072 3940 3685 1734 1461 1359 273 1951 1846 298 1173 1070
internal_count=4290 4172 4072 3940 3685 1734 1461 1359 273 1951 1846 298 1173 1070
is_linear=0
shrinkage=0.03


Tree=43
num_leaves=15
num_cat=0
split_feature=20 28 3 4 23 28 16 20 16 36 6 3 29 36
split_gain=0.0534611 0.108764 0.0301194 0.0346764 0.0293762 0.0294336 0.0249023 0.0279454 0.0165582 0.0253759 0.0280373 0.0219262 0.0245052 0.0235274
threshold=0.99859252514054953 0.28363917126293631 0.19973386063656681 0.34782370812171404 0.0017209690950197502 0.061617230533271554 0.99248569564287881 0.007534246575342401 -0.75204367729411026 0.029373179107820401 -0.80976063569505186 -0.11480254825352719 0.20007337623449617 -0.015368842642929249
decision_type=10 10 8 8 8 10 10 8 8 8 10 10 10 10
left_child=1 2 3 6 5 -4 7 -1 9 -9 -11 12 13 -10
right_child=-2 -3 4 -5 -6 -7 -8 8 11 10 -12 -13 -14 -15
leaf_value=-0.00051429962217839232 -0.0006375884053655466 0.00087445960741986946 0.00039954259450527825 -0.00055706574669521177 0.00063964652810807757 -0.00026042481412105186 0.00027517410935553048 9.4404663967101704e-05 0.00012741058957544736 -0.00071505461508948891 -0.00011832652870078083 -3.5304319866819812e-05 -0.00011893236106991377 0.00072815169212740976
leaf_weight=106 113 122 111 109 111 123 227 170 139 116 177 2469 129 100
leaf_count=106 113 122 111 109 111 123 227 170 139 116 177 2469 129 100
internal_value=-7.7959e-06 9.84874e-06 -1.69975e-05 -4.18376e-05 0.000249176 5.44459e-05 -2.56349e-05 -4.60569e-05 -3.02611e-05 -0.00019559 -0.000362608 -2.98268e-06 0.000211437 0.000388537
internal_weight=4322 4209 4087 3742 345 234 3633 3406 3300 463 293 2837 368 239
internal_count=4322 4209 4087 3742 345 234 3633 3406 3300 463 293 2837 368 239
is_linear=0
shrinkage=0.03


Tree=44
num_leaves=15
num_cat=0
split_feature=23 30 5 20 23 19 3 18 14 19 5 1 3 34
split_gain=0.0487704 0.0534351 0.119533 0.0292732 0.0279063 0.0592423 0.0254741 0.0227633 0.0270484 0.0189973 0.0217738 0.0295517 0.0182128 0.0205919
threshold=0.0081380908961487513 0.5689345620015579 1.0997778670389395 0.86350078677282238 0.00029609104556815006 1.9298663513334182 -0.17030643141601717 0.3853352450811714 0.64196931082085607 2.7602110712890005 0.46518139836983524 0.029497675888617101 0.020017635114218255 -0.019536212052261498
decision_type=10 10 10 10 10 10 10 10 10 10 10 10 10 8
left_child=1 2 3 4 6 7 -1 -6 -9 10 12 -12 -5 -14
right_child=-2 -3 -4 9 5 -7 -8 8 -10 -11 11 -13 13 -15
leaf_value=0.0004676186090501636 0.00061635299525435335 0.00063821076787165022 -0.00093960125313335377 -5.9261425911791804e-05 -0.000264636844289689 -0.00064820539174923809 -1.1080829978110239e-05 -6.1583866479426657e-05 0.00043564531228006012 0.00039288436146964109 -0.00054968158415119562 0.00015794401593215832 6.139327079947708e-05 0.00055598998005454913
leaf_weight=101 105 102 124 188 356 190 1779 506 117 200 100 104 150 151
leaf_count=101 105 102 124 188 356 190 1779 506 117 200 100 104 150 151
internal_value=-7.18159e-06 -2.36093e-05 -4.09752e-05 -1.15535e-05 -5.58138e-05 -0.000170575 1.58087e-05 -7.50554e-05 3.45213e-05 0.000139035 6.34846e-05 -0.000193783 0.000171686 0.000314544
internal_weight=4273 4168 4066 3942 3049 1169 1880 979 623 893 693 204 489 301
internal_count=4273 4168 4066 3942 3049 1169 1880 979 623 893 693 204 489 301
is_linear=0
shrinkage=0.03


Tree=45
num_leaves=15
num_cat=0
split_feature=32 28 22 20 31 31 1 5 33 5 21 20 4 30
split_gain=0.0367407 0.0371171 0.0745003 0.0278519 0.0215142 0.0249752 0.0223868 0.0277512 0.0256138 0.0178789 0.0166862 0.0248411 0.0259353 0.0194789
threshold=0.32235138204367875 0.18955714079895539 0.0024099930422903505 0.007534246575342401 -1.4847205940933352 -1.2176273860305764 -0.049194698300985294 0.092949859838052012 0.17964072868131617 -0.22982807455293583 -0.025493654872759796 0.16506849315068492 0.034398409790192055 0.29645625556343097
decision_type=10 10 10 8 8 8 10 8 10 10 10 10 10 10
left_child=1 3 -3 -1 -5 -6 7 9 10 -7 13 12 -12 -8
right_child=-2 2 -4 4 5 6 8 -9 -10 -11 11 -13 -14 -15
leaf_value=-0.00041284660009735893 -0.00053786034913316956 -0.00015629998639812999 0.00092719140235412924 0.00038964099191129211 -0.0003614275814997482 0.00023549539918803929 -4.8114948195239157e-05 0.00044633419818164335 -0.00038270845400252448 -0.00030063578241554619 8.643948812617177e-05 0.00011736223360365574 -0.00040233169855810044 -0.00046677802053322507
leaf_weight=146 109 113 108 120 169 107 1123 214 162 107 196 1381 187 105
leaf_count=146 109 113 108 120 169 107 1123 214 162 107 196 1381 187 105
internal_value=-6.38772e-06 7.8993e-06 0.000381988 -1.31309e-05 2.45803e-06 -1.04307e-05 6.61015e-06 0.000208895 -2.11272e-05 -3.33138e-05 -9.43789e-07 5.81067e-05 -0.000154313 -8.56604e-05
internal_weight=4347 4238 221 4017 3871 3751 3582 428 3154 214 2992 1764 383 1228
internal_count=4347 4238 221 4017 3871 3751 3582 428 3154 214 2992 1764 383 1228
is_linear=0
shrinkage=0.03


Tree=46
num_leaves=15
num_cat=0
split_feature=32 7 26 25 29 17 21 29 14 34 21 1 26 1
split_gain=0.0510908 0.0407195 0.0736333 0.0312981 0.0277663 0.0297792 0.056097 0.0312363 0.0264687 0.0263384 0.0346209 0.0246631 0.0287295 0.0241185
threshold=0.2766576793157825 2.0055820523986898 0.058909896676585805 -0.0050951947971921993 0.39169306394805786 0.19685266523321501 -0.14959118823028117 0.24361833759225179 0.70156212448930555 0.48157602417150952 -0.11390592305967175 -0.070705641657148641 0.057822306964940007 0.055948977161867912
decision_type=10 10 10 10 10 8 8 8 8 8 10 10 10 10
left_child=1 4 3 -3 5 8 7 -7 13 10 -10 -8 -13 -1
right_child=-2 2 -4 -5 -6 6 11 -9 9 -11 -12 12 -14 -15
leaf_value=-5.8958711502640734e-05 -0.00054112961223336243 0.0004973399522714317 0.0008204349821867192 -9.3309042971356695e-05 0.00044515076101784217 -0.00094393271589955391 0.00034450015629102529 -0.00020580844186978149 0.00078561820166942202 -0.00015755456137204809 9.6141242309822015e-05 -5.6021784281945741e-05 -0.0005353248440118449 0.00035081395583983974
leaf_weight=1686 155 100 141 345 101 110 109 100 115 100 148 811 126 135
leaf_count=1686 155 100 141 345 101 110 109 100 115 100 148 811 126 135
internal_value=-1.51444e-05 5.24126e-06 0.00023578 4.34723e-05 -3.31893e-05 -4.78593e-05 -0.000163942 -0.000605405 1.91208e-05 0.000251197 0.000406656 -7.28528e-05 -0.000122974 -2.77028e-05
internal_weight=4282 4127 586 445 3541 3440 1256 210 2184 363 263 1046 937 1821
internal_count=4282 4127 586 445 3541 3440 1256 210 2184 363 263 1046 937 1821
is_linear=0
shrinkage=0.03


Tree=47
num_leaves=15
num_cat=0
split_feature=23 30 21 17 30 31 31 22 18 3 30 5 5 28
split_gain=0.0437511 0.0507891 0.109744 0.0391171 0.041032 0.0358068 0.0250205 0.0231339 0.0351896 0.0237387 0.0268835 0.0227895 0.0206749 0.0199775
threshold=0.0081380908961487513 0.55219563970726704 0.38510196877284147 1.5051441725813171 0.39020550562593753 -1.4847205940933352 -1.2176273860305764 0.0007948861289131001 0.70826445132181137 0.11453561459445182 0.010225047280212752 0.52466982097470671 -0.40538934874100102 0.10411774571064476
decision_type=10 10 10 10 10 8 8 10 10 8 8 8 10 10
left_child=1 2 3 4 5 -1 -7 11 9 10 -9 12 -8 -14
right_child=-2 -3 -4 -5 -6 6 7 8 -10 -11 -12 -13 13 -15
leaf_value=0.00050788668717723345 0.00058480697242837198 0.00058241653291372052 -0.00090431529959198083 0.00048046060067550472 -0.00055668022495792093 -0.00040776676995357355 0.00034967289006020174 -0.0004813375701893844 0.00021806348586545017 -0.00062605932884352196 -4.2448519164963723e-05 0.00032451064172710176 -4.1904119551058923e-05 0.00025132841414757668
leaf_weight=115 109 121 120 141 119 138 151 161 209 105 521 235 1830 231
leaf_count=115 109 121 120 141 119 138 151 161 209 105 521 235 1830 231
internal_value=4.91482e-06 -1.08235e-05 -2.91264e-05 -1.47066e-06 -1.98881e-05 -1.8763e-06 -1.89321e-05 -2.7784e-06 -0.000124307 -0.000216031 -0.000148806 4.68397e-05 1.6675e-05 -8.50946e-06
internal_weight=4306 4197 4076 3956 3815 3696 3581 3443 996 787 682 2447 2212 2061
internal_count=4306 4197 4076 3956 3815 3696 3581 3443 996 787 682 2447 2212 2061
is_linear=0
shrinkage=0.03


Tree=48
num_leaves=15
num_cat=0
split_feature=28 8 17 30 30 8 28 3 21 34 7 35 22 16
split_gain=0.0756016 0.0221432 0.0228158 0.0240856 0.027866 0.0238357 0.0222049 0.0188901 0.0266223 0.0181931 0.0203301 0.0248916 0.0197846 0.0170034
threshold=0.26678339407680429 0.7123644690765456 0.066658326402648113 0.16353171554268717 0.094553178339503913 0.12965228053589928 -0.084047022018232484 -0.11795657787660609 -0.14959118823028117 -0.2830693531211364 2.0055820523986898 -0.027377598746965399 0.0045650148831606506 0.4388648257958836
decision_type=10 8 10 10 10 10 8 10 10 8 10 10 10 10
left_child=1 2 3 4 6 -5 -1 -3 -9 -10 -11 12 -12 -4
right_child=-2 7 13 5 -6 -7 -8 8 9 10 11 -13 -14 -15
leaf_value=-0.00043812960703923761 0.0006905786885386398 0.00035960292808470381 -0.00034647852173700982 -2.3916518557952813e-05 0.00034754987735288669 -0.00060399185093696619 2.669137134413588e-05 -0.00036925076597439557 -0.00032100218776568595 1.5888452837359994e-05 0.00063939098713620165 1.3980043089969301e-05 0.00010060242503615362 -2.7776428568033204e-05
leaf_weight=100 137 163 410 149 217 107 773 136 102 1206 163 229 100 238
leaf_count=100 137 163 410 149 217 107 773 136 102 1206 163 229 100 238
internal_value=1.00607e-05 -1.35323e-05 -8.50176e-05 -1.43685e-05 4.7414e-05 -0.000273296 -2.87446e-05 5.44177e-05 2.78627e-05 5.88066e-05 8.24975e-05 0.000243968 0.000440227 -0.000230533
internal_weight=4230 4093 1994 1346 1090 256 873 2099 1936 1800 1698 492 263 648
internal_count=4230 4093 1994 1346 1090 256 873 2099 1936 1800 1698 492 263 648
is_linear=0
shrinkage=0.03


Tree=49
num_leaves=15
num_cat=0
split_feature=6 30 21 16 27 2 10 33 4 15 10 21 17 23
split_gain=0.0502541 0.0742194 0.0377703 0.0256053 0.0313487 0.0221957 0.0237554 0.0221515 0.0163259 0.0208176 0.0184767 0.0187993 0.0176995 0.0237911
threshold=1.5715065799915113 0.28949401862083507 0.3188966667481028 1.1732395729275524 0.81598257418097975 0.18020562740635498 1.0656997760866762 0.16895578860696311 -0.22169590321701624 0.90795022054502306 0.018076275727661004 -0.18948506510917426 -0.45390032637473815 0.00059182296168945007
decision_type=8 10 10 10 10 10 8 10 10 10 8 8 10 10
left_child=2 5 3 4 7 6 -2 8 9 -1 -10 -12 13 -13
right_child=1 -3 -4 -5 -6 -7 -8 -9 10 -11 11 12 -14 -15
leaf_value=0.00047069186714586875 9.1316234370129062e-05 0.00094188901005228128 -0.00058475862777803344 0.00036259980653697736 -0.00043633535657220838 -0.00028093683064645643 0.00058239697665846504 -0.00038034821895981211 -0.00040681090822286569 -5.598185395559663e-05 -0.00037102601051882344 -5.8193371657687887e-06 7.4718026803501921e-05 -0.0003617649279898874
leaf_weight=137 534 105 107 142 167 109 102 141 104 127 117 689 1478 219
leaf_count=137 534 105 107 142 167 109 102 141 104 127 117 689 1478 219
internal_value=8.38654e-06 0.000214172 -4.28772e-05 -2.45654e-05 -4.24016e-05 0.000106012 0.000174003 -1.9873e-05 -1.53896e-06 0.000220999 -2.44543e-05 -7.788e-06 1.07624e-05 -9.31807e-05
internal_weight=4278 850 3428 3321 3179 745 636 3012 2871 264 2607 2503 2386 908
internal_count=4278 850 3428 3321 3179 745 636 3012 2871 264 2607 2503 2386 908
is_linear=0
shrinkage=0.03


Tree=50
num_leaves=15
num_cat=0
split_feature=14 34 20 34 19 8 10 0 18 3 1 12 12 0
split_gain=0.0367508 0.027422 0.0244944 0.0603458 0.0335831 0.0282419 0.0275957 0.0193783 0.0230883 0.0362177 0.0208537 0.0153503 0.0203707 0.0158397
threshold=0.96917808219178092 0.76067376155022948 0.97446789194423711 0.43076652755960504 2.9461082850000007 2.267034928817099 0.67281393755928509 -0.024232500840439847 0.2757572890024837 -0.095344212375496326 -0.059496704925541245 0.071449084824963663 0.058481634553324856 -0.0037194735672083997
decision_type=10 10 10 8 10 10 10 10 8 10 8 2 2 10
left_child=1 2 4 6 5 7 -4 8 -1 -10 -9 12 13 -12
right_child=-2 -3 3 -5 -6 -7 -8 10 9 -11 11 -13 -14 -15
leaf_value=-0.0001748376002912042 0.00051941809041856121 -0.00045424399856869969 0.00030027229141081326 0.00077071183454507735 -0.00051648812303732659 0.00032949588385415194 -0.00033317470134501038 -0.00038350143264082455 0.00072077816051949574 6.5608818380081448e-05 -0.00016134689307244215 -0.00038808601443504035 0.00037042557962228205 1.4978946867992564e-06
leaf_weight=147 111 123 108 117 119 198 132 168 105 249 757 107 105 1825
leaf_count=147 111 123 108 117 119 198 132 168 105 249 757 107 105 1825
internal_value=-7.45652e-06 -2.17778e-05 -8.38701e-06 0.000227383 -3.09252e-05 -1.44591e-05 -4.78129e-05 -3.45718e-05 0.000137105 0.000267271 -6.37916e-05 -4.39171e-05 -2.95165e-05 -4.64651e-05
internal_weight=4371 4260 4137 357 3780 3661 240 3463 501 354 2962 2794 2687 2582
internal_count=4371 4260 4137 357 3780 3661 240 3463 501 354 2962 2794 2687 2582
is_linear=0
shrinkage=0.03


Tree=51
num_leaves=15
num_cat=0
split_feature=2 12 18 28 14 22 2 33 2 22 29 11 9 19
split_gain=0.046301 0.0491083 0.0405266 0.05597 0.0322083 0.0231272 0.0270078 0.0194972 0.0190748 0.0348451 0.0312378 0.0359707 0.0199436 0.028072
threshold=-0.12836965129741398 0.099903021339869155 0.65380430366332887 0.18544049690656109 0.90068493150684936 -0.0013155111475200499 -0.10335335944511213 0.17964072868131617 0.00055041531093435005 0.0029379814902064506 0.23404230513928984 0.1309648814696355 -0.029509781752766247 2.0359998279125002
decision_type=10 2 10 10 8 8 10 8 8 10 10 10 8 10
left_child=4 2 5 -4 -1 7 -7 -2 10 12 11 -8 13 -10
right_child=1 -3 3 -5 -6 6 8 -9 9 -11 -12 -13 -14 -15
leaf_value=9.6716826152260169e-05 0.00029985696981265904 -0.00062239419348004857 9.134279572335634e-05 0.00080957949514413484 0.00074618801884103697 -0.00055326049941647397 -0.00049060830630558009 -0.0001509162580950083 -7.4702473849877634e-05 -0.00068123373257861068 0.00046332214937959383 2.2742711618785806e-05 0.00014773212552614024 -0.00052700795787569837
leaf_weight=155 271 109 1041 103 121 102 134 122 529 100 119 1054 214 157
leaf_count=155 271 109 1041 103 121 102 134 122 529 100 119 1054 214 157
internal_value=1.72544e-05 -8.54167e-06 9.1809e-06 0.000159251 0.00038966 -5.22641e-05 -8.71166e-05 0.000159784 -6.5355e-05 -0.000163624 1.01691e-05 -3.6974e-05 -0.000102666 -0.000181283
internal_weight=4331 4055 3946 1144 276 2802 2409 393 2307 1000 1307 1188 900 686
internal_count=4331 4055 3946 1144 276 2802 2409 393 2307 1000 1307 1188 900 686
is_linear=0
shrinkage=0.03


Tree=52
num_leaves=15
num_cat=0
split_feature=28 31 36 6 13 13 6 12 0 25 11 10 19 3
split_gain=0.0505648 0.0226879 0.0192334 0.021292 0.0364406 0.0302296 0.0268113 0.0249838 0.021837 0.0203906 0.0181961 0.0208993 0.0218487 0.0200346
threshold=0.28363917126293631 -1.5289583181123916 1.0000000180025095e-35 1.5199180186674013 1.4680846911492467 1.3330155053913508 2.1251377091390169 0.071449084824963663 -0.00022841370942449998 0.0055843688407591508 0.87361769823918001 0.89439467827992758 2.6374683841093911 -0.13028075136800213
decision_type=10 8 8 10 10 8 10 2 10 10 10 10 10 10
left_child=1 -1 9 4 5 7 -5 10 -6 -3 11 13 -13 -4
right_child=-2 2 3 6 8 -7 -8 -9 -10 -11 -12 12 -14 -15
leaf_value=0.00043865228973890272 0.00060412669979801887 -7.6390739162343385e-05 0.00028036102417413846 0.00031282935355168184 0.00063359745859935203 -0.00053019777687258226 -6.3545650206284107e-05 -0.00041619560646916185 4.6723009516487966e-05 -0.00053632542411963062 0.00023482706944521375 -0.00062379134019647608 -1.7940664064118884e-05 -3.5750380736087645e-05
leaf_weight=101 126 395 197 429 111 108 278 136 114 107 249 100 110 1686
leaf_count=101 126 395 197 429 111 108 278 136 114 107 249 100 110 1686
internal_value=2.38765e-05 5.42467e-06 -5.9913e-06 1.88787e-05 -1.82084e-05 -5.03018e-05 0.000165428 -2.83607e-05 0.000343728 -0.000178747 -5.00049e-06 -3.40239e-05 -0.000314238 -2.02382e-06
internal_weight=4247 4121 4020 3518 2811 2586 707 2478 225 502 2342 2093 210 1883
internal_count=4247 4121 4020 3518 2811 2586 707 2478 225 502 2342 2093 210 1883
is_linear=0
shrinkage=0.03


Tree=53
num_leaves=15
num_cat=0
split_feature=14 12 9 23 20 19 0 11 14 3 30 27 24 31
split_gain=0.0453488 0.0636545 0.0336811 0.0531165 0.0257937 0.0160686 0.0172725 0.021373 0.0205238 0.0162697 0.0170058 0.0175364 0.0167249 0.0152898
threshold=0.96402317617075506 0.10462954964121327 -0.0063706284916802492 0.0018232271098693003 0.007534246575342401 0.81568929500000009 0.038828733182432906 0.83714465095416035 0.90839932181184146 0.093514136093207065 0.098036272823073867 0.12864064012113366 0.51301369863013713 1.0518351129822352
decision_type=10 2 8 8 8 8 10 10 10 10 8 10 10 10
left_child=1 2 4 13 -1 -6 8 -8 9 -7 11 -11 -12 -4
right_child=-2 -3 3 -5 5 6 7 -9 -10 10 12 -13 -14 -15
leaf_value=-0.00043829277986794926 0.00053524604873915374 -0.00072876150197569384 0.00016579263858773787 0.00073719718990380133 0.00033327553628350866 -4.7674334740983377e-05 -0.00053705995832802728 2.3706914834028498e-05 0.00040734527752273411 0.00022031980579457724 0.00048843681351358839 -0.00027078189819647899 1.3404429206648506e-05 -0.00025764611341006491
leaf_weight=125 137 103 274 134 115 2478 120 119 102 118 161 135 112 101
leaf_count=125 137 103 274 134 115 2478 120 119 102 118 161 135 112 101
internal_value=7.97101e-06 -9.85691e-06 9.09673e-06 0.000236218 -2.34341e-05 -7.83564e-06 -2.00429e-05 -0.000263085 -9.48482e-07 -1.54658e-05 0.000135289 -4.18997e-05 0.000297298 4.9857e-05
internal_weight=4334 4197 4094 509 3585 3460 3345 239 3106 3004 526 253 273 375
internal_count=4334 4197 4094 509 3585 3460 3345 239 3106 3004 526 253 273 375
is_linear=0
shrinkage=0.03


Tree=54
num_leaves=15
num_cat=0
split_feature=30 21 16 2 3 1 31 16 10 23 29 35 23 6
split_gain=0.0394732 0.0626413 0.0588578 0.0354908 0.0408845 0.021178 0.0355397 0.0207611 0.0230568 0.0245984 0.0207296 0.0245324 0.0177329 0.0148151
threshold=0.60580871436614203 0.39666198393967306 1.3877360371016885 0.18020562740635498 0.19973386063656681 0.055948977161867912 -0.81452380554708448 0.99248569564287881 0.63383456464440935 0.0010560074516480003 -0.20856452975776327 0.033698971867380752 0.00013988276561430004 1.7093769690955096
decision_type=10 10 10 10 8 10 10 10 8 8 8 10 10 10
left_child=1 2 3 4 5 7 -7 8 10 12 -1 -12 -10 -6
right_child=-2 -3 -4 -5 13 6 -8 -9 9 -11 11 -13 -14 -15
leaf_value=0.00036595591962965124 0.00056627744528101314 -0.00068185629279230581 0.00059951141501548818 -0.00052186683852050917 0.00065060684323220311 0.00066170424044997031 2.7678612743676196e-06 0.00029262760067537712 -0.00025910630338028833 -0.00055576381231798287 -2.659703264763568e-05 -0.00049270441080223907 0.00021513813709276257 0.00015039863887068348
leaf_weight=110 104 117 141 115 103 100 247 151 200 157 2487 101 104 113
leaf_count=110 104 117 141 115 103 100 247 151 200 157 2487 101 104 113
internal_value=2.56242e-06 -1.18948e-05 7.89104e-06 -1.37508e-05 1.98992e-06 -2.19267e-05 0.000199365 -4.53913e-05 -6.19855e-05 -0.000256868 -2.82729e-05 -4.57025e-05 -9.60089e-05 0.000398247
internal_weight=4350 4246 4129 3988 3873 3657 347 3310 3159 461 2698 2588 304 216
internal_count=4350 4246 4129 3988 3873 3657 347 3310 3159 461 2698 2588 304 216
is_linear=0
shrinkage=0.03


Tree=55
num_leaves=15
num_cat=0
split_feature=28 29 21 20 2 10 3 2 10 9 23 18 23 4
split_gain=0.0366101 0.0252319 0.0361285 0.0670205 0.0471632 0.0268509 0.0215974 0.0204655 0.0367027 0.0199188 0.0198218 0.0262437 0.0174364 0.0136596
threshold=0.28363917126293631 0.36149394672623941 -0.20235995269899393 0.50068493150684945 -0.14343724377942427 0.015837841073794105 0.0086362528968299008 0.21041476023190939 1.1393484000780023 -0.022278899395258098 0.00031440415855380003 0.58953324895024106 0.00013988276561430004 0.28034273246644015
decision_type=10 10 8 10 10 10 10 10 10 10 10 10 10 10
left_child=1 2 3 -1 -4 -6 10 8 13 -10 12 -12 -7 -8
right_child=-2 -3 4 -5 5 6 7 -9 9 -11 11 -13 -14 -15
leaf_value=4.520571935638102e-05 0.00049914303940200105 0.00041329400085421023 0.00058942236446485926 -0.00088424686202490772 -0.00039873041068137847 -5.8600138020368275e-05 6.9460421467194968e-05 -0.00034525057842366326 0.00015317986327188139 0.00073850969548995061 -0.00033517740895491576 0.00019413564950809814 0.0003067844520615915 -0.00017868270399938561
leaf_weight=164 126 118 114 116 154 788 1560 101 107 104 431 101 133 224
leaf_count=164 126 118 114 116 154 788 1560 101 107 104 431 101 133 224
internal_value=5.23784e-06 -1.01005e-05 -2.27838e-05 -0.000348611 1.54235e-06 -1.73264e-05 -2.38679e-07 6.13253e-05 8.27205e-05 0.0004521 -8.89524e-05 -0.000233816 -4.46399e-06 3.78911e-05
internal_weight=4341 4215 4097 280 3817 3703 3549 2096 1995 211 1453 532 921 1784
internal_count=4341 4215 4097 280 3817 3703 3549 2096 1995 211 1453 532 921 1784
is_linear=0
shrinkage=0.03


Tree=56
num_leaves=15
num_cat=0
split_feature=10 19 4 34 5 20 0 12 8 10 16 18 2 24
split_gain=0.0638677 0.0324295 0.0391369 0.0321754 0.0221871 0.0396743 0.0268945 0.0190896 0.017804 0.0215567 0.0141608 0.0176015 0.0157195 0.0129248
threshold=3.8599820536370442 2.5744106859140929 0.32266095029565384 -0.10210507632616424 -0.58003558534883659 0.0089041095890410506 -0.055813868130804488 0.041355031195620361 2.267034928817099 0.89439467827992758 -0.76162118632827991 0.39001841296685996 0.0031547305286411505 0.85958904109589052
decision_type=10 10 10 10 8 8 10 2 10 8 10 10 10 10
left_child=1 2 4 -3 -1 -6 -7 -5 9 10 11 -8 -13 -12
right_child=-2 3 -4 7 5 6 8 -9 -10 -11 13 12 -14 -15
leaf_value=0.00040053367945247216 -0.00073795176674742427 0.00054489125236628633 -0.00050841044870139737 -0.00027493208820471244 -0.00056085856537370436 0.00039653655665460974 -0.00044627123268687035 0.00026595508078268421 0.00025813578598899768 -0.00033584427947353109 3.0841366795653263e-05 0.00020813023902802443 -0.00020851396835611208 -0.0002991653676560548
leaf_weight=113 102 184 139 105 112 143 135 121 194 195 2306 130 201 107
leaf_count=113 102 184 139 105 112 143 135 121 194 195 2306 130 201 107
internal_value=-1.42022e-05 4.2971e-06 -2.33459e-05 0.00025603 -4.12972e-06 -1.76585e-05 9.72244e-07 1.41464e-05 -1.6916e-05 -3.46656e-05 -1.37193e-05 -0.000164192 -4.42152e-05 1.56195e-05
internal_weight=4287 4185 3775 410 3636 3523 3411 226 3268 3074 2879 466 331 2413
internal_count=4287 4185 3775 410 3636 3523 3411 226 3268 3074 2879 466 331 2413
is_linear=0
shrinkage=0.03


Tree=57
num_leaves=15
num_cat=0
split_feature=30 21 17 22 0 36 6 18 19 2 6 8 31 19
split_gain=0.0365862 0.0681467 0.0633601 0.0287721 0.0364191 0.0306152 0.0445012 0.029783 0.0319299 0.0292324 0.0248753 0.021045 0.0129796 0.0159379
threshold=0.60580871436614203 0.39666198393967306 1.5051441725813171 0.0007948861289131001 0.040575798427526108 1.0000000180025095e-35 -1.6306467368390449 0.66955453429816514 1.898683009686075 -0.12387597141320904 -1.5089851028360097 2.8116325483974394 -1.5289583181123916 1.4157553200000002
decision_type=10 10 10 10 10 8 10 10 10 10 10 8 10 10
left_child=1 2 3 9 5 -5 -7 8 -8 -1 -11 12 -12 -14
right_child=-2 -3 -4 4 -6 6 7 -9 -10 10 11 -13 13 -15
leaf_value=0.00049133790929045066 0.00054665252581987756 -0.00072841454202593383 0.00062321547595338346 -0.00055811621546531529 -0.00060006085029893665 0.00053779699826279556 -5.199669671020712e-05 0.00019262381818407448 -0.00050886477008526773 -0.00031914647364626741 0.00030347842691381543 0.00036849895688769374 0.00011007905096179868 -6.1230210577430284e-05
leaf_weight=115 101 113 138 104 134 106 400 222 206 184 127 157 736 1431
leaf_count=115 101 113 138 104 134 106 400 222 206 184 127 157 736 1431
internal_value=-3.76239e-06 -1.77225e-05 2.92951e-06 -1.96617e-05 -0.000143799 -8.23037e-05 -2.66326e-05 -0.000101685 -0.000210195 3.34083e-05 1.253e-05 3.80285e-05 1.4659e-05 -2.92726e-06
internal_weight=4274 4173 4060 3922 1172 1038 934 828 606 2750 2635 2451 2294 2167
internal_count=4274 4173 4060 3922 1172 1038 934 828 606 2750 2635 2451 2294 2167
is_linear=0
shrinkage=0.03


Tree=58
num_leaves=15
num_cat=0
split_feature=5 16 16 21 19 5 27 28 34 26 19 9 35 8
split_gain=0.0303909 0.0832366 0.0635189 0.0440011 0.0262037 0.0282434 0.0360337 0.0321983 0.0210884 0.0192235 0.0198521 0.0153804 0.0151543 0.0186863
threshold=-0.58003558534883659 1.8693514480900688 1.5020267211158083 -0.2604242495457762 3.2064095400000006 0.54315796648986192 -0.20805843495872822 0.038324955916561258 -0.33653038022744303 0.0086893633544581021 2.1638416389874786 -0.31481277214780407 0.033698971867380752 2.4031650145302419
decision_type=10 8 10 8 10 10 10 10 10 8 10 10 10 10
left_child=-1 2 3 -2 5 9 8 -8 -7 11 -11 -5 13 -13
right_child=1 -3 -4 4 -6 6 7 -9 -10 10 -12 12 -14 -15
leaf_value=0.00035755268013987863 -0.00050938017306314707 -0.00085341945490484319 0.00071556286427201094 0.00031819924074591617 -0.00044828011830947524 -0.00033276455539208626 0.0008533589391797584 0.00013635712377496124 0.00024958089899194638 -7.4567221592445097e-05 -0.0004933470469092884 8.5511788176525102e-06 -0.00033514635531626586 0.00041833052293628137
leaf_weight=188 157 102 102 157 111 108 109 116 106 1167 107 1569 101 102
leaf_count=188 157 102 102 157 111 108 109 116 106 1167 107 1569 101 102
internal_value=-1.03979e-05 -2.7626e-05 -5.59512e-06 -2.52978e-05 -4.39629e-06 9.72834e-06 0.000233971 0.000494705 -4.52005e-05 -2.13229e-05 -0.000111531 3.83887e-05 1.27718e-05 3.4738e-05
internal_weight=4302 4114 4012 3910 3753 3642 439 225 214 3203 1274 1929 1772 1671
internal_count=4302 4114 4012 3910 3753 3642 439 225 214 3203 1274 1929 1772 1671
is_linear=0
shrinkage=0.03


Tree=59
num_leaves=15
num_cat=0
split_feature=14 12 4 1 9 20 33 19 34 36 4 22 33 22
split_gain=0.0475982 0.0499911 0.0412894 0.0224694 0.0241149 0.0172116 0.0236554 0.0220222 0.0188426 0.0229747 0.016571 0.0146267 0.0177642 0.0145695
threshold=0.96917808219178092 0.10462954964121327 0.51260121068396758 -0.083364057277042589 -0.44699153833532562 0.57739726027397265 0.17964072868131617 1.254334106315351 0.11319234233384597 0.029714361520331304 0.36613164565803763 0.0018353360529702503 0.17964072868131617 0.0010707161344250503
decision_type=10 2 8 10 8 10 10 10 8 8 10 10 8 10
left_child=1 2 3 -1 -5 7 10 8 9 -6 11 13 -13 -7
right_child=-2 -3 -4 4 5 6 -8 -9 -10 -11 -12 12 -14 -15
leaf_value=-0.00035603433088808839 0.00059726111792229321 -0.00063053373516237614 0.00054621159048427053 0.00031108698285588053 1.1506308383163682e-05 8.2481098366645882e-05 -0.00034045558390215783 -0.00020168271748526709 -0.00010373667316846823 0.00053881127919020073 -0.00024232189387810054 0.00059992663096636529 6.9380644596425231e-05 -0.0002722476415587344
leaf_weight=177 106 117 110 189 226 1223 137 907 505 106 142 100 127 109
leaf_count=177 106 117 110 189 226 1223 137 907 505 106 142 100 127 109
internal_value=-1.59126e-05 -3.21764e-05 -1.41699e-05 -3.04545e-05 -1.47215e-05 -3.23221e-05 3.17065e-05 -9.96994e-05 1.13543e-05 0.000185359 6.25907e-05 9.10493e-05 0.000310994 5.25434e-05
internal_weight=4281 4175 4058 3948 3771 3582 1838 1744 837 332 1701 1559 227 1332
internal_count=4281 4175 4058 3948 3771 3582 1838 1744 837 332 1701 1559 227 1332
is_linear=0
shrinkage=0.03


Tree=60
num_leaves=15
num_cat=0
split_feature=7 17 25 34 21 36 29 2 35 21 1 27 16 30
split_gain=0.0537867 0.0470995 0.0272477 0.026809 0.0168713 0.0194154 0.0164242 0.0290101 0.0392312 0.0317728 0.0200278 0.0148218 0.0159425 0.0187432
threshold=3.7084041598845636 1.5051441725813171 -0.0098410489770692482 0.76067376155022948 0.33418811910951857 0.0084068378692004515 0.24361833759225179 -0.038583100400718238 0.053485470869027156 -0.14295319700868273 -0.028086301491632496 0.77361460311493258 0.72016309408403212 0.093654200102527313
decision_type=8 10 8 10 10 8 10 10 8 10 8 10 10 8
left_child=1 2 -1 4 5 -4 7 8 10 -10 -7 12 -9 -14
right_child=-2 -3 3 -5 -6 6 -8 11 9 -11 -12 -13 13 -15
leaf_value=0.0001857646294098967 -0.00065699299953657353 0.00047013734035464299 -0.00016278281509963605 -0.00051132376838305645 -0.00035450879333322828 0.00030895700743712947 0.00029127674200382262 6.7727539359906751e-05 -0.00076658581037234504 -0.00015186168081633713 -0.00022591912567602573 0.00039925749614410033 6.8723588646159769e-05 -0.00048487679648892356
leaf_weight=509 109 181 668 104 136 147 179 1529 128 183 103 101 109 104
leaf_count=509 109 181 668 104 136 147 179 1529 128 183 103 101 109 104
internal_value=-1.4061e-05 3.46516e-06 -1.82123e-05 -4.8176e-05 -3.3222e-05 -1.92578e-05 1.81026e-05 -2.8001e-06 -0.000190713 -0.000412993 8.84792e-05 5.4761e-05 3.37018e-05 -0.0002065
internal_weight=4290 4181 4000 3491 3387 3251 2583 2404 561 311 250 1843 1742 213
internal_count=4290 4181 4000 3491 3387 3251 2583 2404 561 311 250 1843 1742 213
is_linear=0
shrinkage=0.03


Tree=61
num_leaves=15
num_cat=0
split_feature=10 23 30 21 36 34 31 8 21 24 31 11 11 8
split_gain=0.0474086 0.0487492 0.0519825 0.0219768 0.0235323 0.0183546 0.0336172 0.0339657 0.0352374 0.020858 0.0203416 0.0232852 0.0203334 0.0194305
threshold=6.6247327876745317 0.0046148039083360503 0.35865825853284955 0.44653360857246699 -0.012337764064638749 0.080651510177521715 0.57000100901126405 -1.3044005513745653 -0.18634545620641821 0.74920950557274024 -0.15566090227628956 0.72490675988557041 0.55132740090711896 -0.024767683628349198
decision_type=8 10 10 8 8 8 10 8 10 10 10 10 10 8
left_child=1 3 -3 4 -1 -6 7 -7 -9 12 13 -12 -8 -10
right_child=-2 2 -4 -5 5 6 9 8 10 -11 11 -13 -14 -15
leaf_value=-0.00029143916516251669 -0.00064893584066469747 -3.0271771462299938e-05 0.00081215467026347389 -0.00040313797560233679 6.2565206141959129e-05 0.00033160962196104394 -0.00021536950232984962 -0.00067786862659638489 0.00027360294452687654 0.00049870219992511483 -0.00043816184127526956 2.9786267399079711e-05 0.00023551668698290965 -0.00015016454917169734
leaf_weight=256 100 131 127 132 2041 107 163 127 147 106 298 139 189 266
leaf_count=256 100 131 127 132 2041 107 163 127 147 106 298 139 189 266
internal_value=-1.92416e-05 -3.6029e-06 0.000391968 -2.97641e-05 -1.64184e-05 3.61019e-06 -7.4373e-05 -0.000165215 -0.000221038 0.000140095 -0.000149217 -0.000290665 2.66335e-05 2.13649e-06
internal_weight=4329 4229 258 3971 3839 3583 1542 1084 977 458 850 437 352 413
internal_count=4329 4229 258 3971 3839 3583 1542 1084 977 458 850 437 352 413
is_linear=0
shrinkage=0.03


Tree=62
num_leaves=15
num_cat=0
split_feature=10 12 20 33 19 5 33 19 20 27 18 3 9 24
split_gain=0.0487655 0.0532978 0.0283613 0.019214 0.0318286 0.0182984 0.0284479 0.0219508 0.0176198 0.0163036 0.0193289 0.0161803 0.0228 0.0158647
threshold=5.2581834122266349 0.093498111996503055 0.007534246575342401 0.17964072868131617 1.9049659100000003 0.56853549249020363 -0.049072091302212441 1.3271057457470004 0.57739726027397265 0.42944768943295092 0.29168023890035688 -0.021910907631448047 -0.3186670535726549 0.26903920207057641
decision_type=8 2 8 10 10 10 8 8 10 8 10 10 10 8
left_child=1 2 -1 5 -5 7 -7 11 9 10 -9 12 -4 -12
right_child=-2 -3 3 4 -6 6 -8 8 -10 -11 13 -13 -14 -15
leaf_value=-0.00045890575405163207 -0.00060118258656530091 0.00052853974952797762 0.0006093016627602754 8.1101795199946575e-05 -0.00066128011591665972 -0.00015376866455531294 0.00034474588871692772 -0.00056869901222105705 -4.7845143032305696e-06 4.9661420022769248e-05 0.00011447357355265402 5.8200919133217846e-06 8.6816574192102722e-05 -0.0002543439388790655
leaf_weight=128 123 156 110 101 100 151 304 130 1388 221 135 594 223 431
leaf_count=128 123 156 110 101 100 151 304 130 1388 221 135 594 223 431
internal_value=-2.44008e-05 -6.69664e-06 -2.81191e-05 -1.33656e-05 -0.000295328 2.38497e-06 0.000179432 -2.27783e-05 -7.23305e-05 -0.00017399 -0.000244853 0.000100161 0.000265869 -0.000166143
internal_weight=4295 4172 4016 3888 201 3687 455 3232 2305 917 696 927 333 566
internal_count=4295 4172 4016 3888 201 3687 455 3232 2305 917 696 927 333 566
is_linear=0
shrinkage=0.03


Tree=63
num_leaves=15
num_cat=0
split_feature=32 28 18 36 28 25 19 0 24 3 3 1 3 16
split_gain=0.046218 0.0562822 0.0190741 0.0191363 0.0191125 0.0647431 0.0310968 0.0202405 0.0384609 0.0226289 0.019324 0.0151437 0.0216295 0.0356318
threshold=0.2766576793157825 0.23517652117845864 0.8393925557917673 0.13601561168817763 0.14703323818429134 0.0052325366996586005 2.5744106859140929 0.036774174602068103 0.58287671232876725 -0.18707499513633261 0.17843850100024874 0.066294526045937704 -0.076225311099651791 0.27482081369998879
decision_type=10 10 8 8 10 10 10 10 8 10 10 10 10 8
left_child=1 2 4 -4 6 -6 7 9 -9 -1 -8 12 13 -11
right_child=-2 -3 3 -5 5 -7 10 8 -10 11 -12 -13 -14 -15
leaf_value=0.00028667620548499315 -0.00051175856826478783 0.00066679957129580497 -9.6860458036296057e-05 0.00041242671023800347 0.00022202371836960486 -0.00082323300762773301 9.0706341722799494e-05 3.3767386060019446e-05 -0.00066586295175966362 -5.7645085364095561e-05 0.00057988135234410992 0.00027949339951128637 -1.2908266732090361e-05 -0.00061750768148417377
leaf_weight=203 154 109 102 177 103 102 198 157 123 321 112 124 2134 146
leaf_count=203 154 109 102 177 103 102 198 157 123 321 112 124 2134 146
internal_value=-9.88954e-06 9.50955e-06 -9.20236e-06 0.000227808 -2.72456e-05 -0.000305273 -1.06341e-05 -3.85072e-05 -0.00027986 -1.49892e-05 0.00027384 -3.79458e-05 -5.35866e-05 -0.000237364
internal_weight=4265 4111 4002 279 3723 205 3518 3208 280 2928 310 2725 2601 467
internal_count=4265 4111 4002 279 3723 205 3518 3208 280 2928 310 2725 2601 467
is_linear=0
shrinkage=0.03


Tree=64
num_leaves=15
num_cat=0
split_feature=0 16 16 19 29 31 29 31 12 1 22 28 31 36
split_gain=0.0390278 0.0418303 0.0609227 0.0204255 0.0288976 0.0177315 0.0230023 0.022605 0.0223508 0.0201827 0.0185981 0.0178573 0.021069 0.019045
threshold=0.065359741035152755 1.4453580603491101 1.8693514480900688 3.3121612850000006 -0.23917006954857853 0.59938013376187393 0.28411701998754829 1.389616482128476 0.069446749907972657 0.011931960707273303 0.00070618619250940016 0.088778054776673415 -0.52734967195047011 2.5008568424356174e-05
decision_type=10 8 8 8 10 10 8 10 2 10 10 10 10 8
left_child=1 3 -3 4 -1 6 8 10 11 -9 -7 12 13 -6
right_child=-2 2 -4 -5 5 7 -8 9 -10 -11 -12 -13 -14 -15
leaf_value=0.00027749402774650825 -0.00040609339875132303 0.00091848429032037723 7.0992707925917642e-06 -0.00033361800948374104 -0.00023969521900581956 0.00033182476123189326 0.00037755421835153764 0.00010970365789466831 -0.00046048769796822937 -0.00043549284942194142 -1.7416792440296075e-05 0.0001774153784224001 -0.00016186048562432561 0.00010970149184960793
leaf_weight=347 188 109 157 149 173 385 104 134 119 105 211 276 1139 661
leaf_count=347 188 109 157 149 173 385 104 134 119 105 211 276 1139 661
internal_value=1.07719e-05 3.05071e-05 0.000390617 4.83946e-06 1.90778e-05 -8.41548e-06 -4.87954e-05 0.000110707 -6.82763e-05 -0.000133834 0.000209068 -4.6548e-05 -7.82472e-05 3.62282e-05
internal_weight=4257 4069 266 3803 3654 3307 2472 835 2368 239 596 2249 1973 834
internal_count=4257 4069 266 3803 3654 3307 2472 835 2368 239 596 2249 1973 834
is_linear=0
shrinkage=0.03


Tree=65
num_leaves=15
num_cat=0
split_feature=20 20 20 4 24 14 8 34 12 36 27 29 33 25
split_gain=0.0394592 0.0290127 0.0231057 0.0207025 0.0581146 0.031582 0.0186307 0.0145789 0.0285223 0.0188402 0.0217159 0.0185445 0.0175099 0.0153225
threshold=0.99859252514054953 0.98789737415807133 0.0061643835616438008 0.34782370812171404 0.6380186619019258 0.93026570892794724 2.5028671208466062 0.082975287491327612 0.03669534899751991 0.08051015372264296 0.29793073902054756 -0.17455752681855483 -0.047951829800962242 0.0037491226355531502
decision_type=10 10 8 10 10 10 10 10 2 10 10 8 10 8
left_child=1 2 -1 5 -5 6 7 9 -9 10 11 12 -4 -13
right_child=-2 -3 3 4 -6 -7 -8 8 -10 -11 -12 13 -14 -15
leaf_value=-0.00040783154182962229 -0.00057040034754916435 0.00042584366475276598 -0.00057169265199880916 0.00022773042937825546 -0.00075563787990029442 0.00047868247725522158 0.00037841241127491723 -1.7229903264756052e-05 -0.0004570630946082846 0.00029971485755023815 0.0001747607588501501 -7.6357484600646382e-05 -2.7487886109156533e-05 0.00010598224762511688
leaf_weight=119 103 141 104 102 106 128 113 541 171 205 524 1129 105 649
leaf_count=119 103 141 104 102 106 128 113 541 171 205 524 1129 105 649
internal_value=-4.3038e-06 1.0462e-05 -4.70871e-06 8.17402e-06 -0.000279383 2.4834e-05 7.77649e-06 -4.97443e-06 -0.000125315 2.67451e-05 3.9083e-06 -4.14735e-05 -0.000305319 -9.68985e-06
internal_weight=4240 4137 3996 3877 208 3669 3541 3428 712 2716 2511 1987 209 1778
internal_count=4240 4137 3996 3877 208 3669 3541 3428 712 2716 2511 1987 209 1778
is_linear=0
shrinkage=0.03


Tree=66
num_leaves=15
num_cat=0
split_feature=32 10 6 5 21 2 6 36 25 33 3 34 5 17
split_gain=0.0411082 0.0450553 0.052893 0.0284512 0.0338627 0.0346339 0.0230524 0.0391795 0.0150613 0.0188051 0.0179357 0.0179427 0.023956 0.0124796
threshold=0.2766576793157825 1.4722092852306732 1.5199180186674013 -0.58003558534883659 -0.2604242495457762 -0.15287126818334082 -1.4895891688974379 -0.0089445956512596483 -0.0090632167910263493 -0.13031920284858786 0.12496507549267756 -0.019536212052261498 0.16277025494085337 1.040646274287411
decision_type=10 10 10 8 8 10 10 10 10 8 10 10 10 8
left_child=1 3 -3 -1 -5 -6 7 -7 -8 -10 13 12 -12 -11
right_child=-2 2 -4 4 5 6 8 -9 9 10 11 -13 -14 -15
leaf_value=0.00047195834292332772 -0.00046499410421922129 1.1230794745922768e-05 0.00084411297802857701 -0.00049543783056343763 0.00051912666681518376 -0.00058839997826133313 0.00014811141923250137 8.6635354858520904e-05 -0.00035571030613725381 -2.3193444692653374e-05 -0.00028433032612579256 0.00043296738884528163 0.00024217642803102296 -0.00031374093281200105
leaf_weight=104 158 151 121 125 106 157 542 146 141 1930 124 145 191 138
leaf_count=104 158 151 121 125 106 157 542 146 141 1930 124 145 191 138
internal_value=2.28968e-06 2.07472e-05 0.00039029 -5.83996e-06 -1.97202e-05 -2.63276e-06 -1.90869e-05 -0.000267009 4.68658e-06 -2.46615e-05 -5.53146e-06 0.000162867 3.37124e-05 -4.3292e-05
internal_weight=4279 4121 272 3849 3745 3620 3514 303 3211 2669 2528 460 315 2068
internal_count=4279 4121 272 3849 3745 3620 3514 303 3211 2669 2528 460 315 2068
is_linear=0
shrinkage=0.03


Tree=67
num_leaves=15
num_cat=0
split_feature=10 23 30 17 29 28 22 17 30 2 18 35 4 17
split_gain=0.0556219 0.0758961 0.0429293 0.0237905 0.0230409 0.0194926 0.0189474 0.0188902 0.0243151 0.0226085 0.0253493 0.0425392 0.0171022 0.0158812
threshold=5.2581834122266349 0.0046148039083360503 0.28448140572251562 1.6080546312863895 -0.098395070240549887 0.094098497197128553 -0.0010970907813564999 0.050575348257239104 0.189811021491292 -0.11972824029027239 0.49442426185899591 0.055710467808977655 -0.19594675657894112 -0.21311993153864417
decision_type=8 10 10 10 8 10 10 10 10 10 10 8 10 10
left_child=1 3 -3 4 6 7 -1 8 12 -9 11 -11 -6 -14
right_child=-2 2 -4 -5 5 -7 -8 9 -10 10 -12 -13 13 -15
leaf_value=0.00036581002720223417 -0.00059327495432972036 0.00013329785124495112 0.00098044157710723469 -0.00045878839821347756 0.00028395286526750665 0.00012564921091316964 4.7627035915462427e-05 0.00018458715757112038 -0.00034329707371525634 -0.00022445168701427367 -9.1763613281368501e-05 -0.00096358786040548017 -8.9918060946729382e-05 0.00018165783719312109
leaf_weight=198 137 111 103 103 181 435 1002 106 188 220 324 101 835 247
leaf_count=198 137 111 103 103 181 435 1002 106 188 220 324 101 835 247
internal_value=-9.42177e-06 1.0524e-05 0.000554111 -1.96657e-05 -7.2962e-06 -5.68705e-05 0.000101427 -9.31298e-05 -2.96666e-05 -0.000214739 -0.00028128 -0.000468227 1.81876e-05 -2.7372e-05
internal_weight=4291 4154 214 3940 3837 2637 1200 2202 1451 751 645 321 1263 1082
internal_count=4291 4154 214 3940 3837 2637 1200 2202 1451 751 645 321 1263 1082
is_linear=0
shrinkage=0.03


Tree=68
num_leaves=15
num_cat=0
split_feature=0 1 33 31 27 21 34 7 8 30 1 32 30 15
split_gain=0.0302681 0.0342362 0.0427078 0.0416805 0.0240525 0.0288732 0.0311237 0.0182365 0.0187069 0.0181315 0.0216994 0.0171449 0.0174431 0.0162262
threshold=0.068863215455899268 0.068308953205063319 -0.052489924568372488 0.23269021732865561 1.1861142445603077 -0.19768257314782212 0.082975287491327612 2.0242348273606887 2.2238479742405688 0.16353171554268717 -0.094314345403100477 0.0083350304281779013 0.24522218883754296 1.0316554653918204
decision_type=10 8 8 10 10 8 8 10 8 10 10 10 10 10
left_child=1 4 -3 -4 5 6 -1 9 -9 10 -7 12 -11 -10
right_child=-2 2 3 -5 -6 7 -8 8 13 11 -12 -13 -14 -15
leaf_value=3.2255583554734071e-05 -0.00038953632892730109 -0.00020825801400660258 0.00079223127807145596 6.6684937728360403e-05 0.00041932454489174593 0.000427384092411294 -0.00058333854411136022 -9.0511555516224521e-05 0.00061634156353600124 -0.00065911861573827112 -9.392571743113661e-06 -2.8868381280196498e-05 -0.00013153391126196701 0.0001147007847713783
leaf_weight=133 167 113 157 129 108 102 160 127 109 102 2362 284 126 124
leaf_count=133 167 113 157 129 108 102 160 127 109 102 2362 284 126 124
internal_value=4.1707e-07 1.66136e-05 0.000278967 0.000471743 -1.17332e-05 -2.51209e-05 -0.000308052 1.52678e-07 0.000200306 -2.43548e-05 9.51717e-06 -0.000185879 -0.000376638 0.000357392
internal_weight=4303 4136 399 286 3737 3629 293 3336 360 2976 2464 512 228 233
internal_count=4303 4136 399 286 3737 3629 293 3336 360 2976 2464 512 228 233
is_linear=0
shrinkage=0.03


Tree=69
num_leaves=15
num_cat=0
split_feature=23 9 32 28 20 3 3 34 5 6 5 36 18 36
split_gain=0.0378927 0.0268283 0.0249359 0.0443171 0.0250554 0.0256624 0.0301857 0.0184584 0.0263686 0.0261633 0.0273285 0.017411 0.0163341 0.0304365
threshold=0.0052302773526424007 -0.030559113424994847 0.2766576793157825 0.18955714079895539 0.007534246575342401 0.27433230657337632 0.22832944783489109 0.045192269363054809 -0.33152749541611254 -1.1737998843459165 -0.22463702804964553 0.083093576619820073 0.67491395305370072 0.088329010270924962
decision_type=10 8 10 10 8 10 8 8 8 10 10 8 10 10
left_child=2 -2 3 4 -1 6 7 9 -9 -6 -11 -12 13 -10
right_child=1 -3 -4 -5 5 -7 -8 8 12 10 11 -13 -14 -15
leaf_value=-0.00039875552986130309 0.00010312903862522572 0.00073993313144559835 -0.00041400804328341179 0.00054923479666556621 0.00038323434984333668 -0.00043960189428808485 0.0004979366314441186 0.00026184243406987665 -0.00010019519674735379 -0.00027266302178181656 -1.0329218660504134e-05 0.00021243421719592041 0.00010108969232590818 -0.00054840268212628983
leaf_weight=140 142 100 126 126 206 109 109 187 1069 228 778 526 263 152
leaf_count=140 142 100 126 126 206 109 109 187 1069 228 778 526 263 152
internal_value=1.52607e-05 0.000375923 -6.89637e-06 6.79426e-06 -1.20535e-05 3.40139e-06 1.77316e-05 1.67067e-06 -6.94171e-05 7.00211e-05 2.67953e-05 7.9996e-05 -0.000111898 -0.000158001
internal_weight=4261 242 4019 3893 3767 3627 3518 3409 1671 1738 1532 1304 1484 1221
internal_count=4261 242 4019 3893 3767 3627 3518 3409 1671 1738 1532 1304 1484 1221
is_linear=0
shrinkage=0.03


Tree=70
num_leaves=15
num_cat=0
split_feature=2 5 12 9 29 19 3 35 2 2 32 36 9 25
split_gain=0.043611 0.0299456 0.0400332 0.0269102 0.0202663 0.0173875 0.0244899 0.0200149 0.0595056 0.0199277 0.0250944 0.0185521 0.0344527 0.0225417
threshold=0.23859811163099173 1.6535118134138815 0.093498111996503055 -0.0055343480574667992 -0.21239434820921146 1.3271057457470004 0.018214659302482252 0.052452534517942261 -0.09644214595722464 -0.012540179384682198 0.018356675184159003 0.050664535212980012 -0.36024055812906614 0.0055843688407591508
decision_type=8 8 2 10 8 8 10 8 10 10 8 8 10 10
left_child=1 2 3 5 -5 11 7 -7 -9 10 -8 13 -13 -1
right_child=-2 -3 -4 4 -6 6 9 8 -10 -11 -12 12 -14 -15
leaf_value=4.9262349019271069e-05 0.00059725009321817582 -0.00048142147348439074 0.00054008376387939747 0.0004806516792895683 4.7516043059542731e-05 -5.4690573800192792e-05 -3.2571005158388287e-05 -0.00087734911430147132 -0.00013255788914432286 -2.612495408680979e-05 0.0006249935249465384 0.00068691638097100494 7.8971385969991062e-05 -0.00043617201533404585
leaf_weight=406 109 107 122 165 230 781 103 117 475 930 100 100 426 104
leaf_count=406 109 107 122 165 230 781 103 117 475 930 100 100 426 104
internal_value=1.83483e-05 2.50398e-06 1.58374e-05 -1.07238e-06 0.000232193 -2.73765e-05 -7.00802e-05 -0.000155044 -0.00028587 3.31106e-05 0.00029859 7.57608e-05 0.00019993 -5.30018e-05
internal_weight=4275 4166 4059 3937 395 3542 2506 1373 592 1133 203 1036 526 510
internal_count=4275 4166 4059 3937 395 3542 2506 1373 592 1133 203 1036 526 510
is_linear=0
shrinkage=0.03


Tree=71
num_leaves=15
num_cat=0
split_feature=1 7 7 26 21 11 0 20 5 34 34 5 24 3
split_gain=0.0415436 0.0423579 0.0495591 0.0438902 0.0431192 0.0276449 0.0338685 0.0275073 0.0267843 0.0295688 0.0252482 0.0228703 0.0206001 0.0196118
threshold=-0.13426901036784547 3.7084041598845636 2.7428483574468259 0.024197374182796053 0.33418811910951857 0.87579601453832856 0.041700429841346552 0.007534246575342401 -0.33152749541611254 0.030628045161909003 0.024484228732888854 0.54315796648986192 0.62397260273972621 -0.10444437902335289
decision_type=10 8 10 10 10 10 10 8 8 8 8 10 10 10
left_child=-1 2 4 -4 5 6 7 -2 10 13 -9 -7 -11 -10
right_child=1 -3 3 -5 -6 11 -8 8 9 12 -12 -13 -14 -15
leaf_value=0.00056353393903493918 -0.0004941608521683488 -0.0006133523631158184 -3.0062962539627082e-05 0.00083137643793432985 -0.00055135252014199443 6.4563424809504968e-05 -0.0004748957433666983 -6.8179004050334164e-05 0.0004507517987749109 -7.8466477228199399e-05 0.00047695920370946016 0.0005225190313074055 -0.00035088290250449194 2.3526347476016322e-05
leaf_weight=102 108 106 100 108 140 418 161 131 101 1112 175 124 319 1111
leaf_count=102 108 106 100 108 140 418 161 131 101 1112 175 124 319 1111
internal_value=-2.02769e-05 -3.50592e-05 -1.94098e-05 0.000426239 -4.36931e-05 -2.40837e-05 -5.75211e-05 -3.48001e-05 -1.71692e-05 -4.80733e-05 0.000246239 0.000173154 -0.000140204 6.08341e-05
internal_weight=4316 4214 4108 208 3900 3760 3218 3057 2949 2643 306 542 1431 1212
internal_count=4316 4214 4108 208 3900 3760 3218 3057 2949 2643 306 542 1431 1212
is_linear=0
shrinkage=0.03


Tree=72
num_leaves=15
num_cat=0
split_feature=2 10 0 25 23 21 34 12 3 2 23 25 19 19
split_gain=0.0401787 0.0434134 0.0315759 0.0201905 0.0222908 0.0293087 0.0198456 0.0212664 0.0161841 0.02172 0.0215034 0.0168181 0.0298817 0.0235037
threshold=0.23859811163099173 5.2581834122266349 -0.073490077323241129 -0.0098410489770692482 0.0052302773526424007 -0.2604242495457762 -0.30562761301904878 0.030658906505102203 -0.13028075136800213 -0.092331773597637487 0.0031498283297387505 0.012927311171269502 1.5351980200000004 1.4212678700000001
decision_type=8 8 10 8 10 8 10 2 10 10 10 10 10 10
left_child=1 2 -1 6 5 -5 -4 -8 9 -7 11 13 -13 -10
right_child=-2 -3 3 4 -6 8 7 -9 10 -11 -12 12 -14 -15
leaf_value=0.00050436311415458994 0.00056996744336887579 -0.00059370221559121902 -6.1069859645795067e-05 -0.00045735232157167045 0.00032521347995594584 -0.00010455626107769358 0.00013566620684616107 0.00066887865790069456 6.6314297723271752e-05 0.0004366513624577939 -0.0004524545278093826 -0.00016697337085165679 0.00034575863168660932 -0.00012935956156200025
leaf_weight=107 106 106 195 145 146 118 194 101 837 144 109 166 252 1606
leaf_count=107 106 106 195 145 146 118 194 101 837 144 109 166 252 1606
internal_value=6.5506e-06 -8.23834e-06 7.52594e-06 -6.33254e-06 -3.14991e-05 -4.73791e-05 0.0001731 0.000326329 -2.83081e-05 0.000195508 -4.83475e-05 -3.21891e-05 0.000142571 -6.23209e-05
internal_weight=4332 4226 4120 4013 3523 3377 490 295 3232 262 2970 2861 418 2443
internal_count=4332 4226 4120 4013 3523 3377 490 295 3232 262 2970 2861 418 2443
is_linear=0
shrinkage=0.03


Tree=73
num_leaves=15
num_cat=0
split_feature=23 1 32 30 2 18 22 30 27 5 5 20 6 24
split_gain=0.0371685 0.0307709 0.0313217 0.0224949 0.0259814 0.0202171 0.0177454 0.0186743 0.0225552 0.0215594 0.0207502 0.039372 0.0181301 0.0176717
threshold=0.0081380908961487513 -0.12670079217475846 0.30534539820035894 0.55219563970726704 0.18674663150252277 0.88009387519727544 -0.0013155111475200499 0.16942360203324733 0.36718954704113388 0.72059589164451665 0.45781522747877629 0.89246575342465762 -0.58888111137512722 0.14726027397260275
decision_type=10 10 10 10 10 8 8 10 10 10 8 10 10 8
left_child=1 -1 3 4 5 6 -3 9 12 10 13 -12 -9 -8
right_child=-2 2 -4 -5 -6 -7 7 8 -10 -11 11 -13 -14 -15
leaf_value=0.00045421177985589584 0.00052221342814300444 0.00014546473686412851 -0.00053883959252354016 0.00039419007793431942 -0.00040182249395413988 0.00034750348614719117 -0.00030374123985915587 -0.00057193290626186485 0.00017343626126031656 0.0004028533196043489 0.00012019022072807628 -0.00060415885507322136 -0.00014944518104600539 1.7913303842142655e-05
leaf_weight=118 115 477 100 113 154 132 161 154 100 100 119 147 227 2074
leaf_count=118 115 477 100 113 154 132 161 154 100 100 119 147 227 2074
internal_value=1.65179e-06 -1.3291e-05 -2.74274e-05 -1.38429e-05 -2.63309e-05 -1.01418e-05 -2.38754e-05 -5.02773e-05 -0.000220983 -1.83455e-05 -3.59568e-05 -0.000283869 -0.000325411 -5.88361e-06
internal_weight=4291 4176 4058 3958 3845 3691 3559 3082 481 2601 2501 266 381 2235
internal_count=4291 4176 4058 3958 3845 3691 3559 3082 481 2601 2501 266 381 2235
is_linear=0
shrinkage=0.03


Tree=74
num_leaves=15
num_cat=0
split_feature=29 24 20 33 16 28 23 17 18 17 15 19 34 14
split_gain=0.0255823 0.022184 0.0219229 0.020963 0.0142426 0.0180592 0.0165374 0.0128766 0.0118057 0.0255062 0.0213101 0.0139362 0.014913 0.0120259
threshold=0.39169306394805786 0.91103500761035028 0.98642422753240366 -0.17265028829640877 -0.96353304667654271 0.028730140309783655 -0.00020316495114659997 -1.1022884483720083 0.34393178688601028 1.4027917499167015 1.442858065787179 2.7047989740775003 0.35826586157658974 0.69235505742355075
decision_type=10 10 10 10 10 10 10 8 10 10 10 10 10 10
left_child=1 2 4 -4 5 6 -1 -6 10 11 -9 12 13 -10
right_child=-2 -3 3 -5 7 -7 -8 8 9 -11 -12 -13 -14 -15
leaf_value=0.00019680579294474037 0.00045229901935722999 -0.00031625590604562604 0.00058611857236093399 3.1432382408161005e-05 0.00031551828559038829 -0.00050220079106723207 -0.00026266097315374586 4.1610653495677903e-05 -3.5786919020602816e-05 -0.00047237893559610132 0.00049938927046792295 0.00027187533507707951 -0.00033094493321919767 0.0001542114699637425
leaf_weight=129 110 187 109 134 119 105 144 578 1840 105 104 148 129 353
leaf_count=129 110 187 109 134 119 105 144 578 1840 105 104 148 129 353
internal_value=1.08768e-05 -1.25446e-06 1.38596e-05 0.000287043 -4.18208e-06 -0.000177563 -4.59155e-05 1.54647e-05 4.03492e-06 -2.53994e-05 0.000114545 -5.48237e-06 -2.37068e-05 -4.92227e-06
internal_weight=4294 4184 3997 243 3754 378 273 3376 3257 2575 682 2470 2322 2193
internal_count=4294 4184 3997 243 3754 378 273 3376 3257 2575 682 2470 2322 2193
is_linear=0
shrinkage=0.03


Tree=75
num_leaves=15
num_cat=0
split_feature=32 28 31 8 17 31 31 28 4 5 17 5 9 17
split_gain=0.0367675 0.0242949 0.0299453 0.0198811 0.0242733 0.0272848 0.0234011 0.0215596 0.0198269 0.03976 0.0185812 0.0166681 0.0237946 0.026195
threshold=0.2766576793157825 0.28363917126293631 -1.6114851869017726 0.54619731208666367 0.19685266523321501 -1.148706336277701 -0.92807225915628078 -0.0088616138977294975 -0.13540922706405986 1.0997778670389395 0.78631885487693276 0.56853549249020363 -0.04738132716724034 1.0697716425587036
decision_type=10 8 10 8 10 10 10 10 10 10 10 10 10 10
left_child=1 2 -1 4 5 -4 -7 -6 -5 11 -9 -10 -13 -14
right_child=-2 -3 3 8 7 6 -8 10 9 -11 -12 12 13 -15
leaf_value=0.00047172095040473827 -0.00047025440676561455 0.00033067725164968382 -0.00049632797818048851 0.00042982829576690814 -0.00065710908808427654 0.00041869131384671409 -4.0480933103771136e-05 -0.00033670151790054245 -5.3530940703779829e-06 -0.00051344797592425872 9.2249727244869011e-05 -3.1378134840475377e-05 0.00076814254350028924 9.4487960773836376e-05
leaf_weight=103 154 180 103 100 106 105 1082 239 1471 119 142 188 100 106
leaf_count=103 154 180 103 100 106 105 1082 239 1471 119 142 188 100 106
internal_value=-2.25616e-05 -5.37772e-06 -2.10349e-05 -3.47732e-05 -0.000108352 -3.98071e-05 1.72254e-06 -0.00028767 2.80758e-05 6.7966e-06 -0.000177706 4.12759e-05 0.000213251 0.000431958
internal_weight=4298 4144 3964 3861 1777 1290 1187 487 2084 1984 381 1865 394 206
internal_count=4298 4144 3964 3861 1777 1290 1187 487 2084 1984 381 1865 394 206
is_linear=0
shrinkage=0.03


Tree=76
num_leaves=15
num_cat=0
split_feature=23 3 18 5 17 10 23 10 0 34 10 16 16 8
split_gain=0.0641901 0.037955 0.0302173 0.0275804 0.0275356 0.0203847 0.0183473 0.0245356 0.0260791 0.0215249 0.0226476 0.0197198 0.0156615 0.0262175
threshold=0.0081380908961487513 0.33874582191921693 0.65380430366332887 0.54315796648986192 0.7478633538145536 0.65404507030287606 0.00059182296168945007 0.018076275727661004 -0.036670253883914587 0.50572177354015602 0.024581233962061303 -0.64137222622468915 -0.37133962596951359 -0.62384539090896407
decision_type=10 10 8 8 10 10 8 8 10 10 8 10 8 8
left_child=1 2 6 5 -5 12 7 -1 -9 10 -8 -12 -4 -14
right_child=-2 -3 3 4 -6 -7 9 8 -10 -11 11 -13 13 -15
leaf_value=-0.0004349981343349148 0.00070229113933778162 -0.00057101025082278111 0.00033355054057513674 0.00077093812502119867 7.4404686290238588e-05 -0.00033238470703575082 0.00029311099016789019 0.0004199776549527693 -1.2876832770165618e-05 -0.00055116170482031755 -0.00046950911015531494 -9.5674966438709055e-05 -0.00039283587723779918 0.00012645267190220064
leaf_weight=109 106 108 193 102 100 105 104 130 1735 110 153 669 105 423
leaf_count=109 106 108 193 102 100 105 104 130 1735 110 153 669 105 423
internal_value=-9.69623e-06 -2.87235e-05 -1.35313e-05 0.000126518 0.000436246 4.86047e-05 -6.14927e-05 -7.73042e-06 1.83376e-05 -0.000163402 -0.000114628 -0.000167675 0.000105996 2.04687e-05
internal_weight=4252 4146 4038 1028 202 826 3010 1974 1865 1036 926 822 721 528
internal_count=4252 4146 4038 1028 202 826 3010 1974 1865 1036 926 822 721 528
is_linear=0
shrinkage=0.03


Tree=77
num_leaves=15
num_cat=0
split_feature=3 1 1 3 17 3 5 20 19 33 36 7 19 17
split_gain=0.0381832 0.0278992 0.0229872 0.0233463 0.0183596 0.0217693 0.0407292 0.0152117 0.0138762 0.0167939 0.0190382 0.0148549 0.0202739 0.0199996
threshold=0.33874582191921693 -0.12072294306913559 -0.089771177427980839 -0.13318189682366735 1.6080546312863895 0.19973386063656681 0.44587651854581628 0.63219178082191785 2.2834371978596928 0.057061127846849656 0.11351380177956516 0.34402993737215376 1.7285306300000003 0.19685266523321501
decision_type=10 10 10 10 8 10 10 8 10 8 8 10 10 10
left_child=1 -1 -3 7 5 8 -7 -4 11 10 -10 12 13 -5
right_child=-2 2 3 4 -6 6 -8 -9 9 -11 -12 -13 -14 -15
leaf_value=0.0004019955613498146 -0.00051766493851118861 -0.0004407294224468974 9.7050638644989717e-05 5.8917544697215302e-05 -0.00029982607830987285 -0.00021229220908984691 0.0005190692934757251 0.00051465210946443512 -0.0002839430461286521 -0.00039397696416448234 0.00023982116805200347 7.8620505205934178e-05 -0.00025220146313107474 -0.00028197861401197094
leaf_weight=151 123 102 244 921 192 106 178 113 117 185 123 1199 375 181
leaf_count=151 123 102 244 921 192 106 178 113 117 185 123 1199 375 181
internal_value=-7.25868e-06 8.3349e-06 -6.87241e-06 4.92172e-06 -1.82881e-05 -1.90034e-06 0.000247146 0.000234515 -2.507e-05 -0.000183255 -1.60977e-05 3.4769e-07 -6.32435e-05 1.90571e-06
internal_weight=4310 4187 4036 3934 3577 3385 284 357 3101 425 240 2676 1477 1102
internal_count=4310 4187 4036 3934 3577 3385 284 357 3101 425 240 2676 1477 1102
is_linear=0
shrinkage=0.03


Tree=78
num_leaves=15
num_cat=0
split_feature=10 10 20 3 20 10 4 17 17 36 10 20 20 27
split_gain=0.0463447 0.0492116 0.013766 0.0185941 0.0197447 0.0275203 0.0192071 0.0159077 0.0134293 0.0130574 0.0219775 0.0219198 0.0340263 0.0274733
threshold=6.6247327876745317 2.4795330781313787 0.007534246575342401 -0.13028075136800213 0.58945946592077281 0.060606876680455453 -0.041827249972058743 0.19685266523321501 -0.38734802005564439 0.10133224804726985 0.60471011428095178 0.79077722083961366 0.92744485370194119 0.19373967546343718
decision_type=8 10 8 10 10 10 10 8 10 10 10 10 10 10
left_child=1 2 -1 4 5 -4 7 8 -5 10 -8 -12 -13 -14
right_child=-2 -3 3 6 -6 -7 9 -9 -10 -11 11 12 13 -15
leaf_value=-0.00027096718207617558 -0.00059602164312555278 0.00059068697234077039 0.00038223252632445465 -0.00016570418734822892 0.00052328178418917562 -0.00024901364849029052 6.4444631151504752e-05 -0.00037772722906983077 9.6849312616337108e-05 0.0002247728536017471 -0.00041603283211153082 0.00039587453439365118 -0.00056039764156785637 6.0191548732109373e-05
leaf_weight=150 106 129 116 431 122 123 1786 173 289 291 182 117 109 145
leaf_count=150 106 129 116 431 122 123 1786 173 289 291 182 117 109 145
internal_value=8.98764e-06 2.50892e-05 6.29352e-06 1.73359e-05 0.000220856 5.89196e-05 -3.80208e-06 -0.000123618 -6.0377e-05 3.7038e-05 1.32518e-05 -0.000151179 -1.74466e-05 -0.000211802
internal_weight=4269 4163 4034 3884 361 239 3523 893 720 2630 2339 553 371 254
internal_count=4269 4163 4034 3884 361 239 3523 893 720 2630 2339 553 371 254
is_linear=0
shrinkage=0.03


Tree=79
num_leaves=15
num_cat=0
split_feature=6 28 2 19 19 20 29 21 21 2 11 25 2 23
split_gain=0.0319056 0.0578623 0.022315 0.0260089 0.0284854 0.0195723 0.0276804 0.0403189 0.024077 0.0158761 0.0167536 0.0107963 0.00995004 0.0160375
threshold=2.8241738643337349 0.30188945367623271 0.10635270851776311 2.4811662754410002 1.7437174440393461 0.0061643835616438008 0.27832357927995383 -0.20235995269899393 -0.16827242824213107 0.089173237017037763 0.87579601453832856 -0.0042249065015476988 -0.075913835892359047 0.0017873806386666002
decision_type=8 10 10 10 8 8 10 8 8 10 10 8 10 10
left_child=1 2 5 4 -4 -1 7 -7 -9 10 12 -12 -10 -14
right_child=-2 -3 3 -5 -6 6 -8 8 9 -11 11 -13 13 -15
leaf_value=-0.00040385442456075297 -0.00050830050778745927 0.00069568672770129467 0.00031903026655848355 0.00045051396701369106 -0.00027150917170729369 -0.00047556641901300292 0.0003413215498242127 0.00041062769696030668 0.00011554685346467309 -0.00037770112804819605 -6.7335285160158986e-05 0.00030526655878091645 -3.6957597151729918e-05 -0.00028160085692646659
leaf_weight=121 106 102 131 188 155 178 173 109 303 111 101 212 2033 269
leaf_count=121 106 102 131 188 155 178 173 109 303 111 101 212 2033 269
internal_value=-6.29099e-06 7.01241e-06 -1.10172e-05 0.000181411 -1.83338e-07 -3.64994e-05 -2.31997e-05 -4.27025e-05 -1.74312e-05 -3.34864e-05 -1.97689e-05 0.000185866 -4.47854e-05 -6.60937e-05
internal_weight=4292 4186 4084 474 286 3610 3489 3316 3138 3029 2918 313 2605 2302
internal_count=4292 4186 4084 474 286 3610 3489 3316 3138 3029 2918 313 2605 2302
is_linear=0
shrinkage=0.03


Tree=80
num_leaves=15
num_cat=0
split_feature=18 28 2 30 16 29 17 24 24 36 22 12 32 28
split_gain=0.0447084 0.053837 0.0191508 0.025404 0.013804 0.0226803 0.0175466 0.0148683 0.0163611 0.0180404 0.0138521 0.0205812 0.0296214 0.018505
threshold=0.91759620507625772 0.30188945367623271 -0.13431993296385328 0.094553178339503913 -0.96353304667654271 0.018959987609821306 -1.0181805889696489 0.91438356164383572 0.80479452054794531 0.098700939498871113 -0.0014207350166530498 0.040815489018561607 0.12966260559032691 0.088778054776673415
decision_type=10 10 10 8 10 8 8 10 10 8 10 2 10 10
left_child=1 2 3 -1 5 -4 -6 8 10 -10 -8 13 -13 -12
right_child=-2 -3 4 -5 6 -7 7 -9 9 -11 11 12 -14 -15
leaf_value=-7.1862877030698347e-05 -0.0005375274698183472 0.00070352580695582192 7.1210520449488781e-05 0.00052563911175663655 0.00032241121317863212 -0.00039117529543212338 0.00014239730907944929 -0.00029831688618287445 -1.5038899162318558e-05 0.00049259123516094401 -2.5335020551902347e-05 -8.0386920887248373e-05 -0.00061983625389218919 0.00022741176193112318
leaf_weight=111 121 101 181 143 160 194 493 134 120 127 1486 477 109 311
leaf_count=111 121 101 181 143 160 194 493 134 120 127 1486 477 109 311
internal_value=1.92307e-05 3.61034e-05 1.85948e-05 0.00026818 1.54566e-06 -0.000169997 2.05925e-05 5.29423e-06 1.87774e-05 0.000250564 -1.52946e-06 -3.15411e-05 -0.000185123 1.89165e-05
internal_weight=4268 4147 4046 254 3792 375 3417 3257 3123 247 2876 2383 586 1797
internal_count=4268 4147 4046 254 3792 375 3417 3257 3123 247 2876 2383 586 1797
is_linear=0
shrinkage=0.03


Tree=81
num_leaves=15
num_cat=0
split_feature=20 16 19 10 8 10 28 20 16 32 4 17 0 2
split_gain=0.0443726 0.0513839 0.0270655 0.0247875 0.0194119 0.0201099 0.0157301 0.0162934 0.0158803 0.0284312 0.0151575 0.0161374 0.0226229 0.0173472
threshold=0.99859252514054953 1.4704934804039487 3.0674050800000008 1.5077965506498741 2.2238479742405688 0.93989451604522112 0.10411774571064476 0.007534246575342401 -0.76162118632827991 -0.0031773919026533495 -0.11451665123883424 0.64659701821465843 0.012035421204294803 -0.024048097713090997
decision_type=10 10 10 8 10 10 10 8 8 10 10 8 10 10
left_child=1 2 3 4 5 6 7 -1 9 -9 11 12 13 -10
right_child=-2 -3 -4 -5 -6 -7 -8 8 10 -11 -12 -13 -14 -15
leaf_value=-0.00037481918947048865 -0.00057661885558040577 0.00056182851926993803 -0.00044551414958879181 0.00033986243838351961 0.00021566374607167197 -0.00037833743239351511 0.00015155248063870709 -0.00039928645695221435 0.00057011780600624859 8.546673943998835e-05 -3.7789322864786861e-05 -0.00018767294122173754 -0.0001352057974042104 0.00012601734662543511
leaf_weight=122 114 142 119 184 304 140 427 249 158 188 1801 103 114 161
leaf_count=122 114 142 119 184 304 140 427 249 158 188 1801 103 114 161
internal_value=-5.32673e-06 1.08009e-05 -9.08987e-06 4.60124e-06 -1.22035e-05 -3.24889e-05 -1.73716e-05 -4.24968e-05 -2.72333e-05 -0.000192135 3.94637e-06 0.000143235 0.000223193 0.000351383
internal_weight=4326 4212 4070 3951 3767 3463 3323 2896 2774 437 2337 536 433 319
internal_count=4326 4212 4070 3951 3767 3463 3323 2896 2774 437 2337 536 433 319
is_linear=0
shrinkage=0.03


Tree=82
num_leaves=15
num_cat=0
split_feature=20 17 24 3 20 6 8 5 11 24 19 13 12 4
split_gain=0.0426093 0.0388552 0.0211696 0.0210942 0.0345452 0.0244341 0.02313 0.0168859 0.0471115 0.0250756 0.0243494 0.0171321 0.0132041 0.0126772
threshold=0.99859252514054953 1.5051441725813171 0.89794520547945222 -0.13318189682366735 0.6822908589644181 -1.4895891688974379 -0.53383084110138934 0.54315796648986192 0.75000000000000033 0.47465753424657536 2.3192793381620005 0.77811702512296799 0.057824557892113111 -0.19594675657894112
decision_type=10 10 10 10 8 10 10 10 10 10 10 10 2 10
left_child=1 2 3 4 6 -5 -1 10 9 -9 12 -10 13 -7
right_child=-2 -3 -4 5 -6 7 -8 8 11 -11 -12 -13 -14 -15
leaf_value=0.00024784515354240281 -0.00056589024447786958 0.00044943044699259009 -0.00031191299487229275 -0.00034002060879735857 0.00065008801941458089 0.00029735376701122432 -0.00027380431075148558 0.000187352263814714 0.0007736366582159664 -0.00045179196315704381 -0.00032310643021023867 0.00021518360050219409 -0.00026181905608163954 1.0013353268853556e-05
leaf_weight=195 109 178 179 183 114 142 119 110 103 102 208 101 146 2313
leaf_count=195 109 178 179 183 114 142 119 110 103 102 208 101 146 2313
internal_value=6.39141e-06 2.19246e-05 2.4362e-06 1.74917e-05 0.000214729 -7.55707e-06 4.8957e-05 1.18054e-05 0.000188993 -0.000123485 -1.47244e-05 0.00050891 1.05093e-05 2.7204e-05
internal_weight=4302 4193 4015 3836 428 3408 314 3225 416 212 2809 204 2601 2455
internal_count=4302 4193 4015 3836 428 3408 314 3225 416 212 2809 204 2601 2455
is_linear=0
shrinkage=0.03


Tree=83
num_leaves=15
num_cat=0
split_feature=16 30 25 29 17 21 24 36 6 18 25 4 0 18
split_gain=0.0556926 0.0517821 0.0222435 0.0250355 0.0253 0.0141095 0.0134996 0.0188989 0.033029 0.0248659 0.0230655 0.0208997 0.0193328 0.0178982
threshold=1.8693514480900688 0.55219563970726704 -0.0098410489770692482 -0.43082462167801422 1.5051441725813171 -0.2604242495457762 0.11937164979154256 0.0084068378692004515 -1.4398278579823462 0.65709131087457451 0.0069891284057717008 0.17134601939250274 -0.033463457168740891 0.24376756687880058
decision_type=8 10 8 8 10 8 8 10 10 10 10 10 10 10
left_child=1 2 -1 -4 5 -5 -7 12 -9 10 11 -10 -8 -14
right_child=-2 -3 3 4 -6 6 7 8 9 -11 -12 -13 13 -15
leaf_value=0.0001673287329965665 -0.00054958455856831279 0.00060569469208366776 -0.00050409548723005814 -0.00031451930383746211 0.00037368297435188484 -0.00030220485798626784 -0.00039658277276173051 0.00054991817112195194 -8.0629228300802732e-05 0.00025979169011560783 -0.0004546692217571929 0.00035045598126598633 -0.00034257858631420223 -1.8145079989188897e-05
leaf_weight=488 170 117 100 167 127 157 154 113 527 279 113 120 165 1541
leaf_count=488 170 117 100 167 127 157 154 113 527 279 113 120 165 1541
internal_value=-2.52965e-05 -3.27951e-06 -2.15927e-05 -4.76663e-05 -3.37783e-05 -4.98262e-05 -3.54039e-05 -2.10192e-05 7.42718e-05 2.01553e-05 -6.89395e-05 1.39915e-06 -8.0079e-05 -5.04329e-05
internal_weight=4338 4168 4051 3563 3463 3336 3169 3012 1152 1039 760 647 1860 1706
internal_count=4338 4168 4051 3563 3463 3336 3169 3012 1152 1039 760 647 1860 1706
is_linear=0
shrinkage=0.03


Tree=84
num_leaves=15
num_cat=0
split_feature=12 23 25 4 8 5 9 35 31 35 31 35 33 18
split_gain=0.0453859 0.0287447 0.0233232 0.0372514 0.0310978 0.022766 0.0176401 0.0160027 0.0162671 0.0409747 0.0196395 0.0283185 0.015034 0.0161041
threshold=0.12378171500117441 0.0043598576609853012 -0.0098410489770692482 0.37819989558045736 2.0951114293446769 0.56853549249020363 -0.034918500376917593 0.046670228514038563 -1.2176273860305764 -0.0023255825000784995 -0.73405636782729211 0.012238642098639651 0.23922884938439057 0.5807802257778335
decision_type=2 10 10 10 8 10 8 10 10 10 10 8 8 8
left_child=1 2 4 5 12 7 -3 8 9 -4 11 -10 13 -1
right_child=-2 6 3 -5 -6 -7 -8 -9 10 -11 -12 -13 -14 -15
leaf_value=0.00037373664879248664 -0.00058558275112042537 9.6793956916229164e-05 -0.00071164896001573656 -0.00048831127622873862 0.00058364671399028676 0.00025322534540958444 0.00060923970737245068 -0.00041091684730109023 3.9044808621182423e-06 0.0001057616531957252 -5.1258684178545256e-05 0.00052069328699147781 -0.00016087460071360449 -0.00010278154473372889
leaf_weight=158 117 148 100 160 117 238 100 101 300 114 2186 135 186 102
leaf_count=158 117 148 100 160 117 238 100 101 300 114 2186 135 186 102
internal_value=-1.52834e-05 1.50043e-06 -1.85938e-05 -4.88027e-05 0.000159154 -2.59141e-05 0.000311382 -4.89339e-05 -3.53371e-05 -0.000283733 -1.45544e-05 0.000168382 4.25596e-05 0.000188383
internal_weight=4262 4145 3897 3334 563 3174 248 2936 2835 214 2621 435 446 260
internal_count=4262 4145 3897 3334 563 3174 248 2936 2835 214 2621 435 446 260
is_linear=0
shrinkage=0.03


Tree=85
num_leaves=15
num_cat=0
split_feature=10 10 31 28 29 19 33 4 36 25 24 10 19 31
split_gain=0.0392007 0.0539191 0.0250318 0.0198835 0.0220286 0.0165756 0.0324505 0.0233912 0.0149565 0.0240282 0.0199056 0.0233903 0.0225789 0.0218123
threshold=5.2581834122266349 2.2766353318591634 -1.6531656844507732 -0.086246155565339239 -0.10046048830327159 2.7047989740775003 0.013272117103558903 0.32266095029565384 1.0000000180025095e-35 0.0058324932143751507 0.76232876712328779 0.37707920246750376 2.3955813189870003 -0.59663027301309846
decision_type=8 10 10 10 10 10 8 10 8 10 10 10 10 10
left_child=1 2 -1 4 -4 7 -7 8 9 -5 12 -12 13 -10
right_child=-2 -3 3 5 -6 6 -8 -9 10 -11 11 -13 -14 -15
leaf_value=0.00037139533662170924 -0.00050899769554315656 0.00065680292597765811 -2.8465419071850549e-06 -3.8412416588404998e-05 -0.00041328282534056505 -0.00014318620856653577 0.00051467742910759836 -0.0003545876771386247 0.00021626120858145818 -0.00054431502587623266 6.0684164743834301e-05 0.00061652645459010574 -0.0003842802555068658 -2.3422559952043036e-05
leaf_weight=146 130 108 239 406 227 117 149 169 426 102 188 103 123 1646
leaf_count=146 130 108 239 406 227 117 149 169 426 102 188 103 123 1646
internal_value=-5.9011e-06 1.0456e-05 -7.60859e-06 -2.22731e-05 -0.000205045 2.82793e-06 0.000228013 -1.64396e-05 3.20699e-06 -0.000144306 3.35797e-05 0.000264517 2.43185e-06 2.6258e-05
internal_weight=4279 4149 4041 3895 466 3429 266 3163 2994 508 2486 291 2195 2072
internal_count=4279 4149 4041 3895 466 3429 266 3163 2994 508 2486 291 2195 2072
is_linear=0
shrinkage=0.03


Tree=86
num_leaves=15
num_cat=0
split_feature=20 16 5 20 20 4 10 27 21 4 32 31 36 9
split_gain=0.0533829 0.0712049 0.0319844 0.0221549 0.016534 0.0288457 0.0161616 0.0199097 0.0225582 0.0150309 0.0158627 0.0179954 0.0149166 0.0132268
threshold=0.99859252514054953 1.4704934804039487 -0.66493648830678975 0.010273972602739701 0.98789737415807133 0.36613164565803763 1.4722092852306732 0.73283615353947051 -0.20653899775861878 -0.17589470614893368 0.0057660633411397511 -0.60679725106653748 0.098700939498871113 -0.2561434540124114
decision_type=10 10 10 8 10 10 10 8 10 10 10 10 10 10
left_child=1 2 -1 -4 5 6 7 8 -5 -10 11 -11 -12 -13
right_child=-2 -3 3 4 -6 -7 -8 -9 9 10 12 13 -14 -15
leaf_value=0.00048341761174128803 -0.000609811283905471 0.00069314085916768564 -0.00036111009026782299 -0.00035211382036435916 0.00037291517628787447 -0.00041636528717719286 0.00034063703018957813 0.00022966272837167702 0.00028990232407777745 6.2248945017630343e-05 2.6138450924697805e-05 -0.00048656067034901044 0.0003914799930822078 -0.0001274834145941241
leaf_weight=123 112 140 141 164 108 136 132 326 152 436 1480 103 103 693
leaf_count=123 112 140 141 164 108 136 132 326 152 436 1480 103 103 693
internal_value=2.23824e-05 3.97928e-05 1.66493e-05 1.61301e-06 1.54091e-05 4.55786e-06 2.10652e-05 8.38852e-06 -1.498e-05 4.21599e-06 -1.16967e-05 -9.22233e-05 5.10677e-05 -0.000176694
internal_weight=4349 4237 4097 3974 3833 3725 3589 3457 3131 2967 2815 1232 1583 796
internal_count=4349 4237 4097 3974 3833 3725 3589 3457 3131 2967 2815 1232 1583 796
is_linear=0
shrinkage=0.03


Tree=87
num_leaves=15
num_cat=0
split_feature=14 12 20 31 15 4 5 34 20 29 18 22 4 16
split_gain=0.0299616 0.0362633 0.0305954 0.0363084 0.0237527 0.0244667 0.0231691 0.0260695 0.0142201 0.0172243 0.0167813 0.0165297 0.0182321 0.0145559
threshold=0.96917808219178092 0.10462954964121327 0.98789737415807133 0.78208001916042347 1.9278156494415608 0.36613164565803763 0.55580618040688801 0.76067376155022948 0.007534246575342401 0.082632843504354417 0.35666529502903083 -0.00095687697510379985 -0.052987495766009092 -0.4743656556887072
decision_type=10 2 10 10 8 10 10 8 8 8 8 8 8 10
left_child=1 2 4 -4 5 6 8 -8 -1 -10 13 -12 -13 -11
right_child=-2 -3 3 -5 -6 -7 7 -9 9 10 11 12 -14 -15
leaf_value=-0.0003619305590176186 0.00049444453052465657 -0.00051695922456466655 0.00070669434689124653 -5.7638349015892385e-05 0.00041957937967802942 -0.00040256441577607611 0.00043867380819198593 -0.00011700923729703322 -5.9463496091987168e-05 2.0381395465002058e-05 0.00029413573868887396 -0.00017541997408553308 0.00018925042161387578 0.00046989137580345498
leaf_weight=104 109 113 117 102 111 137 206 116 2224 108 145 384 176 159
leaf_count=104 109 113 117 102 111 137 206 116 2224 108 145 384 176 159
internal_value=1.45577e-05 1.53658e-06 1.64791e-05 0.000357363 -3.24744e-06 -1.62739e-05 -1.1279e-06 0.000239762 -2.496e-05 -1.34466e-05 9.16086e-05 1.42765e-05 -6.01487e-05 0.000291784
internal_weight=4311 4202 4089 219 3870 3759 3622 322 3300 3196 972 705 560 267
internal_count=4311 4202 4089 219 3870 3759 3622 322 3300 3196 972 705 560 267
is_linear=0
shrinkage=0.03


Tree=88
num_leaves=15
num_cat=0
split_feature=7 30 21 16 20 31 21 3 25 12 18 31 34 25
split_gain=0.0395473 0.0247362 0.0372989 0.0270369 0.026399 0.0157786 0.0146421 0.0156219 0.0194037 0.0180122 0.015029 0.0200862 0.0201635 0.0148264
threshold=3.7084041598845636 0.53279163046441635 0.44653360857246699 1.2344440565446539 0.0061643835616438008 -1.4847205940933352 -0.2604242495457762 -0.13318189682366735 0.0016472878318181503 0.070483988329836517 0.63533459820702853 0.13657519851089059 0.01843698834037415 -0.0093337332919129993
decision_type=8 10 8 10 8 10 10 10 10 2 10 10 8 10
left_child=1 2 3 4 -1 -6 -7 8 -8 10 13 -12 -13 -9
right_child=-2 -3 -4 -5 5 6 7 9 -10 -11 11 12 -14 -15
leaf_value=-0.00047401743729539014 -0.00057880364057507554 0.00039951787789403975 -0.00046970116609196743 0.00033348621989101905 0.00032436872230699428 -0.00035127041888158967 -7.2534821853108809e-05 0.00015352239502889069 0.00044801037611103163 -0.00038809995588583304 -4.0322316235632249e-05 5.1862445143342484e-06 0.00040789079008432625 -8.0937924581213079e-05
leaf_weight=104 104 130 150 208 125 106 112 275 143 110 484 195 258 1832
leaf_count=104 104 130 150 208 125 106 112 275 143 110 484 195 258 1832
internal_value=-1.45891e-05 -5.69983e-08 -1.31912e-05 4.70742e-06 -1.39785e-05 -2.02304e-07 -1.2189e-05 -1.14655e-06 0.000222381 -1.9542e-05 -5.60898e-06 9.40498e-05 0.00023649 -5.00458e-05
internal_weight=4336 4232 4102 3952 3744 3640 3515 3409 255 3154 3044 937 453 2107
internal_count=4336 4232 4102 3952 3744 3640 3515 3409 255 3154 3044 937 453 2107
is_linear=0
shrinkage=0.03


Tree=89
num_leaves=15
num_cat=0
split_feature=1 28 28 10 8 28 13 33 32 19 14 35 30 23
split_gain=0.0505469 0.0325407 0.0264839 0.0211304 0.0232511 0.0184844 0.0224298 0.0182739 0.0207853 0.0177957 0.0159391 0.0123298 0.0133024 0.0231177
threshold=0.12097733987458441 0.24385150355416219 -0.22453882682282511 1.7552421326778198 2.267034928817099 -0.097598914967522682 1.008880425083962 0.061599744344281608 0.049055780899895006 0.81568929500000009 0.41275120990894926 0.047421809716428606 0.011489145455010752 0.00029609104556815006
decision_type=10 10 8 10 10 8 10 8 10 8 10 10 8 10
left_child=1 2 -1 4 5 6 10 8 -6 -7 -4 12 13 -11
right_child=-2 -3 3 -5 7 9 -8 -9 -10 11 -12 -13 -14 -15
leaf_value=0.0004545522791502828 -0.00053045352807705784 0.00045439893230593499 -0.00015793651117033928 -0.00037801990697149216 0.00028631950992812386 0.00034116682227550621 0.00010624006060375408 0.00049673605196269761 -0.00025902974433439705 -1.4148110511778071e-05 -0.00068924617627635595 -0.00031680547699251604 2.7991906714239213e-05 -0.00039697793332434784
leaf_weight=105 156 139 106 136 148 122 105 131 102 503 100 117 2159 193
leaf_count=105 156 139 106 136 148 122 105 131 102 503 100 117 2159 193
internal_value=-8.86866e-06 1.12751e-05 -4.56476e-06 -1.74194e-05 -3.98445e-06 -2.89595e-05 -0.000247517 0.000216702 6.31008e-05 -6.6268e-06 -0.000426075 -2.14527e-05 -8.81622e-06 -0.000122381
internal_weight=4322 4166 4027 3922 3786 3405 311 381 250 3094 206 2972 2855 696
internal_count=4322 4166 4027 3922 3786 3405 311 381 250 3094 206 2972 2855 696
is_linear=0
shrinkage=0.03


Tree=90
num_leaves=15
num_cat=0
split_feature=20 4 33 20 16 1 24 10 8 27 31 21 6 9
split_gain=0.0323819 0.0548563 0.0450031 0.0230946 0.0272722 0.0348289 0.01767 0.0184217 0.0178836 0.0177274 0.0160662 0.0235644 0.0182163 0.0225613
threshold=0.97446789194423711 0.36613164565803763 inf 0.007534246575342401 0.346192950773967 -0.050145274969299998 0.77465753424657546 0.96106502865368992 -0.096359220283284377 0.39665261716335248 -1.6531656844507732 -0.20653899775861878 -1.7848516529663969 -0.36380622307884525
decision_type=10 10 8 8 8 10 10 8 10 8 10 10 10 10
left_child=1 3 -2 -1 10 -6 7 8 9 -7 -5 -12 -13 -14
right_child=2 -3 -4 4 5 6 -8 -9 -10 -11 11 12 13 -15
leaf_value=-0.00037401954761483294 6.0885709580342865e-05 -0.00058200753371413197 0.00076597486720665501 0.00031709281190585797 0.00051899926826980852 0.00010704532077553023 0.00036946196547219657 -0.00029440244942949842 0.00018788085274783106 -0.00042395112528641405 -0.00040832775803107134 0.00030640747941654755 -0.00036736120654348915 -2.1199521173226898e-05
leaf_weight=137 289 146 109 104 177 118 140 142 434 101 154 131 181 1914
leaf_count=137 289 146 109 104 177 118 140 142 434 101 154 131 181 1914
internal_value=5.13478e-06 -2.14301e-05 0.000261096 1.24364e-06 1.60398e-05 0.000139176 6.4896e-05 9.28786e-06 7.7063e-05 -0.00014184 -3.9253e-05 -5.54565e-05 -3.01836e-05 -5.191e-05
internal_weight=4277 3879 398 3733 3596 1112 935 795 653 219 2484 2380 2226 2095
internal_count=4277 3879 398 3733 3596 1112 935 795 653 219 2484 2380 2226 2095
is_linear=0
shrinkage=0.03


Tree=91
num_leaves=15
num_cat=0
split_feature=32 8 2 17 35 11 0 10 6 36 25 2 11 7
split_gain=0.0310819 0.0284416 0.0225917 0.0219241 0.0255285 0.0184698 0.0183731 0.0150999 0.0157871 0.0145495 0.0465965 0.023178 0.022163 0.0159086
threshold=0.2766576793157825 4.0705657078299291 0.18020562740635498 1.434712377202656 0.049376867645641608 0.88393509235148027 0.046071376639883706 0.89439467827992758 0.12585697342118307 0.070807524231510863 0.008240378273474052 -0.072561866143963746 0.21060173887100483 -1.2085616319945103
decision_type=10 8 10 10 10 10 10 10 10 8 10 10 10 10
left_child=1 2 3 4 5 6 7 9 -9 10 -1 13 -13 -11
right_child=-2 -3 -4 -5 -6 -7 -8 8 -10 11 -12 12 -14 -15
leaf_value=1.0132245935038411e-05 -0.00040631003518639064 0.00039247110673851812 -0.00035782364011680186 0.00035879328528355036 -0.00039652707430998902 0.0001882242970620838 -0.00039030570120043449 -0.00045700388634854571 -1.1279706908553316e-05 0.00062514134428249591 -0.00059896273722481578 -0.00037631619511271957 8.2353892435859034e-05 0.00010856197013968734
leaf_weight=1277 159 167 149 153 137 468 107 121 166 108 119 100 976 107
leaf_count=1277 159 167 149 153 137 468 107 121 166 108 119 100 976 107
internal_value=-1.21639e-06 1.47551e-05 -1.53363e-06 1.27422e-05 -2.0884e-06 1.36743e-05 -1.31016e-05 1.10195e-06 -0.000203806 2.33262e-05 -4.37415e-05 9.57376e-05 3.81831e-05 0.000376363
internal_weight=4314 4155 3988 3839 3686 3549 3081 2974 287 2687 1396 1291 1076 215
internal_count=4314 4155 3988 3839 3686 3549 3081 2974 287 2687 1396 1291 1076 215
is_linear=0
shrinkage=0.03


Tree=92
num_leaves=15
num_cat=0
split_feature=3 12 7 24 25 29 10 14 6 17 18 29 10 32
split_gain=0.0384065 0.0971214 0.0353419 0.0377875 0.0208386 0.0306642 0.020542 0.0161961 0.0349618 0.0270027 0.0106168 0.0172275 0.0363769 0.0151827
threshold=-0.13028075136800213 0.10462954964121327 -2.1021285329913133 0.68793361198401326 -0.0090632167910263493 -0.17755115255291279 0.018076275727661004 0.75667644098209996 1.9125300758486528 0.80959157780196145 0.67797237459257798 -0.17455752681855483 0.42162359517579823 0.032784121896901809
decision_type=10 2 8 8 8 10 10 8 10 8 10 10 10 10
left_child=2 4 -1 -4 5 -2 -6 10 9 -9 -8 -12 13 -13
right_child=1 -3 3 -5 6 -7 7 8 -10 -11 11 12 -14 -15
leaf_value=-0.00019956749074089412 0.00058431382747725223 -0.00094523613318701146 0.00016476219739905155 0.00080435358615126463 -0.00044404379800988336 3.108853866807269e-05 -3.9434949857319707e-05 -0.00010122175068464721 0.00025527625284242086 -0.00061168916599468924 -0.0001477641871472745 -0.0001694185452542041 0.00057053094777914409 0.0002324102154083308
leaf_weight=125 112 100 259 120 109 396 1881 212 117 165 180 180 151 151
leaf_count=125 112 100 259 120 109 396 1881 212 117 165 180 180 151 151
internal_value=-1.25604e-05 -4.56617e-05 0.000232019 0.000375108 -1.97848e-05 0.000157566 -4.86271e-05 -3.37288e-05 -0.000189997 -0.000329718 -3.05899e-06 9.98201e-05 0.000192847 1.46237e-05
internal_weight=4258 3754 504 379 3654 508 3146 3037 494 377 2543 662 482 331
internal_count=4258 3754 504 379 3654 508 3146 3037 494 377 2543 662 482 331
is_linear=0
shrinkage=0.03


Tree=93
num_leaves=15
num_cat=0
split_feature=7 4 4 17 4 24 27 10 24 14 15 32 33 27
split_gain=0.0280178 0.0618308 0.0306 0.0200568 0.0123699 0.0142363 0.0209827 0.0166653 0.010864 0.0161803 0.013377 0.0172328 0.0141572 0.0126254
threshold=3.7084041598845636 0.46806133267896538 0.36613164565803763 1.4780325166893922 -0.35421054784006595 0.92808219178082207 0.75854836414226234 0.21946524063985337 0.77054794520547953 0.64933285892190018 1.3098614469224388 0.060983365982700356 0.16895578860696311 0.26479555339181954
decision_type=8 10 10 10 10 10 10 10 10 8 10 10 10 10
left_child=1 2 3 4 -1 6 8 -8 10 -10 12 -12 13 -6
right_child=-2 -3 -4 -5 5 -7 7 -9 9 -11 11 -13 -14 -15
leaf_value=0.00028682905653840861 -0.00048551624729085898 0.00056481375501454367 -0.0004410005050738471 0.00040356817241827739 -4.0111369885835505e-05 -0.00035422505148165174 2.1226560238574167e-05 0.00054494161489882181 -4.3667301105686643e-05 0.00041353418841393578 -6.7775672101282703e-05 -0.00053564706823751545 -0.000364341934227328 0.00014125415139462199
leaf_weight=115 102 166 143 102 2249 108 115 100 166 114 204 105 102 403
leaf_count=115 102 166 143 102 2249 108 115 100 166 114 204 105 102 403
internal_value=-6.14143e-06 6.08726e-06 -1.76222e-05 -1.48324e-06 -1.29289e-05 -2.27099e-05 -1.21641e-05 0.000271664 -3.07965e-05 0.000146468 -4.72132e-05 -0.000232759 -2.60108e-05 -1.2337e-05
internal_weight=4294 4192 4026 3883 3781 3666 3558 215 3343 280 3063 309 2754 2652
internal_count=4294 4192 4026 3883 3781 3666 3558 215 3343 280 3063 309 2754 2652
is_linear=0
shrinkage=0.03


Tree=94
num_leaves=15
num_cat=0
split_feature=32 10 9 35 26 36 31 18 18 22 7 27 13 24
split_gain=0.0347089 0.021486 0.0895328 0.0190495 0.0139788 0.0133466 0.0151868 0.0148942 0.0308395 0.0270123 0.018438 0.0148 0.0202262 0.0163986
threshold=0.2766576793157825 1.5077965506498741 -0.03549861935881659 0.032076273090951353 -0.0013396892813762498 0.11351380177956516 -0.73405636782729211 0.17225477596072505 0.34393178688601028 -0.00042839182834064995 3.1474310801068976 0.6380180719977514 1.2019130498345743 0.51301369863013713
decision_type=10 10 10 10 10 10 8 8 10 8 8 8 10 10
left_child=1 3 -3 5 -5 6 -1 -8 9 -9 11 12 -10 -14
right_child=-2 2 -4 4 -6 -7 7 8 10 -11 -12 -13 13 -15
leaf_value=0.00012295427250235203 -0.00045041912382622084 -0.00020625395222037023 0.00091415236169788323 -0.0005013700812784511 -5.5921033688079929e-05 0.00031071076003115651 -0.00035829497878401239 -0.00022230676862478656 -4.2519273565606865e-05 0.00032081240213037454 -0.00045326926165060804 0.00012565256742514091 -7.2875419616918533e-05 -0.0005875672650017805
leaf_weight=702 148 147 107 111 143 123 116 102 1502 367 100 369 107 115
leaf_count=702 148 147 107 111 143 123 116 102 1502 367 100 369 107 115
internal_value=-6.74471e-06 9.75576e-06 0.000274264 -7.9958e-06 -0.000256507 9.85462e-06 -1.20962e-06 -3.27503e-05 -1.79192e-05 0.000201594 -6.52165e-05 -4.56399e-05 -8.25602e-05 -0.000346564
internal_weight=4259 4111 254 3857 254 3603 3480 2778 2662 469 2193 2093 1724 222
internal_count=4259 4111 254 3857 254 3603 3480 2778 2662 469 2193 2093 1724 222
is_linear=0
shrinkage=0.03


Tree=95
num_leaves=15
num_cat=0
split_feature=20 17 5 20 13 31 31 11 24 16 33 0 31 9
split_gain=0.0484128 0.0646154 0.0324305 0.0372229 0.0159504 0.0177572 0.022106 0.0265035 0.0143849 0.0101403 0.0150044 0.0155745 0.0169852 0.0145452
threshold=0.99859252514054953 1.5051441725813171 -0.61274409252709006 0.007534246575342401 1.7613204552298563 -1.74238294027583 -1.1705003152685611 0.42889414802065412 0.92808219178082207 0.165721661937172 -0.081672369750102183 -0.026120345758638447 -0.25693083197555794 -0.38126514600326833
decision_type=10 10 10 8 10 10 10 10 8 10 8 10 10 10
left_child=1 2 -1 -4 5 -5 7 -7 9 10 -8 12 -12 -13
right_child=-2 -3 3 4 -6 6 8 -9 -10 -11 11 13 -14 -15
leaf_value=0.00041151195300064751 -0.00057872252386537517 0.0005717247005046491 -0.00055443299234230728 0.00036133764878802654 0.0003627761399173843 -0.00064085132789890899 0.0002474838564469888 -3.3249656557108553e-05 -0.00027633224691781812 8.1966319766845172e-05 0.00044091009106523416 -0.00039830133907555132 -8.798967378316533e-05 -6.058184546557256e-05
leaf_weight=160 118 181 108 106 100 106 156 156 159 1159 107 120 104 1450
leaf_count=160 118 181 108 106 100 106 156 156 159 1159 107 120 104 1450
internal_value=7.8954e-06 2.51601e-05 -3.12103e-07 -1.80257e-05 -1.74241e-06 -1.22897e-05 -2.40476e-05 -0.000286471 -2.51779e-06 1.19673e-05 -3.00197e-05 -5.49514e-05 0.000184218 -8.75773e-05
internal_weight=4290 4172 3991 3831 3723 3623 3517 262 3255 3096 1937 1781 211 1570
internal_count=4290 4172 3991 3831 3723 3623 3517 262 3255 3096 1937 1781 211 1570
is_linear=0
shrinkage=0.03


Tree=96
num_leaves=15
num_cat=0
split_feature=3 31 31 3 10 6 36 16 27 2 3 18 10 36
split_gain=0.0446271 0.0293232 0.0267113 0.0263571 0.083011 0.0316848 0.053683 0.0277678 0.01792 0.0201161 0.0144327 0.0291575 0.0199652 0.0117812
threshold=0.33874582191921693 -1.4847205940933352 -1.1705003152685611 -0.17575009757804541 0.21461493536054752 -1.4895891688974379 -0.0089445956512596483 1.4453580603491101 0.77361460311493258 -0.077792960648954787 0.19973386063656681 0.74097575982337827 1.3810582054278917 0.11351380177956516
decision_type=10 8 8 10 8 10 10 10 10 10 10 10 8 8
left_child=1 -1 -3 4 -4 6 -5 8 9 -7 12 -12 13 -11
right_child=-2 2 3 5 -6 7 -8 -9 -10 10 11 -13 -14 -15
leaf_value=0.00051503261528957072 -0.00056926198300714481 -0.00033075040377186196 -0.00010312381629300298 -0.00073582452373309275 0.00097443888978367404 0.00037101599441312653 0.00012564382793667071 -0.00044108558889193876 0.000321614986535111 -5.1071652740085385e-05 0.00055857690837717098 -0.00011541909779940136 -0.0003597909555197727 7.7320618284763528e-05
leaf_weight=102 112 190 164 127 100 143 126 103 197 1307 117 107 132 1257
leaf_count=102 112 190 164 127 100 143 126 103 197 1307 117 107 132 1257
internal_value=8.61908e-06 2.47955e-05 1.18926e-05 2.90756e-05 0.000315569 7.75215e-06 -0.000312672 3.22862e-05 4.7895e-05 2.9795e-05 1.24789e-05 0.000241133 -6.9303e-06 1.19006e-05
internal_weight=4284 4172 4070 3880 264 3616 253 3363 3260 3063 2920 224 2696 2564
internal_count=4284 4172 4070 3880 264 3616 253 3363 3260 3063 2920 224 2696 2564
is_linear=0
shrinkage=0.03


Tree=97
num_leaves=15
num_cat=0
split_feature=14 24 31 16 2 1 32 16 11 14 10 21 21 10
split_gain=0.029995 0.0212217 0.0187603 0.0181635 0.0171099 0.0160145 0.0338488 0.0191672 0.0244999 0.0162414 0.0160424 0.0209304 0.0182816 0.016517
threshold=0.96917808219178092 0.87739726027397269 0.4394428314693502 1.3094798657673958 0.18020562740635498 0.068308953205063319 0.029099884662347354 -0.76162118632827991 0.21060173887100483 0.34441780821917806 0.049434054617132954 -0.19768257314782212 -0.17663630536955285 1.0974235288744951
decision_type=10 10 10 10 10 8 10 10 10 8 10 8 8 10
left_child=1 3 -3 4 5 7 -7 8 -1 -10 12 -12 -9 -13
right_child=-2 2 -4 -5 -6 6 -8 10 9 -11 11 13 -14 -15
leaf_value=-0.0005372613852651899 0.00051816207704772938 1.0437994574350605e-05 -0.0005123842167176917 0.00033256027796814598 -0.00035588978970984252 0.00049475087789758814 -0.00015936879620130639 0.00054767855040803882 7.9121527019074042e-05 -0.00030173097075164026 -0.00030934040588052831 1.3236492948075576e-05 6.3890346745293665e-05 0.00032201797097091648
leaf_weight=114 102 119 123 162 105 174 115 107 291 148 165 2174 193 163
leaf_count=114 102 119 123 162 105 174 115 107 291 148 165 2174 193 163
internal_value=2.22167e-05 9.42755e-06 -0.000260287 2.64276e-05 1.27739e-05 2.38698e-05 0.000236177 5.25738e-06 -0.000155339 -5.12272e-05 3.71727e-05 1.21075e-05 0.000242591 3.54147e-05
internal_weight=4255 4153 242 3911 3749 3644 289 3355 553 439 2802 2502 300 2337
internal_count=4255 4153 242 3911 3749 3644 289 3355 553 439 2802 2502 300 2337
is_linear=0
shrinkage=0.03


Tree=98
num_leaves=15
num_cat=0
split_feature=9 21 15 1 9 8 16 27 21 18 10 21 6 33
split_gain=0.0277009 0.0446499 0.0259845 0.0239326 0.0249296 0.0343468 0.0198082 0.0174566 0.0118731 0.0296785 0.024131 0.0100228 0.0128107 0.0143225
threshold=-0.47075467642980134 -0.2604242495457762 1.9278156494415608 0.10112433155195116 -0.0063706284916802492 2.9022016374477828 1.4204636706503659 0.04504983226220826 -0.17100103393651006 0.41600849663564293 0.024581233962061303 -0.025493654872759796 -1.0512872000069398 -0.016415671363540947
decision_type=8 8 10 10 10 10 8 10 8 10 10 8 10 10
left_child=-1 -2 3 4 6 7 8 -6 9 -3 -10 12 -12 -14
right_child=1 2 -4 -5 5 -7 -8 -9 10 -11 11 -13 13 -15
leaf_value=0.00035930814822495447 -0.00056950895992107691 0.00052521227227829979 0.00038711699928881572 -0.00032943322813494048 -0.00018326183905966381 0.00067764888159652277 -0.00032856045687305072 0.00030067240631175338 -0.00043938193122486179 -0.0001390884680513409 0.00010765666188843383 4.3205229434336774e-05 -2.3492433444745243e-05 -0.00029109951183101037
leaf_weight=185 120 119 150 194 135 108 170 124 112 115 250 1766 417 313
leaf_count=185 120 119 150 194 135 108 170 124 112 115 250 1766 417 313
internal_value=5.19394e-06 -1.12306e-05 6.32623e-06 -9.10068e-06 8.45344e-06 0.000241141 -1.80547e-05 4.97352e-05 -4.79988e-07 0.00020266 -1.7437e-05 5.3997e-07 -7.61736e-05 -0.000139433
internal_weight=4278 4093 3973 3823 3629 367 3262 259 3092 234 2858 2746 980 730
internal_count=4278 4093 3973 3823 3629 367 3262 259 3092 234 2858 2746 980 730
is_linear=0
shrinkage=0.03


Tree=99
num_leaves=15
num_cat=0
split_feature=14 32 8 5 19 10 5 10 29 29 0 23 23 3
split_gain=0.0249779 0.0312747 0.0237199 0.0239315 0.0183986 0.016743 0.0131683 0.0129497 0.0206597 0.0131536 0.0117208 0.0100643 0.0240692 0.015852
threshold=0.96643835616438356 0.2766576793157825 3.9008187309569577 0.9503687164873863 2.6374683841093911 0.96106502865368992 0.56853549249020363 0.63383456464440935 -0.15288185895499304 -0.23917006954857853 0.01133496691180425 0.00209510933112985 0.0016072839904329502 -0.12679853540138689
decision_type=10 10 8 10 10 10 10 10 10 8 10 10 10 10
left_child=1 2 3 4 5 6 7 9 -9 -1 -6 12 13 -11
right_child=-2 -3 -4 -5 10 -7 -8 8 -10 11 -12 -13 -14 -15
leaf_value=0.00030585977732634718 0.00041785074614814391 -0.00043619763372148554 0.00034968342684002236 -0.00037682416618842473 0.00044912981444378432 -0.00033745281373972352 0.0003315772339370337 -0.00047341198064727836 4.709657427156344e-05 0.00020800851636516092 1.7631201206573417e-05 0.00016794708118944264 -0.00046380383931383246 -3.1171621482904436e-05
leaf_weight=123 121 145 167 149 127 132 100 129 139 276 100 269 102 2212
leaf_count=123 121 145 167 149 127 132 100 129 139 276 100 269 102 2212
internal_value=1.69537e-06 -1.08661e-05 4.9786e-06 -1.03758e-05 4.83283e-06 -1.23852e-05 9.07231e-07 -9.76094e-06 -0.000207529 8.33058e-06 0.000263519 -4.98136e-06 -2.32309e-05 -4.27481e-06
internal_weight=4291 4170 4025 3858 3709 3482 3350 3250 268 2982 227 2859 2590 2488
internal_count=4291 4170 4025 3858 3709 3482 3350 3250 268 2982 227 2859 2590 2488
is_linear=0
shrinkage=0.03


Tree=100
num_leaves=15
num_cat=0
split_feature=16 28 28 21 1 19 0 31 28 6 10 17 2 2
split_gain=0.0309386 0.0437496 0.0142892 0.0149065 0.029747 0.0254189 0.0202327 0.0172279 0.0163387 0.0138699 0.0304316 0.0115719 0.0183704 0.018478
threshold=1.8693514480900688 0.26678339407680429 -0.23605638511548482 -0.030053734570814245 -0.049194698300985294 2.5192055993800007 -0.020407134657038598 -0.66150819014477635 -0.092970591175204037 2.1251377091390169 1.1393484000780023 0.44521349945455674 -0.064241893838531239 -0.027588276690379446
decision_type=8 10 8 8 10 10 10 8 8 10 10 10 10 10
left_child=1 2 -1 4 6 11 -4 -5 -9 10 -10 12 -6 -14
right_child=-2 -3 3 7 5 -7 -8 8 9 -11 -12 -13 13 -15
leaf_value=0.00035355870066680682 -0.00038791732626642831 0.0005711838472255528 0.00041963035673622719 0.0002248341648461383 0.00031564181276321916 -0.0005573767604931699 -6.0837948108023915e-05 -0.000345951193532962 1.6968837478654751e-05 -0.00017625631937751523 0.00042630455960091705 -0.00030702559937102102 -0.00035741759772721897 -2.2098679275516658e-05
leaf_weight=101 163 124 160 406 105 112 149 104 1408 244 180 184 185 671
leaf_count=101 163 124 160 406 105 112 149 104 1408 244 180 184 185 671
internal_value=1.11939e-05 2.7384e-05 9.87356e-06 5.50791e-07 -7.09729e-05 -0.000135791 0.000190669 4.84251e-05 1.09463e-05 3.20934e-05 6.45595e-05 -9.23089e-05 -4.98214e-05 -9.62231e-05
internal_weight=4296 4133 4009 3908 1566 1257 309 2342 1936 1832 1588 1145 961 856
internal_count=4296 4133 4009 3908 1566 1257 309 2342 1936 1832 1588 1145 961 856
is_linear=0
shrinkage=0.03


Tree=101
num_leaves=15
num_cat=0
split_feature=30 1 2 7 0 2 31 6 6 4 36 2 1 36
split_gain=0.0327593 0.0521065 0.0202121 0.0443415 0.0235051 0.0133796 0.0126455 0.0174671 0.0152912 0.0171675 0.0168575 0.0129912 0.0187279 0.0181565
threshold=0.5174621645527494 0.12097733987458441 -0.13431993296385328 -0.76648080186200118 -0.049970056113299542 -0.10335335944511213 -0.66150819014477635 -1.4895891688974379 -1.0615154968474847 -0.12187463601654293 0.0065457001154217006 0.14883658367943056 0.035557815433117861 0.23241526103575191
decision_type=10 10 10 8 10 10 10 10 8 10 8 10 10 8
left_child=1 2 3 -1 -4 -6 8 -8 -7 -10 -11 12 -9 -14
right_child=-2 -3 4 -5 5 6 7 11 9 10 -12 -13 13 -15
leaf_value=-8.5597137539019196e-05 0.00040990163161662099 -0.00060210531078822287 -0.00038063678755441703 0.00072385908943548233 -0.00031725238000302955 0.00036195152533549218 -0.00039652408175640052 1.6428611506293304e-05 -0.00030322390442544278 -0.00022665102021944349 0.00018244893140180248 0.00025312700255072522 -0.00039435887425497639 -3.2586897848739532e-05
leaf_weight=141 159 130 151 101 114 164 105 1854 104 107 480 153 215 291
leaf_count=141 159 130 151 101 114 164 105 1854 104 107 480 153 215 291
internal_value=-5.90245e-06 -2.24668e-05 -2.80219e-06 0.000260048 -2.01439e-05 -4.45971e-06 6.24892e-06 -2.64916e-05 0.000106071 4.31773e-05 0.000106593 -1.0274e-05 -2.78494e-05 -0.000188659
internal_weight=4269 4110 3980 242 3738 3587 3473 2618 855 691 587 2513 2360 506
internal_count=4269 4110 3980 242 3738 3587 3473 2618 855 691 587 2513 2360 506
is_linear=0
shrinkage=0.03


Tree=102
num_leaves=15
num_cat=0
split_feature=14 20 32 0 9 5 2 0 5 7 17 14 27 18
split_gain=0.0401064 0.0149609 0.0167035 0.0216941 0.0149383 0.0122361 0.0223823 0.0136159 0.0220628 0.0139456 0.0144944 0.0206162 0.0180954 0.013135
threshold=0.96402317617075506 0.0061643835616438008 0.32235138204367875 -0.063238202068954627 -0.50720927003343486 -0.40538934874100102 0.0037682146905852003 -0.0058328012858168991 0.92515323502466229 1.4835279378711523 0.18762505658857073 0.70578632100947625 -0.27397939308553626 0.3700243935305752
decision_type=10 8 10 10 10 8 10 10 10 10 10 8 8 10
left_child=1 -1 3 -3 -5 6 -6 9 -9 10 11 12 -7 -12
right_child=-2 2 -4 4 5 7 -8 8 -10 -11 13 -13 -14 -15
leaf_value=-0.00033912603394923235 0.00052161510919546356 0.00041662228043198157 -0.00035749608986656613 -0.00031845045888076126 0.00048149216202316976 -0.00033767122975788015 -0.00010682556306547267 1.5044513607508251e-05 0.0004085719501830788 0.00012946477662411217 -5.0363030376493793e-05 0.00032053848434507272 1.7134805187170328e-05 -0.00047827065521584126
leaf_weight=114 128 111 108 123 126 223 102 2250 131 208 104 102 298 171
leaf_count=114 128 111 108 123 126 223 102 2250 131 208 104 102 298 171
internal_value=8.76761e-06 -7.57639e-06 2.14598e-06 1.24214e-05 2.04491e-07 1.11687e-05 0.000221653 -2.89164e-06 3.75068e-05 -8.96389e-05 -0.000140825 -5.97127e-05 -0.000136497 -0.000320233
internal_weight=4299 4171 4057 3949 3838 3715 228 3487 2381 1106 898 623 521 275
internal_count=4299 4171 4057 3949 3838 3715 228 3487 2381 1106 898 623 521 275
is_linear=0
shrinkage=0.03


Tree=103
num_leaves=15
num_cat=0
split_feature=21 9 2 19 16 32 30 29 5 5 1 5 29 1
split_gain=0.0423113 0.0178796 0.0394142 0.0376282 0.0291075 0.0190682 0.0251035 0.0243002 0.0189742 0.0191298 0.0270121 0.0133953 0.0157731 0.014045
threshold=-0.29858769099232912 -0.35691876598680977 -0.14343724377942427 1.7358594295320002 -0.33735024665198593 0.26881428978415745 0.36941377625863098 -0.43082462167801422 -0.33152749541611254 0.56853549249020363 0.055948977161867912 0.45781522747877629 -0.24482037339643412 0.078021596454858663
decision_type=8 8 10 10 8 10 10 10 10 10 10 10 10 10
left_child=-1 3 -3 4 -2 6 7 -4 -9 11 -11 12 -10 -14
right_child=1 2 5 -5 -6 -7 -8 8 9 10 -12 -13 13 -15
leaf_value=0.00051267488915923861 0.00028251523217869489 0.00055942259767077502 -0.00033105927134511145 -0.00058568635793841684 -0.00030286790939769952 -0.00030002664790219956 0.00038070638897918618 0.00039899318348156565 0.0003372129672377506 3.5197759086528222e-05 0.00060328879047095551 -0.00024834821819186959 4.053843644003956e-06 -0.00033746484437295675
leaf_weight=150 162 117 175 132 136 164 166 114 117 228 108 199 2195 109
leaf_count=150 162 117 175 132 136 164 166 114 117 228 108 199 2195 109
internal_value=2.60776e-05 7.77057e-06 2.91676e-05 -0.000174169 1.47712e-05 1.10567e-05 2.64307e-05 7.74974e-06 2.75699e-05 1.25961e-05 0.000223967 -1.48859e-05 4.77636e-06 -1.27988e-05
internal_weight=4272 4122 3692 430 298 3575 3411 3245 3070 2956 336 2620 2421 2304
internal_count=4272 4122 3692 430 298 3575 3411 3245 3070 2956 336 2620 2421 2304
is_linear=0
shrinkage=0.03


Tree=104
num_leaves=15
num_cat=0
split_feature=20 28 0 15 5 21 1 36 16 29 31 19 31 21
split_gain=0.044769 0.0364544 0.0128952 0.0162916 0.0154119 0.0224079 0.0307676 0.0193354 0.0162551 0.0158061 0.015322 0.0215158 0.0182561 0.0216572
threshold=0.99859252514054953 0.26678339407680429 0.068863215455899268 0.47001013294503069 -0.61274409252709006 -0.19768257314782212 -0.0060441102255341496 0.0012313984641927004 -0.96353304667654271 0.010546920190289502 -0.66150819014477635 1.7686077571625003 0.14740994237023289 -0.11688669268678588
decision_type=10 10 10 10 10 8 10 8 10 10 8 10 10 10
left_child=1 2 3 -1 -5 6 -6 -7 9 -9 11 -10 -12 -14
right_child=-2 -3 -4 4 5 7 -8 8 10 -11 12 -13 13 -15
leaf_value=0.00036656093276476233 -0.00059727393670736754 0.00048560475111770129 -0.00028843745548131304 0.00031604443891715959 -0.00049956078891904947 -0.00017201100071244393 0.00011438241677086164 1.7014478629896662e-05 0.00051661906298864832 -0.00047510415026511693 -7.2204709833673179e-05 8.5285900108930134e-05 0.00045062472951998484 5.3451085295355997e-05
leaf_weight=105 106 137 133 126 183 463 118 131 137 101 1011 400 136 1016
leaf_count=105 106 137 133 126 183 463 118 131 137 101 1011 400 136 1016
internal_value=-2.59207e-06 1.31201e-05 -3.40101e-06 6.60714e-06 -3.7477e-06 -1.50619e-05 -0.000260942 7.08945e-06 3.56164e-05 -0.00020273 5.64334e-05 0.000199079 2.06419e-05 0.000102084
internal_weight=4303 4197 4060 3927 3822 3696 301 3395 2932 232 2700 537 2163 1152
internal_count=4303 4197 4060 3927 3822 3696 301 3395 2932 232 2700 537 2163 1152
is_linear=0
shrinkage=0.03


Tree=105
num_leaves=15
num_cat=0
split_feature=10 5 27 8 27 7 14 31 31 0 24 34 6 5
split_gain=0.0302987 0.0458729 0.128211 0.0241265 0.0152113 0.0198164 0.0154891 0.0139932 0.0229933 0.0105886 0.0107796 0.0102113 0.0174594 0.013719
threshold=6.6247327876745317 0.92515323502466229 0.17791277222790228 3.3421432888242526 1.2233722205122159 -2.1021285329913133 0.93026570892794724 -1.568502928877523 -1.2574092626817113 0.037858647954673703 0.42383519364112976 -0.0053195966002406994 -1.0340421116114169 -0.29268978224284964
decision_type=8 10 10 10 10 10 10 10 10 10 8 8 10 8
left_child=1 3 -3 4 5 -1 7 -7 -9 11 -11 12 -10 -13
right_child=-2 2 -4 -5 -6 6 -8 8 9 10 -12 13 -14 -15
leaf_value=-0.0003884050538106702 -0.0004756642987232898 -0.00020524974984947398 0.0011927256139896147 -0.00044440689987756987 0.00035069029041291547 0.0002564240930260601 0.00033372768671178501 -0.00038812304752354975 0.00038185302649477993 1.7069616832304746e-05 -0.00037583085210347487 0.00018928883550300572 3.8860915679921336e-05 -6.1276715317146771e-05
leaf_weight=112 110 129 102 105 107 172 122 139 149 120 126 220 1019 1561
leaf_count=112 110 129 102 105 107 172 122 139 149 120 126 220 1019 1561
internal_value=4.74085e-06 1.79268e-05 0.00042423 -6.32818e-06 6.19007e-06 -4.12101e-06 8.26045e-06 -3.52412e-06 -1.72987e-05 -5.84545e-07 -0.00018765 1.53113e-05 8.40571e-05 -2.98821e-05
internal_weight=4293 4183 231 3952 3847 3740 3628 3506 3334 3195 246 2949 1168 1781
internal_count=4293 4183 231 3952 3847 3740 3628 3506 3334 3195 246 2949 1168 1781
is_linear=0
shrinkage=0.03


Tree=106
num_leaves=15
num_cat=0
split_feature=3 31 31 30 24 3 32 24 18 16 24 30 16 31
split_gain=0.057572 0.0291314 0.0196212 0.0264686 0.0249608 0.0180933 0.0171955 0.0147781 0.0197131 0.0160982 0.0137914 0.0234899 0.0244399 0.0172435
threshold=0.33874582191921693 -1.6114851869017726 -1.3131685269375255 0.41768093275339352 0.90205479452054804 -0.18707499513633261 0.026872773380143006 0.81986301369863024 0.2566125797992998 1.4453580603491101 0.46026250931392221 0.14217587700111164 0.33068663403385706 0.5611554699455118
decision_type=10 10 10 10 10 10 10 10 10 8 8 10 10 10
left_child=1 -1 -3 4 5 -4 -6 8 -7 10 13 -12 -13 -10
right_child=-2 2 3 -5 6 7 -8 -9 9 -11 11 12 -14 -15
leaf_value=0.00034859077937169687 -0.00064756834357068303 -0.0003644437664023378 0.00030545448064119382 0.00035201083659906524 -0.0005967174470234253 -0.00026066272372423608 -5.3514383518962529e-05 0.00025344588177936354 8.3229269098676985e-06 -0.00035630338760198684 -1.4071168323199156e-06 -2.1108393709688822e-05 -0.00067268069355774947 0.00022751363310312566
leaf_weight=213 118 129 168 183 102 284 105 177 1121 105 942 102 101 449
leaf_count=213 118 129 168 183 102 284 105 177 1121 105 942 102 101 449
internal_value=-7.86187e-06 1.09444e-05 -7.59612e-06 4.8533e-06 -1.29806e-05 6.43121e-06 -0.00032894 -9.32144e-06 -2.46888e-05 -5.04729e-07 1.38851e-05 -6.51263e-05 -0.000353667 7.15319e-05
internal_weight=4299 4181 3968 3839 3656 3449 207 3281 3104 2820 2715 1145 203 1570
internal_count=4299 4181 3968 3839 3656 3449 207 3281 3104 2820 2715 1145 203 1570
is_linear=0
shrinkage=0.03


Tree=107
num_leaves=15
num_cat=0
split_feature=32 28 18 30 35 10 4 32 33 30 6 7 33 19
split_gain=0.0325921 0.0311548 0.0205893 0.0332564 0.0263591 0.0199921 0.0185218 0.0178761 0.0184067 0.0165349 0.0198904 0.0191192 0.0188113 0.018751
threshold=0.2766576793157825 0.23517652117845864 0.67491395305370072 -0.0065916560012135488 0.049376867645641608 1.0210640130368243 0.36613164565803763 0.032784121896901809 -0.018777295431388698 0.059943774291960808 -1.4068910246723922 -2.1021285329913133 0.076455672978166814 1.3374148808695001
decision_type=10 10 8 8 10 8 8 8 8 10 10 10 8 10
left_child=1 2 4 -4 6 7 9 8 -5 11 12 -1 -11 -12
right_child=-2 -3 3 5 -6 -7 -8 -9 -10 10 13 -13 -14 -15
leaf_value=-0.00045354753431851023 -0.00041060338737022699 0.0005333171127297517 -0.00032023029260756173 0.000223813153552328 -0.00044728559341523954 0.00049296078583990625 -0.00037609122586172429 0.00029060814022842889 -0.00020332024084304326 0.00059356975255430355 0.00023242850242910973 -3.6108905922388233e-05 5.9602410408496361e-05 -3.8092349689569924e-05
leaf_weight=102 157 100 123 155 124 163 114 309 205 114 299 1298 121 951
leaf_count=102 157 100 123 155 124 163 114 309 205 114 299 1298 121 951
internal_value=6.91815e-06 2.30797e-05 9.93001e-06 0.00013145 -2.73809e-05 0.000199739 -9.30348e-06 0.000125169 -1.88689e-05 5.81564e-06 7.54273e-05 -6.80281e-05 0.000325603 2.72844e-05
internal_weight=4335 4178 4078 955 3123 832 2999 669 360 2885 1485 1400 235 1250
internal_count=4335 4178 4078 955 3123 832 2999 669 360 2885 1485 1400 235 1250
is_linear=0
shrinkage=0.03


Tree=108
num_leaves=15
num_cat=0
split_feature=0 16 22 4 5 35 26 18 1 1 21 5 16 4
split_gain=0.0342395 0.0294906 0.0520882 0.0179345 0.0185127 0.0230811 0.0176255 0.0185403 0.0165695 0.0190931 0.0154825 0.0138849 0.013721 0.0128626
threshold=0.068863215455899268 1.4453580603491101 0.0018134497180801502 0.42141160846495102 0.56853549249020363 0.047421809716428606 0.0066798755691220508 0.17225477596072505 0.041093446664402004 -0.020630285865604097 -0.17366579584169092 0.19838647437096843 -0.75204367729411026 0.19390277120838323
decision_type=10 8 8 10 10 10 8 10 10 10 10 10 10 10
left_child=1 3 -3 4 5 6 10 -8 9 -6 -1 12 -9 -12
right_child=-2 2 -4 -5 8 -7 7 11 -10 -11 13 -13 -14 -15
leaf_value=0.00042125936803888046 -0.00039145306150588778 -9.2609055412547862e-05 0.00070277212325093002 -0.00030688444497125027 0.00037173710546516017 -0.00041427492827642709 -0.00044102569213515924 -0.00021086122900504216 0.00051182719644956957 -0.00014926118461932824 2.4721632559850534e-05 -0.00018280930523879469 8.0873350721197347e-05 0.00026314600132375547
leaf_weight=108 172 140 150 147 109 110 101 171 118 138 1457 377 823 232
leaf_count=108 172 140 150 147 109 110 101 171 118 138 1457 377 823 232
internal_value=1.72775e-05 3.45395e-05 0.000323733 1.25978e-05 2.55341e-05 3.46897e-06 1.8137e-05 -5.87206e-05 0.000226996 8.3467e-05 8.10827e-05 -2.90564e-05 2.98814e-05 5.81515e-05
internal_weight=4353 4181 290 3891 3744 3379 3269 1472 365 247 1797 1371 994 1689
internal_count=4353 4181 290 3891 3744 3379 3269 1472 365 247 1797 1371 994 1689
is_linear=0
shrinkage=0.03


Tree=109
num_leaves=15
num_cat=0
split_feature=10 28 0 21 16 9 8 30 5 33 9 36 21 3
split_gain=0.039544 0.0441914 0.0196884 0.0407014 0.0265024 0.0260119 0.0341844 0.0307264 0.0198653 0.0160179 0.0127169 0.00979418 0.0204113 0.024565
threshold=6.6247327876745317 0.26678339407680429 0.037858647954673703 -0.29858769099232912 0.69773248059725124 -0.35691876598680977 -0.37655505070823514 0.069121837947994522 0.56853549249020363 -0.032461151740170148 -0.037846083415073194 0.035020089864092753 -0.17663630536955285 -0.062423932251799895
decision_type=8 10 10 8 8 10 10 10 10 10 10 10 8 10
left_child=1 2 3 -1 -4 6 7 -5 11 10 -10 12 -7 -14
right_child=-2 -3 4 5 -6 8 -8 -9 9 -11 -12 -13 13 -15
leaf_value=0.00058845146718441456 -0.0005728923449512674 0.00058588783650865759 -2.5287357141424626e-05 -0.00030999755792700766 -0.00051844323383671794 0.00041348242627432699 -0.00065769067097224386 0.00032570276871131051 -0.0001608737541040494 0.00045573385466047542 0.00029183044098317622 -0.00011586717141211704 -0.00022488067925681077 5.0295701487237207e-05
leaf_weight=103 103 111 278 160 147 111 114 112 111 157 103 540 345 1756
leaf_count=103 103 111 278 160 147 111 114 112 111 157 103 540 345 1756
internal_value=-6.17007e-06 8.57514e-06 -8.00357e-06 1.48215e-05 -0.000199906 -2.82968e-06 -0.000233523 -4.70844e-05 2.60115e-05 0.000230546 5.87047e-05 -1.93005e-06 2.60832e-05 4.68304e-06
internal_weight=4251 4148 4037 3612 425 3509 386 272 3123 371 214 2752 2212 2101
internal_count=4251 4148 4037 3612 425 3509 386 272 3123 371 214 2752 2212 2101
is_linear=0
shrinkage=0.03


Tree=110
num_leaves=15
num_cat=0
split_feature=16 17 28 30 32 7 8 3 17 8 33 33 7 5
split_gain=0.0342004 0.0341838 0.0195326 0.0175598 0.0277874 0.027898 0.0128542 0.0295456 0.0221137 0.0277862 0.0138823 0.0192844 0.0213109 0.0130037
threshold=1.8693514480900688 1.5051441725813171 -0.23605638511548482 0.21502738756206782 0.15160620568694402 -0.34612547511799446 0.34738873916174395 -0.10910537186419648 0.19685266523321501 -0.86890088124605713 -0.10931184573400753 -0.021913401254364497 2.067293930987415 0.44949763445899771
decision_type=8 10 8 10 10 10 10 10 10 10 8 8 10 10
left_child=1 2 -1 6 5 -5 8 -8 -4 -10 -9 -12 13 -13
right_child=-2 -3 3 4 -6 -7 7 10 9 -11 11 12 -14 -15
leaf_value=0.00039116884778845164 -0.00041348548466646061 0.00041802962824806093 1.9758339464029335e-05 -0.00036436249325059046 -0.00055368332495504542 0.00012659724470886368 0.00055812590486449098 -0.00023533565860676061 -8.7106416642467217e-06 -0.00051521725042160446 0.00022721262361172142 -1.3914312969106725e-05 0.00026808274547991532 -0.00031249819262013195
leaf_weight=107 166 180 1151 158 123 284 101 144 213 175 464 630 198 161
leaf_count=107 166 180 1151 158 123 284 101 144 213 175 464 630 198 161
internal_value=2.19169e-06 1.95512e-05 6.91656e-07 -1.07969e-05 -0.000164344 -5.10167e-05 1.6216e-05 7.30297e-05 -4.65009e-05 -0.000240809 4.07043e-05 6.87745e-05 -6.32746e-06 -7.62692e-05
internal_weight=4255 4089 3909 3802 565 442 3237 1698 1539 388 1597 1453 989 791
internal_count=4255 4089 3909 3802 565 442 3237 1698 1539 388 1597 1453 989 791
is_linear=0
shrinkage=0.03


Tree=111
num_leaves=15
num_cat=0
split_feature=16 16 32 8 24 24 14 20 12 29 14 14 24 24
split_gain=0.0452871 0.0484208 0.0174259 0.0148011 0.0249148 0.0132664 0.0142498 0.0146006 0.0136843 0.022237 0.0236428 0.0180366 0.0130627 0.0134131
threshold=1.8693514480900688 1.4453580603491101 0.28566615904394072 2.8116325483974394 0.54315068493150698 0.92808219178082207 0.80718571948114926 0.29794520547945208 0.04410819084005576 0.012805988331434752 0.62364383561643855 0.63967044148404983 0.73219178082191794 0.4563430613460393
decision_type=8 10 10 10 10 10 10 8 2 10 8 10 8 10
left_child=1 2 3 5 -5 6 8 -8 -1 10 -10 -11 13 -9
right_child=-2 -3 -4 4 -6 -7 7 12 9 11 -12 -13 -14 -15
leaf_value=2.7103012054827656e-07 -0.0004844782525243976 0.00054242841061873277 -0.00036324094700771115 0.00056647111044084238 -5.4799317122372079e-05 -0.00032411784026317031 -0.00014194553375936449 0.00034815439769902561 -1.4103094593987666e-05 -0.00022848314155251298 -0.00061276719763926082 0.00031627290501460632 0.00051400737438107966 -0.00011238751473287359
leaf_weight=2598 169 143 117 103 124 115 108 107 100 103 142 106 110 112
leaf_count=2598 169 143 117 103 124 115 108 107 100 103 142 106 110 112
internal_value=-1.04708e-05 9.69279e-06 -1.02802e-05 9.67541e-07 0.000233232 -1.3977e-05 -3.2962e-06 0.000155916 -2.63333e-05 -0.000177911 -0.000370679 4.87388e-05 0.000254356 0.000115375
internal_weight=4257 4088 3945 3828 227 3601 3486 437 3049 451 242 209 329 219
internal_count=4257 4088 3945 3828 227 3601 3486 437 3049 451 242 209 329 219
is_linear=0
shrinkage=0.03


Tree=112
num_leaves=15
num_cat=0
split_feature=3 6 30 19 36 27 30 19 14 9 27 30 32 5
split_gain=0.0263511 0.0251243 0.0266834 0.0182227 0.0210737 0.0191396 0.0409789 0.0261928 0.0277602 0.0217322 0.0308148 0.0187155 0.0158526 0.0150633
threshold=-0.27837401543382306 2.7281464922490888 0.55219563970726704 0.97029534356550007 -0.012337764064638749 0.36718954704113388 0.32190430968874756 2.7355314602546978 0.75667644098209996 -0.33619708144700328 -0.26185349034119804 0.23260215071741183 0.1738980131067818 0.092949859838052012
decision_type=10 8 10 8 8 10 10 10 10 8 10 10 10 10
left_child=-1 2 3 -2 -5 6 9 8 -7 10 -6 12 13 -11
right_child=1 -3 -4 4 5 7 -8 -9 -10 11 -12 -13 -14 -15
leaf_value=0.00045320507685758945 0.00017244173336614956 -0.00044259709272394547 0.00043299992389278486 -0.00036357836506272314 -6.3556634628105166e-05 0.00014332182471727198 -0.0005139962907604234 0.00048931277088259397 -0.00030102891838794556 -0.00015213300320423133 0.00061416203249510461 -0.00043608940145900668 0.00023732563761950584 1.7321361354285919e-05
leaf_weight=108 424 113 120 162 132 499 161 131 164 874 105 106 170 1018
leaf_count=108 424 113 120 162 132 499 161 131 164 874 105 106 170 1018
internal_value=1.14761e-06 -1.10628e-05 1.45906e-06 -1.21957e-05 -3.46364e-05 -1.826e-05 -5.8091e-05 0.000110021 3.19765e-05 -2.65679e-05 0.000243184 -5.65481e-05 -3.60296e-05 -6.11519e-05
internal_weight=4287 4179 4066 3946 3522 3360 2566 794 663 2405 237 2168 2062 1892
internal_count=4287 4179 4066 3946 3522 3360 2566 794 663 2405 237 2168 2062 1892
is_linear=0
shrinkage=0.03


Tree=113
num_leaves=15
num_cat=0
split_feature=21 9 4 4 7 3 7 7 7 3 19 31 35 33
split_gain=0.0238676 0.0270559 0.0366263 0.018763 0.0179512 0.0250985 0.0213493 0.0188511 0.0161917 0.0151562 0.0207299 0.0143153 0.0103701 0.0127131
threshold=0.42838346188832183 -0.0063706284916802492 0.40885956121197181 0.32266095029565384 -2.2204660570590815 -0.13318189682366735 -0.59525741325721804 -1.6221733074067386 2.4156598932898019 -0.074438274455952483 1.7358594295320002 -0.0069414787523967491 0.028800064772171504 0.16895578860696311
decision_type=10 8 8 10 10 10 10 10 10 10 8 10 10 10
left_child=1 3 8 4 -1 6 7 -6 -3 10 11 -7 13 -11
right_child=-2 2 -4 -5 5 9 -8 -9 -10 12 -12 -13 -14 -15
leaf_value=-0.00035320420545758679 -0.00043990146804491004 0.00022605528454380786 0.00066896513433168932 -0.00031661371352520446 0.00033439656161301005 0.00019823213291354476 0.00053358878779356941 -0.00022001478947104844 -0.00015922206282391403 7.7437193844805168e-06 -0.00049141001588235236 -0.00027220195413507316 0.00022612523842415938 -0.00030272190940682772
leaf_weight=121 103 243 117 174 105 120 138 106 158 2353 131 104 178 120
leaf_count=121 103 243 117 174 105 120 138 106 158 2353 131 104 178 120
internal_value=4.15834e-07 1.1811e-05 0.000213618 -1.7082e-05 -1.65497e-06 1.15306e-05 0.000250467 5.72314e-05 7.41589e-05 -1.658e-05 -0.00019923 -2.13581e-05 8.20797e-06 -7.90175e-06
internal_weight=4271 4168 518 3650 3476 3355 349 211 401 3006 355 224 2651 2473
internal_count=4271 4168 518 3650 3476 3355 349 211 401 3006 355 224 2651 2473
is_linear=0
shrinkage=0.03


Tree=114
num_leaves=15
num_cat=0
split_feature=6 16 31 31 35 31 36 35 36 10 20 35 13 27
split_gain=0.0262397 0.0452492 0.0132436 0.0185054 0.0282624 0.0122336 0.0248293 0.0220948 0.0173005 0.0165555 0.020066 0.0282034 0.0124681 0.018554
threshold=2.8241738643337349 1.4704934804039487 -1.6531656844507732 -1.2176273860305764 -0.0038572931916504996 -0.69108147158708844 -0.00059514330032079982 -0.0031290730070251496 0.11351380177956516 1.2736883459552211 0.86350078677282238 0.012655954375555402 0.93176204736653367 0.34615413578534665
decision_type=8 10 10 10 10 10 8 10 10 8 10 10 10 10
left_child=1 2 -1 4 -4 6 -5 -8 9 10 11 12 13 -7
right_child=-2 -3 3 5 -6 8 7 -9 -10 -11 -12 -13 -14 -15
leaf_value=0.00023787704083820532 -0.00045611976430361232 0.00051932421038049811 -0.00063763423643845235 -0.00027928097278672072 2.562218395178206e-05 -2.3885130452546114e-05 0.00051501001362098671 7.665110597799146e-05 0.00019134833752433927 -0.00032218759925204462 0.00013840604992133149 -0.00041310175738710147 -0.00012003799470044749 0.00031450062339514502
leaf_weight=183 106 147 102 109 125 825 146 336 288 184 500 193 854 172
leaf_count=183 106 147 102 109 125 825 146 336 288 184 500 193 854 172
internal_value=-8.88602e-07 1.1233e-05 -7.98278e-06 -2.00124e-05 -0.000279724 -3.30334e-06 0.000120917 0.000213356 -2.78048e-05 -5.12489e-05 -3.10592e-05 -7.275e-05 -3.6245e-05 3.57704e-05
internal_weight=4270 4164 4017 3834 227 3607 591 482 3016 2728 2544 2044 1851 997
internal_count=4270 4164 4017 3834 227 3607 591 482 3016 2728 2544 2044 1851 997
is_linear=0
shrinkage=0.03


Tree=115
num_leaves=15
num_cat=0
split_feature=21 16 19 5 21 21 20 8 36 36 19 20 25 35
split_gain=0.0422065 0.0281348 0.0212741 0.0175234 0.0164818 0.022719 0.0159745 0.0164407 0.0163343 0.0135272 0.0134099 0.0194513 0.0151679 0.0189893
threshold=0.48088987178256953 1.3877360371016885 3.1578251800000001 -0.61274409252709006 -0.2604242495457762 -0.21061273245646042 0.1582191780821918 -0.37655505070823514 -0.012928063652743248 0.028860575893150803 1.4373437028960001 0.86350078677282238 0.011546900549378701 0.052452534517942261
decision_type=8 10 10 10 10 10 10 10 8 10 10 10 10 8
left_child=1 2 3 -1 -5 -6 8 9 -7 -8 -9 12 13 -12
right_child=-2 -3 -4 4 5 6 7 10 -10 -11 11 -13 -14 -15
leaf_value=0.00035633441150874953 -0.00044007889503533436 0.00041058122705690928 -0.00038213420136877881 -0.0002953186655855354 0.00042499139615011087 -0.00043423543150969759 0.00039922967696149887 0.00018865854817043078 -5.1357153655670263e-05 -2.7520588216637925e-05 -6.3746474639689893e-05 0.00010332317221722987 0.00014234204630538707 -0.00037489578975201778
leaf_weight=131 178 159 116 148 117 111 193 347 755 100 712 771 202 231
leaf_count=131 178 159 116 148 117 111 193 347 755 100 712 771 202 231
internal_value=5.68619e-06 2.55853e-05 9.52355e-06 2.19073e-05 9.55851e-06 2.2707e-05 8.35274e-06 4.60865e-05 -0.000102644 0.000255563 1.84611e-05 -1.27736e-05 -9.10581e-05 -0.000141542
internal_weight=4271 4093 3934 3818 3687 3539 3422 2556 866 293 2263 1916 1145 943
internal_count=4271 4093 3934 3818 3687 3539 3422 2556 866 293 2263 1916 1145 943
is_linear=0
shrinkage=0.03


Tree=116
num_leaves=15
num_cat=0
split_feature=20 16 5 5 18 34 12 27 12 18 29 36 26 2
split_gain=0.0395907 0.0405631 0.0292989 0.0221369 0.0313854 0.0167886 0.0238346 0.0201796 0.0229867 0.0188272 0.0179723 0.0147719 0.0143397 0.0141642
threshold=0.99859252514054953 1.5318688981920381 1.0997778670389395 -0.49161659336627378 0.48338979395771048 0.082975287491327612 0.049655440344871661 -0.96643078900832269 0.040485728565156857 0.6251875806487609 -0.12010318915011724 0.10133224804726985 0.0051853055974319514 -0.12387597141320904
decision_type=10 10 10 10 10 8 2 10 2 10 8 10 10 10
left_child=1 2 3 4 -1 6 7 -5 -9 11 -11 13 -12 -7
right_child=-2 -3 -4 5 -6 9 -8 8 -10 10 12 -13 -14 -15
leaf_value=0.00049744171488019936 -0.00055870214664058661 0.00055625825737587226 -0.00046015140728792171 0.00040484359920777297 -0.00010666689283647832 0.00020989264665415014 0.00035325978678429237 1.6608153987569363e-05 -0.000376319449645314 -0.00018517766567618729 -3.2503146075983886e-05 -0.00047642330245205235 0.00038649332026001172 -0.0001522698871254054
leaf_weight=181 109 113 120 104 130 104 195 1626 141 151 125 109 171 937
leaf_count=181 109 113 120 104 130 104 195 1626 141 151 125 109 171 937
internal_value=-7.05524e-06 7.88375e-06 -7.9122e-06 6.3048e-06 0.000247228 -1.44595e-05 4.19726e-05 8.67442e-06 -1.57194e-05 -8.73673e-05 7.72338e-05 -0.000151404 0.000211952 -0.000115258
internal_weight=4316 4207 4094 3974 311 3663 2066 1871 1767 1597 447 1150 296 1041
internal_count=4316 4207 4094 3974 311 3663 2066 1871 1767 1597 447 1150 296 1041
is_linear=0
shrinkage=0.03


Tree=117
num_leaves=15
num_cat=0
split_feature=20 30 3 9 21 10 21 4 31 31 15 13 35 34
split_gain=0.0436768 0.0355486 0.023674 0.0217751 0.020036 0.0175583 0.01266 0.0114818 0.0122027 0.0184601 0.0184236 0.014542 0.0144981 0.0144716
threshold=0.99859252514054953 0.49336517634538551 0.25232712575538424 -0.44699153833532562 -0.24521599685109693 0.018076275727661004 -0.26810641725055001 0.34782370812171404 0.59938013376187393 -0.52734967195047011 1.2514764768633977 1.1349063494784193 -0.00078256725079174996 -0.095477817217445596
decision_type=10 10 10 10 10 10 10 10 10 10 10 10 8 8
left_child=1 2 3 4 -1 -5 -7 8 9 12 13 -10 -8 -11
right_child=-2 -3 -4 5 -6 6 7 -9 11 10 -12 -13 -14 -15
leaf_value=0.0004892802988117757 -0.00058152814772583015 0.00041389099251397924 -0.0003517549642720812 -0.00033508573449833547 1.7920812766533344e-05 -0.00028699249398268345 -0.00014428044101884085 -0.00025552204817969439 2.9881493256263116e-05 0.00015989485134582538 -0.00037065500881622678 0.00029796230669703884 0.00015504854008235687 -9.2496394025520386e-05
leaf_weight=147 112 179 172 146 175 132 180 138 555 251 170 267 690 1014
leaf_count=147 112 179 172 146 175 132 180 138 555 251 170 267 690 1014
internal_value=-9.77194e-06 6.08788e-06 -1.24837e-05 3.04952e-06 0.000237298 -1.85442e-05 -4.46701e-06 7.37652e-06 1.93681e-05 -1.60686e-05 -8.20732e-05 0.000118234 9.26478e-05 -4.19848e-05
internal_weight=4328 4216 4037 3865 322 3543 3397 3265 3127 2305 1435 822 870 1265
internal_count=4328 4216 4037 3865 322 3543 3397 3265 3127 2305 1435 822 870 1265
is_linear=0
shrinkage=0.03


Tree=118
num_leaves=15
num_cat=0
split_feature=1 10 28 9 31 36 5 10 20 15 29 31 33 2
split_gain=0.023642 0.0474755 0.0211179 0.0206444 0.0153487 0.0265151 0.0205663 0.0144585 0.0137727 0.0173202 0.0160238 0.0125192 0.011498 0.0109174
threshold=0.12097733987458441 2.4795330781313787 -0.084047022018232484 -0.38477904822635434 0.64875389485220436 0.029373179107820401 -0.33152749541611254 0.60471011428095178 0.86350078677282238 1.0369431504783229 -0.18336935437394697 0.78208001916042347 0.081358740816447561 0.018444907546965154
decision_type=10 10 8 10 8 10 8 10 10 10 10 8 8 10
left_child=1 2 3 -1 6 11 12 -5 -8 10 -10 -6 -4 -13
right_child=-2 -3 4 7 5 -7 8 -9 9 -11 -12 13 -14 -15
leaf_value=-0.00044417274170237676 -0.00032169952384130697 0.00061596187859127096 3.6369390803409494e-05 9.4259616957105744e-05 0.0003413303749930062 0.00046915288665086636 -7.0343716875422794e-05 -0.00032599131246965012 0.00054700139840133479 -0.00013579098127824675 8.617548490292392e-05 0.00012019167059572118 0.0004222154736507454 -0.0001110485856616922
leaf_weight=160 174 116 133 237 122 173 1759 101 100 160 199 413 143 323
leaf_count=160 174 116 133 237 122 173 1759 101 100 160 199 413 143 323
internal_value=1.58913e-05 3.04544e-05 1.28281e-05 -0.000169051 3.87264e-05 0.000135786 -1.58864e-06 -3.42398e-05 -3.21533e-05 0.000113382 0.00024676 6.624e-05 0.000240238 1.86453e-05
internal_weight=4313 4139 4023 498 3525 1031 2494 338 2218 459 299 858 276 736
internal_count=4313 4139 4023 498 3525 1031 2494 338 2218 459 299 858 276 736
is_linear=0
shrinkage=0.03


Tree=119
num_leaves=15
num_cat=0
split_feature=1 16 4 36 4 18 10 25 19 23 23 4 19 30
split_gain=0.0319624 0.031691 0.0543165 0.0206739 0.0208482 0.0150597 0.0208835 0.0181642 0.032345 0.0176242 0.0158144 0.0153896 0.018038 0.0162736
threshold=-0.12072294306913559 1.8693514480900688 0.4520241245792061 -0.010927904162193797 0.32266095029565384 0.17225477596072505 0.024581233962061303 0.013392087916198352 2.146285392714097 0.0023342477128707505 0.0010560074516480003 -0.023801025243214247 2.1713417053435999 0.11013253911385766
decision_type=10 8 10 8 10 10 10 10 10 10 10 10 10 10
left_child=-1 2 3 -2 5 -5 -7 11 9 10 -9 12 13 -8
right_child=1 -3 -4 4 -6 6 7 8 -10 -11 -12 -13 -14 -15
leaf_value=0.00047146092121400969 -0.0002495329772838366 -0.00039543264910196953 0.00052911701638719754 -0.00030017613430480836 -0.00028252420351515068 0.00040624001659469804 -0.00013258318727556192 -6.8920224332128109e-06 0.00064040930130623136 -0.00017781075403036083 0.00047222128303837956 5.2874062573255072e-05 -0.00044460954695368698 0.00016744842909295461
leaf_weight=132 275 165 177 111 191 135 571 128 109 157 115 1683 114 222
leaf_count=132 275 165 177 111 191 135 571 128 109 157 115 1683 114 222
internal_value=2.06089e-05 5.72918e-06 2.28013e-05 -1.37679e-06 1.82478e-05 3.5818e-05 4.77958e-05 3.15519e-05 0.000194458 6.65298e-05 0.000224798 -7.76201e-07 -0.000100072 -4.80666e-05
internal_weight=4285 4153 3988 3811 3536 3345 3234 3099 509 400 243 2590 907 793
internal_count=4285 4153 3988 3811 3536 3345 3234 3099 509 400 243 2590 907 793
is_linear=0
shrinkage=0.03


Tree=120
num_leaves=15
num_cat=0
split_feature=16 16 35 36 27 17 24 20 5 7 34 35 8 24
split_gain=0.0298595 0.0537523 0.0152511 0.0183628 0.0165879 0.0267322 0.0258727 0.0209663 0.0208525 0.012245 0.0119968 0.0118604 0.0118265 0.0100413
threshold=1.8693514480900688 1.4704934804039487 0.049376867645641608 0.08051015372264296 0.26479555339181954 0.94640905094470684 0.56583125778331267 0.16506849315068492 0.39307260540851729 -1.6899893083179969 -0.047538280341685397 0.00041829572282085006 2.9458097321762104 0.69109589041095909
decision_type=8 10 10 10 8 10 8 8 10 10 10 10 8 10
left_child=1 2 3 4 5 9 8 -8 11 -1 -5 -6 -9 -11
right_child=-2 -3 -4 10 6 -7 7 12 -10 13 -12 -13 -14 -15
leaf_value=0.00028650770029344132 -0.00036761828444943368 0.00062094480647339719 -0.00028647377809537809 0.00043669656785849447 1.65444445713334e-05 -0.00047771664226949669 -0.00040678555397749506 0.00013680525497916692 0.00062467718377032255 -6.6712691905176187e-05 7.8812333338516637e-05 0.00037283290063411337 -0.00020306791128474287 0.00011422957834002314
leaf_weight=103 179 126 152 135 230 119 108 347 104 1905 219 128 120 318
leaf_count=103 179 126 152 135 230 119 108 347 104 1905 219 128 120 318
internal_value=6.29775e-06 2.29933e-05 3.34728e-06 1.51893e-05 -5.86447e-06 -4.84976e-05 9.44047e-05 -3.9991e-05 0.000260309 -2.55608e-05 0.000219475 0.000147313 4.82457e-05 -4.06306e-05
internal_weight=4293 4114 3988 3836 3482 2445 1037 575 462 2326 354 358 467 2223
internal_count=4293 4114 3988 3836 3482 2445 1037 575 462 2326 354 358 467 2223
is_linear=0
shrinkage=0.03


Tree=121
num_leaves=15
num_cat=0
split_feature=32 3 34 13 8 16 15 35 2 3 21 21 9 9
split_gain=0.0430361 0.0302142 0.0165668 0.0129065 0.0126486 0.0214671 0.0182634 0.012507 0.0143793 0.0155188 0.0208807 0.0160019 0.0219118 0.0163891
threshold=0.2766576793157825 -0.27837401543382306 0.76067376155022948 0.52590793284145787 4.0705657078299291 1.65683277809789 1.9278156494415608 -0.00032544475121554993 -0.13431993296385328 -0.15803128533354768 -0.18634545620641821 -0.023986064304987644 -0.35691876598680977 -0.24663634520433192
decision_type=10 10 10 8 8 8 10 8 10 10 8 8 10 10
left_child=1 -1 3 -3 5 6 7 -5 -9 -10 -11 12 -12 -13
right_child=-2 2 -4 4 -6 -7 -8 8 9 10 11 13 -14 -15
leaf_value=0.00052226925199716306 -0.00047909388135440161 0.00033515387480484172 -0.00031149991247054587 -0.00012768940640734121 0.00028610803299695893 -0.00042031150158573788 0.00037363999857200828 0.00035871690364274399 -0.00030306215781141627 0.00035684011924434799 -0.00047310066201680456 0.00033378611241613302 -3.6990981221353331e-05 2.8848865799443308e-05
leaf_weight=101 155 109 135 570 140 101 117 107 129 158 115 173 771 1470
leaf_count=101 155 109 135 570 140 101 117 107 129 158 115 173 771 1470
internal_value=3.81502e-06 2.22026e-05 9.247e-06 2.05606e-05 1.12332e-05 4.92325e-07 1.28306e-05 2.2825e-07 2.53483e-05 1.20679e-05 2.77317e-05 6.50707e-06 -9.59339e-05 6.18726e-05
internal_weight=4351 4196 4095 3960 3851 3711 3610 3493 2923 2816 2687 2529 886 1643
internal_count=4351 4196 4095 3960 3851 3711 3610 3493 2923 2816 2687 2529 886 1643
is_linear=0
shrinkage=0.03


Tree=122
num_leaves=15
num_cat=0
split_feature=10 10 31 31 20 20 18 17 12 35 18 10 10 12
split_gain=0.033079 0.0533486 0.0231549 0.0152864 0.0166005 0.0147209 0.0141577 0.0212122 0.0152768 0.0156527 0.013802 0.0302072 0.0280255 0.0196094
threshold=6.6247327876745317 2.6615080409324849 -1.6531656844507732 -1.1705003152685611 0.56780821917808233 0.007534246575342401 0.31124678509472209 -0.50138789521858362 0.041355031195620361 0.0099553254934876007 0.65380430366332887 1.2480492667050784 1.3454815591099498 0.064104852938755355
decision_type=8 10 10 10 10 8 10 10 2 8 10 10 10 2
left_child=1 2 -1 4 -4 -5 7 -7 9 -9 11 13 -12 -8
right_child=-2 -3 3 5 -6 6 10 8 -10 -11 12 -13 -14 -15
leaf_value=0.00038089464849782163 -0.0005211866219979129 0.00067291915873033542 -0.00052742106876602134 -0.00028978391059818079 -3.0964980029966682e-05 -0.00012156120621383545 -5.5714431979723621e-05 0.00036116752139694983 0.00053083157064626912 -0.00013140528249461371 2.4198625097105396e-05 -0.00054919254088846802 0.0005293180422607268 0.0003131982378113857
leaf_weight=134 100 104 100 144 145 165 1759 117 136 107 909 101 106 135
leaf_count=134 100 104 100 144 145 165 1759 117 136 107 909 101 106 135
internal_value=4.71479e-06 1.79608e-05 3.67812e-07 -1.30949e-05 -0.000240096 2.32737e-06 1.46192e-05 0.000157598 0.000285458 0.000128144 -1.0539e-05 -5.63235e-05 7.92861e-05 -2.86638e-05
internal_weight=4262 4162 4058 3924 245 3679 3535 525 360 224 3010 1995 1015 1894
internal_count=4262 4162 4058 3924 245 3679 3535 525 360 224 3010 1995 1015 1894
is_linear=0
shrinkage=0.03


Tree=123
num_leaves=15
num_cat=0
split_feature=12 10 8 8 33 1 9 32 36 12 32 10 10 17
split_gain=0.0467829 0.0262296 0.0223112 0.0215724 0.0211624 0.0201892 0.0227447 0.0171214 0.0139197 0.0121746 0.0116249 0.0226945 0.0190765 0.0139164
threshold=0.10462954964121327 2.9913732361002725 3.4492982443314451 2.369908276660968 0.053333121427533409 -0.094314345403100477 -0.47075467642980134 0.029099884662347354 0.23984846744879959 0.018142723954046456 -0.066206473967846485 0.55773626658939457 0.20525539255198963 0.040479147082519505
decision_type=2 8 10 10 8 10 10 10 10 2 8 10 10 8
left_child=1 2 3 5 7 -1 -7 -5 9 -8 11 12 -11 -12
right_child=-2 -3 -4 4 -6 6 8 -9 -10 10 13 -13 -14 -15
leaf_value=-0.00034900390300988092 -0.00052083556958766673 0.00041692230035550893 -0.00044304266859803137 0.00032303061494920774 0.00055058339495848605 0.00037869116248086439 7.1146903303830647e-05 -0.0001841780180409334 0.00030905558320636008 -0.00024357710822808408 3.7140741578399417e-05 -0.00050925456377153748 0.00022149176981330328 -0.00012232801843745685
leaf_weight=163 159 124 103 107 111 124 698 124 102 197 1037 145 126 930
leaf_count=163 159 124 103 107 111 124 698 124 102 197 1037 145 126 930
internal_value=-2.40052e-05 -4.08329e-06 -1.77513e-05 -5.85669e-06 0.000219851 -2.80543e-05 -1.19842e-05 5.26291e-05 -2.75204e-05 -3.89532e-05 -7.05948e-05 -0.000204176 -6.15462e-05 -3.83753e-05
internal_weight=4250 4091 3967 3864 342 3522 3359 231 3235 3133 2435 468 323 1967
internal_count=4250 4091 3967 3864 342 3522 3359 231 3235 3133 2435 468 323 1967
is_linear=0
shrinkage=0.03


Tree=124
num_leaves=15
num_cat=0
split_feature=0 1 17 1 19 1 34 10 4 30 10 16 10 17
split_gain=0.0247763 0.0273984 0.0177947 0.0170821 0.0124819 0.0165969 0.0155632 0.0147858 0.0309512 0.0144205 0.0226753 0.014792 0.0135168 0.0128954
threshold=-0.073490077323241129 0.12097733987458441 1.5051441725813171 -0.089771177427980839 1.2768660932035003 -0.041174781264768194 -0.27126915748548802 1.8564272732995726 0.33756519620992326 0.14217587700111164 0.8482784844918746 -0.65861697330768532 0.82461070042841089 1.040646274287411
decision_type=10 10 10 8 8 10 8 8 10 10 10 10 10 10
left_child=-1 2 3 -2 5 -5 -6 8 9 12 11 -11 13 -8
right_child=1 -3 -4 4 6 -7 7 -9 -10 10 -12 -13 -14 -15
leaf_value=0.00042102943173719516 -0.00031105840589400446 -0.00038935622094824087 0.00031726805652482963 0.00042906362120492467 -0.00036958515322643574 5.2340831359599866e-05 1.7089879022176932e-05 -0.00035252799141677864 0.0004224905566894449 -0.00033600530912995704 -0.00054176518879930056 4.6347334446016409e-05 0.00030046914262323087 -0.00030370395813158455
leaf_weight=119 154 159 154 117 108 782 1655 104 145 121 105 325 136 116
leaf_count=119 154 159 154 117 108 782 1655 104 145 121 105 325 136 116
internal_value=3.11601e-06 -9.26737e-06 6.22329e-06 -6.5542e-06 6.47321e-06 0.000103471 -2.46327e-05 -1.02142e-05 4.11217e-06 -2.1376e-05 -0.000155821 -5.99602e-05 1.77757e-05 -4.71789e-06
internal_weight=4300 4181 4022 3868 3714 899 2815 2707 2603 2458 551 446 1907 1771
internal_count=4300 4181 4022 3868 3714 899 2815 2707 2603 2458 551 446 1907 1771
is_linear=0
shrinkage=0.03


Tree=125
num_leaves=15
num_cat=0
split_feature=21 3 19 3 19 10 26 31 31 31 35 36 15 4
split_gain=0.0381049 0.0239904 0.0227719 0.019813 0.0138927 0.0330298 0.0215445 0.0109213 0.00817618 0.0108658 0.0100032 0.0149788 0.00970337 0.00850685
threshold=0.42838346188832183 0.31097796600723226 3.2064095400000006 -0.26660744301548678 2.682490592213338 0.99973776118646651 0.022060415665020202 -1.6114851869017726 -1.2176273860305764 -0.8946363465275563 0.036511874040988504 0.083093576619820073 0.81748076351904309 -0.17589470614893368
decision_type=10 8 8 10 10 10 10 10 10 10 10 10 10 10
left_child=1 2 3 -1 5 7 -6 -5 -9 12 11 13 -10 -11
right_child=-2 -3 -4 4 6 -7 -8 8 9 10 -12 -13 -14 -15
leaf_value=0.0004110700778295034 -0.0005572083122549682 0.00045068815717769955 -0.00034913230913571165 0.00030094565511587593 -6.9916851950708669e-05 -0.0004394322841552195 0.00052008018780527526 -0.00019691820694727841 -2.4085734818632212e-05 0.00014015780369086266 -0.00026334836299520941 0.00027693815655080114 0.00031679353464031948 -3.1848891775458976e-05
leaf_weight=106 103 105 155 107 106 149 110 175 125 286 126 166 181 2334
leaf_count=106 103 105 155 107 106 149 110 175 125 286 126 166 181 2334
internal_value=-7.5065e-07 1.34375e-05 1.7782e-06 1.58971e-05 4.54215e-06 -9.43359e-06 0.000235513 9.47282e-06 -1.48226e-07 1.08413e-05 -7.14805e-06 4.88993e-06 0.000179397 -1.28414e-05
internal_weight=4334 4231 4126 3971 3865 3649 216 3500 3393 3218 2912 2786 306 2620
internal_count=4334 4231 4126 3971 3865 3649 216 3500 3393 3218 2912 2786 306 2620
is_linear=0
shrinkage=0.03


Tree=126
num_leaves=15
num_cat=0
split_feature=34 3 32 8 10 13 4 26 35 14 3 4 28 29
split_gain=0.0250116 0.0186026 0.0203753 0.0330005 0.0205388 0.0132906 0.0146387 0.0153787 0.0122607 0.0122229 0.0119459 0.0113862 0.0188902 0.0114448
threshold=-0.28813003284590699 -0.27837401543382306 0.2766576793157825 4.0705657078299291 1.7552421326778198 0.56931509306028938 -0.037235278482777891 0.079079831763065059 0.012840441819354802 0.8874253600280998 -0.076225311099651791 -0.18931208872523553 -0.058762402108698944 0.29123017843543531
decision_type=8 10 10 8 10 10 10 10 10 10 10 10 8 8
left_child=-1 -2 3 4 5 -3 8 9 11 10 -8 12 -7 -14
right_child=1 2 -4 -5 -6 6 7 -9 -10 -11 -12 -13 13 -15
leaf_value=-0.00038039381314460609 0.00038483319476553232 0.00026770847460284131 -0.00034270452847650723 0.00042576034928640131 -0.00034546034289682711 -0.0002418653944888237 -0.000270226147215933 -0.00024363650762482874 -0.00034201901675529642 0.00034851847846743828 5.3156939285459637e-05 -0.00012739799295468772 0.00042920369881487979 5.9293976409134228e-06
leaf_weight=160 103 151 158 152 160 105 104 165 157 114 1823 728 121 106
leaf_count=160 103 151 158 152 160 105 104 165 157 114 1823 728 121 106
internal_value=-1.81687e-05 -3.75201e-06 -1.41122e-05 -3.28837e-07 -1.82198e-05 -3.10783e-06 -1.54275e-05 3.06521e-05 -9.87375e-05 5.33675e-05 3.50498e-05 -6.12677e-05 8.34796e-05 0.000235939
internal_weight=4307 4147 4044 3886 3734 3574 3423 2206 1217 2041 1927 1060 332 227
internal_count=4307 4147 4044 3886 3734 3574 3423 2206 1217 2041 1927 1060 332 227
is_linear=0
shrinkage=0.03


Tree=127
num_leaves=15
num_cat=0
split_feature=20 2 10 0 1 31 13 31 3 34 1 21 35 21
split_gain=0.0384175 0.0305055 0.0337637 0.0239639 0.0221215 0.0172759 0.018502 0.0173193 0.0175183 0.0130308 0.0210774 0.0206595 0.0169745 0.0228687
threshold=0.99859252514054953 0.22637976922430567 5.2581834122266349 -0.073490077323241129 -0.094314345403100477 -1.4847205940933352 0.55475897242787531 -1.23359722221193 0.25232712575538424 -0.13558179351871458 -0.050145274969299998 -0.051039123072575597 0.0058662026374960005 -0.015532971987186698
decision_type=10 8 8 10 10 10 10 10 10 8 10 10 8 10
left_child=1 2 3 -1 -5 -6 -7 -8 9 12 -11 -12 -9 -14
right_child=-2 -3 -4 4 5 6 7 8 -10 10 11 -13 13 -15
leaf_value=0.00042982713052995016 -0.00056797621191677068 0.00047664532107821863 -0.0005493366416024246 -0.00038673984298800632 0.00027583391081998097 0.00030746603039469902 -0.00039599512389332112 -0.00013575203045824888 -0.00036852057402419244 0.00025225978980883174 -0.00018038293748316061 2.2687452278153736e-06 0.00060711222563799758 8.2974416610844654e-05
leaf_weight=105 108 109 101 137 182 144 110 146 121 209 826 1692 104 246
leaf_count=105 108 109 101 137 182 144 110 146 121 209 826 1692 104 246
internal_value=-2.20599e-05 -7.47443e-06 -2.0835e-05 -6.8977e-06 -1.91377e-05 -5.32126e-06 -1.99062e-05 -3.39793e-05 -2.14974e-05 -7.91862e-06 -3.36986e-05 -5.78867e-05 0.000132741 0.000245076
internal_weight=4340 4232 4123 4022 3917 3780 3598 3454 3344 3223 2727 2518 496 350
internal_count=4340 4232 4123 4022 3917 3780 3598 3454 3344 3223 2727 2518 496 350
is_linear=0
shrinkage=0.03


Tree=128
num_leaves=15
num_cat=0
split_feature=14 2 9 21 32 28 7 11 17 14 19 16 12 13
split_gain=0.0261877 0.0192294 0.0259158 0.021571 0.0171393 0.0206854 0.0160276 0.0139244 0.01433 0.0345397 0.0170402 0.011496 0.0178159 0.0122779
threshold=0.96917808219178092 -0.09644214595722464 -0.50010032426888351 -0.19768257314782212 0.32235138204367875 0.19858559441678111 -0.38702543134591127 0.12468477426795446 1.0224983365767899 0.84863013698630152 1.7614344054105002 0.69773248059725124 0.029397688491796751 0.56931509306028938
decision_type=10 8 10 10 10 10 8 10 10 10 10 10 2 10
left_child=1 3 -3 -1 5 7 -5 -4 9 11 -10 13 -13 -9
right_child=-2 2 4 6 -6 -7 -8 8 10 -11 -12 12 -14 -15
leaf_value=-0.00048289727177205672 0.00043725070438813417 0.00046880818940437985 -0.00029376569436568092 -0.00024049977458375036 -0.00036857199312607031 0.00033476491402292265 0.00024523890500050683 0.00026220464882995161 0.0001157169643713042 0.00047193609355442295 -0.00032468069569415787 9.5721196696434735e-05 -0.00041824224205242079 2.5497197945323894e-06
leaf_weight=153 115 102 143 136 108 160 103 171 116 143 230 105 134 2385
leaf_count=153 115 102 143 136 108 160 103 171 116 143 230 105 134 2385
internal_value=2.79466e-07 -1.22236e-05 8.53671e-06 -0.000210888 -4.78538e-06 6.66557e-06 -3.0429e-05 -9.11815e-06 3.70442e-06 2.53082e-05 -0.000177488 1.65554e-06 -0.000195108 2.0399e-05
internal_weight=4304 4189 3797 392 3695 3587 239 3427 3284 2938 346 2795 239 2556
internal_count=4304 4189 3797 392 3695 3587 239 3427 3284 2938 346 2795 239 2556
is_linear=0
shrinkage=0.03


Tree=129
num_leaves=15
num_cat=0
split_feature=3 22 3 10 4 19 30 21 21 21 22 24 28 22
split_gain=0.0391023 0.0177023 0.0181508 0.0449879 0.0180204 0.0120353 0.0311296 0.0230299 0.0207764 0.0199688 0.0189356 0.0266193 0.0148888 0.0142427
threshold=0.33874582191921693 0.014021602550255403 0.19973386063656681 1.0656997760866762 0.34782370812171404 1.3271057457470004 0.063087783000515818 -0.2604242495457762 -0.14740729662479415 -0.13271206284408488 0.0018713621243944001 0.67535475653087229 0.088778054776673415 0.0010514014428172002
decision_type=10 10 8 8 8 10 10 10 8 10 10 10 10 10
left_child=1 2 4 -4 5 6 8 -7 -1 -8 13 -12 -10 -9
right_child=-2 -3 3 -5 -6 7 9 10 12 -11 11 -13 -14 -15
leaf_value=-0.00035517374644443753 -0.00051904922135597765 0.00036693111727014181 -3.9647056058151422e-05 0.00071926971965391808 -0.00035537479170155012 -0.0004403129645020197 0.00059852829871531515 -2.3392975297290414e-05 -3.7103235003829839e-05 0.00014669126068062266 -6.949276654388569e-05 0.00047942261747037617 0.0003392350882067523 -0.00027952273495292787
leaf_weight=146 122 120 200 103 129 117 121 1825 458 309 161 150 114 214
leaf_count=146 122 120 200 103 129 117 121 1825 458 309 161 150 114 214
internal_value=-4.78141e-07 1.53083e-05 4.44218e-06 0.000225823 -1.37513e-05 -1.08661e-06 7.89545e-05 -3.84175e-05 -4.21038e-05 0.000279254 -1.75159e-05 0.000198654 4.01909e-05 -5.08927e-05
internal_weight=4289 4167 4047 303 3744 3615 1148 2467 718 430 2350 311 572 2039
internal_count=4289 4167 4047 303 3744 3615 1148 2467 718 430 2350 311 572 2039
is_linear=0
shrinkage=0.03


Tree=130
num_leaves=15
num_cat=0
split_feature=24 4 4 4 0 4 9 9 16 19 20 1 8 18
split_gain=0.0199747 0.0769107 0.0629045 0.0254951 0.0252352 0.0240881 0.0179603 0.0160584 0.0202573 0.0155151 0.0279956 0.0108934 0.0093505 0.00858247
threshold=0.62397260273972621 0.36613164565803763 0.46806133267896538 0.19390277120838323 0.029796946672714705 -0.28488244807879376 -0.31481277214780407 -0.36380622307884525 -0.33735024665198593 2.0219380750000004 0.1582191780821918 0.083689227609454714 0.9596684082995639 0.24376756687880058
decision_type=10 10 8 10 10 10 10 8 8 10 10 10 10 10
left_child=2 3 5 4 6 -1 -2 8 -7 10 -8 13 -12 -9
right_child=1 -3 -4 -5 -6 7 9 11 -10 -11 12 -13 -14 -15
leaf_value=0.00044954669544426332 0.00029402451668096135 -0.00064219608809079089 0.00072135431424906146 0.00030925241556522057 -0.00047468300917754012 4.7133154249699464e-05 -0.00029428317778814982 -0.00013874133721621931 -0.00047995268362363672 -0.00032636261223477402 0.00037969033961261241 -0.00022802754630594477 2.5991190600507253e-05 6.7458146756820784e-05
leaf_weight=114 150 183 119 209 108 133 152 193 123 150 135 128 131 2243
leaf_count=114 150 183 119 209 108 133 152 193 123 150 135 128 131 2243
internal_value=1.85095e-05 -8.39865e-05 5.94709e-05 1.73244e-05 -5.79574e-05 3.1444e-05 7.57481e-06 1.37762e-05 -0.000210458 -6.99777e-05 2.47967e-05 3.65307e-05 0.000209194 5.08706e-05
internal_weight=4271 1218 3053 1035 826 2934 718 2820 256 568 418 2564 266 2436
internal_count=4271 1218 3053 1035 826 2934 718 2820 256 568 418 2564 266 2436
is_linear=0
shrinkage=0.03


Tree=131
num_leaves=15
num_cat=0
split_feature=10 26 30 21 33 20 0 14 29 19 19 21 35 36
split_gain=0.051874 0.0285258 0.0317937 0.0232208 0.0217495 0.0184881 0.0154397 0.0239292 0.0179214 0.0158931 0.0149231 0.0134103 0.0353891 0.0179058
threshold=5.2581834122266349 0.15019167715061452 0.35865825853284955 0.33418811910951857 0.17964072868131617 0.98789737415807133 0.037858647954673703 0.90068493150684936 -0.10217178083874724 1.5804238600000002 0.81568929500000009 -0.049376908718381893 0.052452534517942261 0.04732496515908876
decision_type=8 10 10 10 10 10 10 10 8 10 8 8 8 8
left_child=1 3 -3 4 5 6 7 8 -1 -8 -10 12 13 -12
right_child=-2 2 -4 -5 -6 -7 9 -9 10 -11 11 -13 -14 -15
leaf_value=0.00014304614813047406 -0.00057439596604455523 9.8785929175676732e-06 0.00071349930880251539 -0.0003383901604874914 -0.00029068566311112731 0.00038035684190718019 6.4066345493066603e-05 0.0004187647993840864 0.00030162442653633307 -0.0003528859129627604 -8.1804065016123268e-05 1.9110911224605769e-05 -0.00034956569974364701 0.00030188855474276067
leaf_weight=734 136 126 102 178 203 122 138 133 113 194 380 1246 383 148
leaf_count=734 136 126 102 178 203 122 138 133 113 194 380 1246 383 148
internal_value=-8.39296e-06 1.0596e-05 0.000333213 -8.31847e-06 7.59222e-06 2.48347e-05 1.1802e-05 3.24834e-05 1.47137e-05 -0.000181195 -2.70056e-05 -4.48794e-05 -0.000132027 2.75692e-05
internal_weight=4336 4200 228 3972 3794 3591 3469 3137 3004 332 2270 2157 911 528
internal_count=4336 4200 228 3972 3794 3591 3469 3137 3004 332 2270 2157 911 528
is_linear=0
shrinkage=0.03


Tree=132
num_leaves=15
num_cat=0
split_feature=10 10 27 34 9 7 20 35 16 8 35 10 3 7
split_gain=0.0467198 0.0239585 0.0558601 0.0158009 0.0149085 0.0283726 0.0218468 0.0150726 0.0111092 0.0194809 0.0156563 0.0135834 0.0138695 0.0172522
threshold=5.2581834122266349 1.4722092852306732 0.20041011756249386 -0.29840069918204287 -0.44699153833532562 -1.3068342030049223 0.0089041095890410506 0.049376867645641608 1.4453580603491101 2.369908276660968 0.044155443423344702 0.91288427014173967 -0.12679853540138689 0.23557766608438332
decision_type=8 10 10 8 10 10 8 10 8 10 8 10 10 10
left_child=1 3 -3 -1 5 -5 -6 8 9 11 -11 12 -8 -14
right_child=-2 2 -4 4 6 -7 7 -9 -10 10 -12 -13 13 -15
leaf_value=-0.00031381474140328055 -0.00057464975303915826 -0.00013163005276483226 0.00075762982480227943 0.00055193083165044475 -0.00041784135982327693 -0.00011370974425120617 0.00025276165826157508 -0.0003115241358767662 -0.0002394175801498317 4.2072459939094107e-05 0.00050074585146346324 -0.00026889633248792963 -7.2878999778451897e-05 8.2976243629458255e-05
leaf_weight=136 119 129 118 119 107 105 215 123 137 133 132 145 1283 1264
leaf_count=136 119 129 118 119 107 105 215 123 137 133 132 145 1283 1264
internal_value=-8.39268e-07 1.63028e-05 0.000299802 -2.01771e-06 9.65253e-06 0.000244242 -5.51936e-06 7.92482e-06 2.02513e-05 3.18256e-05 0.000275586 9.16958e-06 2.42271e-05 4.47833e-06
internal_weight=4265 4146 247 3899 3763 224 3539 3432 3309 3172 265 2907 2762 2547
internal_count=4265 4146 247 3899 3763 224 3539 3432 3309 3172 265 2907 2762 2547
is_linear=0
shrinkage=0.03


Tree=133
num_leaves=15
num_cat=0
split_feature=10 10 17 32 36 11 30 28 31 31 3 30 36 10
split_gain=0.0354146 0.0603223 0.0179814 0.0168368 0.0203004 0.0176504 0.0172576 0.0170976 0.0142432 0.0139779 0.0157614 0.0131001 0.0122592 0.011847
threshold=5.2581834122266349 2.2766353318591634 1.6080546312863895 0.0066246726058674004 0.083093576619820073 0.95493793166121954 0.061339411559949007 0.042368794716504753 -1.6531656844507732 -1.3131685269375255 -0.11795657787660609 0.11013253911385766 -0.010513062201212399 0.65404507030287606
decision_type=8 10 10 10 10 10 10 10 10 10 10 10 8 10
left_child=1 2 3 8 5 6 12 -6 -1 -10 11 -11 -5 -12
right_child=-2 -3 -4 4 7 -7 -8 -9 9 10 13 -13 -14 -15
leaf_value=0.00022394967430695292 -0.00047625152576446237 0.00067400819093781745 -0.00037884740445543174 -0.00035030957023099169 0.00059374873530644036 -0.00034661835229988873 0.00013785587999838185 6.016610695521219e-05 -0.00039926553321153839 -2.4063848250079901e-05 -6.2544158476231205e-05 0.00038293044839273361 -3.9570144594765064e-06 -0.00029638437588311881
leaf_weight=142 132 116 108 101 108 100 978 106 113 178 1105 113 696 233
leaf_count=142 132 116 108 101 108 100 978 106 113 178 1105 113 696 233
internal_value=-1.59035e-06 1.38872e-05 -5.6782e-06 4.92927e-06 6.35066e-05 3.14951e-05 5.3711e-05 0.000336859 -6.00181e-05 -8.37405e-05 -6.06985e-05 0.000137777 -4.9759e-05 -0.000104217
internal_weight=4329 4197 4081 3973 2089 1875 1775 214 1884 1742 1629 291 797 1338
internal_count=4329 4197 4081 3973 2089 1875 1775 214 1884 1742 1629 291 797 1338
is_linear=0
shrinkage=0.03


Tree=134
num_leaves=15
num_cat=0
split_feature=3 12 12 24 8 29 15 21 29 24 8 32 16 13
split_gain=0.0321121 0.0303663 0.0212041 0.0171735 0.0608347 0.0392594 0.0134719 0.0190562 0.0219353 0.0181284 0.0170205 0.0263468 0.0209102 0.0158034
threshold=-0.27837401543382306 0.11635218159333517 0.086391054136719006 0.46026250931392221 2.5841445168640038 -0.35731330890385732 1.4544600830332346 0.13941302385690213 -0.098395070240549887 0.64122305069071162 -0.90838660592851816 0.027866322334112653 0.078156343915712911 0.99823324697448157
decision_type=10 2 2 8 10 8 10 10 8 8 10 10 10 10
left_child=-1 2 3 4 -2 -5 7 8 9 -7 12 13 -10 -12
right_child=1 -3 -4 5 -6 6 -8 -9 10 -11 11 -13 -14 -15
leaf_value=0.00052284012489349778 2.2407844407399889e-05 -0.00049527400947732125 0.00043314392322604101 -0.00061115791302026158 0.00071081208300822205 -4.2725501569919761e-05 0.00019118953405529278 -0.0002690464483317966 0.00024679529885626679 0.00045381041332439052 -0.00043285097349766234 8.2914479847744356e-05 -0.00022426996791841166 -4.2462441720401753e-05
leaf_weight=104 1910 103 101 105 118 117 218 305 252 145 278 251 122 141
leaf_count=104 1910 103 101 105 118 117 218 305 252 145 278 251 122 141
internal_value=1.45241e-05 1.22297e-06 1.44028e-05 3.1957e-06 6.41126e-05 -6.06826e-05 -2.75007e-05 -5.75937e-05 -7.37382e-06 0.000235427 -6.91384e-05 -0.000159215 9.22008e-05 -0.000303529
internal_weight=4270 4166 4063 3962 2028 1934 1829 1611 1306 262 1044 670 374 419
internal_count=4270 4166 4063 3962 2028 1934 1829 1611 1306 262 1044 670 374 419
is_linear=0
shrinkage=0.03


Tree=135
num_leaves=15
num_cat=0
split_feature=21 16 10 30 28 20 16 1 21 30 2 22 16 7
split_gain=0.0536214 0.0290339 0.0230774 0.0246581 0.0150767 0.0143423 0.0164683 0.0234838 0.0209599 0.0199087 0.0136445 0.013522 0.0130242 0.0128876
threshold=0.44653360857246699 1.3877360371016885 1.3041818039829509 0.17220479719893247 -0.202847410646286 0.007534246575342401 0.346192950773967 -0.050145274969299998 -0.20653899775861878 0.16621815892318548 -0.099935198642169029 0.00027396436782420005 0.80902815678805073 2.2634462846058994
decision_type=8 10 10 10 10 8 8 10 10 10 10 10 8 10
left_child=1 2 4 -4 -1 -6 8 -8 -7 11 -10 12 -9 -13
right_child=-2 -3 3 -5 5 6 7 9 10 -11 -12 13 -14 -15
leaf_value=0.00031098693445886149 -0.00049771812538947958 0.00041466019334860136 7.7670210024474991e-05 -0.00052465874260044924 -0.00030440135999944886 -0.00041186833544808903 0.00047499965858496178 -1.9049524843421219e-05 0.00029461087718806172 0.00039283537019902938 -3.0526437240759982e-05 -0.00023275207409062778 0.00032160887115813757 0.00014285811316751967
leaf_weight=140 193 147 100 148 130 120 132 252 118 129 2087 284 163 111
leaf_count=140 193 147 100 148 130 120 132 252 118 129 2087 284 163 111
internal_value=-1.56352e-05 7.85976e-06 -7.92819e-06 -0.000285049 1.11814e-05 -1.14592e-06 1.08932e-05 0.000107951 -3.39518e-05 5.41109e-05 -1.24996e-05 -1.91319e-06 0.000116987 -0.000126735
internal_weight=4254 4061 3914 248 3666 3526 3396 1071 2325 939 2205 810 415 395
internal_count=4254 4061 3914 248 3666 3526 3396 1071 2325 939 2205 810 415 395
is_linear=0
shrinkage=0.03


Tree=136
num_leaves=15
num_cat=0
split_feature=32 20 28 29 10 30 33 13 8 17 16 8 6 4
split_gain=0.0373408 0.0294236 0.027367 0.0241027 0.0189112 0.0123115 0.0119027 0.0174573 0.0110955 0.00956786 0.024256 0.0155142 0.0158434 0.0122603
threshold=0.2766576793157825 0.0061643835616438008 0.34989492525698834 -0.43082462167801422 1.4722092852306732 0.34160306100723942 -0.17265028829640877 1.631432088445943 0.34738873916174395 0.87999371758111866 0.53037961892653052 2.3123157003555375 -1.7109720655582763 0.267712301526839
decision_type=10 8 8 10 10 10 8 8 10 8 8 10 10 10
left_child=1 -1 3 -3 5 6 -5 9 -7 11 -11 12 -8 -14
right_child=-2 2 -4 4 -6 8 7 -9 -10 10 -12 -13 13 -15
leaf_value=-0.00044184565172530709 -0.00045693139207493376 -0.00041065601126228247 0.00041253245993417133 -0.00026766552476257811 0.00032046895950114674 2.3169691141838396e-05 0.00030529090081935352 0.0003524898297072635 -0.0003989423538001663 -0.00050234400849957534 1.4834287642679017e-05 0.00039487466835641993 1.9225228989954839e-05 -0.00031070282729486721
leaf_weight=120 154 114 153 118 178 102 164 142 118 103 333 101 2316 101
leaf_count=120 154 114 153 118 178 102 164 142 118 103 333 101 2316 101
internal_value=-5.7204e-06 1.14992e-05 2.5484e-05 9.75074e-06 2.29694e-05 7.82719e-06 2.21082e-05 3.29908e-05 -0.00020707 1.78991e-05 -0.000111653 3.91284e-05 2.44708e-05 4.82546e-06
internal_weight=4317 4163 4043 3890 3776 3598 3378 3260 220 3118 436 2682 2581 2417
internal_count=4317 4163 4043 3890 3776 3598 3378 3260 220 3118 436 2682 2581 2417
is_linear=0
shrinkage=0.03


Tree=137
num_leaves=15
num_cat=0
split_feature=31 0 2 7 30 0 19 0 2 32 1 2 24 11
split_gain=0.0279302 0.0243976 0.0281736 0.033135 0.0184065 0.0179234 0.0382492 0.0167597 0.0178791 0.0115048 0.0212801 0.0338975 0.0176265 0.0146175
threshold=-1.4847205940933352 0.068863215455899268 -0.13431993296385328 -0.76648080186200118 0.55219563970726704 -0.040209215390861641 2.0046365957350005 -0.026849790095907097 -0.09644214595722464 0.0066246726058674004 0.08046303195589187 0.12676860485783822 0.14726027397260275 0.66033102835047608
decision_type=8 10 10 8 10 10 8 10 10 10 10 10 10 10
left_child=-1 2 3 -2 5 6 -4 -7 -9 -10 11 12 13 -11
right_child=1 -3 4 -5 -6 7 -8 8 9 10 -12 -13 -14 -15
leaf_value=0.00043405739930884923 -3.718890125436106e-07 -0.00038014207417408244 6.4968583026406334e-05 0.00071863676514476529 0.00037176453606356107 0.00025460963780034963 -0.00069026645720110871 -0.00038573019827163076 -7.5941328133952786e-05 2.2436094253256062e-05 -0.00030273223876720295 0.00057682560009542051 8.0856429018952538e-05 -0.00042295814213936129
leaf_weight=126 128 150 132 100 102 198 105 115 1416 139 145 106 1226 121
leaf_count=126 128 150 132 100 102 198 105 115 1416 139 145 106 1226 121
internal_value=2.70578e-06 -1.07901e-05 3.401e-06 0.000323637 -1.61874e-05 -2.73606e-05 -0.000276978 -9.9177e-06 -2.63092e-05 -1.261e-05 3.90873e-05 7.10707e-05 3.31806e-05 -0.000188913
internal_weight=4309 4183 4033 228 3805 3703 237 3466 3268 3153 1737 1592 1486 260
internal_count=4309 4183 4033 228 3805 3703 237 3466 3268 3153 1737 1592 1486 260
is_linear=0
shrinkage=0.03


Tree=138
num_leaves=15
num_cat=0
split_feature=1 31 8 15 19 14 19 24 31 2 24 1 33 19
split_gain=0.0340951 0.0243075 0.0212303 0.0219745 0.024272 0.0302088 0.0164124 0.0120839 0.0130026 0.0115497 0.0113071 0.0136456 0.012354 0.0231891
threshold=0.146239098443777 -1.4847205940933352 4.0705657078299291 2.1425923178408177 3.2064095400000006 0.94144191609945038 2.8843656900000005 0.088356164383561614 -1.1705003152685611 0.022919253919228656 0.90205479452054804 -0.068743975959894385 -0.014991614093488698 0.8529534275445001
decision_type=10 8 8 10 10 10 10 8 8 10 10 10 8 8
left_child=1 -1 3 4 5 6 7 9 -9 -3 11 -10 -13 -14
right_child=-2 2 -4 -5 -6 -7 -8 8 10 -11 -12 12 13 -15
leaf_value=0.00045927004535474834 -0.00052609087262421139 -4.9228071436091069e-05 0.00032509511597664475 -0.00042951450128299746 -0.00043479937668345064 0.00049589777919554134 0.00037351692283326494 -0.00024774707100754271 0.00029507479552913263 -0.00043933056301990016 -0.00026253347444673804 0.00011283427487480842 0.00035359330106556996 -5.3132285333643891e-05
leaf_weight=106 100 193 178 102 104 111 100 162 167 102 114 867 131 1742
leaf_count=106 100 193 178 102 104 111 100 162 167 102 114 867 131 1742
internal_value=7.85813e-06 2.12485e-05 9.29985e-06 -5.53015e-06 6.42192e-06 1.94325e-05 3.97975e-06 -7.16619e-06 9.97356e-06 -0.000189185 2.41803e-05 3.58554e-05 1.95476e-05 -2.38197e-05
internal_weight=4279 4179 4073 3895 3793 3689 3578 3478 3183 295 3021 2907 2740 1873
internal_count=4279 4179 4073 3895 3793 3689 3578 3478 3183 295 3021 2907 2740 1873
is_linear=0
shrinkage=0.03


Tree=139
num_leaves=15
num_cat=0
split_feature=2 16 8 19 22 35 20 19 35 6 22 28 31 31
split_gain=0.034591 0.0253897 0.0185154 0.0258968 0.0202717 0.0154439 0.0118792 0.0116753 0.0172361 0.0131476 0.0124738 0.0123675 0.0115833 0.0216574
threshold=0.22637976922430567 1.4204636706503659 2.8116325483974394 2.9769578450000007 0.0093201767189906529 0.049376867645641608 0.007534246575342401 0.97029534356550007 -0.00096617801481624994 -1.6688876652744657 -0.00023344287911084997 0.00083207118582515006 -1.6531656844507732 -1.1705003152685611
decision_type=8 10 10 10 10 10 8 8 8 10 10 10 10 10
left_child=1 2 3 4 5 6 -1 -8 10 -10 -9 -12 -11 -14
right_child=-2 -3 -4 -5 -6 -7 7 8 9 12 11 -13 13 -15
leaf_value=-0.00027538620679148478 0.00051636685171009349 -0.00039528612741689784 0.00028883434584840869 -0.00046740836561074046 0.00035623733553436247 -0.00033559742119447039 0.00016270839424604284 -0.00045102680110129905 0.00026455468641342443 0.00026350342997526844 0.00013909040937591045 -0.00026478782286157721 -0.0003375554764876819 1.2718641611514687e-05
leaf_weight=127 112 141 195 102 138 120 415 113 181 139 123 142 167 2077
leaf_count=127 112 141 195 102 138 120 415 113 181 139 123 142 167 2077
internal_value=7.6023e-06 -6.63031e-06 7.40948e-06 -7.22342e-06 5.92734e-06 -7.96126e-06 3.78833e-06 1.47437e-05 -6.36887e-06 2.16319e-05 -0.000194103 -7.82231e-05 2.66548e-06 -1.40415e-05
internal_weight=4292 4180 4039 3844 3742 3604 3484 3357 2942 2564 378 265 2383 2244
internal_count=4292 4180 4039 3844 3742 3604 3484 3357 2942 2564 378 265 2383 2244
is_linear=0
shrinkage=0.03


Tree=140
num_leaves=15
num_cat=0
split_feature=6 2 29 22 31 28 29 14 13 14 0 19 32 32
split_gain=0.0298723 0.0575605 0.0220441 0.0231301 0.00950901 0.0130846 0.0140513 0.0113337 0.0110437 0.01924 0.0219318 0.0125254 0.0112994 0.0102456
threshold=2.6830043397299614 0.22637976922430567 -0.4061419483199758 0.0073602286556917014 -1.6531656844507732 -0.097598914967522682 -0.10046048830327159 0.93630136986301382 0.97848753550881873 0.48698630136986304 -0.018906931154259395 1.4157553200000002 0.17012036072091871 0.0091016227670870017
decision_type=10 8 8 10 10 10 10 10 10 10 10 10 10 10
left_child=1 2 -1 4 -4 6 -6 8 9 11 -11 -7 -10 -12
right_child=-2 -3 3 -5 5 7 -8 -9 12 10 13 -13 -14 -15
leaf_value=-0.00041040650500300609 -0.00045526285882613982 0.00070323755813567852 0.00023390121059492231 0.00033327292604784639 -1.0521008731042716e-06 9.3296267479248449e-05 -0.000348439965640484 0.00028848302463760719 -0.00010415373332197086 -0.00011564074757771978 0.00015850703299127581 -8.3407694374362015e-05 0.00019775542123708873 0.00050559860477533539
leaf_weight=107 116 104 145 192 219 621 196 122 1059 126 149 848 120 168
leaf_count=107 116 104 145 192 219 621 196 122 1059 126 149 848 120 168
internal_value=9.44659e-06 2.28842e-05 4.66665e-06 1.63706e-05 -1.75574e-07 -9.83994e-06 -0.000167315 1.07283e-05 -6.82733e-07 4.38114e-05 0.000215915 -8.64539e-06 -7.27197e-05 0.000347449
internal_weight=4292 4176 4072 3965 3773 3628 415 3213 3091 1912 443 1469 1179 317
internal_count=4292 4176 4072 3965 3773 3628 415 3213 3091 1912 443 1469 1179 317
is_linear=0
shrinkage=0.03


Tree=141
num_leaves=15
num_cat=0
split_feature=7 10 17 20 34 17 31 5 9 34 6 34 0 20
split_gain=0.0243979 0.0474156 0.0246328 0.0188136 0.0138457 0.0132572 0.0163622 0.0181371 0.0187417 0.0164231 0.0156974 0.0154405 0.0143784 0.0142836
threshold=3.7084041598845636 2.4795330781313787 1.6080546312863895 0.007534246575342401 0.76067376155022948 1.105817436756839 -0.66150819014477635 -0.29268978224284964 -0.30261299473543435 -0.087515159195056494 0.20653600089984653 -0.054591968345331997 -0.0026944822438824995 0.9823458904109591
decision_type=8 10 8 8 10 10 10 10 10 8 10 10 10 10
left_child=1 2 3 -1 5 6 9 -8 -9 -5 11 -11 -13 -10
right_child=-2 -3 -4 4 -6 -7 7 8 13 10 -12 12 -14 -15
leaf_value=-0.00034337768141251654 -0.00044382633378908001 0.00053411293253053109 -0.00034970334086210643 -5.4245850151171629e-05 -0.00028847087918023597 0.00022339882565070035 0.00019771974505709548 -0.00044832361191027921 -2.0343701002406437e-05 0.00039795029570704397 0.00042573249327740971 0.00017210357640424069 -0.00027578819029342811 -0.00036148573308869694
leaf_weight=132 107 142 183 307 126 276 274 101 1993 101 202 136 114 112
leaf_count=132 107 142 183 307 126 276 274 101 1993 101 202 136 114 112
internal_value=-6.83417e-06 4.81599e-06 -1.43447e-05 1.92732e-06 1.455e-05 2.54925e-05 8.82912e-06 -3.03014e-05 -5.90063e-05 0.000121194 0.000218203 9.44678e-05 -3.3538e-05 -3.93083e-05
internal_weight=4306 4199 4057 3874 3742 3616 3340 2480 2206 860 553 351 250 2105
internal_count=4306 4199 4057 3874 3742 3616 3340 2480 2206 860 553 351 250 2105
is_linear=0
shrinkage=0.03


Tree=142
num_leaves=15
num_cat=0
split_feature=16 28 3 3 4 36 10 25 36 36 36 15 6 6
split_gain=0.0419676 0.0439456 0.0211387 0.015745 0.01659 0.0170746 0.0125145 0.0313495 0.0266771 0.0188782 0.0157012 0.015552 0.0132795 0.0157526
threshold=1.8693514480900688 0.26678339407680429 0.25944158538347262 0.22832944783489109 0.36613164565803763 0.22293081324126507 0.63383456464440935 0.014737982087022452 0.09175191867413697 0.082171250671543419 -0.010513062201212399 0.83416391205987839 -1.4068910246723922 -0.71019202187696828
decision_type=8 10 10 10 10 10 10 10 10 10 8 10 10 10
left_child=1 2 3 4 5 6 8 9 10 -8 11 -1 -12 -14
right_child=-2 -3 -4 -5 -6 -7 7 -9 -10 -11 12 -13 13 -15
leaf_value=0.00010340233963991825 -0.00049030341041673509 0.00056656077621039752 -0.00032712037569655543 0.00034942628716938393 -0.00036063225498343476 0.00030490129519660658 -0.00042128557338381799 0.00023080254687499744 -0.0004502325895009562 5.2597470971577247e-05 0.00021403878078825959 -0.00035199993428954431 -0.00012255720026125932 6.3331244023373577e-05
leaf_weight=103 163 112 191 103 118 147 277 135 107 102 356 181 539 1665
leaf_count=103 163 112 191 103 118 147 277 135 107 102 356 181 539 1665
internal_value=-2.54894e-05 -6.60118e-06 -2.32373e-05 -7.68825e-06 -1.80042e-05 -6.32783e-06 -1.99518e-05 -0.000155804 3.93419e-06 -0.000294726 2.17815e-05 -0.000187905 4.53645e-05 1.76967e-05
internal_weight=4299 4136 4024 3833 3730 3612 3465 514 2951 379 2844 284 2560 2204
internal_count=4299 4136 4024 3833 3730 3612 3465 514 2951 379 2844 284 2560 2204
is_linear=0
shrinkage=0.03


Tree=143
num_leaves=15
num_cat=0
split_feature=0 2 6 6 5 12 12 12 34 0 11 18 32 14
split_gain=0.0486857 0.0218203 0.0367164 0.047084 0.0203542 0.0284008 0.0166571 0.0183623 0.0106263 0.00989618 0.0150826 0.0124948 0.014303 0.0133432
threshold=0.068863215455899268 0.10858701430390393 2.1251377091390169 1.8562490985942213 -0.58003558534883659 0.079156949670770818 0.051221188211162054 0.047646603486954604 0.76067376155022948 -0.026849790095907097 0.1309648814696355 0.31548337686201305 -0.027212170828929197 0.63469085523880053
decision_type=10 8 10 8 8 2 2 2 8 10 10 10 8 10
left_child=1 4 3 -3 -1 6 7 9 -8 -6 -11 12 -12 -13
right_child=-2 2 -4 -5 5 -7 8 -9 -10 10 11 13 -14 -15
leaf_value=0.00038481966217369891 -0.00049718701482883516 0.00010887318597895903 -0.00014051877842374784 0.00087420676099076767 0.00016690290148421423 -0.00038605095709853403 0.00035803863995297752 -0.00041785078349390202 3.9119267971539214e-05 -0.0003732452165914347 0.0004415389663451699 -1.4834198964527924e-05 1.8840270827981819e-05 -0.00024568820964144405
leaf_weight=108 170 194 176 112 244 180 166 100 212 106 102 1944 222 250
leaf_count=108 170 194 176 112 244 180 166 100 212 106 102 1944 222 250
internal_value=-7.10829e-06 1.37117e-05 0.000202288 0.000398546 -1.15438e-05 -2.4212e-05 -4.19969e-06 -2.81825e-05 0.00018202 -1.38922e-05 -3.09894e-05 -1.58704e-05 0.0001566 -4.16382e-05
internal_weight=4286 4116 482 306 3634 3526 3346 2968 378 2868 2624 2518 324 2194
internal_count=4286 4116 482 306 3634 3526 3346 2968 378 2868 2624 2518 324 2194
is_linear=0
shrinkage=0.03


Tree=144
num_leaves=15
num_cat=0
split_feature=2 4 9 21 2 4 6 7 4 21 35 35 14 16
split_gain=0.0298198 0.044042 0.0160391 0.016348 0.0283966 0.0205668 0.0159723 0.00941679 0.00917104 0.0185699 0.0125317 0.0122889 0.0121122 0.0198318
threshold=0.23859811163099173 0.48974717609955626 -0.47075467642980134 -0.2604242495457762 -0.14343724377942427 -0.22719399979102692 -1.5795038116056315 3.0824855372728037 -0.043628432032372641 -0.10664849255894754 0.0039919545648157513 -0.0013992749434177997 0.78387808635549827 0.80902815678805073
decision_type=8 10 8 8 10 10 10 8 10 10 10 10 10 10
left_child=1 2 -1 -4 -5 -6 -7 8 10 -10 11 -8 13 -11
right_child=-2 -3 3 4 5 6 7 -9 9 12 -12 -13 -14 -15
leaf_value=0.00028274497696643335 0.00050143986474982471 -0.00058421148512688632 -0.00033832810403380012 0.00048507498161358712 0.00036219277553310156 -0.00027665860526579435 -7.7310256862725402e-05 -0.00026628911879064666 0.00037154500167776734 1.3848605853214394e-05 -0.00028257049127370753 0.00027080805845391043 -0.00016594739527467904 0.00030967462245961062
leaf_weight=196 107 106 114 109 134 186 423 106 140 1870 193 111 269 224
leaf_count=196 107 106 114 109 134 186 423 106 140 1870 193 111 269 224
internal_value=1.83531e-05 5.40581e-06 2.14402e-05 7.88992e-06 1.88078e-05 4.26303e-06 -9.84912e-06 5.41872e-06 1.47332e-05 4.19801e-05 -7.87213e-05 -3.10771e-06 2.17112e-05 4.61561e-05
internal_weight=4288 4181 4075 3879 3765 3656 3522 3336 3230 2503 727 534 2363 2094
internal_count=4288 4181 4075 3879 3765 3656 3522 3336 3230 2503 727 534 2363 2094
is_linear=0
shrinkage=0.03


Tree=145
num_leaves=15
num_cat=0
split_feature=27 2 30 20 23 23 0 12 33 3 19 12 0 30
split_gain=0.0284429 0.0544134 0.0504346 0.0179486 0.0160392 0.0572568 0.0107084 0.0188387 0.0173649 0.0136298 0.018407 0.0186441 0.0188753 0.0148548
threshold=1.4686361988221686 0.010888261176835752 0.55219563970726704 0.007534246575342401 0.0034905676611453507 0.006918605124663451 0.032776723262742703 0.059038577753591052 0.083888557396301369 0.018990731549938401 1.3452705250000003 0.036509017087372801 -0.015249325917329347 0.070306185966149556
decision_type=8 10 10 8 10 10 10 2 8 10 10 2 10 10
left_child=2 -2 3 -1 6 -6 7 9 -9 10 13 -12 -13 -5
right_child=1 -3 -4 4 5 -7 -8 8 -10 -11 11 12 -14 -15
leaf_value=-0.00034173286341655058 0.00010946931898608568 -0.00081820086925602344 0.00062606707183365904 -7.1969700822884964e-06 -0.00061224279371847336 0.00026849913123529401 -0.0001010881189331485 0.00056814379873315569 9.1692159720547676e-05 0.00010352797220338499 -3.0533193445080545e-05 -2.2514654655132514e-05 -0.00056422132804006652 0.00032686932065644213
leaf_weight=122 122 100 118 318 138 120 435 113 171 1321 765 101 132 187
leaf_count=122 122 100 118 318 138 120 435 113 171 1321 765 101 132 187
internal_value=9.56568e-06 -0.000317218 2.7888e-05 9.12132e-06 2.08168e-05 -0.000205279 3.75471e-05 5.70818e-05 0.000287816 3.341e-05 -2.83562e-05 -0.000102887 -0.00033481 0.000118499
internal_weight=4263 222 4041 3923 3801 258 3543 3108 284 2824 1503 998 233 505
internal_count=4263 222 4041 3923 3801 258 3543 3108 284 2824 1503 998 233 505
is_linear=0
shrinkage=0.03


Tree=146
num_leaves=15
num_cat=0
split_feature=20 8 10 16 19 5 27 19 28 35 20 21 10 8
split_gain=0.026601 0.0245386 0.052668 0.0223209 0.0146311 0.0179135 0.0231236 0.0164482 0.0107817 0.0164894 0.0127264 0.0230901 0.0178962 0.0163738
threshold=0.99859252514054953 3.6034979132222191 1.7552421326778198 1.7061267427972291 3.1224482000000005 0.56853549249020363 -0.21776865096424333 2.4248653399235005 0.088778054776673415 0.024862639453620505 0.084246575342465713 -0.17100103393651006 0.099477745349768373 -0.89060442140585605
decision_type=10 8 8 8 10 10 10 10 10 10 10 10 10 10
left_child=1 3 -3 4 5 7 -7 8 9 10 12 -12 -1 -13
right_child=-2 2 -4 -5 -6 6 -8 -9 -10 -11 11 13 -14 -15
leaf_value=1.6462306767068516e-06 -0.00046376459180795461 -0.00013632236337855823 0.00073870905683512183 -0.00042665544113333452 -0.00032891803163755833 -2.1209386443453175e-05 0.00043227794187241579 -0.00031984699408319417 0.00013363185279363665 -0.00029953437071526421 0.00038547289048801756 0.00034097632504316632 -0.00032176419551202128 -1.6737334695032566e-05
leaf_weight=443 105 122 118 107 111 205 194 142 489 171 155 119 231 1612
leaf_count=443 105 122 118 107 111 205 194 142 489 171 155 119 231 1612
internal_value=-3.20263e-06 8.79496e-06 0.000300197 -9.13614e-06 2.93708e-06 1.31549e-05 0.000201904 -9.51227e-06 4.64797e-06 -1.86493e-05 6.6028e-07 4.06623e-05 -0.000110749 8.76543e-06
internal_weight=4324 4219 240 3979 3872 3761 399 3362 3220 2731 2560 1886 674 1731
internal_count=4324 4219 240 3979 3872 3761 399 3362 3220 2731 2560 1886 674 1731
is_linear=0
shrinkage=0.03


Tree=147
num_leaves=15
num_cat=0
split_feature=6 20 8 21 28 13 9 8 36 1 9 26 24 5
split_gain=0.0215516 0.0527725 0.0404434 0.0153223 0.0157115 0.0151897 0.0122308 0.0287938 0.025546 0.0127773 0.0268254 0.0217048 0.0233335 0.0163425
threshold=2.18300134837988 0.94847685203151089 3.281828155145941 0.30645902004253173 0.20448539292513598 1.2421804945879973 -0.35691876598680977 -0.4303194819734425 0.060639405827605609 -0.049194698300985294 -0.25064174191726146 0.079079831763065059 0.53546912969613569 0.14479148782132986
decision_type=10 10 10 10 10 10 8 10 8 10 10 10 8 10
left_child=2 5 3 4 6 -2 7 8 -1 10 -8 -11 -13 -12
right_child=1 -3 -4 -5 -6 -7 9 -9 -10 11 13 12 -14 -15
leaf_value=-0.00020150997142797891 -0.00021707802875466081 -0.00079068872230874266 0.00050796027024605449 -0.00028347949359541465 0.00033095868262674995 0.00027822753659513018 0.00053487875401060593 -0.00042292922843000782 0.00032063008268939003 2.1713439921182094e-05 -0.00028703489832280739 3.8416021537235895e-05 -0.00058184355998648618 0.00021705147915189479
leaf_weight=183 108 101 138 166 125 105 123 194 148 2429 100 102 111 124
leaf_count=183 108 101 138 166 125 105 123 194 148 2429 100 102 111 124
internal_value=-6.51046e-06 -0.000243692 1.26622e-05 -5.94439e-06 7.08751e-06 2.78679e-05 -4.88711e-06 -0.000137718 3.32516e-05 1.86348e-05 0.000188425 -3.97916e-06 -0.000290749 -9.34071e-06
internal_weight=4257 314 3943 3805 3639 213 3514 525 331 2989 347 2642 213 224
internal_count=4257 314 3943 3805 3639 213 3514 525 331 2989 347 2642 213 224
is_linear=0
shrinkage=0.03


Tree=148
num_leaves=15
num_cat=0
split_feature=3 34 3 5 11 16 3 5 3 17 31 5 4 10
split_gain=0.0449368 0.0176956 0.0159643 0.0409862 0.0311259 0.019187 0.02069 0.0191913 0.016663 0.0212508 0.0118045 0.0136397 0.00957893 0.012473
threshold=0.33874582191921693 0.8493570303636333 -0.12679853540138689 -0.314458050361277 0.44268052781347644 1.4204636706503659 0.19973386063656681 0.40251933688795177 -0.074438274455952483 1.0000000180025095e-35 -1.328205297147625 0.81816008947102092 -0.19594675657894112 0.035087213284521308
decision_type=10 10 10 8 10 10 10 10 10 10 8 10 10 10
left_child=1 2 3 -1 -5 6 8 -8 9 -4 -10 12 -12 -14
right_child=-2 -3 5 4 -6 -7 7 -9 10 -11 11 -13 13 -15
leaf_value=-0.00015731447423586082 -0.00057506068394089249 -0.0003288080339109456 9.0178863268846347e-06 0.00062343221369737874 1.329799344169996e-05 -0.00038318248385224828 -5.9780128481049489e-05 0.00045849377532057199 0.00031282646380714139 -0.00046447786994804115 0.00029112476648726057 -0.00032654056905136842 -0.00031019451515125446 2.3790396719699312e-05
leaf_weight=192 113 123 194 195 121 105 100 170 115 147 109 100 100 2420
leaf_count=192 113 123 194 195 121 105 100 170 115 147 109 100 100 2420
internal_value=2.3188e-06 1.85531e-05 2.94467e-05 0.000185908 0.000393651 6.89068e-06 1.92819e-05 0.000268944 -2.27089e-06 -0.000198861 2.16083e-05 8.78667e-06 2.21372e-05 9.94902e-06
internal_weight=4304 4191 4068 508 316 3560 3455 270 3185 341 2844 2729 2629 2520
internal_count=4304 4191 4068 508 316 3560 3455 270 3185 341 2844 2729 2629 2520
is_linear=0
shrinkage=0.03


Tree=149
num_leaves=15
num_cat=0
split_feature=5 16 16 21 18 22 35 30 3 3 32 5 31 17
split_gain=0.0195555 0.0581779 0.0356243 0.0471129 0.0172436 0.030496 0.0230588 0.0208075 0.0204522 0.0195793 0.0184074 0.0256129 0.0170317 0.0169457
threshold=-0.61274409252709006 1.8693514480900688 1.4453580603491101 -0.2604242495457762 0.67491395305370072 0.005123307266918801 0.049376867645641608 -0.0065916560012135488 -0.12679853540138689 0.19439154419452628 0.10482473819218452 0.56853549249020363 0.13657519851089059 1.040646274287411
decision_type=10 8 10 8 10 10 10 10 10 10 10 10 8 10
left_child=-1 2 3 -2 5 6 8 -6 -5 13 11 12 -9 -10
right_child=1 -3 -4 4 7 -7 -8 10 9 -11 -12 -13 -14 -15
leaf_value=0.0003221595439894232 -0.00053262540450895672 -0.00071043114050587416 0.00047382348795747727 0.00024135409152622005 -0.00019516240129087236 -0.00047019451925548876 -0.00043689618626641189 -7.0847795106954493e-07 -2.2273455057548665e-05 0.00037498578067826665 -9.1063616032599761e-05 0.00065395688265925853 0.00036404784202466364 -0.00038465242484362976
leaf_weight=151 149 102 132 291 155 132 105 263 2099 101 169 115 200 118
leaf_count=151 149 102 132 291 155 132 105 263 2099 101 169 115 200 118
internal_value=-7.57816e-06 -2.00059e-05 -1.6679e-06 -1.83604e-05 2.76637e-06 -3.34835e-05 -1.14178e-05 0.000116696 6.50869e-06 -2.34297e-05 0.000182274 0.000262289 0.00015906 -4.23833e-05
internal_weight=4282 4131 4029 3897 3748 2846 2714 902 2609 2318 747 578 463 2217
internal_count=4282 4131 4029 3897 3748 2846 2714 902 2609 2318 747 578 463 2217
is_linear=0
shrinkage=0.03


Tree=150
num_leaves=15
num_cat=0
split_feature=7 30 29 24 29 21 19 22 30 24 18 35 30 24
split_gain=0.0309164 0.0307772 0.0244271 0.0146831 0.0152144 0.0159304 0.0135111 0.0160134 0.018794 0.0170255 0.0148354 0.0129644 0.014123 0.0369544
threshold=3.7084041598845636 0.55219563970726704 -0.43082462167801422 0.90205479452054804 -0.27553278754837957 0.20083634198139425 1.3374148808695001 -0.0020311945348173497 0.015718819890262855 0.6380186619019258 0.44830927482642496 0.047421809716428606 0.21502738756206782 0.47681770284510011
decision_type=8 10 8 10 8 10 8 10 10 8 10 10 10 10
left_child=1 2 -1 4 5 -4 7 -6 9 10 -9 12 -8 -14
right_child=-2 -3 3 -5 6 -7 11 8 -10 -11 -12 -13 13 -15
leaf_value=-0.00044231343711726367 -0.00051183188498336158 0.00046881673849743458 0.00050705668729885171 -0.00025386746555222602 -0.00023586834537449105 1.435417834406561e-05 -2.9105862074732468e-06 0.00032550751525670449 0.00021868916472734127 -0.00037641646406180891 -0.00012801191478100572 -0.00036455303361922881 3.2788548338479642e-05 -0.00059668261443909928
leaf_weight=115 107 114 103 202 125 131 1989 113 614 100 140 107 218 131
leaf_count=115 107 114 103 202 125 131 1989 113 614 100 140 107 218 131
internal_value=-1.99097e-05 -6.78992e-06 -2.06094e-05 -7.86244e-06 5.63395e-06 0.000237298 -1.00058e-05 7.75115e-05 0.000119026 -5.49597e-05 7.69308e-05 -4.91717e-05 -3.39909e-05 -0.000208579
internal_weight=4309 4202 4088 3973 3771 234 3537 1092 967 353 253 2445 2338 349
internal_count=4309 4202 4088 3973 3771 234 3537 1092 967 353 253 2445 2338 349
is_linear=0
shrinkage=0.03


Tree=151
num_leaves=15
num_cat=0
split_feature=7 4 8 16 19 29 26 35 20 3 20 3 27 19
split_gain=0.0260811 0.0362656 0.0137811 0.0194895 0.0117854 0.0144984 0.0162333 0.0140975 0.0104272 0.0152505 0.0264804 0.0236596 0.010843 0.0114173
threshold=3.7084041598845636 0.51260121068396758 3.1430401579430356 1.337560332567558 2.9461082850000007 -0.23917006954857853 0.0048022281525167011 0.048321581533883204 0.007534246575342401 -0.11480254825352719 0.15136986301369862 -0.15803128533354768 0.68291910782513632 2.0359998279125002
decision_type=8 10 10 10 10 8 10 10 8 10 10 10 10 10
left_child=1 2 3 4 5 6 -1 8 -7 10 -10 -12 13 -11
right_child=-2 -3 -4 -5 -6 7 -8 -9 9 12 11 -13 -14 -15
leaf_value=0.00051180712670507739 -0.00045389013206842567 0.0004710780569477815 -0.00030850962705921206 0.00039553221348844663 -0.00029640621170616793 -0.00025289084361208121 1.9136236137734269e-05 -0.00032980890194259332 -0.00011963453646785637 6.9030754815655769e-06 0.00011018389158683324 0.00070094186791331073 0.00020939158974059752 -0.00014190834041402073
leaf_weight=100 104 147 122 109 114 133 142 114 155 2034 139 107 182 596
leaf_count=100 104 147 122 109 114 133 142 114 155 2034 139 107 182 596
internal_value=4.26427e-06 1.61522e-05 -9.33041e-07 9.00764e-06 -2.53615e-06 6.90092e-06 0.000228959 -8.93826e-06 2.46977e-06 1.34168e-05 0.000185297 0.000375984 -1.13792e-05 -2.70253e-05
internal_weight=4298 4194 4047 3925 3816 3702 242 3460 3346 3213 401 246 2812 2630
internal_count=4298 4194 4047 3925 3816 3702 242 3460 3346 3213 401 246 2812 2630
is_linear=0
shrinkage=0.03


Tree=152
num_leaves=15
num_cat=0
split_feature=21 31 31 24 4 32 19 4 31 24 18 19 19 0
split_gain=0.0368721 0.0185251 0.0233269 0.0161904 0.0187541 0.0146032 0.0143131 0.00983563 0.0202034 0.00994371 0.0180563 0.0177921 0.0146497 0.0141449
threshold=0.41394446760659137 -1.6114851869017726 -1.3131685269375255 0.90205479452054804 0.4520241245792061 0.03381305720035141 1.8234269804545002 -0.22719399979102692 0.17545962969645304 0.66095890410958913 0.24376756687880058 2.4661018313755805 2.0219380750000004 0.0026558416466772503
decision_type=10 10 10 8 10 10 8 10 10 10 10 10 10 10
left_child=1 6 -3 4 7 -5 -1 8 -4 10 -9 12 13 -11
right_child=-2 2 3 5 -6 -7 -8 9 -10 11 -12 -13 -14 -15
leaf_value=0.00052065456099567912 -0.00053515118338754808 -0.00038200341468722511 0.00039861312002465647 -0.00048138596229281658 0.00040062116591484635 -3.3478968869560542e-05 4.3748295005934776e-05 -0.00030092406547180923 -0.00013732453513031666 0.00026307063513439138 -4.7023520824897414e-06 0.00043919080495610476 -0.000272109984461598 -9.768945722773219e-05
leaf_weight=104 110 138 156 105 111 164 120 196 101 230 2358 112 109 164
leaf_count=104 110 138 156 105 111 164 120 196 101 230 2358 112 109 164
internal_value=-5.22707e-06 9.3829e-06 -5.84073e-06 8.28167e-06 2.54579e-05 -0.000213907 0.000271703 1.27367e-05 0.000189391 -1.86532e-06 -2.79787e-05 0.00010593 2.8133e-05 0.000113564
internal_weight=4278 4168 3944 3806 3537 269 224 3426 257 3169 2554 615 503 394
internal_count=4278 4168 3944 3806 3537 269 224 3426 257 3169 2554 615 503 394
is_linear=0
shrinkage=0.03


Tree=153
num_leaves=15
num_cat=0
split_feature=8 30 4 28 28 26 34 36 15 34 33 9 34 4
split_gain=0.0233713 0.0400805 0.0355602 0.0181007 0.0149075 0.0133714 0.0106707 0.0147038 0.0157262 0.0177315 0.0134044 0.0158579 0.0133732 0.0162883
threshold=4.0705657078299291 0.11511674978680661 0.48974717609955626 -0.19708236047428854 -0.15428470906743544 -0.043098134191181192 0.95785859797221085 0.22293081324126507 1.6764690081212017 -0.089810431134079938 0.064585663192310558 -0.18868055172081408 0.089246425038959507 -0.24546885061440288
decision_type=8 8 10 8 8 8 10 10 10 10 10 10 10 10
left_child=2 -2 3 -1 -5 -6 7 8 10 -10 12 -12 13 -7
right_child=1 -3 -4 4 5 6 -8 -9 9 -11 11 -13 -14 -15
leaf_value=0.0003083931712780182 -5.7597893428464888e-05 0.00073679670701468623 -0.00051929134760353858 -0.00033501674180046729 -0.00025044142432808917 0.00037586975118818189 -0.00027882558632284467 0.00030189443123942642 -0.00049062642106467757 4.8927050799456073e-05 0.000454250800020932 5.4024900285906463e-05 -0.00017361166941577509 1.3906687362139493e-05
leaf_weight=169 124 100 113 114 169 113 100 163 109 104 133 256 318 2171
leaf_count=169 124 100 113 114 169 113 100 163 109 104 133 256 318 2171
internal_value=1.05705e-05 0.000305387 -6.16607e-06 9.27216e-06 -4.60092e-06 6.20448e-06 1.90574e-05 2.83049e-05 1.39376e-05 -0.000232103 3.18171e-05 0.000194891 7.11048e-06 3.25966e-05
internal_weight=4256 224 4032 3919 3750 3636 3467 3367 3204 213 2991 389 2602 2284
internal_count=4256 224 4032 3919 3750 3636 3467 3367 3204 213 2991 389 2602 2284
is_linear=0
shrinkage=0.03


Tree=154
num_leaves=15
num_cat=0
split_feature=10 10 34 18 5 21 21 20 3 5 11 10 32 31
split_gain=0.0414877 0.0285267 0.0142359 0.0184472 0.0163055 0.0208627 0.0165638 0.00965891 0.00971598 0.012641 0.0223078 0.0139421 0.0197224 0.0121121
threshold=3.4658055512443324 2.4795330781313787 -0.26571490180286772 0.59454275913395127 -0.58003558534883659 -0.2604242495457762 -0.21370546546006508 0.007534246575342401 0.2881043992891108 0.56853549249020363 0.68377665075604732 0.65404507030287606 0.0040878944026747511 -0.90698967842435974
decision_type=10 8 8 10 8 8 8 10 10 10 10 10 10 10
left_child=1 2 3 -1 -4 -6 -7 -8 9 11 -11 13 -13 -9
right_child=-2 -3 4 -5 5 6 7 8 -10 10 -12 12 -14 -15
leaf_value=-0.00052889132392842193 -0.00059151303107963398 0.00045310512602794912 0.00035488761195432371 2.9521499870627717e-05 -0.00037522140875807959 0.00037123920874860644 -0.00019461948044326619 0.00017443699370616123 -0.00026971115614287555 -6.7458473042176397e-05 0.00042375530355661539 -0.00045210014811365246 4.5619567203505008e-05 -6.055666690875392e-06
leaf_weight=100 102 120 112 107 127 105 216 389 103 154 173 136 144 2218
leaf_count=100 102 120 112 107 127 105 216 389 103 154 173 136 144 2218
internal_value=-8.15856e-06 6.68101e-06 -6.97427e-06 -0.000246355 6.10752e-06 -4.72479e-06 8.70622e-06 -2.5776e-06 1.02021e-05 1.95776e-05 0.000194887 -5.81735e-07 -0.00019982 2.11587e-05
internal_weight=4306 4204 4084 207 3877 3765 3638 3533 3317 3214 327 2887 280 2607
internal_count=4306 4204 4084 207 3877 3765 3638 3533 3317 3214 327 2887 280 2607
is_linear=0
shrinkage=0.03


Tree=155
num_leaves=15
num_cat=0
split_feature=15 15 21 1 9 8 10 31 34 8 8 7 8 8
split_gain=0.0221465 0.0280655 0.0272415 0.0346594 0.0176966 0.0418089 0.0183728 0.0153591 0.0141512 0.017403 0.0159752 0.0132016 0.0114184 0.0157521
threshold=2.2067323349684158 1.9278156494415608 -0.29858769099232912 0.12097733987458441 -0.38126514600326833 -0.68704016020212177 1.5077965506498741 -0.66150819014477635 -0.084618880413744893 -0.054013758029144439 1.0268948423172155 2.5153776464008799 0.43026307984080725 0.97827152098004599
decision_type=10 8 8 10 8 10 8 8 8 10 10 10 8 8
left_child=1 2 -1 4 5 -4 7 8 -6 -10 -11 12 -9 -14
right_child=-2 -3 3 -5 6 -7 -8 11 9 10 -12 -13 13 -15
leaf_value=0.00043713858259578753 -0.00041050072332533697 0.00048887362902429524 9.6507332427045488e-05 -0.00047320103727917527 -4.1515590164489101e-05 -0.00060279752712509127 0.00032283877836109854 -7.4965738272248183e-05 0.00047400536087217784 -0.00013224693462613905 0.00031685401249520277 -0.00028379900805213345 0.00022064261857918533 -4.2281986605093491e-06
leaf_weight=126 103 109 178 131 243 129 182 1034 172 140 136 151 377 1053
leaf_count=126 103 109 178 131 243 129 182 1034 172 140 136 151 377 1053
internal_value=1.36608e-05 2.46404e-05 1.15653e-05 -2.6316e-06 1.42133e-05 -0.000202289 3.35312e-05 1.7141e-05 0.00014239 0.0002415 9.07495e-05 -1.61641e-05 7.78714e-07 5.56182e-05
internal_weight=4264 4161 4052 3926 3795 307 3488 3306 691 448 276 2615 2464 1430
internal_count=4264 4161 4052 3926 3795 307 3488 3306 691 448 276 2615 2464 1430
is_linear=0
shrinkage=0.03


Tree=156
num_leaves=15
num_cat=0
split_feature=28 12 5 20 35 18 34 29 30 33 29 17 9 9
split_gain=0.0249008 0.0147241 0.0160604 0.0129862 0.0112404 0.00984558 0.0125123 0.0092885 0.0148076 0.0207216 0.0101258 0.0114267 0.0190661 0.0137338
threshold=0.30188945367623271 0.11635218159333517 -0.61274409252709006 0.007534246575342401 0.053485470869027156 0.85765079518530152 0.16174399315207796 0.082632843504354417 0.189811021491292 0.026996922930422756 0.054394510296170109 -1.0181805889696489 -0.36380622307884525 -0.21309730341837221
decision_type=10 2 10 8 10 10 8 10 10 10 10 8 10 10
left_child=1 2 -1 -4 5 7 -7 10 9 -9 11 -5 -13 -14
right_child=-2 -3 3 4 -6 6 -8 8 -10 -11 -12 12 13 -15
leaf_value=0.00032798134454234098 0.00044687155941686694 -0.00033921665536320726 -0.00032441415611174308 0.00024493867869314269 -0.00026548463176651342 -4.6317022255000967e-06 0.00044050007985924392 5.7404297979538127e-05 -0.00015531363087922275 0.00045703320218818137 -0.00022310628005976063 -0.00039841131840008667 0.00016497366621142875 -3.836049109083446e-05
leaf_weight=129 108 110 107 145 130 121 102 463 168 152 211 112 352 1834
leaf_count=129 108 110 107 145 130 121 102 463 168 152 211 112 352 1834
internal_value=7.49534e-06 -4.50345e-06 5.05114e-06 -6.0452e-06 3.35864e-06 1.32569e-05 0.000204166 5.91674e-07 9.10535e-05 0.000159064 -2.6218e-05 -8.79194e-06 -2.52989e-05 -5.31691e-06
internal_weight=4244 4136 4026 3897 3790 3660 223 3437 783 615 2654 2443 2298 2186
internal_count=4244 4136 4026 3897 3790 3660 223 3437 783 615 2654 2443 2298 2186
is_linear=0
shrinkage=0.03


Tree=157
num_leaves=15
num_cat=0
split_feature=32 28 2 2 24 14 36 14 35 27 2 16 19 26
split_gain=0.026745 0.0452724 0.0136469 0.0179464 0.0123661 0.0204447 0.0127537 0.0118655 0.0116141 0.0143692 0.022927 0.0201251 0.0147251 0.0125674
threshold=0.2766576793157825 0.23517652117845864 0.18674663150252277 0.15243827354121856 0.85000000000000009 0.84863013698630152 0.22293081324126507 0.45236484581994479 0.032076273090951353 0.26479555339181954 0.038209713008961109 0.64767790262244607 2.5192055993800007 -0.0048421891468583998
decision_type=10 10 10 8 8 10 10 10 10 10 10 10 10 10
left_child=1 2 3 4 6 7 8 -6 9 12 -11 -12 13 -1
right_child=-2 -3 -4 -5 5 -7 -8 -9 -10 10 11 -13 -14 -15
leaf_value=0.00010059707812439217 -0.00037222219309849104 0.00060362258666338253 -0.00027013198338234079 0.00037414093026185227 -0.00015047970384554624 -0.00047803208907134837 0.00030277801265288917 0.00021543656399888099 -0.0002907683317237322 2.1466651881762774e-05 0.00066373222776187153 9.9749273766065003e-05 -0.0002803496250131151 -4.6517797804461494e-05
leaf_weight=830 156 112 151 117 222 115 137 118 105 469 112 115 166 1392
leaf_count=830 156 112 151 117 222 115 137 118 105 469 112 115 166 1392
internal_value=7.1869e-06 2.1841e-05 5.02361e-06 1.60149e-05 4.45354e-06 -0.000141357 2.45828e-05 -2.22035e-05 1.21762e-05 2.29444e-05 0.000142371 0.000386321 -1.2088e-05 8.53758e-06
internal_weight=4317 4161 4049 3898 3781 455 3326 340 3189 3084 696 227 2388 2222
internal_count=4317 4161 4049 3898 3781 455 3326 340 3189 3084 696 227 2388 2222
is_linear=0
shrinkage=0.03


Tree=158
num_leaves=15
num_cat=0
split_feature=9 1 16 12 19 16 5 4 36 28 10 5 28 26
split_gain=0.0276924 0.0225907 0.0377981 0.0283854 0.0225136 0.0189301 0.0173291 0.0171341 0.016302 0.0139618 0.0293299 0.0193012 0.0222926 0.0126601
threshold=-0.47075467642980134 -0.049194698300985294 0.99248569564287881 0.093498111996503055 3.9208462250000005 1.062128433370553 -0.11899474541252004 0.34782370812171404 1.0000000180025095e-35 -0.077925896409468828 0.63383456464440935 0.56853549249020363 -0.00076975625926939992 0.019440737026377355
decision_type=8 10 8 2 8 10 10 10 8 8 8 8 10 10
left_child=-1 2 6 4 5 8 -2 -7 -3 10 -10 13 -13 -11
right_child=1 3 -4 -5 -6 7 -8 -9 9 11 -12 12 -14 -15
leaf_value=0.0003576364485830638 -0.00017224356390943286 -0.00016911497982854907 0.00066202910519608 -0.00050865402226231958 0.00040818568948322668 -7.1361853832578543e-05 0.00022644930429098367 -0.00055708393737505593 2.9385881038102179e-05 6.4477702998391636e-05 -0.00052384926457662228 0.00061755519552124578 8.2356276005139339e-05 -0.00010779603536740559
leaf_weight=201 175 450 112 101 107 170 211 103 287 1463 118 105 198 515
leaf_count=201 175 450 112 101 107 170 211 103 287 1463 118 105 198 515
internal_value=1.81982e-05 1.2042e-06 0.000189596 -2.496e-05 -1.0363e-05 -2.40787e-05 4.58036e-05 -0.000261343 -3.04087e-06 2.50449e-05 -0.000136226 5.39146e-05 0.000274836 1.94651e-05
internal_weight=4316 4115 498 3617 3516 3409 386 273 3136 2686 405 2281 303 1978
internal_count=4316 4115 498 3617 3516 3409 386 273 3136 2686 405 2281 303 1978
is_linear=0
shrinkage=0.03


Tree=159
num_leaves=15
num_cat=0
split_feature=3 28 10 18 5 10 10 8 16 28 5 8 31 5
split_gain=0.0242546 0.0241966 0.0306622 0.010372 0.0273292 0.0183625 0.0134817 0.0135601 0.0166212 0.0115511 0.0107045 0.0111849 0.030197 0.0181073
threshold=-0.26660744301548678 0.53093788069282521 2.4795330781313787 0.65380430366332887 0.81816008947102092 1.0397387621270935 0.73769812062765394 2.6295416175204411 -0.38937361658778163 0.028001496715988904 0.56853549249020363 -0.9026476859521505 0.21748796680933744 -0.17750698799575834
decision_type=10 8 8 10 10 10 10 8 8 10 10 8 10 10
left_child=-1 2 3 4 10 6 7 8 -5 -10 11 12 -2 -13
right_child=1 -3 -4 5 -6 -7 -8 -9 9 -11 -12 13 -14 -15
leaf_value=0.00042943783015101056 0.00019537577856276221 -0.0004197624717198778 0.00038742098684860536 0.0002501240875610281 -0.00051740114375584286 0.00036814128875791195 -0.00026441630972867501 0.00037168023525069706 -0.00024985969852332345 4.4497928815581729e-05 0.00018279293387262014 -0.00031097829611901153 -0.00024380253674433623 -4.2786847704789183e-05
leaf_weight=111 462 121 173 183 101 149 129 104 205 277 199 258 197 1654
leaf_count=111 462 121 173 183 101 149 129 104 205 277 199 258 197 1654
internal_value=1.48543e-06 -1.02883e-05 2.32036e-06 -1.51559e-05 -4.46221e-05 6.54718e-05 1.34912e-05 6.15173e-05 1.05988e-05 -8.19756e-05 -2.64824e-05 -4.3004e-05 6.32415e-05 -7.96926e-05
internal_weight=4323 4212 4091 3918 2871 1047 898 769 665 482 2770 2571 659 1912
internal_count=4323 4212 4091 3918 2871 1047 898 769 665 482 2770 2571 659 1912
is_linear=0
shrinkage=0.03


Tree=160
num_leaves=15
num_cat=0
split_feature=17 16 7 19 31 31 7 31 13 4 19 0 17 31
split_gain=0.0277636 0.0366098 0.0164207 0.0238066 0.01066 0.0123363 0.0194977 0.0175654 0.0134616 0.0135049 0.0173499 0.0136773 0.0155791 0.011205
threshold=1.6080546312863895 1.4453580603491101 2.7428483574468259 3.0674050800000008 -1.6531656844507732 -1.1705003152685611 -0.56903641151781292 -1.0623103287269713 1.7936199562915334 0.17134601939250274 2.1812041800000004 0.020368792329351904 0.68904621751738893 -0.54350351017086129
decision_type=10 8 10 10 10 10 10 10 10 10 10 10 10 10
left_child=1 2 3 4 -1 6 -6 -7 9 10 13 12 -11 -9
right_child=-2 -3 -4 -5 5 7 -8 8 -10 11 -12 -13 -14 -15
leaf_value=0.00023814678287751591 -0.00041146927743636986 0.00040506509257434871 0.00029794867766582144 -0.00043644480489539824 -0.00051845091307768599 0.00037486826894719171 5.2545566945041941e-06 0.00012734292810125082 -0.00035010561571052328 3.7451076527825361e-05 -0.00023904045292278081 -0.00010782268580888345 0.00041634752532900162 -3.9743425201680088e-05
leaf_weight=144 142 194 143 117 107 101 149 451 101 201 323 154 187 1733
leaf_count=144 142 194 143 117 107 101 149 451 101 201 323 154 187 1733
internal_value=-6.36821e-06 8.12856e-06 -1.2053e-05 -2.41972e-05 -1.04075e-05 -2.09378e-05 -0.000219377 -4.99886e-06 -1.77535e-05 -6.18897e-06 -3.55935e-05 0.000128903 0.000223037 -5.02773e-06
internal_weight=4247 4105 3911 3768 3651 3507 256 3251 3150 3049 2507 542 388 2184
internal_count=4247 4105 3911 3768 3651 3507 256 3251 3150 3049 2507 542 388 2184
is_linear=0
shrinkage=0.03


Tree=161
num_leaves=15
num_cat=0
split_feature=30 17 31 21 28 29 29 33 17 33 10 30 21 36
split_gain=0.0204378 0.0416638 0.0191207 0.0215068 0.015327 0.0202568 0.0126389 0.0328007 0.0161594 0.0141328 0.0135433 0.0232648 0.0164777 0.0132856
threshold=0.53279163046441635 1.6080546312863895 -1.568502928877523 0.19023711186618289 -0.097598914967522682 -0.071620544141430445 -0.21683600585577487 0.0052592818071678007 0.040479147082519505 0.039912810068874656 0.9772248717020745 0.17716890862222323 0.17747801883389594 0.09175191867413697
decision_type=10 10 10 8 10 10 10 8 10 10 10 10 10 10
left_child=1 2 3 -1 5 -4 7 -6 -8 -9 11 12 13 -10
right_child=-2 -3 4 -5 6 -7 8 9 10 -11 -12 -13 -14 -15
leaf_value=0.00054667015774850628 0.0003514726337863528 -0.00053206948196923322 -2.5804855192040795e-05 -1.599952877832826e-05 -0.00012712751050860446 -0.00045594312305758262 5.4982378354670832e-05 0.00064231478252992731 -0.00011672827566393392 0.00014797432745191532 -0.0004030646219050411 0.00030659295699034044 0.00012993313526016729 -0.000477844988365957
leaf_weight=117 141 128 282 122 178 147 1626 113 784 100 106 136 216 100
leaf_count=117 141 128 282 122 178 147 1626 113 784 100 106 136 216 100
internal_value=2.59868e-06 -9.64858e-06 7.59602e-06 0.000265007 -8.97302e-06 -0.00017675 1.26857e-05 0.000171884 -8.54067e-06 0.000418947 -8.54251e-05 -5.667e-05 -0.000102767 -0.000160036
internal_weight=4296 4155 4027 239 3788 429 3359 391 2968 213 1342 1236 1100 884
internal_count=4296 4155 4027 239 3788 429 3359 391 2968 213 1342 1236 1100 884
is_linear=0
shrinkage=0.03


Tree=162
num_leaves=15
num_cat=0
split_feature=5 14 34 5 14 4 31 7 19 34 9 9 18 16
split_gain=0.0262844 0.0420408 0.0151142 0.0163492 0.0184004 0.0239947 0.0133823 0.0168621 0.0146356 0.0145656 0.0193249 0.0128908 0.0124677 0.0121981
threshold=1.8836600103487844 0.96917808219178092 -0.26571490180286772 -0.56803875559188188 0.92241723744292259 0.4520241245792061 -0.54350351017086129 -1.8737687849353488 1.2768660932035003 0.04268020573774841 -0.26549489715655911 -0.23203605470989117 0.50111496503455066 -0.035093220433282293
decision_type=8 10 8 10 10 10 10 10 10 8 10 10 10 10
left_child=1 2 -1 -4 5 6 13 -8 9 -9 -11 12 -10 -5
right_child=-2 -3 3 4 -6 -7 7 8 11 10 -12 -13 -14 -15
leaf_value=-0.00023824763933659527 -0.00041856413694359818 0.00061060794954705155 0.00036750035968028039 3.110762767336892e-05 -0.00031942410016805902 0.00046895284385194076 -0.00038517784537751658 0.00032058202146199356 -0.00041617920536725486 0.00033540150286717106 -0.00011421887670238854 -1.8693540420803196e-05 7.0035358577958145e-06 0.00024775513101867177
leaf_weight=203 118 103 116 723 139 102 107 204 152 115 299 1482 104 342
leaf_count=203 118 103 116 723 139 102 107 204 152 115 299 1482 104 342
internal_value=1.37195e-05 2.63749e-05 1.09269e-05 2.42363e-05 1.31986e-05 2.63573e-05 1.29156e-05 -2.55213e-05 -8.40608e-06 0.000116416 1.31877e-05 -5.29972e-05 -0.00024742 0.000101512
internal_weight=4309 4191 4088 3885 3769 3630 3528 2463 2356 618 414 1738 256 1065
internal_count=4309 4191 4088 3885 3769 3630 3528 2463 2356 618 414 1738 256 1065
is_linear=0
shrinkage=0.03


Tree=163
num_leaves=15
num_cat=0
split_feature=8 3 19 15 14 23 12 18 18 21 21 23 5 27
split_gain=0.0250242 0.0245065 0.0240677 0.0191751 0.0374162 0.00985267 0.0132714 0.00919553 0.0126304 0.0087344 0.0128239 0.0152156 0.0139089 0.0106174
threshold=4.2693671439657752 0.050260974043787356 3.2552602200000007 2.1425923178408177 0.94863013698630161 0.0057346800114629008 0.070483988329836517 0.17225477596072505 0.23477948459515333 -0.20653899775861878 -0.17366579584169092 0.0029513289393648004 0.72059589164451665 0.36718954704113388
decision_type=8 8 10 10 10 10 2 10 10 8 8 10 10 8
left_child=2 -2 3 4 5 6 7 -1 -9 -10 -11 12 13 -12
right_child=1 -3 -4 -5 -6 -7 -8 8 9 10 11 -13 -14 -15
leaf_value=-0.0002566739180286775 -1.850844009344368e-06 0.00063569126791359547 -0.00043024871389326237 -0.00038573679017932401 0.00054933084844476193 0.00026734822698161128 -0.00027386845010863784 0.00028326469683416289 -0.0001973308043323332 0.00032792110455274163 -3.784499112603875e-05 -0.00032878464011242611 0.0003150043865935004 0.00010612248717246154
leaf_weight=119 109 103 117 109 107 109 166 137 196 103 2031 120 123 591
leaf_count=119 109 103 117 109 107 109 166 137 196 103 2031 120 123 591
internal_value=1.58249e-06 0.000315409 -1.53052e-05 -2.35844e-06 9.12486e-06 -7.23965e-06 -1.59466e-05 -3.0461e-06 6.47146e-06 -5.9416e-06 7.00793e-06 -5.08046e-06 9.6426e-06 -5.25443e-06
internal_weight=4240 212 4028 3911 3802 3695 3586 3420 3301 3164 2968 2865 2745 2622
internal_count=4240 212 4028 3911 3802 3695 3586 3420 3301 3164 2968 2865 2745 2622
is_linear=0
shrinkage=0.03


Tree=164
num_leaves=15
num_cat=0
split_feature=1 5 26 23 25 17 4 14 25 4 4 23 18 24
split_gain=0.0264623 0.0315535 0.021095 0.0282141 0.0161684 0.0170672 0.0244678 0.0143083 0.0134788 0.0233774 0.0162303 0.014028 0.0150618 0.0167906
threshold=-0.12072294306913559 1.7447171004547628 0.16058446995604242 0.0029513289393648004 0.031179300699207654 0.032256682943322706 -0.18118186201473602 0.47402333840690009 -0.0098410489770692482 0.37819989558045736 0.16927188739743135 -0.00037703099362294996 0.34393178688601028 0.54315068493150698
decision_type=10 8 10 10 10 8 10 10 8 10 10 8 10 10
left_child=-1 2 3 4 5 -2 -7 -4 -8 10 11 -10 -13 -14
right_child=1 -3 7 -5 -6 6 8 -9 9 -11 -12 12 13 -15
leaf_value=0.00039876124824656146 5.0107249294227622e-05 -0.00049776578713609529 2.4566008273637324e-05 -0.0004009085523179544 0.00030398638577607928 -0.00042204813509638287 0.00017648685991540939 0.0005152074635565362 -0.00038388232716931415 -0.00045501315657508996 0.00010396772891639625 0.00021704294729611969 2.1022484106522508e-05 -0.00032821363523063545
leaf_weight=138 1821 114 101 161 145 166 211 110 143 129 455 135 276 219
leaf_count=138 1821 114 101 161 145 166 211 110 143 129 455 135 276 219
internal_value=-2.55307e-06 -1.62432e-05 -2.1685e-06 -1.8286e-05 -1.11822e-06 -1.39722e-05 -8.12172e-05 0.000286356 -4.39075e-05 -7.86988e-05 -3.74825e-05 -0.000120875 -5.86244e-05 -0.000135225
internal_weight=4324 4186 4072 3861 3700 3555 1734 211 1568 1357 1228 773 630 495
internal_count=4324 4186 4072 3861 3700 3555 1734 211 1568 1357 1228 773 630 495
is_linear=0
shrinkage=0.03


Tree=165
num_leaves=15
num_cat=0
split_feature=0 12 15 5 3 14 3 14 12 0 12 35 32 14
split_gain=0.0276813 0.0290482 0.028843 0.0224732 0.0150628 0.0184449 0.0157292 0.0144358 0.0130205 0.0155104 0.00994576 0.0175883 0.0135869 0.0163498
threshold=-0.055813868130804488 0.10462954964121327 1.2387467757245172 1.4455643153878353 0.26471786538014364 0.69603373666657486 0.11048985491236192 0.61572390174775637 0.022710879322054154 0.020761003763708805 0.018471570300687853 -0.0011805355202854997 -0.056517360232879441 0.52255445141942214
decision_type=8 2 8 8 10 10 10 10 2 10 2 8 10 10
left_child=2 3 -1 4 5 6 7 10 -8 -10 -2 -12 -13 -14
right_child=1 -3 -4 -5 -6 -7 8 -9 9 -11 11 12 13 -15
leaf_value=3.4758468391373757e-05 7.2795100537900376e-05 -0.00048316190794345319 0.00071194203497309768 0.00043518098004585081 -0.00026418896247965413 0.00016049211354318934 -0.00013418115017943107 -0.00030369327005298275 0.00038892070260544638 -4.297342610792337e-05 -0.00034066173441107354 -0.00020082959007753289 -2.3809329166304357e-05 0.00030553917506480571
leaf_weight=124 704 101 100 109 170 684 104 170 219 111 176 312 994 152
leaf_count=124 704 101 100 109 170 684 104 170 219 111 176 312 994 152
internal_value=2.52216e-05 6.87505e-06 0.000346016 2.01511e-05 7.67702e-06 2.07693e-05 -1.19327e-05 -4.08568e-05 0.000153776 0.000245174 -2.11382e-05 -6.17075e-05 -2.69849e-05 2.10114e-05
internal_weight=4230 4006 224 3905 3796 3626 2942 2508 434 330 2338 1634 1458 1146
internal_count=4230 4006 224 3905 3796 3626 2942 2508 434 330 2338 1634 1458 1146
is_linear=0
shrinkage=0.03


Tree=166
num_leaves=15
num_cat=0
split_feature=1 17 5 22 1 8 3 6 17 1 3 28 21 17
split_gain=0.040833 0.0558059 0.0163199 0.0179993 0.0157891 0.0126423 0.0132048 0.0137834 0.0100446 0.00981427 0.00791984 0.0192181 0.00752776 0.00752661
threshold=0.13242350632607658 1.5051441725813171 -0.58003558534883659 0.0086397089785580014 -0.089771177427980839 3.09215879645765 -0.14572917704488297 -1.6306467368390449 1.0106814292754382 -0.028886291327494446 -0.062423932251799895 0.031496581058884303 -0.13018289994029839 -1.3511627568913835
decision_type=10 10 10 10 10 10 10 10 10 10 10 10 10 10
left_child=1 2 -1 4 -4 6 9 -8 10 -6 11 12 -9 -12
right_child=-2 -3 3 -5 5 -7 7 8 -10 -11 13 -13 -14 -15
leaf_value=0.000263158413172858 -0.00051643523343631789 0.00053187771392049644 -0.00028275589149475832 -0.00037869592216250767 0.00041669009929385292 0.00031963758289136669 -0.00032697963399059941 0.00020032168982926017 -0.00020695200807633294 2.5562778446328594e-05 -0.00022215783788069699 -0.00046363308426279956 -0.00012535438868716093 3.5150597820315584e-05
leaf_weight=183 130 174 178 119 105 105 124 108 212 123 102 102 142 2354
leaf_count=183 130 174 178 119 105 105 124 108 212 123 102 102 142 2354
internal_value=-3.00339e-06 1.37588e-05 -9.66679e-06 -2.32267e-05 -1.11517e-05 3.13872e-06 -7.17534e-06 -2.32896e-05 -1.03004e-05 0.000210764 4.88798e-06 -0.000127169 1.65069e-05 2.40347e-05
internal_weight=4261 4131 3957 3774 3655 3477 3372 3144 3020 228 2808 352 250 2456
internal_count=4261 4131 3957 3774 3655 3477 3372 3144 3020 228 2808 352 250 2456
is_linear=0
shrinkage=0.03


Tree=167
num_leaves=15
num_cat=0
split_feature=3 5 19 27 19 19 26 1 29 6 16 27 34 11
split_gain=0.0304007 0.0408668 0.0176821 0.0735807 0.0242587 0.0197459 0.0343378 0.0329708 0.0146356 0.0188766 0.0168774 0.014543 0.0169906 0.0141122
threshold=-0.27837401543382306 1.8836600103487844 2.5744106859140929 0.31131092995284654 2.9769578450000007 1.8922815396475003 0.015902503983311205 0.0089502796038681519 0.24361833759225179 -1.9296671163841359 0.22894094181913852 -0.60264693238395584 -0.13558179351871458 0.25501228685686855
decision_type=10 8 10 10 10 8 10 10 10 10 8 8 8 10
left_child=-1 2 5 4 -4 8 11 -8 9 -2 -10 -7 -13 -14
right_child=1 -3 3 -5 -6 6 7 -9 10 -11 -12 12 13 -15
leaf_value=0.00049358751248376807 -0.00038388582862082965 -0.00059450384385450485 8.9696595186157334e-05 0.00062806386279322293 -0.00049754222543419422 0.00026355803742776412 -0.00072851204070471353 -0.00010638855010214218 0.00050220384058029125 1.7153851044792543e-05 4.4601190806568051e-06 0.00025199524922620345 0.00014234324865844601 -0.00022374240291665645
leaf_weight=102 106 103 150 182 103 126 140 167 112 2179 129 110 116 450
leaf_count=102 106 103 150 182 103 126 140 167 112 2179 129 110 116 450
internal_value=-5.74177e-06 -1.85229e-05 -3.2349e-06 0.000176401 -0.000154386 -2.49447e-05 -0.000130168 -0.000397221 2.14177e-05 -2.24774e-06 0.000241283 -2.61136e-05 -8.16444e-05 -0.000148125
internal_weight=4275 4173 4070 435 253 3635 1109 307 2526 2285 241 802 676 566
internal_count=4275 4173 4070 435 253 3635 1109 307 2526 2285 241 802 676 566
is_linear=0
shrinkage=0.03


Tree=168
num_leaves=15
num_cat=0
split_feature=10 10 34 36 10 9 21 20 36 36 13 24 18 1
split_gain=0.0247738 0.0403077 0.0127138 0.0118952 0.0120095 0.0116469 0.0148378 0.0282368 0.0103073 0.0181079 0.0146064 0.0143926 0.019207 0.0186044
threshold=5.2581834122266349 2.2766353318591634 -0.29840069918204287 -0.011489353364542298 0.17297167108070363 -0.48232775026535873 -0.19768257314782212 0.41575342465753423 0.083093576619820073 0.034340417397532012 0.82314428984998411 0.74569142474131811 0.42232012061784358 0.014243684317577303
decision_type=8 10 8 8 10 10 8 10 10 10 10 10 10 10
left_child=1 2 -1 4 -4 -5 7 -7 9 11 -11 -8 -13 -14
right_child=-2 -3 3 5 -6 6 8 -9 -10 10 -12 12 13 -15
leaf_value=-0.00030163125039117791 -0.00040730564162601637 0.0005516538436178309 -0.00036326038565008111 0.00029634609536808584 5.3229257697788647e-05 0.00010618561092739412 -2.8692040620734688e-06 -0.00056660977811062404 0.00015345303486952449 -0.00041398799905982743 -4.1049444382117915e-05 0.00051840664130278855 -0.00025475899067013024 0.00028137918428841353
leaf_weight=128 132 112 153 119 101 108 2161 109 425 155 234 112 100 126
leaf_count=128 132 112 153 119 101 108 2161 109 425 155 234 112 100 126
internal_value=-1.03946e-05 2.72706e-06 -1.31892e-05 -3.35586e-06 -0.000199818 1.05742e-05 5.35001e-07 -0.000236912 1.64213e-05 -3.97478e-06 -0.000193018 2.57787e-05 0.000206311 4.37705e-05
internal_weight=4275 4143 4031 3903 254 3649 3530 217 3313 2888 389 2499 338 226
internal_count=4275 4143 4031 3903 254 3649 3530 217 3313 2888 389 2499 338 226
is_linear=0
shrinkage=0.03


Tree=169
num_leaves=15
num_cat=0
split_feature=20 17 5 11 35 11 12 2 13 32 16 13 29 33
split_gain=0.0271132 0.0470424 0.0177679 0.0173462 0.0218872 0.0137616 0.0118945 0.0236233 0.0231725 0.0209241 0.0173143 0.0264786 0.023389 0.0163588
threshold=0.99859252514054953 1.5051441725813171 -0.63685604173255694 0.12468477426795446 -1.0000000180025095e-35 0.15597360938517621 0.036966618988361309 0.041154395033402853 1.4302421628141591 0.056914699288613556 -0.31718854700349125 0.91337911524513893 -0.05006587856461784 -0.039545018263498891
decision_type=10 10 10 10 10 10 2 10 10 8 10 10 10 8
left_child=1 2 -1 4 -4 -5 -7 8 10 13 -8 -12 -13 -9
right_child=-2 -3 3 5 -6 6 7 9 -10 -11 11 12 -14 -15
leaf_value=0.00030624372550338002 -0.00045018261233359342 0.00047951288000760658 -0.00049643083934788597 0.00030964976992015921 6.4023157032647146e-05 1.9687971050579037e-05 -5.9252996559060996e-05 -8.9880563232977036e-05 0.00013141134410673389 -0.00019314499960788192 -6.1470293948155794e-05 -0.00024346582812722771 -0.00085264382374536992 0.00037585157084057714
leaf_weight=147 114 178 145 114 106 2422 192 100 143 170 129 105 134 196
leaf_count=147 114 178 145 114 106 2422 192 100 143 170 129 105 134 196
internal_value=-3.51142e-06 8.89442e-06 -1.20811e-05 -2.42813e-05 -0.000263117 -7.76829e-06 -1.82616e-05 -9.66366e-05 -0.000205875 6.85952e-05 -0.000292405 -0.000411624 -0.000595487 0.00021963
internal_weight=4395 4281 4103 3956 251 3705 3591 1169 703 466 560 368 239 296
internal_count=4395 4281 4103 3956 251 3705 3591 1169 703 466 560 368 239 296
is_linear=0
shrinkage=0.03


Tree=170
num_leaves=15
num_cat=0
split_feature=3 34 8 28 10 15 15 24 27 10 24 32 10 10
split_gain=0.0277768 0.0211298 0.0201304 0.0322384 0.0283687 0.0129962 0.0105513 0.0200842 0.0090305 0.0312309 0.024691 0.0243592 0.0169192 0.0148493
threshold=-0.26660744301548678 -0.31864739605029896 4.0705657078299291 0.22317406559658792 1.6766947236992231 1.9278156494415608 1.3556766848531223 0.78287671232876721 0.17266875938226192 0.99973776118646651 0.70205479452054809 0.082296187274632615 0.418652651284949 1.3454815591099498
decision_type=10 8 8 10 8 10 10 8 10 10 10 10 10 10
left_child=-1 -2 3 5 -4 6 8 -8 13 10 11 12 -10 -3
right_child=1 2 4 -5 -6 -7 7 -9 9 -11 -12 -13 -14 -15
leaf_value=0.0004800946531981088 -0.00038951868758503176 2.1245024911901834e-05 -3.450510219668753e-05 -0.00043313675116579914 0.00065641294587963643 0.00032173661704968423 -0.00028210876353341519 0.00020861512441302333 0.00013897424196577523 0.00057685894171682819 -0.00024291655372399504 -0.00017535480633001284 0.00055623245842756754 -0.00027986614625234913
leaf_weight=113 109 2192 107 138 101 124 251 102 328 109 196 158 117 153
leaf_count=113 109 2192 107 138 101 124 251 102 328 109 196 158 117 153
internal_value=2.61624e-05 1.33474e-05 2.45848e-05 8.93766e-06 0.000308522 2.58512e-05 1.52451e-05 -0.00013938 3.22124e-05 0.000112258 4.56837e-05 0.000140717 0.000253642 1.04531e-06
internal_weight=4298 4185 4076 3868 208 3730 3606 353 3253 908 799 603 445 2345
internal_count=4298 4185 4076 3868 208 3730 3606 353 3253 908 799 603 445 2345
is_linear=0
shrinkage=0.03


Tree=171
num_leaves=15
num_cat=0
split_feature=1 12 8 8 5 8 3 17 33 1 1 9 10 9
split_gain=0.0252164 0.0565326 0.0182289 0.0140334 0.0126601 0.0149074 0.0207993 0.0138421 0.013925 0.0146962 0.0129074 0.0188103 0.0214 0.0143122
threshold=-0.12072294306913559 0.10462954964121327 4.2693671439657752 3.3828529426687513 1.0517752715021864 2.267034928817099 0.19973386063656681 0.040479147082519505 -0.014991614093488698 0.055948977161867912 0.068308953205063319 -0.38126514600326833 0.099477745349768373 -0.33619708144700328
decision_type=10 2 8 10 10 10 10 10 10 10 10 10 10 10
left_child=-1 2 3 4 5 7 -7 10 9 -9 11 12 -2 -13
right_child=1 -3 -4 -5 -6 6 -8 8 -10 -11 -12 13 -14 -15
leaf_value=0.00038669548986654262 8.186734715958925e-05 -0.0006299371225122741 0.00031732374308773728 -0.00033071253673896484 -0.00031002568791154773 2.7022711219615302e-05 0.00051351244989316909 6.9478187052211869e-05 -0.00018222689135433118 -0.00029169408743407322 0.00033081575538381001 0.00038852310404184057 -0.00049283001669449733 3.8362670039373502e-05
leaf_weight=145 107 123 162 109 105 217 120 621 610 116 130 108 120 1522
leaf_count=145 107 123 162 109 105 217 120 621 610 116 130 108 120 1522
internal_value=4.53396e-06 -9.20182e-06 1.04182e-05 -2.77088e-06 7.12048e-06 1.6601e-05 0.000205228 -2.74416e-06 -7.68278e-05 1.1049e-05 4.75444e-05 2.68788e-05 -0.000226011 6.26807e-05
internal_weight=4315 4170 4047 3885 3776 3671 337 3334 1347 737 1987 1857 227 1630
internal_count=4315 4170 4047 3885 3776 3671 337 3334 1347 737 1987 1857 227 1630
is_linear=0
shrinkage=0.03


Tree=172
num_leaves=15
num_cat=0
split_feature=2 29 29 34 23 22 4 8 7 24 32 30 6 16
split_gain=0.0194071 0.0198588 0.0204463 0.0180169 0.0178144 0.0134014 0.0136857 0.0129743 0.00972706 0.00974823 0.0238379 0.0191731 0.012425 0.0117505
threshold=0.23859811163099173 -0.43082462167801422 -0.23917006954857853 -0.22436471874581546 0.00045584102186225004 0.023675904833472854 0.30927910871997927 2.0679426647781418 -2.4078394309894748 0.14726027397260275 0.030250777963837003 0.057276646392291554 -1.7848516529663969 -0.16607956661294157
decision_type=8 8 8 10 10 8 8 10 10 10 10 10 10 10
left_child=1 -1 3 -3 -5 6 7 8 -4 10 13 -12 -11 -10
right_child=-2 2 5 4 -6 -7 -8 -9 9 12 11 -13 -14 -15
leaf_value=-0.00041715856109974235 0.00037835247627206908 -0.0001221372790735027 -0.00031261802220611989 0.00013997536361816566 0.00064237917978799785 0.0002622731297966451 -0.00036035348812999606 0.00018907077445168456 0.00025638396793272204 0.00023983954355245822 -9.9055045469365977e-05 -0.00066194250908518221 -2.3174259537096908e-05 -0.00012817027500656975
leaf_weight=101 113 104 108 168 101 138 107 236 117 168 111 106 2460 168
leaf_count=101 113 104 108 168 101 138 107 236 117 168 111 106 2460 168
internal_value=-1.08687e-06 -1.17511e-05 -1.24781e-06 0.000208981 0.00033689 -2.25852e-05 -3.39131e-05 -2.33552e-05 -3.91054e-05 -2.91843e-05 -0.000149626 -0.00038273 -5.93707e-06 3.13979e-05
internal_weight=4306 4193 4092 373 269 3719 3581 3474 3238 3130 502 217 2628 285
internal_count=4306 4193 4092 373 269 3719 3581 3474 3238 3130 502 217 2628 285
is_linear=0
shrinkage=0.03


Tree=173
num_leaves=15
num_cat=0
split_feature=6 7 11 18 19 10 11 1 35 10 8 16 8 10
split_gain=0.0237653 0.054325 0.0484546 0.0204904 0.0135483 0.0219169 0.0129423 0.028488 0.0268172 0.0290136 0.0262046 0.0181737 0.0158512 0.0147235
threshold=2.18300134837988 2.7428483574468259 0.9369858350388981 0.85317953787158307 3.2064095400000006 1.5077965506498741 0.34543501960707829 -0.047770647061688043 0.053485470869027156 0.23547033786958502 0.97827152098004599 0.20252673279492614 0.40610294399415214 0.099477745349768373
decision_type=10 10 10 8 10 10 10 10 8 10 10 10 8 10
left_child=1 3 -2 4 5 6 8 -8 9 11 12 -1 13 -10
right_child=2 -3 -4 -5 -6 -7 7 -9 10 -11 -12 -13 -14 -15
leaf_value=-3.4326991661497381e-07 6.9207241630193769e-06 0.00065992179422233346 -0.0007703394146651504 0.0003628387588516647 -0.00034535268160314962 0.00038437252765423938 0.00050603014486663386 3.114639015753216e-06 -6.543387671699747e-05 0.00032840880546355038 -0.00068365544734074444 -0.00045156906430409951 0.00015733120606652135 -0.00051730214734561745
leaf_weight=342 226 112 101 133 100 124 101 2323 145 195 102 100 106 115
leaf_count=342 226 112 101 133 100 124 101 2323 145 195 102 100 106 115
internal_value=2.77289e-06 2.29987e-05 -0.000241136 3.81728e-06 -9.37166e-06 2.85215e-07 -1.37354e-05 2.5068e-05 -9.85863e-05 2.82677e-05 -0.000269722 -0.00010634 -0.000146705 -0.000271288
internal_weight=4325 3998 327 3886 3753 3653 3529 2424 1105 637 468 442 366 260
internal_count=4325 3998 327 3886 3753 3653 3529 2424 1105 637 468 442 366 260
is_linear=0
shrinkage=0.03


Tree=174
num_leaves=15
num_cat=0
split_feature=21 27 24 29 27 36 28 10 23 24 15 7 28 29
split_gain=0.0233721 0.019222 0.0147111 0.0231885 0.0458118 0.0138047 0.0138717 0.0178372 0.0231483 0.0108616 0.0123832 0.0169567 0.013489 0.0132138
threshold=0.42838346188832183 1.3087777849288598 0.90205479452054804 -0.27957512013052771 0.18491430397115732 0.22293081324126507 -0.202847410646286 0.96106502865368992 0.0010254003956424002 0.81301369863013717 1.2514764768633977 -0.5411520005321947 -0.10268348856586403 -0.08711701310774303
decision_type=10 10 10 8 10 10 8 10 10 10 10 8 8 8
left_child=1 2 3 4 -1 6 -5 9 -9 10 12 -12 -8 -13
right_child=-2 -3 -4 5 -6 -7 7 8 -10 -11 11 13 -14 -15
leaf_value=-7.9943410080194794e-05 -0.00043879553596576988 0.00041111297093832615 -0.00025376971470405602 0.00029414630054464306 0.00066171150816173507 0.00029605965744432966 -0.00025423953978112639 4.8538888524256539e-05 -0.00055082216020267412 0.0002252514956171853 -0.00037897187558141572 -0.0002480238848585355 2.0804045802986352e-05 0.0001738914093471362
leaf_weight=158 101 101 188 119 136 126 167 104 124 162 190 113 2391 149
leaf_count=158 101 101 188 119 136 126 167 104 124 162 190 113 2391 149
internal_value=1.19947e-06 1.22161e-05 1.96826e-06 1.44803e-05 0.000268463 -6.34524e-06 -1.75777e-05 -2.8904e-05 -0.000282255 -1.02779e-05 -2.33067e-05 -0.000167149 2.38677e-06 -9.31663e-06
internal_weight=4329 4228 4127 3939 294 3645 3519 3400 228 3172 3010 452 2558 262
internal_count=4329 4228 4127 3939 294 3645 3519 3400 228 3172 3010 452 2558 262
is_linear=0
shrinkage=0.03


Tree=175
num_leaves=15
num_cat=0
split_feature=6 4 3 22 5 20 10 36 29 10 32 30 3 15
split_gain=0.0263837 0.0320716 0.0125191 0.0114155 0.0181386 0.0283812 0.0163752 0.0161314 0.0146501 0.0143818 0.0181058 0.011275 0.0165266 0.0163832
threshold=2.7281464922490888 0.55429119445720409 0.25944158538347262 0.0019536898190249002 0.34113661256655342 0.89246575342465762 0.61254672898999796 0.11351380177956516 -0.23917006954857853 0.81323938476139246 0.012860451492386403 0.070306185966149556 -0.12679853540138689 0.72899061014095723
decision_type=10 8 10 10 10 8 10 10 8 10 10 10 10 10
left_child=1 2 3 6 -5 -6 8 9 -1 -8 -11 -10 -13 -14
right_child=-2 -3 -4 4 5 -7 7 -9 11 10 -12 12 13 -15
leaf_value=0.00035784778995245382 -0.00046867822436615824 0.00046085216952554826 -0.00027634060681608889 4.7181498639811588e-07 0.00064507483798097967 -1.1711816872683179e-05 -0.00047215691541337986 8.9607575400309117e-05 -4.9358418431349469e-05 -0.00033929750505855982 0.00018669866478053209 0.00036498775315155761 0.00021851999877838828 -5.9456767070203228e-05
leaf_weight=103 100 134 140 400 119 113 167 160 1566 127 102 149 273 604
leaf_count=103 100 134 140 400 119 113 167 160 1566 127 102 149 273 604
internal_value=9.838e-07 1.28314e-05 -2.64506e-06 7.56561e-06 0.000123702 0.000331676 -1.51669e-05 -0.000162631 1.55011e-05 -0.000264393 -0.000106028 1.23428e-06 7.83196e-05 2.78224e-05
internal_weight=4257 4157 4023 3883 632 232 3251 556 2695 396 229 2592 1026 877
internal_count=4257 4157 4023 3883 632 232 3251 556 2695 396 229 2592 1026 877
is_linear=0
shrinkage=0.03


Tree=176
num_leaves=15
num_cat=0
split_feature=20 10 27 5 20 35 12 12 23 21 27 28 0 30
split_gain=0.0344647 0.0369763 0.0459537 0.0154473 0.0199345 0.0125736 0.011319 0.0182023 0.0143848 0.0117135 0.00891776 0.0097538 0.0096974 0.00853435
threshold=0.99859252514054953 1.5077965506498741 0.17791277222790228 -0.61274409252709006 0.007534246575342401 0.052452534517942261 0.071449084824963663 0.058481634553324856 0.0019931987994093003 0.26273505628550564 0.26479555339181954 0.10585828876965746 -0.015547723988724499 0.15028938389380639
decision_type=10 10 10 10 8 10 2 2 10 10 10 10 10 10
left_child=1 3 -3 -1 -5 6 7 9 -8 10 11 13 -12 -6
right_child=-2 2 -4 4 5 -7 8 -9 -10 -11 12 -13 -14 -15
leaf_value=0.00026652517511187296 -0.00051828883220627296 -6.2004311347082554e-05 0.00075964868223609946 -0.00041212745250126994 -1.4942400819393242e-05 -0.00031064619539219643 2.7235876707013992e-05 0.00029213081056395963 -0.00046121596181668186 -0.00021706640171273027 0.00036409838927504995 0.00018439055279611093 5.2484299164101479e-05 -0.00018413025076543339
leaf_weight=162 111 117 122 113 1819 121 108 186 103 222 102 185 578 310
leaf_count=162 111 117 122 113 1819 121 108 186 103 222 102 185 578 310
internal_value=-8.10015e-06 5.8247e-06 0.000364389 -1.59787e-05 -2.82056e-05 -1.60516e-05 -5.76994e-06 7.58967e-06 -0.00021636 -9.29493e-06 6.44719e-06 -2.16566e-05 0.000101543 -3.99513e-05
internal_weight=4359 4248 239 4009 3847 3734 3613 3402 211 3216 2994 2314 680 2129
internal_count=4359 4248 239 4009 3847 3734 3613 3402 211 3216 2994 2314 680 2129
is_linear=0
shrinkage=0.03


Tree=177
num_leaves=15
num_cat=0
split_feature=30 9 3 4 13 30 22 34 34 10 19 35 24 0
split_gain=0.0135572 0.0335651 0.0294299 0.012329 0.0208691 0.0186849 0.0234753 0.0193728 0.0177292 0.0157953 0.012475 0.0110873 0.0173187 0.0112695
threshold=0.36941377625863098 -0.23639418526347508 0.26471786538014364 -0.07622647242231749 1.734447752478993 0.11511674978680661 0.0015679024443704503 -0.10822322085048684 -0.24716130584235577 0.064361977291574016 0.97029534356550007 -0.00032544475121554993 0.42383519364112976 -0.040209215390861641
decision_type=10 10 10 8 8 10 10 10 10 10 8 8 10 10
left_child=2 -2 3 5 10 6 8 -7 -1 -10 -5 12 -12 -13
right_child=1 -3 -4 4 -6 7 -8 -9 9 -11 11 13 -14 -15
leaf_value=-0.00038762915369920062 -8.9907059923461922e-05 0.0005134154807776213 -0.00039689954201556674 0.00020953696332585316 0.00039788211127778138 0.00035780620811001176 -0.00056676248519675263 -0.00013440016224627039 0.00019186940997705521 -0.0001536799286333635 -0.00043562096072491841 -0.00025466032873282528 -2.3628455998760336e-06 3.5907903540791503e-05
leaf_weight=140 183 145 172 257 128 141 109 138 200 279 127 123 224 1954
leaf_count=140 183 145 172 257 128 141 109 138 200 279 127 123 224 1954
internal_value=-3.40554e-06 0.00018051 -1.87237e-05 -1.19935e-06 3.10578e-05 -9.10163e-05 -0.000170708 0.000116269 -9.69841e-05 -8.90882e-06 1.28635e-05 -8.34196e-06 -0.000163042 1.81302e-05
internal_weight=4320 328 3992 3820 2813 1007 728 279 619 479 2685 2428 351 2077
internal_count=4320 328 3992 3820 2813 1007 728 279 619 479 2685 2428 351 2077
is_linear=0
shrinkage=0.03


Tree=178
num_leaves=15
num_cat=0
split_feature=16 16 21 22 16 27 28 3 33 18 17 27 16 4
split_gain=0.0276219 0.0378977 0.0235775 0.0423062 0.00955023 0.0148448 0.0100445 0.0134983 0.0180776 0.00851366 0.00858152 0.0129018 0.00997429 0.00742268
threshold=1.8693514480900688 1.4453580603491101 -0.22129155434784001 0.0012487020017540003 -0.96353304667654271 -0.46487555998197577 0.24385150355416219 0.19973386063656681 0.0027688944044047003 0.88009387519727544 1.0224983365767899 0.75854836414226234 0.85154885857042883 -0.16544360553397267
decision_type=8 10 8 10 10 10 10 10 8 10 10 10 10 10
left_child=1 2 3 -1 5 -4 7 9 -9 10 11 13 -12 -6
right_child=-2 -3 4 -5 6 -7 -8 8 -10 -11 12 -13 -14 -15
leaf_value=7.871737033624691e-05 -0.00037838167786186826 0.0004698044340170932 -0.00039445451242499981 -0.00065916364608710866 0.00016295994636016776 7.7259811945336161e-05 -0.00026777149235003383 -3.0542433977144084e-05 0.00043860821617341093 0.00025640625212690793 -0.00037276509357948742 0.00031716852717363509 3.4498662097446084e-05 -1.6554567981428323e-05
leaf_weight=142 173 146 125 131 222 109 102 137 154 115 111 115 100 2384
leaf_count=142 173 146 125 131 222 109 102 137 154 115 111 115 100 2384
internal_value=-1.2539e-05 3.367e-06 -1.44591e-05 -0.000280845 5.68967e-06 -0.000177705 1.84046e-05 2.75367e-05 0.000220952 8.73317e-06 -1.40113e-06 1.30239e-05 -0.000183418 -9.79301e-07
internal_weight=4266 4093 3947 273 3674 234 3440 3338 291 3047 2932 2721 211 2606
internal_count=4266 4093 3947 273 3674 234 3440 3338 291 3047 2932 2721 211 2606
is_linear=0
shrinkage=0.03


Tree=179
num_leaves=15
num_cat=0
split_feature=3 12 9 5 8 11 30 30 11 19 5 4 28 17
split_gain=0.0181487 0.0155641 0.0163097 0.0378443 0.0190721 0.0124163 0.012272 0.0140706 0.0144866 0.0153239 0.0209954 0.0147022 0.0118607 0.0166708
threshold=-0.27837401543382306 0.11635218159333517 -0.11538803328354354 0.92515323502466229 1.9609584763087875 0.95797962648556922 0.11113237344631251 0.1274075447597092 0.60709671657407094 1.3611096650000001 -0.095429554230286637 -0.083679923991294328 -0.099689383875709484 0.066658326402648113
decision_type=10 2 8 10 8 10 8 8 10 10 10 10 10 10
left_child=-1 2 4 5 6 -4 12 -8 9 -9 -11 -10 -2 -14
right_child=1 -3 3 -5 -6 -7 7 8 11 10 -12 -13 13 -15
leaf_value=0.00038480121658371607 -0.00033218856125011298 -0.00034996401599873307 5.4084344542323429e-05 0.0005943694578929115 -0.00042769233292723398 -0.00025832135223204312 0.00037875251694155542 0.00012914598847634841 0.00044147456632731314 -0.00056073859532645672 -1.4647574706750499e-05 -1.0544298705577612e-06 2.4691745375438927e-05 -0.00022040172309917928
leaf_weight=104 154 111 1663 110 111 118 103 157 108 104 152 168 766 365
leaf_count=104 154 111 1663 110 111 118 103 157 108 104 152 168 766 365
internal_value=2.6305e-06 -7.3027e-06 2.43903e-06 6.68732e-05 -5.32743e-05 3.27207e-05 -3.22855e-05 6.03651e-05 1.03828e-05 -0.000101671 -0.000242989 0.000176883 -8.94025e-05 -5.50276e-05
internal_weight=4294 4190 4079 1891 2188 1781 2077 792 689 413 256 276 1285 1131
internal_count=4294 4190 4079 1891 2188 1781 2077 792 689 413 256 276 1285 1131
is_linear=0
shrinkage=0.03


Tree=180
num_leaves=15
num_cat=0
split_feature=10 10 8 20 29 5 15 17 6 33 28 1 15 28
split_gain=0.0282051 0.0369331 0.0165514 0.0145232 0.00977103 0.0136725 0.0216372 0.0107656 0.0146018 0.0133578 0.0162135 0.0182937 0.0152415 0.011994
threshold=5.2581834122266349 2.2766353318591634 3.4492982443314451 0.0061643835616438008 -0.30884848990902863 0.73431087520447214 1.9278156494415608 0.19685266523321501 -1.6688876652744657 -0.018777295431388698 0.039389612444011811 0.015682750476793503 1.2514764768633977 0.006184854720760101
decision_type=8 10 10 8 8 10 10 8 10 10 10 10 10 8
left_child=1 2 3 -1 -5 6 7 8 -6 12 -11 -12 13 -9
right_child=-2 -3 -4 4 5 -7 -8 9 -10 10 11 -13 -14 -15
leaf_value=-0.00032413410926727173 -0.00044453274027533201 0.00053746921306204365 -0.00039641031390056015 0.00020685021973281919 0.0003170136635254865 -0.00031350829629842421 0.0003906012304807428 0.00031427381569875139 2.256727613842999e-06 -0.00035422980247661344 0.00015424361196374718 -0.00033100614564701621 -0.00022811302911403356 -6.7461107049466054e-06
leaf_weight=127 134 103 100 183 137 128 116 144 2015 281 176 109 183 352
leaf_count=127 134 103 100 183 137 128 116 144 2015 281 176 109 183 352
internal_value=-2.41595e-05 -1.0081e-05 -2.46483e-05 -1.47498e-05 -4.06493e-06 -1.49349e-05 -3.62589e-06 -1.76422e-05 2.29831e-05 -8.76745e-05 -0.000194617 -3.38504e-05 2.2415e-06 8.86596e-05
internal_weight=4288 4154 4051 3951 3824 3641 3513 3397 2152 1245 566 285 679 496
internal_count=4288 4154 4051 3951 3824 3641 3513 3397 2152 1245 566 285 679 496
is_linear=0
shrinkage=0.03


Tree=181
num_leaves=15
num_cat=0
split_feature=3 3 12 32 12 7 34 13 31 28 3 30 28 3
split_gain=0.0423321 0.0328391 0.0131134 0.0281976 0.0261388 0.0144658 0.0144622 0.0136896 0.0110762 0.00959231 0.0144836 0.0137863 0.0129303 0.0213635
threshold=0.33874582191921693 -0.22941637313501276 0.071449084824963663 0.0650823499766328 0.057824557892113111 -1.8737687849353488 -0.28813003284590699 0.52590793284145787 -1.328205297147625 0.015834722884248354 -0.099817614657476281 0.12858635232401291 0.023159576812586704 -0.031964050995826089
decision_type=10 10 2 8 2 8 8 10 8 10 10 10 10 10
left_child=1 -1 4 -4 5 -3 -7 -8 -9 10 -10 -12 -11 -14
right_child=-2 2 3 -5 -6 6 7 8 9 12 11 -13 13 -15
leaf_value=0.00042233065427170745 -0.0005349956698051853 -0.00032387004152496953 0.00010564510083093089 -0.00050445447253930564 0.00031025350243714351 -0.00029331397596848774 0.00034923430142335521 0.00028665180283817736 0.00019402437873624327 0.0003404055792421653 -4.8558264822946915e-05 -0.00029523257635315003 -0.00022434979845681617 7.5693912889730818e-05
leaf_weight=164 126 123 131 134 239 139 101 114 174 118 1143 244 258 1132
leaf_count=164 126 123 131 134 239 139 101 114 174 118 1143 244 258 1132
internal_value=-3.8941e-06 1.26012e-05 -4.49059e-06 -0.000206487 9.90557e-06 -1.07462e-05 9.61383e-07 1.3844e-05 2.67064e-06 -8.32712e-06 -6.03623e-05 -9.28576e-05 4.55584e-05 1.93978e-05
internal_weight=4340 4214 4050 265 3785 3546 3423 3284 3183 3069 1561 1387 1508 1390
internal_count=4340 4214 4050 265 3785 3546 3423 3284 3183 3069 1561 1387 1508 1390
is_linear=0
shrinkage=0.03


Tree=182
num_leaves=15
num_cat=0
split_feature=21 30 20 33 16 15 20 15 8 5 16 27 26 27
split_gain=0.0343641 0.0219147 0.0137282 0.0431301 0.0232995 0.0126881 0.0114728 0.0196488 0.0156382 0.0153322 0.027339 0.014432 0.0124168 0.0189583
threshold=-0.24521599685109693 0.094553178339503913 0.98789737415807133 -0.17265028829640877 1.4204636706503659 1.9278156494415608 0.16506849315068492 1.2297776190845495 -0.63767397898472777 -0.29268978224284964 -0.52932710373628755 0.62563577002239634 -0.0096056425733436479 -0.3108819499911129
decision_type=8 10 10 10 10 8 10 10 10 8 10 10 10 10
left_child=1 -1 4 -4 5 6 7 8 9 10 -2 -8 -11 -14
right_child=2 -3 3 -5 -6 -7 11 -9 -10 12 -12 -13 13 -15
leaf_value=3.6149807756060155e-05 0.00051288277216251816 0.00060689731453183213 0.00064597744601652823 -0.00012156337640878584 -0.00043929191648985126 0.00029128036009914911 -1.4598843065790065e-05 -0.00043091788778763991 -0.0003578127128040572 8.4387628835533792e-05 -0.00011598162659300634 0.00022948461649015281 -0.00051565765792754696 -4.338269208779804e-05
leaf_weight=111 116 130 106 159 116 112 2282 142 128 213 125 236 112 224
leaf_count=111 116 130 106 159 116 112 2282 142 128 213 125 236 112 224
internal_value=5.77078e-06 0.0003501 -1.50177e-05 0.00019173 -2.96455e-05 -1.61908e-05 -2.62084e-05 -0.000108754 -5.68559e-05 -6.14953e-06 0.000190981 8.68737e-06 -9.36283e-05 -0.00020606
internal_weight=4312 241 4071 265 3806 3690 3578 1060 918 790 241 2518 549 336
internal_count=4312 241 4071 265 3806 3690 3578 1060 918 790 241 2518 549 336
is_linear=0
shrinkage=0.03


Tree=183
num_leaves=15
num_cat=0
split_feature=10 23 10 23 33 20 23 36 9 11 9 17 20 20
split_gain=0.0416051 0.0296147 0.0395159 0.0194766 0.0204354 0.0164359 0.0196507 0.0141383 0.0145085 0.0159788 0.0129428 0.0118657 0.00818765 0.00912606
threshold=6.6247327876745317 0.0040111536888379007 1.4306679488098 0.0031498283297387505 0.17964072868131617 0.007534246575342401 0.00209510933112985 0.22293081324126507 -0.38126514600326833 0.54216408841691999 -0.3278082276984407 0.73915894640929691 0.1582191780821918 0.26506849315068498
decision_type=8 10 10 10 10 8 10 10 10 10 10 10 8 8
left_child=1 3 -3 4 5 -1 7 8 9 -7 -10 -6 -12 -14
right_child=-2 2 -4 -5 11 6 -8 -9 10 -11 12 -13 13 -15
leaf_value=-0.00031483512663493622 -0.00057986730476047583 4.3480951887541971e-05 0.00076787857927515036 -0.00039200815587462739 -5.998402874476077e-05 -0.00041535592509398163 0.00032184958296168091 0.00028591585175524449 0.00029997186961819598 6.9113142957541869e-05 -0.000101893303177125 -0.00051208238657298865 0.00025300199565878609 1.214601014692648e-05
leaf_weight=124 105 193 100 112 107 146 191 157 134 101 532 100 147 2076
leaf_count=124 105 193 100 112 107 146 191 157 134 101 532 100 147 2076
internal_value=-3.87871e-06 1.1122e-05 0.000299451 -1.07441e-05 9.47403e-07 1.77431e-05 3.00142e-05 1.2625e-05 -1.49036e-06 -0.000219813 1.7523e-05 -0.000285315 3.26647e-06 2.86051e-05
internal_weight=4325 4220 293 3927 3815 3608 3484 3293 3136 247 2889 207 2755 2223
internal_count=4325 4220 293 3927 3815 3608 3484 3293 3136 247 2889 207 2755 2223
is_linear=0
shrinkage=0.03


Tree=184
num_leaves=15
num_cat=0
split_feature=28 1 21 9 2 9 22 23 20 2 30 25 9 24
split_gain=0.0318441 0.0154224 0.030141 0.0152259 0.0240764 0.0228236 0.01433 0.0290637 0.0180871 0.0143425 0.0131347 0.0129317 0.0135271 0.0148842
threshold=0.30188945367623271 -0.083364057277042589 -0.19334149252785487 -0.44699153833532562 -0.065413790023970034 -0.35691876598680977 0.0059218310766950511 0.0035707421808115003 0.7824607929179227 0.18020562740635498 0.1274075447597092 0.014737982087022452 -0.31481277214780407 0.87739726027397269
decision_type=10 8 10 10 10 10 8 10 10 10 10 10 10 8
left_child=1 2 -1 4 -3 10 7 9 -8 11 -5 12 -7 -14
right_child=-2 3 -4 5 -6 6 8 -9 -10 -11 -12 -13 13 -15
leaf_value=-0.00061360459489307167 0.00050703642887379703 0.00057993699812952161 3.4855538393904889e-05 -8.8484034975128725e-05 3.2366890238135184e-07 0.00034057638221211904 3.4757958095393731e-05 0.00051417683271357158 -0.00049614920019770833 -0.00031757252448288552 -0.00052904640091583127 0.00025097694280623421 1.7437158619843547e-05 -0.0003375379948674644
leaf_weight=100 111 104 166 151 158 106 127 107 100 103 100 224 2511 106
leaf_count=100 111 104 166 151 158 106 127 107 100 103 100 224 2511 106
internal_value=1.67623e-05 3.0973e-06 -0.00021575 1.82926e-05 0.000236951 2.22853e-06 2.28578e-05 3.95234e-05 -0.000204774 2.20573e-05 -0.000270912 3.44454e-05 1.62057e-05 2.44286e-06
internal_weight=4274 4163 266 3897 262 3635 3384 3157 227 3050 251 2947 2723 2617
internal_count=4274 4163 266 3897 262 3635 3384 3157 227 3050 251 2947 2723 2617
is_linear=0
shrinkage=0.03


Tree=185
num_leaves=15
num_cat=0
split_feature=10 10 23 23 22 19 34 21 12 12 19 19 10 14
split_gain=0.0345328 0.030454 0.014044 0.0213423 0.0121822 0.0094893 0.0098017 0.0336136 0.0141122 0.0155839 0.00993279 0.011263 0.0131614 0.0118124
threshold=5.2581834122266349 1.9921600553064145 0.0029513289393648004 0.0043598576609853012 0.0043200821586659001 0.81568929500000009 0.45842084317681842 -0.14740729662479415 0.053549885745458506 0.04410819084005576 1.254334106315351 1.8594457100000004 0.89439467827992758 0.57308815664980062
decision_type=8 10 8 8 10 10 8 10 2 2 10 10 10 10
left_child=1 2 4 -4 5 -1 8 -8 9 10 -7 13 -13 -12
right_child=-2 -3 3 -5 -6 6 7 -9 -10 -11 11 12 -14 -15
leaf_value=0.00025516411319941929 -0.00046127440426716403 0.00045437553309706603 -0.00048088759540741401 -8.4048709150010828e-06 0.0002938990228625431 0.00016493674020181975 -0.00051359982891416951 1.3877992298873773e-05 0.00024140062246583364 -0.00026563473514291941 -2.5865603270884227e-05 3.3497278799079331e-05 0.00038977556025888331 -0.00030358030562016163
leaf_weight=133 134 135 125 255 138 376 136 474 243 174 901 791 101 158
leaf_count=133 134 135 125 255 138 376 136 474 243 174 901 791 101 158
internal_value=3.85296e-06 1.94461e-05 4.23725e-06 -0.000168054 2.25047e-05 1.13587e-05 1.32535e-06 -0.000106943 2.55445e-05 4.13188e-06 2.48298e-05 -2.52443e-06 7.5786e-05 -6.85318e-05
internal_weight=4274 4140 4005 380 3625 3487 3354 610 2744 2501 2327 1951 892 1059
internal_count=4274 4140 4005 380 3625 3487 3354 610 2744 2501 2327 1951 892 1059
is_linear=0
shrinkage=0.03


Tree=186
num_leaves=15
num_cat=0
split_feature=10 26 30 23 36 0 4 20 25 34 30 16 3 16
split_gain=0.031391 0.0194494 0.0301608 0.0141528 0.015202 0.0176065 0.0214692 0.0322929 0.0150644 0.0235084 0.0137204 0.0104321 0.0102227 0.00844081
threshold=5.2581834122266349 0.16058446995604242 0.28949401862083507 0.0029513289393648004 -0.012337764064638749 -0.026849790095907097 -0.16952753910358068 0.11712328767123285 0.013392087916198352 0.061067376986532855 0.032550286668495611 1.099663174841907 -0.11480254825352719 -0.46758797539361269
decision_type=8 10 10 10 8 10 10 10 10 8 10 10 10 10
left_child=1 3 -3 4 10 13 7 -7 11 -10 -1 12 -8 -6
right_child=-2 2 -4 -5 5 6 8 -9 9 -11 -12 -13 -14 -15
leaf_value=-0.00045708150436108184 -0.00046300095613828902 -8.245064062066376e-05 0.00062859035914722904 -0.00027189027327570198 -4.6470533996138588e-05 5.3512748213933815e-05 0.00027990824579259319 -0.00052660492723849265 0.00053875972773605619 1.7388810524798191e-05 -1.144470019864231e-05 -0.00025703678588995347 -3.4291118554568542e-06 0.00026366912315821563
leaf_weight=113 127 102 106 170 100 176 116 163 119 210 132 133 2166 348
leaf_count=113 127 102 106 170 100 176 116 163 119 210 132 133 2166 348
internal_value=-7.5453e-06 6.9192e-06 0.000286156 -8.14334e-06 4.0747e-06 2.00537e-05 -5.59773e-06 -0.000229023 2.23711e-05 0.000211212 -0.000222014 -3.73834e-06 1.15541e-05 0.000194693
internal_weight=4281 4154 208 3946 3776 3531 3083 339 2744 329 245 2415 2282 448
internal_count=4281 4154 208 3946 3776 3531 3083 339 2744 329 245 2415 2282 448
is_linear=0
shrinkage=0.03


Tree=187
num_leaves=15
num_cat=0
split_feature=3 12 30 16 19 22 8 10 17 10 30 31 10 31
split_gain=0.0273595 0.0352469 0.034462 0.0440142 0.0271922 0.0178394 0.0241084 0.0157499 0.0135071 0.0207525 0.0198899 0.0367974 0.0139025 0.0133038
threshold=-0.13028075136800213 0.11121782419929856 0.11013253911385766 0.40759961133931377 1.5250926784275003 -0.0014207350166530498 1.988273134331864 0.018076275727661004 1.040646274287411 1.1997833118376646 0.056374251377678555 0.38830334262991889 0.90425321018363447 -0.94277361839478047
decision_type=10 2 8 8 10 10 10 10 10 10 10 10 10 10
left_child=2 5 4 -4 -1 6 13 -7 9 12 -10 -12 -9 -2
right_child=1 -3 3 -5 -6 7 -8 8 10 -11 11 -13 -14 -15
leaf_value=-0.00027434205289853664 0.00031276206980493268 -0.00055141886638011785 5.768542295476463e-05 0.00084226151897914511 0.00033730763976968267 -0.0003846590483506556 0.00055381879617925726 -3.7042603066351947e-06 0.00010978565197842111 0.00034115705447095701 0.00011292374176074467 -0.00057413680631569948 -0.00035338464391740935 -4.5273454958413708e-05
leaf_weight=161 123 106 129 125 103 108 101 2346 143 148 110 182 102 342
leaf_count=161 123 106 129 125 103 108 101 2346 143 148 110 182 102 342
internal_value=3.23347e-06 -2.46589e-05 0.000206716 0.000452602 -3.3872e-05 -8.86548e-06 0.000145409 -3.687e-05 -2.38646e-05 2.1823e-06 -0.000177566 -0.000317769 -1.89649e-05 5.17525e-05
internal_weight=4329 3811 518 254 264 3705 566 3139 3031 2596 435 292 2448 465
internal_count=4329 3811 518 254 264 3705 566 3139 3031 2596 435 292 2448 465
is_linear=0
shrinkage=0.03


Tree=188
num_leaves=15
num_cat=0
split_feature=6 2 4 25 25 25 24 5 21 3 3 5 15 5
split_gain=0.0372035 0.0236801 0.0196719 0.0082982 0.0104628 0.0105401 0.0129228 0.0194183 0.0139969 0.016058 0.0175874 0.0109841 0.00924825 0.0202445
threshold=2.8241738643337349 0.21041476023190939 0.46806133267896538 -0.040763954768241996 -0.016778303198843148 -0.0098410489770692482 0.11438356164383562 0.085587412390999568 -0.2604242495457762 -0.12679853540138689 -0.092637393812388044 -0.314458050361277 1.6547834683926184 0.72059589164451665
decision_type=8 10 10 8 8 8 10 8 10 10 10 10 10 10
left_child=1 2 3 -1 -5 -6 7 -7 -8 11 -11 -10 13 -12
right_child=-2 -3 -4 4 5 6 8 -9 9 10 12 -13 -14 -15
leaf_value=0.00025078744553435456 -0.00055376497717328933 0.0004004370457990918 -0.00041000980983697593 -0.00024720345392333396 0.00019620636078221089 4.0581725429518108e-05 -0.00024995165251703779 -0.00043695036787254386 -2.4339760382404938e-05 -0.00030361221393318901 9.1539702273582073e-06 0.00035832154671225 -0.00024498922886066239 0.00038596612394672665
leaf_weight=109 107 124 104 154 229 152 176 148 101 158 2278 195 110 131
leaf_count=109 107 124 104 154 229 152 176 148 101 158 2278 195 110 131
internal_value=-1.41956e-05 2.99555e-07 -1.24459e-05 -1.44829e-06 -8.94051e-06 1.35776e-06 -1.18447e-05 -0.000198302 6.20495e-06 2.17635e-05 -1.59308e-06 0.000229516 1.79145e-05 3.04018e-05
internal_weight=4276 4169 4045 3941 3832 3678 3449 300 3149 2973 2677 296 2519 2409
internal_count=4276 4169 4045 3941 3832 3678 3449 300 3149 2973 2677 296 2519 2409
is_linear=0
shrinkage=0.03


Tree=189
num_leaves=15
num_cat=0
split_feature=10 5 10 35 1 3 22 1 5 10 34 24 14 29
split_gain=0.0430591 0.0153469 0.0136001 0.0168303 0.015529 0.0183366 0.0153514 0.0147821 0.031748 0.0303579 0.0169338 0.0202568 0.0164238 0.0126507
threshold=3.4658055512443324 0.92515323502466229 1.2736883459552211 0.049376867645641608 0.053890244856922211 0.066850991157312412 -7.9993179113149759e-05 -0.049194698300985294 0.37040482715623374 0.63383456464440935 -0.031274491287872241 0.47465753424657536 0.30241152968036528 -0.22412850649193458
decision_type=10 10 10 10 8 8 10 10 8 8 8 8 10 8
left_child=1 2 3 4 7 -6 -7 8 10 13 -1 -12 -11 -9
right_child=-2 -3 -4 -5 5 6 -8 9 -10 12 11 -13 -14 -15
leaf_value=-0.00026452710285525429 -0.00058235824550605022 0.00031220963089940686 -0.0003029355562906604 -0.0003165637753584361 0.00040692569829108569 0.00029386866677069944 -0.00013549920007193349 0.00032951960532550908 0.00059567364802304019 -0.00055304008654708187 0.00042444423681750664 -8.4630559813140513e-05 -0.00013796267344050336 -2.7571651844880083e-06
leaf_weight=123 108 142 124 132 188 118 187 103 106 121 126 149 285 2282
leaf_count=123 108 142 124 132 188 118 187 103 106 121 126 149 285 2282
internal_value=-4.4832e-06 1.11031e-05 1.57665e-07 1.0119e-05 2.19052e-05 0.000178046 3.26774e-05 -1.69102e-06 0.000147013 -2.87589e-05 2.1612e-05 0.000152032 -0.000266891 1.22521e-05
internal_weight=4294 4186 4044 3920 3788 493 305 3295 504 2791 398 275 406 2385
internal_count=4294 4186 4044 3920 3788 493 305 3295 504 2791 398 275 406 2385
is_linear=0
shrinkage=0.03


Tree=190
num_leaves=15
num_cat=0
split_feature=21 12 12 5 5 8 19 27 34 5 22 10 29 30
split_gain=0.0243551 0.0158725 0.0263094 0.0272744 0.0414603 0.013977 0.00879331 0.0120055 0.0104231 0.0102489 0.0129292 0.0111818 0.01292 0.00960721
threshold=-0.32082151822296262 0.11635218159333517 0.086391054136719006 1.0517752715021864 0.8759915211321625 3.1430401579430356 1.2710648050000002 0.9306497379749582 -0.27126915748548802 0.54315796648986192 0.00017164501390660002 0.75229615650211956 -0.23917006954857853 0.054412939063901405
decision_type=8 2 2 10 8 10 8 10 8 10 10 10 8 10
left_child=-1 2 3 4 5 6 13 8 -8 11 -11 12 -10 -2
right_child=1 -3 -4 -5 -6 -7 7 -9 9 10 -12 -13 -14 -15
leaf_value=0.00044797428029899795 1.3738050803376903e-06 -0.00035510741683122298 0.00045238038855146797 -0.00046513814349762267 0.00057434435616204817 -0.00030724655214612538 -0.00030506535438250683 0.0002957283392202549 0.00030417699087795176 -5.1859750618370106e-05 0.00039610483853335851 -0.00028364458115447632 -3.2377836649968359e-05 0.00020175372974147278
leaf_weight=112 460 100 117 103 112 123 111 103 103 112 113 145 2075 400
leaf_count=112 460 100 117 103 112 123 111 103 103 112 113 145 2075 400
internal_value=2.10723e-05 9.10364e-06 1.8461e-05 5.08633e-06 1.82295e-05 8.54376e-07 1.17263e-05 -1.43902e-05 -2.69355e-05 -1.42455e-05 0.000176838 -3.30934e-05 -1.58016e-05 9.52012e-05
internal_weight=4289 4177 4077 3960 3857 3745 3622 2762 2659 2548 225 2323 2178 860
internal_count=4289 4177 4077 3960 3857 3745 3622 2762 2659 2548 225 2323 2178 860
is_linear=0
shrinkage=0.03


Tree=191
num_leaves=15
num_cat=0
split_feature=12 5 9 8 1 9 9 5 9 36 15 21 24 12
split_gain=0.0142874 0.025973 0.0508646 0.0160412 0.0135458 0.0170958 0.019771 0.0167589 0.0165198 0.00903058 0.00989858 0.0123534 0.00997115 0.00979281
threshold=0.12378171500117441 0.92515323502466229 -0.036427599483399346 3.3421432888242526 -0.083364057277042589 -0.44699153833532562 -0.38126514600326833 -0.34404230338159925 -0.2962096406112088 -0.012337764064638749 1.5256164392301319 -0.21826539345834242 0.95479452054794522 0.015492734017301852
decision_type=2 8 8 10 10 10 10 10 10 8 10 10 8 2
left_child=1 3 -3 4 8 -6 -7 -8 -1 -9 11 -11 13 -13
right_child=-2 2 -4 -5 5 6 7 9 -10 10 -12 12 -14 -15
leaf_value=-0.00051236092684225042 -0.00032947085036158242 -0.00015032206261313933 0.00068046233426233445 -0.00038092433772938448 0.00028555998151704853 -0.00033949535824127832 0.000340952719992584 -0.00021103941785603587 6.7451226136316195e-06 -0.00029525488284724068 0.00021180575881857964 0.00016372679868870745 -0.00028018473284545408 -9.0453513931679802e-06
leaf_weight=100 119 124 134 104 177 154 122 185 116 127 185 336 103 2198
leaf_count=100 119 124 134 104 177 154 122 185 116 127 185 336 103 2198
internal_value=-1.21369e-05 -2.68602e-06 0.000285904 -2.20842e-05 -1.17838e-05 2.25754e-06 -1.28442e-05 3.1024e-06 -0.000239736 -1.05715e-05 2.34036e-06 -1.20367e-05 2.13625e-06 1.4141e-05
internal_weight=4284 4165 258 3907 3803 3587 3410 3256 216 3134 2949 2764 2637 2534
internal_count=4284 4165 258 3907 3803 3587 3410 3256 216 3134 2949 2764 2637 2534
is_linear=0
shrinkage=0.03


Tree=192
num_leaves=15
num_cat=0
split_feature=10 10 17 29 10 30 33 32 1 20 16 0 21 27
split_gain=0.0300374 0.0283641 0.00997446 0.0164765 0.0176645 0.0389643 0.0139896 0.0139334 0.0167615 0.0101511 0.0137342 0.0192419 0.0182726 0.0120991
threshold=5.2581834122266349 2.0766121958674932 1.6080546312863895 -0.24482037339643412 0.93989451604522112 0.14085641045584116 0.0044377165360600006 0.16737044498796919 -0.012366312175290748 0.007534246575342401 0.46650280673915656 -0.014461445523221648 -0.22129155434784001 0.37683639704524891
decision_type=8 10 10 8 10 10 8 10 10 8 8 10 8 10
left_child=1 2 3 6 7 -6 -1 9 -9 -5 12 -12 -11 -14
right_child=-2 -3 -4 4 5 -7 -8 8 -10 10 11 -13 13 -15
leaf_value=-1.3846112582670695e-05 -0.00044046455845366071 0.00043558702508582629 -0.00029222312044715679 -0.0002762145830476786 0.00014755190329742617 -0.00065286029946620174 0.00035748565295660052 0.00049528013131982466 4.0718701471896857e-05 -0.00040206414083724122 0.0004133806212177428 2.0233612846936177e-05 -4.8046161645959036e-05 0.00017466605098049443
leaf_weight=164 134 130 102 130 100 112 200 100 243 116 144 454 1974 242
leaf_count=164 134 130 102 130 100 112 200 100 243 116 144 454 1974 242
internal_value=-6.55892e-06 7.75457e-06 -6.39035e-06 1.2944e-06 -1.81734e-05 -0.000280607 0.000192262 -1.43661e-06 0.000178456 -2.18593e-05 -1.01225e-05 0.000117547 -4.30426e-05 -2.33862e-05
internal_weight=4345 4211 4081 3979 3615 212 364 3403 343 3060 2930 598 2332 2216
internal_count=4345 4211 4081 3979 3615 212 364 3403 343 3060 2930 598 2332 2216
is_linear=0
shrinkage=0.03


Tree=193
num_leaves=15
num_cat=0
split_feature=3 0 19 19 5 5 12 9 29 10 21 10 25 13
split_gain=0.0404104 0.0244584 0.0167615 0.0184741 0.0180055 0.0128336 0.011932 0.0219849 0.0165039 0.0144891 0.0125235 0.0230834 0.00839213 0.00821768
threshold=0.33874582191921693 -0.079476992564785687 3.2552602200000007 2.8843656900000005 0.81816008947102092 0.56853549249020363 0.072380868624725911 -0.44699153833532562 0.29123017843543531 0.72577226988782939 -0.17100103393651006 0.029331332560202952 0.0030699333432653007 0.83712902406868961
decision_type=10 8 8 10 10 10 2 10 10 10 10 10 10 10
left_child=1 -1 3 4 5 6 7 -3 9 10 -9 -12 -7 -13
right_child=-2 2 -4 -5 -6 12 -8 8 -10 -11 11 13 -14 -15
leaf_value=0.00045389940455259581 -0.00055756215532765845 0.00031650026166171302 -0.00030750549230587615 0.00037290477404190649 -0.00035777479615806769 5.7866254574037155e-05 -0.00023344972617841058 0.00025023848354623567 -0.00036891839410960035 -0.00025343739464304114 -0.00040925609008840623 -4.0964142301231667e-05 0.00042629467907146423 6.9172917940865932e-05
leaf_weight=105 110 195 148 119 117 121 184 196 105 178 111 1036 101 1468
leaf_count=105 110 195 148 119 117 121 184 196 105 178 111 1036 101 1468
internal_value=-2.76314e-06 1.2471e-05 5.66103e-07 1.25407e-05 8.17425e-07 1.26402e-05 -1.64168e-06 1.16613e-05 -8.03091e-06 5.24156e-06 2.20427e-05 4.49402e-06 0.000231182 2.36142e-05
internal_weight=4294 4184 4079 3931 3812 3695 3473 3289 3094 2989 2811 2615 222 2504
internal_count=4294 4184 4079 3931 3812 3695 3473 3289 3094 2989 2811 2615 222 2504
is_linear=0
shrinkage=0.03


Tree=194
num_leaves=15
num_cat=0
split_feature=21 16 34 28 35 12 31 2 2 34 6 26 6 16
split_gain=0.0319608 0.0327978 0.0165123 0.0176172 0.0123414 0.0166286 0.0266751 0.0202677 0.0157488 0.0307784 0.0266623 0.0214514 0.0172472 0.0183492
threshold=0.42838346188832183 1.4704934804039487 0.8493570303636333 -0.23605638511548482 -0.0012830416899737497 0.034411108554769761 -1.1705003152685611 0.10438413589520902 -0.059922181992501593 -0.30562761301904878 -1.1204494263002127 0.043852744400876255 1.5199180186674013 0.54984758394946287
decision_type=10 10 10 8 8 2 8 8 10 10 10 8 10 8
left_child=1 2 3 -1 -5 7 -7 -6 9 -8 -10 -12 13 -13
right_child=-2 -3 -4 4 5 6 8 -9 10 -11 11 12 -14 -15
leaf_value=0.0003752866943331254 -0.00052144465356023927 0.00049432107541410219 -0.00036425310264651974 -0.00015406662426195985 3.8915911319460036e-05 -0.00052203418034431858 0.00040016643370587479 0.00044138602485691079 -0.00054713283060063643 -0.00013853114535395717 8.3494605659368616e-05 -0.00013009535218363202 9.6987489757230591e-05 -0.0006607626739236626
leaf_weight=103 103 113 112 484 1857 104 185 115 101 188 499 140 104 100
leaf_count=103 103 113 112 484 1857 104 185 115 101 188 499 140 104 100
internal_value=-1.18658e-05 1.2206e-06 -1.2983e-05 -2.65334e-06 -1.31645e-05 7.13186e-06 -7.09633e-05 6.34435e-05 -3.35038e-05 0.00013041 -9.86165e-05 -4.19705e-05 -0.000222557 -0.000360179
internal_weight=4308 4205 4092 3980 3877 3393 1421 1972 1317 373 944 843 344 240
internal_count=4308 4205 4092 3980 3877 3393 1421 1972 1317 373 944 843 344 240
is_linear=0
shrinkage=0.03


Tree=195
num_leaves=15
num_cat=0
split_feature=21 15 5 33 32 33 2 2 19 30 31 5 3 1
split_gain=0.0273981 0.0167506 0.0292181 0.0122164 0.0190941 0.0131057 0.00871754 0.0201953 0.0113921 0.018785 0.0168622 0.0142611 0.0139205 0.00921424
threshold=0.42838346188832183 2.2067323349684158 1.5386127685405755 0.17964072868131617 0.038916487242371255 0.13128044804265418 0.18020562740635498 0.13988710444634209 2.3955813189870003 0.10333956753284605 -0.52734967195047011 0.40806931882209374 0.16733250757655888 0.068308953205063319
decision_type=10 8 8 10 10 10 10 10 8 10 10 10 10 10
left_child=1 2 3 5 -5 6 7 8 11 10 -10 12 13 -1
right_child=-2 -3 -4 4 -6 -7 -8 -9 9 -11 -12 -13 -14 -15
leaf_value=-2.837827246721003e-06 -0.00048730729505353204 -0.00034300317376619201 0.00049379177852667481 -0.00047041500062770244 8.4722815334076438e-05 0.00034353799103493135 -0.00024366822234432833 0.00037775085339205379 -0.00022628660023857604 -0.0004079961718229138 0.00026081238471670074 0.00021377467095662242 -0.00033896689426145602 0.00025536948510689256
leaf_weight=2461 100 117 106 116 101 100 119 126 126 152 120 297 102 126
leaf_count=2461 100 117 106 116 101 100 119 126 126 152 120 297 102 126
internal_value=-8.69255e-06 3.35777e-06 1.37692e-05 2.65961e-07 -0.000215944 1.31201e-05 3.55501e-06 1.22713e-05 -1.87418e-06 -0.000151606 1.17849e-05 1.83035e-05 -3.64296e-06 1.02065e-05
internal_weight=4269 4169 4052 3946 217 3729 3629 3510 3384 398 246 2986 2689 2587
internal_count=4269 4169 4052 3946 217 3729 3629 3510 3384 398 246 2986 2689 2587
is_linear=0
shrinkage=0.03


Tree=196
num_leaves=15
num_cat=0
split_feature=26 0 21 21 32 10 15 2 2 13 1 17 25 20
split_gain=0.0181882 0.0241766 0.0135562 0.0178369 0.0395654 0.01375 0.0284446 0.0139523 0.011237 0.00933282 0.024436 0.00977323 0.00855805 0.0147858
threshold=0.32204550641204199 0.068863215455899268 -0.29858769099232912 -0.19768257314782212 -0.036403379600898199 1.6766947236992231 0.90795022054502306 0.17132612185194337 0.10438413589520902 1.3783926711289618 -0.044317771837128692 1.0697716425587036 0.0037491226355531502 0.12123287671232871
decision_type=10 10 8 8 8 8 8 10 10 10 10 10 10 8
left_child=1 2 -1 4 -4 7 -7 8 9 11 -11 12 13 -5
right_child=-2 -3 3 5 -6 6 -8 -9 -10 10 -12 -13 -14 -15
leaf_value=0.00032542649582820393 0.00038217064470771455 -0.00036429631645084633 0.00016655281198590938 -0.00016565999837078824 -0.00061656641401162731 -0.00010011294080656039 0.00059272148261189038 -0.00030653178754531127 0.00020273485391564421 0.00015103394499246784 -0.00042556495222593305 -0.00020137890851874753 0.00011237755713672139 4.0085780389229502e-05
leaf_weight=117 110 153 106 396 119 102 104 119 266 116 143 168 809 1450
leaf_count=117 110 153 106 396 119 102 104 119 266 116 143 168 809 1450
internal_value=9.98719e-06 -2.81446e-07 1.4026e-05 4.27423e-06 -0.00025203 2.02961e-05 0.000255424 5.97772e-06 1.7526e-05 1.23856e-06 -0.00016935 1.71612e-05 3.13423e-05 -4.37863e-06
internal_weight=4278 4168 4015 3898 225 3673 206 3467 3348 3082 259 2823 2655 1846
internal_count=4278 4168 4015 3898 225 3673 206 3467 3348 3082 259 2823 2655 1846
is_linear=0
shrinkage=0.03


Tree=197
num_leaves=15
num_cat=0
split_feature=10 23 30 30 21 11 11 34 36 35 30 27 3 32
split_gain=0.0352225 0.0287525 0.0347879 0.0166703 0.0188176 0.0148754 0.0104756 0.0189654 0.00887215 0.0129224 0.0132448 0.0161089 0.0163202 0.0149813
threshold=6.6247327876745317 0.0046148039083360503 0.36941377625863098 0.34866016957047391 0.44653360857246699 0.61499059585671489 0.12468477426795446 -0.022994530665133944 0.22293081324126507 0.036511874040988504 0.011489145455010752 0.77361460311493258 -0.13028075136800213 -0.0038704328357147995
decision_type=8 10 10 10 8 10 10 10 10 10 10 10 10 10
left_child=1 3 -3 4 6 -5 7 -1 9 10 -8 12 -12 -14
right_child=-2 2 -4 5 -6 -7 8 -9 -10 -11 11 -13 13 -15
leaf_value=-0.00047769858018595682 -0.00055274494751049333 -2.4715117342566371e-05 0.00067642267172050201 -0.00050287541186844458 -0.00037865930020052475 -7.0934405084699387e-06 -8.4156852364573263e-05 6.4264529757478858e-05 0.00022758324313326738 -0.00030296921815996459 0.00032156764543077982 0.00028259657645644289 -0.00010904353194120347 6.5544415599187343e-05
leaf_weight=105 103 135 115 115 115 100 849 121 165 113 151 243 688 1218
leaf_count=105 103 135 115 115 115 100 849 121 165 113 151 243 688 1218
internal_value=-1.77501e-05 -4.09554e-06 0.000304747 -2.38384e-05 -9.00547e-06 -0.000277681 3.13326e-06 -0.000192422 1.62911e-05 5.27145e-06 1.67952e-05 5.41615e-05 2.65559e-05 2.4038e-06
internal_weight=4336 4233 250 3983 3768 215 3653 226 3427 3262 3149 2300 2057 1906
internal_count=4336 4233 250 3983 3768 215 3653 226 3427 3262 3149 2300 2057 1906
is_linear=0
shrinkage=0.03


Tree=198
num_leaves=15
num_cat=0
split_feature=18 8 5 21 34 12 21 9 21 5 29 10 9 4
split_gain=0.0302766 0.0188 0.0171914 0.0156386 0.0117283 0.0168286 0.0147042 0.0168449 0.010153 0.0293258 0.0179966 0.0189255 0.0136074 0.0181215
threshold=0.92672923933779949 4.0705657078299291 1.365634423430216 0.34260527453464767 0.45842084317681842 0.036966618988361309 -0.29858769099232912 -0.43168949748691182 -0.030053734570814245 0.72059589164451665 -0.15288185895499304 0.64274629539141648 -0.26549489715655911 0.15964819567274266
decision_type=10 8 8 10 10 2 8 10 10 10 10 10 10 10
left_child=1 3 -3 4 6 -6 -1 -8 -9 10 11 -10 -12 -14
right_child=-2 2 -4 -5 5 -7 7 8 9 -11 12 -13 13 -15
leaf_value=0.00032008878637238269 -0.00049291499665654864 -3.3792326991845455e-06 0.00054355666931489024 -0.00031039617282138871 5.2940749456471199e-05 -0.00048584939665334049 -0.00025984609937360905 -4.7804338273772375e-05 2.1354310148172633e-05 0.00045939467411507828 0.00035794112079505188 -0.00036169379914094695 -5.6215021785358046e-06 0.00030282287183966286
leaf_weight=128 110 100 102 149 101 101 208 1345 290 147 139 188 974 203
leaf_count=128 110 100 102 149 101 101 208 1345 290 147 139 188 974 203
internal_value=-1.27115e-05 5.15069e-07 0.000279255 -1.39901e-05 -2.0506e-06 -0.000221683 1.04871e-05 -1.29615e-06 1.54397e-05 5.92743e-05 2.53029e-05 -0.000131485 8.25339e-05 4.86326e-05
internal_weight=4285 4175 202 3973 3824 202 3622 3494 3286 1941 1794 478 1316 1177
internal_count=4285 4175 202 3973 3824 202 3622 3494 3286 1941 1794 478 1316 1177
is_linear=0
shrinkage=0.03


Tree=199
num_leaves=15
num_cat=0
split_feature=3 7 13 6 32 12 32 19 3 5 17 17 5 11
split_gain=0.016788 0.0460827 0.0243997 0.0229637 0.0219894 0.0477546 0.0165134 0.0135066 0.0164358 0.0190555 0.0177239 0.0147981 0.0198747 0.015544
threshold=-0.13028075136800213 -0.59525741325721804 1.211226644583721 -1.5293407201387004 0.20743971400289762 0.044864564144061606 0.1738980131067818 1.4157553200000002 0.025610843413457502 -0.12928362655257142 0.35731387152041766 1.040646274287411 0.68306277507142632 0.85531081206571102
decision_type=10 8 10 10 10 2 10 10 10 10 10 10 10 10
left_child=1 2 -1 -2 6 -6 7 -5 9 -9 -11 12 -10 -13
right_child=3 -3 -4 4 5 -7 -8 8 11 10 -12 13 -14 -15
leaf_value=0.00023667161454618397 -0.00034015127240813204 0.00057824511799100392 -0.00027196786155069604 0.00010782715371258104 6.3129780551207665e-05 -0.00070813905917860276 0.00037499903703552796 -0.00040690474128615944 5.2862084721625931e-05 3.465321027418843e-05 -0.0002821844967375827 2.8803400309503646e-05 0.00045569247713416416 -0.00042884130677807008
leaf_weight=159 170 167 171 1067 187 112 118 162 808 569 215 182 123 100
leaf_count=159 170 167 171 1067 187 112 118 162 808 569 215 182 123 100
internal_value=1.70068e-05 0.000180092 -2.70215e-05 -4.45824e-06 1.16516e-05 -0.000232669 3.3812e-05 2.07711e-05 -2.24026e-05 -0.000115818 -5.34723e-05 5.06268e-05 0.000108232 -0.000138126
internal_weight=4310 497 330 3813 3643 299 3344 3226 2159 946 784 1213 931 282
internal_count=4310 497 330 3813 3643 299 3344 3226 2159 946 784 1213 931 282
is_linear=0
shrinkage=0.03


Tree=200
num_leaves=15
num_cat=0
split_feature=12 10 24 11 34 34 20 34 21 10 28 20 7 24
split_gain=0.0234097 0.0301885 0.0128804 0.011817 0.0223028 0.012642 0.0114727 0.0116882 0.0211718 0.0171626 0.0266966 0.0222025 0.0182427 0.0109877
threshold=0.10462954964121327 2.6615080409324849 0.91849315068493154 0.12468477426795446 -0.07265417271247214 -0.28813003284590699 0.98789737415807133 0.075183274493457616 -0.24521599685109693 0.18799004447621639 0.012205604578575401 0.76322727942259549 1.0723494728636658 0.76232876712328779
decision_type=2 8 10 10 10 8 10 10 8 10 10 10 10 10
left_child=1 2 3 4 -1 -5 7 8 -7 -9 11 -11 -12 -10
right_child=-2 -3 -4 5 -6 6 -8 9 13 10 12 -13 -14 -15
leaf_value=-0.00053384446004983883 -0.00036813360446831214 0.00043254337532309126 -0.00027117306423766921 -0.00024971340413707449 4.5466247492506694e-05 0.00042780097133985137 0.00025498330299742519 0.00012365246844934136 -3.088743198460384e-06 -0.0007575343197870403 0.00023273133144087704 -0.00013839060763919927 -0.00023541590198686708 0.00021799736074178106
leaf_weight=102 160 133 169 161 134 113 170 210 2280 102 140 107 150 217
leaf_count=102 160 133 169 161 134 113 170 210 2280 102 140 107 150 217
internal_value=-1.76345e-05 -3.82088e-06 -1.86483e-05 -7.33174e-06 -0.000210795 6.09405e-06 1.82387e-05 5.74732e-06 3.51121e-05 -0.00010184 -0.000197023 -0.000451196 -9.29973e-06 1.65218e-05
internal_weight=4348 4188 4055 3886 236 3650 3489 3319 2610 709 499 209 290 2497
internal_count=4348 4188 4055 3886 236 3650 3489 3319 2610 709 499 209 290 2497
is_linear=0
shrinkage=0.03


Tree=201
num_leaves=15
num_cat=0
split_feature=23 12 8 5 3 12 8 0 14 18 21 12 34 36
split_gain=0.0183749 0.0232071 0.0217992 0.0250454 0.0133711 0.0149015 0.021957 0.0287317 0.0200559 0.012977 0.0119654 0.0147309 0.0147729 0.0303121
threshold=0.0081380908961487513 0.11635218159333517 4.2693671439657752 1.0997778670389395 0.018214659302482252 0.034215271466671561 -0.74978051010887981 -0.016598431953204047 0.76369863013698647 0.34994282625962397 0.30645902004253173 0.028634376242020254 -0.28813003284590699 0.26093195451549939
decision_type=10 2 8 10 10 2 10 10 10 10 10 2 10 8
left_child=1 2 3 4 5 -1 -7 -8 -9 -6 11 -11 -13 -14
right_child=-2 -3 -4 -5 9 6 7 8 -10 10 -12 12 13 -15
leaf_value=1.4029839762955019e-05 0.00037401886540278491 -0.00043916032579954426 0.00038970676429244121 -0.00045652193822598918 0.00034937083374595541 5.1744919678232439e-05 2.1802134780660684e-05 -0.00066640714757961004 -0.00014620821166811196 -2.0163802591634828e-05 -0.00018453131646968725 -1.7953310165280042e-05 5.0671642828592321e-05 0.00054088509815642836
leaf_weight=1275 112 104 123 104 128 285 174 171 113 782 183 248 257 200
leaf_count=1275 112 104 123 104 128 285 174 171 113 782 183 248 257 200
internal_value=3.25062e-06 -7.20125e-06 4.43896e-06 -8.13084e-06 4.67085e-06 -4.82815e-05 -0.000154588 -0.000282155 -0.000465537 6.40714e-05 4.12265e-05 6.95351e-05 0.000168472 0.000268739
internal_weight=4259 4147 4043 3920 3816 2018 743 458 284 1798 1670 1487 705 457
internal_count=4259 4147 4043 3920 3816 2018 743 458 284 1798 1670 1487 705 457
is_linear=0
shrinkage=0.03


Tree=202
num_leaves=15
num_cat=0
split_feature=10 23 30 21 8 32 21 31 35 31 3 10 31 15
split_gain=0.0292006 0.029793 0.0558788 0.0195857 0.0126644 0.0108382 0.0133871 0.0124725 0.0181441 0.0279279 0.0178289 0.0119426 0.0100103 0.0226116
threshold=5.2581834122266349 0.0046148039083360503 0.35865825853284955 0.31325268335815643 2.7534157493933367 0.1738980131067818 -0.2604242495457762 -0.66150819014477635 0.0111833671412705 -1.1705003152685611 -0.015162204260542197 0.018076275727661004 0.64875389485220436 1.2609887393682728
decision_type=8 10 10 10 10 10 8 8 8 10 10 10 8 10
left_child=1 3 -3 5 -5 6 -1 8 -8 -10 -11 -9 13 -13
right_child=-2 2 -4 4 -6 -7 7 11 9 10 -12 12 -14 -15
leaf_value=-0.00026462168152114072 -0.00043921194996018067 -9.330163718645889e-05 0.00085645042214309785 -5.2462479284142132e-05 -0.0005103988094843872 0.00018179732698057525 -6.5574012798543964e-06 -0.00031708231323075053 -0.00011545298833596528 0.00076155658005570457 0.00021131616297302905 -6.825527540078268e-06 8.6015828513647875e-05 -0.00034753203815271266
leaf_weight=162 126 117 100 112 103 308 461 113 104 100 118 1422 708 195
leaf_count=162 126 117 100 112 103 308 461 113 104 100 118 1422 708 195
internal_value=1.74886e-06 1.57404e-05 0.000353804 -3.46921e-06 -0.00027846 1.2904e-05 -2.71826e-06 1.08439e-05 0.000114613 0.000285538 0.000475136 -2.26496e-05 -7.68976e-06 -4.88572e-05
internal_weight=4249 4123 217 3906 215 3691 3383 3221 783 322 218 2438 2325 1617
internal_count=4249 4123 217 3906 215 3691 3383 3221 783 322 218 2438 2325 1617
is_linear=0
shrinkage=0.03


Tree=203
num_leaves=15
num_cat=0
split_feature=10 33 14 8 19 29 14 23 18 0 11 33 30 30
split_gain=0.0287784 0.0123845 0.0112964 0.0218411 0.0173332 0.0168284 0.0166955 0.0157067 0.0187385 0.0226462 0.0146466 0.0120193 0.0111842 0.0122103
threshold=3.4658055512443324 0.29531805970313768 0.69235505742355075 2.3371383482622425 2.5573521550000007 -0.35731330890385732 0.60293644264816348 0.00010106186936615002 0.2757572890024837 -0.0075403938916093994 0.1309648814696355 -0.045604643187948747 -0.0065916560012135488 0.24522218883754296
decision_type=10 10 10 10 10 10 8 10 10 10 10 8 10 10
left_child=1 2 5 7 -5 -1 10 -4 -9 -10 -7 -11 -12 -14
right_child=-2 -3 3 4 -6 6 -8 8 9 11 12 -13 13 -15
leaf_value=0.00026495413687579067 -0.00048026033037378262 -0.00032140520056446063 4.1826346894303405e-06 -0.00043872516288725165 6.413837719683216e-05 -0.00028331392229940719 -0.00021499597492577078 -7.116273994324728e-05 0.00067285147096317929 -5.4958697699476031e-05 -0.00012978167816027586 0.00040008982197407665 6.9366073051087707e-05 -0.00014925875941609187
leaf_weight=170 111 101 288 101 145 159 407 100 144 100 420 102 1699 261
leaf_count=170 111 101 288 101 145 159 407 100 144 100 420 102 1699 261
internal_value=-1.4132e-05 -1.24725e-06 7.02951e-06 9.55971e-05 -0.000146949 -2.0934e-05 -3.78523e-05 0.000177331 0.000287853 0.00039115 -9.08952e-06 0.000178932 9.78606e-06 3.99476e-05
internal_weight=4308 4197 4096 980 246 3116 2946 734 446 346 2539 202 2380 1960
internal_count=4308 4197 4096 980 246 3116 2946 734 446 346 2539 202 2380 1960
is_linear=0
shrinkage=0.03


Tree=204
num_leaves=15
num_cat=0
split_feature=21 10 31 1 30 8 15 20 10 30 24 2 3 28
split_gain=0.0160479 0.0272247 0.0135343 0.0102246 0.0109566 0.00803535 0.00949162 0.00986341 0.0104567 0.0354663 0.010141 0.0194707 0.0171523 0.0141239
threshold=0.42838346188832183 2.2766353318591634 -1.4847205940933352 -0.12072294306913559 -0.13406458638322857 -1.6466853035351579 1.6547834683926184 0.98925739005046875 0.93989451604522112 0.11661102591641186 0.13767123287671232 0.047104438346332052 -0.050901731506704288 0.083956971686764512
decision_type=10 8 8 10 8 8 10 10 10 10 10 10 10 10
left_child=1 2 -1 -4 -5 -6 7 8 10 -10 11 12 -7 -12
right_child=-2 -3 3 4 5 6 -8 -9 9 -11 13 -13 -14 -15
leaf_value=0.00030848988055837367 -0.00035201392575474709 0.00036286561402532524 0.00026886197077819027 -0.00031194718542030533 0.00018610260858986294 -0.00035004009183323527 -0.00023224058174913521 0.00023404046556167705 0.00017232275099601023 -0.00050562319479919714 -1.0374195637641755e-05 -0.00048354261592118385 7.432444892790722e-05 0.00017680191506362072
leaf_weight=119 104 190 110 106 175 109 174 140 125 146 1943 101 341 441
leaf_count=119 104 190 110 106 175 109 174 140 125 146 1943 101 341 441
internal_value=7.40403e-06 1.66678e-05 -8.35799e-08 -9.85444e-06 -1.8263e-05 -9.42783e-06 -1.9399e-05 -8.00071e-06 -1.89182e-05 -0.000195461 -2.31262e-06 -0.000117705 -3.11831e-05 2.45478e-05
internal_weight=4324 4220 4030 3911 3801 3695 3520 3346 3206 271 2935 551 450 2384
internal_count=4324 4220 4030 3911 3801 3695 3520 3346 3206 271 2935 551 450 2384
is_linear=0
shrinkage=0.03


Tree=205
num_leaves=15
num_cat=0
split_feature=29 3 5 10 15 31 35 23 35 15 29 2 5 27
split_gain=0.0246596 0.0273967 0.0172727 0.0292912 0.019011 0.0111919 0.00984759 0.00929672 0.00983067 0.0122728 0.0117775 0.0132342 0.0111224 0.0110932
threshold=-0.43082462167801422 -0.26660744301548678 1.0517752715021864 1.4722092852306732 1.9278156494415608 -1.74238294027583 0.049376867645641608 -0.0015013084682203497 -6.9657089259433911e-05 1.3207071881943329 0.23404230513928984 0.10635270851776311 0.078333993215898318 -0.52534239212932377
decision_type=8 10 10 8 10 10 10 10 8 10 10 10 10 10
left_child=-1 -2 3 4 5 -3 7 -7 13 10 11 -10 -11 -9
right_child=1 2 -4 -5 -6 6 -8 8 9 12 -12 -13 -14 -15
leaf_value=-0.00036811959668993951 0.00046633594241491841 0.00027766279018769715 -0.00036789705961536869 0.0004495565921862853 0.00033928344513251614 -0.00020718688424589779 -0.00029495182715306458 0.00016865377165635841 1.2014522920568524e-05 -0.00034535427969921271 0.00031627318103116049 0.00027381728554624522 3.2071205956535643e-06 -0.00016845385874041964
leaf_weight=145 117 114 101 133 142 196 107 103 2042 136 137 185 198 481
leaf_count=145 117 114 101 133 142 196 107 103 2042 136 137 185 198 481
internal_value=9.854e-06 2.3351e-05 1.00762e-05 2.01327e-05 4.69821e-06 -8.58676e-06 -1.80633e-05 -9.13369e-06 2.99116e-06 2.71868e-05 5.13e-05 3.43275e-05 -0.000141722 -0.000108071
internal_weight=4337 4192 4075 3974 3841 3699 3585 3478 3282 2698 2364 2227 334 584
internal_count=4337 4192 4075 3974 3841 3699 3585 3478 3282 2698 2364 2227 334 584
is_linear=0
shrinkage=0.03


Tree=206
num_leaves=15
num_cat=0
split_feature=10 14 34 29 2 1 0 4 2 0 4 10 34 3
split_gain=0.0203333 0.0249656 0.0160672 0.00780045 0.0111282 0.0117672 0.0178171 0.0147413 0.0121384 0.00924662 0.0170875 0.0285772 0.013684 0.0132329
threshold=5.2581834122266349 0.96917808219178092 0.76067376155022948 -0.4061419483199758 0.18020562740635498 0.068308953205063319 0.018517626753319801 0.34782370812171404 0.11741121168276521 -0.024232500840439847 -0.16544360553397267 0.084251606795213915 -0.024791332501160845 -0.11152921485389729
decision_type=8 10 10 8 10 10 10 10 10 10 10 10 8 10
left_child=1 2 3 -1 5 7 -7 8 9 12 11 -11 -5 -12
right_child=-2 -3 -4 4 -6 6 -8 -9 -10 10 13 -13 -14 -15
leaf_value=0.00026499507626296076 -0.00033708579603872082 0.00047092148285527292 -0.00032751373997070329 -0.00011776752339495293 -0.00026186947893557075 0.00046773273487328982 -5.2901242675746411e-06 -0.00032646667028341745 0.00032893528354913847 1.7233408574005201e-05 0.00028350867813238507 -0.0005501178601833303 0.00023444227357510706 -4.8771409508251083e-06
leaf_weight=108 143 103 119 138 124 124 161 111 104 193 148 131 327 2234
leaf_count=108 143 103 119 138 124 124 161 111 104 193 148 131 327 2234
internal_value=8.42798e-06 2.07994e-05 8.70174e-06 1.93587e-05 1.20287e-05 2.16241e-05 0.000205032 5.9071e-06 1.76528e-05 6.94181e-06 -1.43663e-05 -0.000217033 0.000129775 1.35974e-05
internal_weight=4268 4125 4022 3903 3795 3671 285 3386 3275 3171 2706 324 465 2382
internal_count=4268 4125 4022 3903 3795 3671 285 3386 3275 3171 2706 324 465 2382
is_linear=0
shrinkage=0.03


Tree=207
num_leaves=15
num_cat=0
split_feature=32 21 29 10 5 17 14 19 27 9 15 5 29 10
split_gain=0.0341469 0.0186497 0.0186918 0.0383366 0.0127429 0.0109284 0.00945017 0.00784315 0.0133748 0.0164525 0.0200854 0.0126437 0.0136511 0.0109741
threshold=0.2766576793157825 -0.29858769099232912 -0.64291985095400028 1.8564272732995726 0.75023590257032746 1.6080546312863895 0.93026570892794724 1.7358594295320002 0.31131092995284654 -0.1359783404106272 1.001513863742604 -0.15823040882082093 0.082632843504354417 0.051398774944990212
decision_type=10 8 10 10 10 8 10 10 10 10 10 10 10 10
left_child=1 -1 -3 4 5 6 7 8 13 10 -10 -9 -13 -4
right_child=-2 2 3 -5 -6 -7 -8 11 9 -11 -12 12 -14 -15
leaf_value=0.00033444155693838473 -0.00043181710324477702 0.00031345908693413094 0.00026429833704702711 -0.00051789520961789172 0.00025347083574416229 -0.00029935688385486844 0.00027819589247727499 -0.00036230788468008356 2.3798241131969364e-05 0.00014268187668045468 -0.00047495491848819238 -7.4814940531029827e-05 0.00021837878762287399 3.6622133607710808e-05
leaf_weight=147 160 155 220 128 166 110 100 113 133 142 154 1112 159 1260
leaf_count=147 160 155 220 128 166 110 100 113 133 142 154 1112 159 1260
internal_value=-8.6738e-06 8.34911e-06 -4.18761e-06 -1.75497e-05 5.86888e-07 -1.1741e-05 -1.98977e-06 -1.09072e-05 2.84925e-05 -0.000118109 -0.000247376 -6.51595e-05 -3.74249e-05 7.12418e-05
internal_weight=4259 4099 3952 3797 3669 3503 3393 3293 1909 429 287 1384 1271 1480
internal_count=4259 4099 3952 3797 3669 3503 3393 3293 1909 429 287 1384 1271 1480
is_linear=0
shrinkage=0.03


Tree=208
num_leaves=15
num_cat=0
split_feature=10 10 29 18 22 6 5 15 34 14 30 11 5 28
split_gain=0.0271243 0.018173 0.013146 0.0100559 0.0217086 0.0294715 0.0188597 0.0232645 0.0211361 0.0210274 0.0151714 0.0127576 0.0138777 0.0103762
threshold=3.4658055512443324 2.4795330781313787 0.39169306394805786 0.67491395305370072 0.0007948861289131001 1.4033542759313276 -0.11899474541252004 1.3356859640391567 0.028330348176754453 0.46643835616438362 -0.020986102207096246 0.95493793166121954 0.59546219687442647 0.026322839601798206
decision_type=10 8 10 10 8 10 10 10 10 10 8 10 10 8
left_child=1 2 3 4 -1 6 9 8 13 -6 -5 12 -12 -8
right_child=-2 -3 -4 10 5 -7 7 -9 -10 -11 11 -13 -14 -15
leaf_value=2.9507657646619505e-05 -0.00044228007933363696 0.00038947772859477804 0.00034153190215251269 -0.00023119304506326441 -4.4795392425909924e-05 -0.00056749280937651748 0.00023382911395807338 0.00039820279643338702 -0.00034948991657483928 -0.00055825462994953557 0.0001138016810408267 -0.00015912073092476929 0.0004550835109892597 -0.00013620583460453479
leaf_weight=2042 112 112 100 115 164 123 162 114 155 124 606 115 127 111
leaf_count=2042 112 112 100 115 164 123 162 114 155 124 606 115 127 111
internal_value=8.24454e-06 2.08601e-05 1.02196e-05 1.42855e-06 -2.57016e-05 -0.000143536 -7.76862e-05 2.69055e-05 -7.54476e-05 -0.000271622 8.55023e-05 0.000129554 0.000175615 8.36316e-05
internal_weight=4282 4170 4058 3958 2995 953 830 542 428 288 963 848 733 273
internal_count=4282 4170 4058 3958 2995 953 830 542 428 288 963 848 733 273
is_linear=0
shrinkage=0.03


Tree=209
num_leaves=15
num_cat=0
split_feature=7 16 19 34 29 12 2 16 27 1 19 16 30 36
split_gain=0.0386481 0.0211601 0.0412416 0.0404812 0.0202004 0.0133047 0.0101202 0.0147825 0.00969493 0.0135437 0.0119206 0.0121302 0.010991 0.0103189
threshold=3.7084041598845636 1.4453580603491101 3.2064095400000006 0.37550905111499794 -0.35731330890385732 0.080879189426315209 -0.09644214595722464 0.20252673279492614 0.36718954704113388 -0.028886291327494446 1.4212678700000001 -0.92982832616691746 0.070306185966149556 0.0075114642309459011
decision_type=8 8 10 8 8 2 10 10 8 10 10 10 10 8
left_child=1 2 4 -3 -1 6 7 -6 10 -10 12 -12 -8 -13
right_child=-2 3 -4 -5 5 -7 8 -9 9 -11 11 13 -14 -15
leaf_value=0.00038003956174075253 -0.00057936881608461495 -0.00015719888108762224 -0.00058638518675375171 0.00060487002734667026 6.7579716858454051e-05 -0.00027314565016370448 -9.3414514404280941e-06 -0.00037806954190887766 0.00038466057947516674 4.9981666554996482e-05 -0.00033564906837147329 -0.00026574604028902063 0.00020774316928651859 -1.0544355744642626e-05
leaf_weight=117 101 110 106 136 120 163 535 143 127 632 128 154 340 1387
leaf_count=117 101 110 106 136 120 163 535 143 127 632 128 154 340 1387
internal_value=-1.36282e-05 6.56059e-07 -1.62879e-05 0.000267764 1.65507e-07 -1.22462e-05 4.50883e-08 -0.000177264 1.44099e-05 0.000108133 -1.37096e-05 -6.06766e-05 7.57125e-05 -3.68249e-05
internal_weight=4299 4198 3952 246 3846 3729 3566 263 3303 759 2544 1669 875 1541
internal_count=4299 4198 3952 246 3846 3729 3566 263 3303 759 2544 1669 875 1541
is_linear=0
shrinkage=0.03


Tree=210
num_leaves=15
num_cat=0
split_feature=20 30 27 26 3 31 15 7 33 22 15 26 27 29
split_gain=0.0165209 0.0197939 0.0460751 0.012144 0.0210475 0.0189849 0.0142274 0.0261983 0.0223559 0.0128644 0.0149035 0.0109927 0.0213993 0.0123283
threshold=0.99577600808248889 0.36941377625863098 0.31131092995284654 -0.0092819569642184994 0.25232712575538424 -0.92807225915628078 1.442858065787179 -1.3840965969491044 -0.070643827776671678 -0.0014207350166530498 1.3026591886621668 0.042536723164113562 -0.11946841792840124 0.17028682960440114
decision_type=10 10 10 8 10 10 8 8 10 8 10 10 10 10
left_child=1 3 -3 5 6 -1 9 -8 -9 -5 11 13 -13 -11
right_child=-2 2 -4 4 -6 -7 7 8 -10 10 -12 12 -14 -15
leaf_value=0.00041328710490617796 -0.00029816391736060447 -4.1793225776963854e-05 0.0007041590223397018 0.00018972208143953282 -0.00043389147234101515 2.9261917434674908e-05 -0.00022588193432643365 4.3020066476511319e-05 0.00064586046658795171 -4.1241464592681784e-05 -0.00038460618485086818 -0.00046353280238041971 -2.1430759167047802e-05 0.00022840726759595405
leaf_weight=130 158 198 114 185 112 824 102 111 107 1569 121 152 266 164
leaf_count=130 158 198 114 185 112 824 102 111 107 1569 121 152 266 164
internal_value=-1.88854e-06 9.7226e-06 0.000237574 -9.06052e-06 -3.97086e-05 8.34743e-05 -2.30595e-05 0.000163561 0.000346757 -4.76478e-05 -6.735e-05 -4.86529e-05 -0.000185774 -1.514e-05
internal_weight=4313 4155 312 3843 2889 954 2777 320 218 2457 2272 2151 418 1733
internal_count=4313 4155 312 3843 2889 954 2777 320 218 2457 2272 2151 418 1733
is_linear=0
shrinkage=0.03


Tree=211
num_leaves=15
num_cat=0
split_feature=3 34 3 5 20 16 3 15 7 28 16 4 4 20
split_gain=0.0276853 0.020393 0.0195958 0.0277299 0.0129773 0.0120039 0.0183071 0.0161102 0.024711 0.0183954 0.0172908 0.0137179 0.0124225 0.0143025
threshold=0.35524089624165694 -0.28813003284590699 0.22422680449444377 0.61709545608360883 0.98609186140209515 0.99248569564287881 -0.068823970096153028 1.2443894973117635 -0.5832424884643207 0.035910861561524655 0.24413808547178303 -0.28488244807879376 0.29499106997676916 0.93595636732623044
decision_type=10 8 8 8 10 10 10 8 8 10 8 10 10 10
left_child=1 -1 4 -4 5 7 -7 11 10 -10 -9 -3 13 -13
right_child=-2 2 3 -5 -6 6 -8 8 9 -11 -12 12 -14 -15
leaf_value=-0.00031827787642695884 -0.00048060145168223441 0.0003278683062409982 -4.2102611009827306e-05 0.00055364166942882531 -0.00031323823840497862 0.00051119560036542154 6.0453091753442159e-06 -0.00013818428513912891 0.00022889897996686737 -0.00026542132056277728 -0.00067821991168081155 1.7907869031728196e-06 -0.00027636410440475841 0.00027519058179274687
leaf_weight=165 104 120 138 137 111 100 168 114 160 110 101 2492 128 180
leaf_count=165 104 120 138 137 111 100 168 114 160 110 101 2492 128 180
internal_value=-8.53727e-06 3.64e-06 1.71016e-05 0.000259273 -8.17011e-07 9.03752e-06 0.000200445 -6.29953e-06 -0.000165491 2.6345e-05 -0.000401524 2.03791e-05 6.64008e-06 2.0688e-05
internal_weight=4328 4224 4059 275 3784 3673 268 3405 485 270 215 2920 2800 2672
internal_count=4328 4224 4059 275 3784 3673 268 3405 485 270 215 2920 2800 2672
is_linear=0
shrinkage=0.03


Tree=212
num_leaves=15
num_cat=0
split_feature=3 34 3 18 15 13 19 5 10 26 34 36 35 33
split_gain=0.042463 0.0118889 0.0143038 0.0353359 0.0196257 0.025518 0.0125628 0.0143962 0.0221447 0.0299243 0.0140159 0.0132809 0.012348 0.0140798
threshold=0.33874582191921693 -0.26571490180286772 0.22084353088614597 0.74327902138238056 2.0670010149214746 1.631432088445943 3.3121612850000006 0.54315796648986192 0.65404507030287606 0.0034852158633464502 -0.0053195966002406994 0.09175191867413697 0.015532950318067501 0.0012908714664387501
decision_type=10 8 8 10 8 10 8 10 8 10 10 10 10 10
left_child=1 -1 4 -4 5 6 7 8 11 -10 -9 12 13 -3
right_child=-2 2 3 -5 -6 -7 -8 10 9 -11 -12 -13 -14 -15
leaf_value=-0.00021108956430618712 -0.0005657179930822167 6.8915189732408062e-05 0.00052591265074555013 -0.00014926948175343567 -0.00038298810530281829 0.00043800290396487274 -0.00030695448192247942 0.00034719205885370941 3.835107600356092e-05 -0.00061950443477287102 -4.8430628087215208e-05 -0.00023808694424050456 0.00027917373224996619 -8.0943646007735587e-05
leaf_weight=209 115 1531 151 123 110 119 111 205 127 116 129 171 164 887
leaf_count=209 115 1531 151 123 110 119 111 205 127 116 129 171 164 887
internal_value=-9.36332e-06 6.70436e-06 1.84983e-05 0.000225577 2.75211e-06 1.51915e-05 -4.49009e-08 1.06303e-05 -1.03194e-05 -0.000281846 0.000195931 1.4115e-05 3.12456e-05 1.38886e-05
internal_weight=4268 4153 3944 274 3670 3560 3441 3330 2996 243 334 2753 2582 2418
internal_count=4268 4153 3944 274 3670 3560 3441 3330 2996 243 334 2753 2582 2418
is_linear=0
shrinkage=0.03


Tree=213
num_leaves=15
num_cat=0
split_feature=0 16 18 5 18 19 24 34 34 20 27 5 25 19
split_gain=0.0179484 0.0231038 0.0120542 0.0400851 0.0246205 0.0271794 0.015396 0.0161687 0.0116703 0.0143276 0.0131714 0.0127236 0.0106705 0.0158739
threshold=-0.073490077323241129 1.8693514480900688 0.65380430366332887 0.8759915211321625 0.61236073501766775 1.8814967496543407 0.10973957549300012 0.01843698834037415 -0.10035844935637249 0.50616438356164395 0.25031552259596618 0.32402429030322827 -0.0090632167910263493 1.8922815396475003
decision_type=8 8 10 10 10 10 8 10 10 8 10 10 8 10
left_child=-1 2 4 6 12 -6 -4 8 9 -8 11 -11 13 -2
right_child=1 -3 3 -5 5 -7 7 -9 -10 10 -12 -13 -14 -15
leaf_value=0.00036494739409986761 2.5539128869043096e-05 -0.00034704208952266011 -0.00030599716689134896 0.00061713269129082433 -4.1219836851351744e-05 -0.00065520348678215997 0.00036613437026971951 0.00028755002464992996 -0.00018351755499282073 -8.4818025063633772e-05 -0.00026658814705070489 0.00035708130491305686 -1.4201761924948583e-05 0.00047287696277323576
leaf_weight=119 225 162 102 114 160 105 115 232 210 125 117 103 2287 100
leaf_count=119 225 162 102 114 160 105 115 232 210 125 117 103 2287 100
internal_value=9.28298e-06 -1.32462e-06 1.31107e-05 9.64746e-05 -1.93956e-05 -0.000292125 3.45909e-05 7.45798e-05 -7.48839e-07 8.37652e-05 -1.42438e-05 0.000118191 8.77938e-06 0.000168261
internal_weight=4276 4157 3995 1118 2877 265 1004 902 670 460 345 228 2612 325
internal_count=4276 4157 3995 1118 2877 265 1004 902 670 460 345 228 2612 325
is_linear=0
shrinkage=0.03


Tree=214
num_leaves=15
num_cat=0
split_feature=29 15 30 31 29 4 10 33 23 23 31 2 4 3
split_gain=0.0198201 0.0211557 0.0240964 0.0561397 0.0215667 0.0118902 0.0112851 0.0200027 0.0181023 0.0100034 0.0207549 0.0111695 0.0159569 0.0108518
threshold=0.39169306394805786 2.2067323349684158 0.36941377625863098 -0.31355180585381304 -0.39593564697341738 -0.25174275873335084 0.81323938476139246 0.0078657448151474019 0.0012909782559897504 0.00029609104556815006 0.95528708647453919 0.047995863492766556 0.21888424839190299 0.03752787272940921
decision_type=10 8 10 10 8 8 10 10 10 8 10 10 10 10
left_child=1 2 4 -4 -1 -6 9 8 -8 11 13 -7 -13 -11
right_child=-2 -3 3 -5 5 6 7 -9 -10 10 -12 12 -14 -15
leaf_value=-0.00042853277718579095 0.00038825946095107029 -0.00041626274074440367 -0.00012045890212212276 0.00071723412807488725 -0.00024548521092261318 6.7238293286136895e-05 0.0001874315455878626 0.00044405860961365334 -0.00027336350982872448 -0.00010135238447404654 -0.00038314462421939506 -0.00020590991038013274 0.00020958682434079614 0.00011004564764252954
leaf_weight=106 112 106 153 129 170 1504 199 136 118 628 171 332 106 329
leaf_count=106 112 106 153 129 170 1504 199 136 118 628 171 332 106 329
internal_value=3.13578e-06 -7.61688e-06 3.49369e-06 0.000268561 -1.65094e-05 -4.11966e-06 7.85867e-06 0.000146779 1.4324e-05 -1.28453e-05 -8.37019e-05 2.84207e-05 -0.000104125 -2.84832e-05
internal_weight=4299 4187 4081 282 3799 3693 3523 453 317 3070 1128 1942 438 957
internal_count=4299 4187 4081 282 3799 3693 3523 453 317 3070 1128 1942 438 957
is_linear=0
shrinkage=0.03


Tree=215
num_leaves=15
num_cat=0
split_feature=2 5 19 19 34 34 2 9 27 9 0 20 20 4
split_gain=0.0194718 0.0303549 0.0124962 0.0137658 0.0224703 0.0120838 0.0180069 0.0113612 0.0177379 0.0280894 0.00903903 0.00797744 0.0132394 0.0119185
threshold=0.23859811163099173 1.6535118134138815 2.5744106859140929 2.3192793381620005 0.11641675416001447 -0.10035844935637249 0.051662545808534306 -0.47075467642980134 0.81598257418097975 -0.17649637959874007 0.046071376639883706 0.56780821917808233 0.50068493150684945 -0.22719399979102692
decision_type=8 8 10 10 8 10 10 10 10 10 10 10 10 10
left_child=1 2 3 7 -5 -4 -7 -1 10 -10 11 12 13 -9
right_child=-2 -3 5 4 -6 6 -8 8 9 -11 -12 -13 -14 -15
leaf_value=0.00025362671212421665 0.00040376485809279434 -0.00046162154757543931 0.00038269536273150196 2.4059721028886717e-05 -0.00054502272613803451 0.00027826734462443989 -0.00024468634653528894 0.00031590028389553927 -0.00056960916283424012 5.8196534815830629e-05 -0.0001966292262418421 9.4441972089150887e-05 -0.0002854194089845155 -4.4737303220467415e-06
leaf_weight=169 108 117 153 151 101 125 104 108 115 136 152 1238 135 1389
leaf_count=169 108 117 153 151 101 125 104 108 115 136 152 1238 135 1389
internal_value=1.51566e-05 4.67812e-06 1.86123e-05 1.61849e-06 -0.000210191 0.000180801 4.06151e-05 1.74081e-05 4.84284e-06 -0.000234951 2.51147e-05 3.71802e-05 -6.41317e-06 1.96141e-05
internal_weight=4301 4193 4076 3694 252 382 229 3442 3273 251 3022 2870 1632 1497
internal_count=4301 4193 4076 3694 252 382 229 3442 3273 251 3022 2870 1632 1497
is_linear=0
shrinkage=0.03


Tree=216
num_leaves=15
num_cat=0
split_feature=16 28 15 15 34 27 8 19 16 1 15 19 31 21
split_gain=0.0226256 0.0396017 0.00921004 0.0210363 0.0132952 0.0122982 0.0108751 0.0176599 0.00818008 0.0130285 0.014507 0.0121032 0.0104487 0.0129001
threshold=1.8693514480900688 0.26678339407680429 1.5256164392301319 1.3465335497654534 -0.11163339883901204 0.24410632721819428 3.1430401579430356 3.0674050800000008 -0.76162118632827991 -0.041174781264768194 0.98338074388643315 1.4157553200000002 -1.293577967256099 -0.22129155434784001
decision_type=8 10 10 10 10 10 10 10 10 10 10 8 8 8
left_child=1 2 3 6 -4 -5 7 8 11 10 -10 -1 -11 -14
right_child=-2 -3 4 5 -6 -7 -8 -9 9 12 -12 -13 13 -15
leaf_value=5.0939199021351152e-05 -0.00032953749396885825 0.00053169069036329119 -4.5862013675434079e-05 -5.6841954905188308e-05 0.00030906366757251538 -0.00051011064814648465 0.00028358308905855015 -0.00039356203924814637 0.00039270733843747656 0.00026194296458423939 2.3913820025084445e-06 -0.00025052966522644992 -0.00033611819160613016 -1.6703873594699812e-06
leaf_weight=219 177 123 183 101 190 114 112 100 164 122 174 256 104 2175
leaf_count=219 177 123 183 101 190 114 112 100 164 122 174 256 104 2175
internal_value=-2.16279e-06 1.22247e-05 -4.33483e-06 -1.89432e-05 0.000136628 -0.000303311 -6.81617e-07 -1.07014e-05 1.80372e-06 2.17872e-05 0.000194739 -0.000112454 -2.9142e-06 -1.7635e-05
internal_weight=4314 4137 4014 3641 373 215 3426 3314 3214 2739 338 475 2401 2279
internal_count=4314 4137 4014 3641 373 215 3426 3314 3214 2739 338 475 2401 2279
is_linear=0
shrinkage=0.03


Tree=217
num_leaves=15
num_cat=0
split_feature=21 17 31 31 14 35 16 22 20 19 1 0 27 11
split_gain=0.0261899 0.0360675 0.0117447 0.0141608 0.0131676 0.0242986 0.0136859 0.0119198 0.008198 0.0125939 0.00860238 0.0140739 0.00908925 0.00846378
threshold=0.48088987178256953 1.5051441725813171 -1.6114851869017726 -1.3131685269375255 0.83594981209843622 -0.0089514559315726477 -1.3282290194121884 0.00017164501390660002 0.97446789194423711 2.3192793381620005 0.030089320576104101 -0.0050296842227492491 0.16604831983251658 0.87361769823918001
decision_type=8 10 10 10 10 10 10 10 10 10 10 10 10 10
left_child=1 2 -1 -4 6 -6 -5 -7 9 10 11 -8 13 -12
right_child=-2 -3 3 4 5 7 8 -9 -10 -11 12 -13 -14 -15
leaf_value=0.00029407794912348717 -0.00034699451044403718 0.00044164097750469587 -0.00032007921123966722 0.00029895597279391947 0.00040491364421313842 0.00017048278388150112 -8.8789512190544229e-05 -0.00026691636087026641 0.00015539304193838206 -0.00022043737662720447 -0.00034676145965503935 6.8026580325238089e-05 2.2407561722186232e-05 -4.7510967248984213e-05
leaf_weight=111 183 166 125 111 187 103 862 112 191 323 199 1264 225 149
leaf_count=111 183 166 125 111 187 103 862 112 191 323 199 1264 225 149
internal_value=-6.97374e-07 1.50557e-05 -3.35153e-06 -1.22947e-05 -1.55407e-06 0.000159524 -2.1245e-05 -5.82594e-05 -3.27543e-05 -4.48829e-05 -2.35048e-05 4.38537e-06 -0.000126129 -0.000221122
internal_weight=4311 4128 3962 3851 3726 402 3324 215 3213 3022 2699 2126 573 348
internal_count=4311 4128 3962 3851 3726 402 3324 215 3213 3022 2699 2126 573 348
is_linear=0
shrinkage=0.03


Tree=218
num_leaves=15
num_cat=0
split_feature=3 16 30 29 23 12 1 9 9 32 6 19 9 4
split_gain=0.0194209 0.0310687 0.0222154 0.0171394 0.0111036 0.0162102 0.0136705 0.0120397 0.0157234 0.0093225 0.00874038 0.0101126 0.00852881 0.00940908
threshold=-0.26660744301548678 1.8693514480900688 0.49336517634538551 -0.43082462167801422 0.0034905676611453507 0.059038577753591052 0.031486475199850358 -0.38126514600326833 -0.44699153833532562 0.0083350304281779013 2.0492793290883955 1.8814967496543407 -1.0000000180025095e-35 0.3164337243047029
decision_type=10 8 10 8 10 2 10 10 10 10 10 10 10 10
left_child=-1 2 3 -2 5 7 9 8 -5 -7 12 -12 13 -9
right_child=1 -3 -4 4 -6 6 -8 10 -10 -11 11 -13 -14 -15
leaf_value=0.00036878854977519455 -0.00038805636979470198 -0.00042492546460496007 0.00034848946388568968 3.4872290803523698e-05 -0.00022558726210154418 -0.00013975135197064707 0.00048178954143931557 1.4745469759470117e-05 -0.00048081529395956849 0.00025679952279160465 -7.5860783992818775e-06 -0.0003870175447856469 0.00024951021667193277 -0.00027502240820987414
leaf_weight=113 105 160 149 101 195 100 104 2549 106 104 151 104 128 100
leaf_count=113 105 160 149 101 195 100 104 2549 106 104 151 104 128 100
internal_value=-1.07568e-05 -2.15072e-05 -4.84351e-06 -1.89632e-05 -8.1025e-06 4.15467e-06 0.000210327 -1.57444e-05 -0.000234311 6.37189e-05 -4.61279e-07 -0.000166801 1.50853e-05 3.30918e-06
internal_weight=4269 4156 3996 3847 3742 3547 308 3239 207 204 3032 255 2777 2649
internal_count=4269 4156 3996 3847 3742 3547 308 3239 207 204 3032 255 2777 2649
is_linear=0
shrinkage=0.03


Tree=219
num_leaves=15
num_cat=0
split_feature=12 10 28 13 29 19 17 10 35 35 31 13 25 24
split_gain=0.0144408 0.0173395 0.0120361 0.0130203 0.0167569 0.00944727 0.019483 0.0164194 0.00797241 0.0072294 0.0123368 0.0114382 0.0173087 0.0107001
threshold=0.12378171500117441 4.3896224557603807 -0.097598914967522682 1.0653238633005675 -0.065966138165276536 2.682490592213338 1.040646274287411 0.99973776118646651 0.036511874040988504 -0.00032544475121554993 -0.66150819014477635 0.75029504360929711 -0.0021611742645018498 0.052739726027397203
decision_type=2 8 8 10 10 10 10 10 10 8 8 10 10 8
left_child=1 2 3 4 -1 7 -7 8 9 -4 11 -11 -13 -12
right_child=-2 -3 5 -5 -6 6 -8 -9 -10 10 13 12 -14 -15
leaf_value=-9.7380997461749461e-05 -0.00034206271616149487 0.00037653141955213087 -8.7864348309988691e-05 0.00014176040546902055 -0.00053072697879542831 0.00038945571004135956 -8.2064893055376739e-05 -0.00032939120797773741 -0.00021450849917224938 -7.0936961053051227e-05 -0.00029050430278626012 -6.9101123232810229e-05 0.00039508776496064915 1.886403425173987e-05
leaf_weight=252 112 100 517 100 115 158 150 134 139 125 101 100 244 1977
leaf_count=252 112 100 517 100 115 158 150 134 139 125 101 100 244 1977
internal_value=-1.33054e-05 -4.16827e-06 -1.38726e-05 -0.000156418 -0.000238479 4.5797e-06 0.000162176 -1.01871e-05 3.65962e-06 1.38903e-05 3.46765e-05 0.000172784 0.000261092 3.16614e-06
internal_weight=4324 4212 4112 467 367 3645 308 3337 3203 3064 2547 469 344 2078
internal_count=4324 4212 4112 467 367 3645 308 3337 3203 3064 2547 469 344 2078
is_linear=0
shrinkage=0.03


Tree=220
num_leaves=15
num_cat=0
split_feature=34 7 29 29 28 34 5 5 9 1 21 0 24 0
split_gain=0.0135077 0.0174474 0.0263039 0.0228608 0.0139752 0.0111726 0.015264 0.0148802 0.0147111 0.019417 0.0135583 0.015009 0.0116486 0.011553
threshold=-0.29840069918204287 2.7428483574468259 -0.39593564697341738 -0.29651399014208807 0.18955714079895539 0.030628045161909003 0.078333993215898318 -0.49161659336627378 -0.35251139652388436 -0.049194698300985294 -0.095219189291909284 0.020761003763708805 0.68526051324998516 -0.0045343107465772485
decision_type=8 8 8 10 10 8 10 8 10 10 10 10 10 10
left_child=-1 2 -2 -3 5 6 -4 -7 13 -10 -8 -12 -11 -9
right_child=1 3 4 -5 -6 7 10 8 9 12 11 -13 -14 -15
leaf_value=-0.00026426765988920426 -0.00044080335033327538 0.00051142577758630961 -8.8186438912455631e-06 -1.9123610843663513e-05 0.00027509737885870539 0.00029404726381535116 0.00046331847715768809 -6.5991969119446976e-05 0.0002489223818984508 -2.8986315945832776e-05 0.00019111941655998034 -0.00016376338674411312 -0.00027136949287661033 -0.00051687033560093756
leaf_weight=139 106 146 968 141 190 110 116 103 196 1138 487 133 207 100
leaf_count=139 106 146 968 141 190 110 116 103 196 1138 487 133 207 100
internal_value=2.14223e-05 3.13191e-05 1.43602e-05 0.000254908 2.78031e-05 1.42299e-05 6.95801e-05 -3.66925e-05 -5.83344e-05 -2.62796e-05 0.000172055 0.00011429 -6.71568e-05 -0.000295185
internal_weight=4280 4141 3854 287 3748 3558 1704 1854 1744 1541 736 620 1345 203
internal_count=4280 4141 3854 287 3748 3558 1704 1854 1744 1541 736 620 1345 203
is_linear=0
shrinkage=0.03


Tree=221
num_leaves=15
num_cat=0
split_feature=10 10 31 31 24 12 1 28 11 21 27 1 24 24
split_gain=0.0234297 0.0222848 0.0143698 0.017815 0.0175246 0.0125398 0.012487 0.0181549 0.015845 0.0130772 0.0165424 0.0098023 0.0123672 0.00973287
threshold=3.8599820536370442 2.4795330781313787 -1.6531656844507732 -1.23359722221193 0.91103500761035028 0.034678258636332907 -0.016808725616599247 0.13248417920096678 0.24490379404814297 -0.10317127496547894 0.23760103979593508 -0.023434617849881895 0.38828006088280065 0.51576419053228306
decision_type=10 8 10 10 10 2 10 10 10 10 10 10 10 10
left_child=1 2 -1 5 6 -4 7 9 -8 10 13 12 -11 -5
right_child=-2 -3 3 4 -6 -7 8 -9 -10 11 -12 -13 -14 -15
leaf_value=0.00027581295170836664 -0.0004523143885391099 0.00037491659056973178 -4.9986917118884673e-05 0.00014982578707551712 -0.00028546162699849868 -0.00051432125211624995 -0.00037687035924006653 0.00046804041707562065 -1.1727166091325682e-05 6.9015778936860341e-05 -0.00010903461378672675 0.00020414681649105282 -0.00024012474221663465 0.00053786942352369231
leaf_weight=146 100 134 103 130 188 104 107 101 2385 214 107 118 246 109
leaf_count=146 100 134 103 130 188 104 107 101 2385 214 107 118 246 109
internal_value=-9.68716e-06 1.39797e-06 -1.13823e-05 -2.24391e-05 -7.12515e-06 -0.000289904 8.13736e-06 9.60167e-05 -2.81287e-05 5.30516e-05 0.000197526 -3.43856e-05 -9.71115e-05 0.000334195
internal_weight=4292 4192 4058 3912 3705 207 3517 1025 2492 924 346 578 460 239
internal_count=4292 4192 4058 3912 3705 207 3517 1025 2492 924 346 578 460 239
is_linear=0
shrinkage=0.03


Tree=222
num_leaves=15
num_cat=0
split_feature=20 29 4 16 0 1 31 21 1 30 3 13 3 17
split_gain=0.0157455 0.021404 0.0146097 0.0129193 0.0272006 0.0103416 0.0182251 0.0133602 0.0137732 0.0133873 0.0095947 0.00866673 0.0168818 0.0119523
threshold=0.99650220403645073 -0.60044639923700693 0.36613164565803763 1.0088924954581362 0.020761003763708805 0.053890244856922211 -0.85642958202675656 -0.2604242495457762 0.031486475199850358 0.078769824507896005 0.053937791152035106 1.3460093067019874 -0.11795657787660609 -1.0298640633145946
decision_type=10 10 10 8 10 10 10 10 10 10 10 10 10 10
left_child=1 -1 3 5 -5 7 -7 -3 11 -10 -8 12 -9 -14
right_child=-2 2 -4 4 -6 6 10 8 9 -11 -12 -13 13 -15
leaf_value=0.00034027854560297205 -0.0003004124762151003 -0.00031450259274969176 -0.00026171482732024743 0.00033875608808824943 -0.00018232656116357675 0.00046827108509462972 0.00023741374364482978 0.0002695093286277045 -1.7930186610916782e-05 -0.0003785464633351824 -0.00011784877377237105 -0.00019012908299413065 -0.00023878040103443061 1.8818364416085139e-05
leaf_weight=162 150 138 187 267 131 101 101 222 198 170 188 179 172 1922
leaf_count=162 150 138 187 267 131 101 101 222 198 170 188 179 172 1922
internal_value=-3.55212e-06 7.55846e-06 -6.4084e-06 6.52014e-06 0.00016711 -1.25465e-05 0.000131792 -3.14922e-05 -1.73263e-05 -0.00018736 8.23484e-06 8.07749e-06 2.37731e-05 -2.85905e-06
internal_weight=4288 4138 3976 3789 398 3391 390 3001 2863 368 289 2495 2316 2094
internal_count=4288 4138 3976 3789 398 3391 390 3001 2863 368 289 2495 2316 2094
is_linear=0
shrinkage=0.03


Tree=223
num_leaves=15
num_cat=0
split_feature=12 8 34 8 28 18 18 20 18 4 0 21 15 8
split_gain=0.0232792 0.017574 0.015238 0.0119788 0.0111627 0.0309863 0.014408 0.010162 0.0145852 0.0126095 0.0115812 0.0156752 0.0130992 0.0149232
threshold=0.10462954964121327 4.2693671439657752 0.76067376155022948 3.3828529426687513 -0.077925896409468828 0.35207402247256164 0.48057565455454038 0.57739726027397265 0.36779948767149206 -0.22719399979102692 -0.018906931154259395 -0.090304240057789531 1.1591767227036545 1.988273134331864
decision_type=2 8 10 10 10 10 10 10 10 10 10 10 10 10
left_child=1 2 3 4 5 -1 -7 9 -9 -6 -10 -12 13 -13
right_child=-2 -3 -4 -5 7 6 -8 8 10 -11 11 12 -14 -15
leaf_value=-0.00042168045322060125 -0.00036027608173414889 0.00031468752107011199 -0.00032320856055227475 -0.00030282820293425837 0.00022187602649387245 0.00025424023790915004 -8.4069382889805742e-05 0.00028191396929509342 -0.00018712438892579505 -4.5773257971415128e-05 0.00038867023476216541 9.9602713360337987e-06 -0.00017103641163608384 0.00029993419727448464
leaf_weight=184 156 156 126 105 174 165 335 294 159 1374 128 524 202 225
leaf_count=184 156 156 126 105 174 165 335 294 159 1374 128 524 202 225
internal_value=-6.33366e-06 7.3854e-06 -4.99274e-06 5.77423e-06 1.47733e-05 -9.44272e-05 2.89847e-05 3.9138e-05 9.37842e-05 -1.50712e-05 4.81529e-05 8.35262e-05 4.06374e-05 9.84799e-05
internal_weight=4307 4151 3995 3869 3764 684 500 3080 1532 1548 1238 1079 951 749
internal_count=4307 4151 3995 3869 3764 684 500 3080 1532 1548 1238 1079 951 749
is_linear=0
shrinkage=0.03


Tree=224
num_leaves=15
num_cat=0
split_feature=28 2 2 0 21 9 8 8 9 12 20 16 16 20
split_gain=0.0192115 0.0175323 0.0108535 0.00899335 0.0155239 0.0112742 0.0314814 0.0234043 0.0133444 0.0116912 0.0154407 0.0108416 0.010626 0.0071671
threshold=0.26678339407680429 0.18020562740635498 0.14511081268375128 0.062116106034437159 -0.30748656774297328 -0.35691876598680977 -0.60530048899833722 -1.3812399826657091 -0.33619708144700328 0.049989070990584507 0.87271755483411206 1.062128433370553 0.80902815678805073 0.1582191780821918
decision_type=10 8 10 10 8 8 10 10 10 2 8 10 10 10
left_child=1 2 3 4 -1 6 7 -6 -7 11 -11 12 13 -10
right_child=-2 -3 -4 -5 5 8 -8 -9 9 10 -12 -13 -14 -15
leaf_value=0.00036024526531988041 0.00034032362865381224 -0.00029631239432600812 0.00028059115248197487 -0.00027404893901465194 -0.00019797552187449113 0.00032476291640840611 -0.00051258827468649232 0.00035695273957426555 -0.00010449101022749362 0.00033832365187031805 -4.5066452734317868e-05 -0.00027583490893526985 0.00023621424173095068 1.1229481102620472e-05
leaf_weight=104 146 172 123 100 156 116 137 114 647 198 175 134 151 1841
leaf_count=104 146 172 123 100 156 116 137 114 647 198 175 134 151 1841
internal_value=7.90427e-06 -4.1338e-06 8.79704e-06 -1.85332e-07 7.42626e-06 -3.05126e-06 -0.000150933 3.85575e-05 1.56027e-05 3.706e-06 0.000160232 -1.7599e-05 -3.98982e-06 -1.90126e-05
internal_weight=4314 4168 3996 3873 3773 3669 407 270 3262 3146 373 2773 2639 2488
internal_count=4314 4168 3996 3873 3773 3669 407 270 3262 3146 373 2773 2639 2488
is_linear=0
shrinkage=0.03


Tree=225
num_leaves=15
num_cat=0
split_feature=23 26 32 32 34 34 2 34 29 22 29 15 14 33
split_gain=0.0163189 0.0264183 0.0157732 0.0148523 0.0119512 0.0116161 0.0105913 0.0130715 0.0111914 0.0164769 0.0214376 0.0122523 0.010415 0.0096098
threshold=0.0040111536888379007 0.22884442589662468 0.2766576793157825 -0.19965153633840588 0.76067376155022948 0.38997798319711896 -0.14343724377942427 -0.31864739605029896 -0.08711701310774303 -0.0010970907813564999 -0.12867186055049071 1.3556766848531223 0.3974490346240967 0.0012908714664387501
decision_type=10 10 10 8 10 10 10 8 8 10 10 10 8 8
left_child=2 -2 3 -1 5 6 -5 -8 9 -9 11 -11 -12 -10
right_child=1 -3 -4 4 -6 -7 7 8 13 10 12 -13 -14 -15
leaf_value=-0.00026270952308531017 0.000516389491957609 -2.4514269213055348e-05 -0.00036142868810926722 0.00024920840735831006 -0.00027238727901212132 0.00029558223416575283 -0.00032226961793408419 0.00035289330509470542 4.3768413412415932e-05 1.1625990343838442e-05 7.7176713492894454e-05 -0.00031879225020408042 0.00048518319977536181 -8.6122709236591629e-05
leaf_weight=182 137 189 108 155 124 129 105 172 893 585 112 117 113 1191
leaf_count=182 137 189 108 155 124 129 105 172 893 585 112 117 113 1191
internal_value=4.75064e-06 0.000207165 -1.20428e-05 -1.85979e-06 1.13226e-05 2.15385e-05 1.0857e-05 -7.40448e-07 1.03549e-05 8.75997e-05 3.67468e-05 -4.53088e-05 0.00028818 -3.04924e-05
internal_weight=4312 326 3986 3878 3696 3572 3443 3288 3183 1099 927 702 225 2084
internal_count=4312 326 3986 3878 3696 3572 3443 3288 3183 1099 927 702 225 2084
is_linear=0
shrinkage=0.03


Tree=226
num_leaves=15
num_cat=0
split_feature=10 5 22 18 6 16 22 27 6 6 5 9 5 14
split_gain=0.0218031 0.0270036 0.00832714 0.0206696 0.0237195 0.0155758 0.0164642 0.0162093 0.0152929 0.0142647 0.0142197 0.0219363 0.017413 0.016129
threshold=6.6247327876745317 1.365634423430216 0.0007948861289131001 0.66426371269966844 1.3348498441951533 0.80902815678805073 0.00063086271791385005 0.34615413578534665 2.1008457685929103 1.4158526062472527 -0.11265317786878894 -0.20779761534254457 -0.27454913463125802 0.58013698630137001
decision_type=8 10 10 10 10 8 10 8 10 10 10 10 10 10
left_child=1 2 5 4 10 6 -1 -7 9 -5 12 -12 13 -4
right_child=-2 -3 3 8 -6 7 -8 -9 -10 -11 11 -13 -14 -15
leaf_value=-1.5160843751013672e-05 -0.00041786524821756354 0.00048237897018318839 0.00020452581221657313 1.1228261805121695e-05 -0.00048391480610382052 0.0004747896005606485 0.00033684416208069749 4.9219623632465158e-05 -0.00011814393541802322 0.00048363780318661621 0.00034172859120796298 -9.6083990276825881e-05 -0.00052306732542954551 -0.00031790247355385418
leaf_weight=2345 104 102 101 103 144 130 121 203 139 126 139 357 110 102
leaf_count=2345 104 102 101 103 144 130 121 203 139 126 139 357 110 102
internal_value=1.06373e-06 1.18652e-05 -3.53994e-07 -6.22993e-05 -0.000135872 2.89403e-05 2.75774e-06 0.000219924 0.000127497 0.000275937 -7.13293e-05 2.87954e-05 -0.000227951 -5.93069e-05
internal_weight=4326 4222 4120 1321 953 2799 2466 333 368 229 809 496 313 203
internal_count=4326 4222 4120 1321 953 2799 2466 333 368 229 809 496 313 203
is_linear=0
shrinkage=0.03


Tree=227
num_leaves=15
num_cat=0
split_feature=20 17 9 29 18 29 19 5 11 19 29 20 20 31
split_gain=0.0206599 0.0292233 0.0152539 0.0198455 0.0189361 0.0116747 0.00909762 0.012353 0.0202915 0.0142458 0.00743782 0.0101612 0.0182665 0.0198957
threshold=0.99859252514054953 1.5051441725813171 -0.44699153833532562 0.34814907424241132 0.42703768967113437 0.29955509814634185 3.1224482000000005 0.56853549249020363 0.72490675988557041 2.3955813189870003 0.24361833759225179 0.56780821917808233 0.50068493150684945 -0.94277361839478047
decision_type=10 10 10 8 10 10 10 10 10 10 10 10 10 8
left_child=1 2 3 4 -1 6 7 9 -9 10 11 12 13 -4
right_child=-2 -3 5 -5 -6 -7 -8 8 -10 -11 -12 -13 -14 -15
leaf_value=-0.00025163047748768852 -0.00038891230756854761 0.00038973537726222628 0.00034843961336800697 0.00052614715301535552 0.0002810474943111025 -0.00030162700673767563 -0.00027287450295428682 -5.6478543034114729e-05 0.00039329321911848596 -0.00029616857857178599 0.00024752925451465205 5.6448629431739943e-05 -0.00038586516300763055 -5.9579599357653975e-05
leaf_weight=106 108 181 112 106 126 117 104 176 178 148 101 1219 135 1331
leaf_count=106 108 181 112 106 126 117 104 176 178 148 101 1219 135 1331
internal_value=1.13346e-05 2.22323e-05 4.96019e-06 0.000196177 3.74947e-05 -1.31347e-05 -3.08575e-06 5.5552e-06 0.000172006 -1.40395e-05 8.5401e-07 -8.47927e-06 -5.86557e-05 -2.68169e-05
internal_weight=4248 4140 3959 338 232 3621 3504 3400 354 3046 2898 2797 1578 1443
internal_count=4248 4140 3959 338 232 3621 3504 3400 354 3046 2898 2797 1578 1443
is_linear=0
shrinkage=0.03


Tree=228
num_leaves=15
num_cat=0
split_feature=27 5 16 34 13 9 16 1 32 30 24 27 1 30
split_gain=0.0202181 0.0227472 0.0135356 0.0072373 0.00874585 0.0111453 0.0104617 0.00967311 0.0160513 0.0115538 0.0154909 0.0285656 0.0102981 0.00944687
threshold=1.2584896263123901 1.5386127685405755 1.4204636706503659 -0.29840069918204287 0.65559275865626521 -0.19964798657165581 1.1594291303051467 0.054873220014376556 0.014575262091879501 0.14543780304498433 0.47054794520547949 0.12293821322675771 0.082062526996824758 0.094553178339503913
decision_type=10 8 8 8 10 10 10 10 10 10 8 10 10 10
left_child=1 2 3 -1 5 -5 7 9 -9 13 -11 -12 -10 -6
right_child=-2 -3 -4 4 6 -7 -8 8 12 10 11 -13 -14 -15
leaf_value=-0.00021131713554071072 -0.0003690013104012417 0.00035278468757390724 -0.00027069856209067543 -2.1958083517840215e-05 -3.6390454431388917e-05 0.0002704901652082354 0.00024795198566990496 0.00030666892250926192 0.00014052093056256994 -1.4338688150153892e-05 -0.00056959885473638263 6.0724499417119655e-05 -0.00027330543502709285 0.00012449934154277865
leaf_weight=132 129 158 165 222 1733 242 134 199 104 319 160 105 103 400
leaf_count=132 129 158 165 222 1733 242 134 199 104 319 160 105 103 400
internal_value=-6.27228e-06 5.36059e-06 -8.72266e-06 2.83242e-06 1.07026e-05 0.000131826 -6.72859e-06 -1.80352e-05 0.000117665 -3.84916e-05 -0.000156112 -0.000323349 -6.69821e-05 -5.99831e-06
internal_weight=4305 4176 4018 3853 3721 464 3257 3123 406 2717 584 265 207 2133
internal_count=4305 4176 4018 3853 3721 464 3257 3123 406 2717 584 265 207 2133
is_linear=0
shrinkage=0.03


Tree=229
num_leaves=15
num_cat=0
split_feature=15 30 22 14 34 21 2 2 27 33 8 14 32 30
split_gain=0.018743 0.0165404 0.0137693 0.0133483 0.011497 0.0102041 0.0198893 0.0222812 0.0153066 0.0291754 0.0124222 0.0120448 0.0090389 0.0138805
threshold=0.47001013294503069 0.46070879853593466 -0.0013155111475200499 0.79931506849315082 0.0080476201846508017 -0.2604242495457762 -0.14343724377942427 -0.10335335944511213 0.69608260904117769 0.025906075830923154 2.1738703612476562 0.89637569875299483 0.0017524388905174003 0.12615266031538927
decision_type=10 10 8 8 8 8 10 10 10 10 8 10 8 10
left_child=-1 2 3 4 -2 -4 -7 -8 11 10 -10 12 13 -9
right_child=1 -3 5 -5 -6 6 7 8 9 -11 -12 -13 -14 -15
leaf_value=0.00037155284467032818 0.00023911107078344542 -0.00028701621737127426 -0.00024659581318701383 0.00043552968105693224 -6.9722248396728677e-05 0.00037377011941034337 -0.00039078238231013526 -2.635208175707223e-05 0.0002040961537581242 0.00059751303134908081 -0.00024804345583312546 -0.00032306553451876349 2.9438608708342261e-05 -0.00028434014888382286
leaf_weight=111 185 187 171 104 249 111 139 842 108 100 101 117 1508 237
leaf_count=111 185 187 171 104 249 111 139 842 108 100 101 117 1508 237
internal_value=-4.59031e-06 -1.50633e-05 -1.91516e-06 0.00013848 6.31473e-05 -2.408e-05 -1.20594e-05 -2.62171e-05 -8.77892e-06 0.00018952 -1.50922e-05 -3.17475e-05 -1.79745e-05 -8.40688e-05
internal_weight=4270 4159 3972 538 434 3434 3263 3152 3013 309 209 2704 2587 1079
internal_count=4270 4159 3972 538 434 3434 3263 3152 3013 309 209 2704 2587 1079
is_linear=0
shrinkage=0.03


Tree=230
num_leaves=15
num_cat=0
split_feature=10 14 2 31 14 15 1 2 17 16 4 28 31 21
split_gain=0.032031 0.0189546 0.0167034 0.0145976 0.012754 0.0190828 0.014477 0.0134243 0.0128183 0.00877938 0.012052 0.0126383 0.00968842 0.0120379
threshold=6.6247327876745317 0.96402317617075506 -0.15988023273670082 -1.4847205940933352 0.83171981121215621 1.1639775024200456 0.10112433155195116 0.12676860485783822 0.73915894640929691 1.062128433370553 0.24052168863694792 0.10120734760818537 -0.52734967195047011 -0.19768257314782212
decision_type=8 10 10 8 10 10 10 10 10 10 10 10 10 10
left_child=1 2 -1 -4 6 -6 7 9 -9 10 12 -12 -5 -14
right_child=-2 -3 3 4 5 -7 -8 8 -10 -11 11 -13 13 -15
leaf_value=-0.00033921518292807939 -0.00050356346062783682 0.00038787052186350815 0.00037168661735475356 7.1333304531116595e-05 0.00046041001537599054 2.252771622849677e-06 -0.00033018485994599074 6.0094816779548468e-06 0.00047287085124769648 -0.0002388147944372537 0.00036103865231085696 -5.7569457040782171e-05 -0.00034633161595436451 -3.0947013503810402e-05
leaf_weight=111 100 122 102 850 135 197 111 105 102 133 160 105 111 1814
leaf_count=111 100 122 102 850 135 197 111 105 102 133 160 105 111 1814
internal_value=1.39529e-05 2.69891e-05 1.56139e-05 2.60674e-05 1.63726e-05 0.000192619 -6.4017e-07 1.06539e-05 0.000241784 -4.78125e-06 5.83305e-06 0.000197181 -1.27616e-05 -4.99829e-05
internal_weight=4258 4158 4036 3925 3823 332 3491 3380 207 3173 3040 265 2775 1925
internal_count=4258 4158 4036 3925 3823 332 3491 3380 207 3173 3040 265 2775 1925
is_linear=0
shrinkage=0.03


Tree=231
num_leaves=15
num_cat=0
split_feature=0 35 21 21 5 36 19 16 20 18 6 35 36 18
split_gain=0.038338 0.0200054 0.0182332 0.0123435 0.0228469 0.0123025 0.011603 0.0103753 0.011419 0.0102851 0.0122555 0.00985064 0.0113573 0.012526
threshold=0.068863215455899268 0.048321581533883204 -0.29858769099232912 0.75236571953987419 0.81816008947102092 0.08051015372264296 1.8075815626435003 1.5318688981920381 0.98789737415807133 0.17225477596072505 -1.2252979558511397 -0.00032544475121554993 0.040252470930706309 0.33420372849967139
decision_type=10 10 8 8 10 10 10 8 10 10 10 8 10 10
left_child=1 2 -1 4 5 7 -7 8 9 -4 -11 -12 13 -13
right_child=-2 -3 3 -5 -6 6 -8 -9 -10 10 11 12 -14 -15
leaf_value=0.00038132555766811699 -0.00044655775252661637 -0.00031590481852924633 -0.00026290449684950533 0.00029615849200994351 -0.00031152967992642116 0.00045404186056194307 5.7705451071090829e-05 -0.0002248897225149059 0.0003072178002759373 0.00016566484808271494 -0.00014418074472405133 0.00026147523165518305 -0.00019788332242636798 1.1018339090793381e-05
leaf_weight=117 170 161 122 125 197 101 183 170 109 401 417 197 198 1634
leaf_count=117 170 161 122 125 197 101 183 170 109 401 417 197 198 1634
internal_value=-1.16361e-05 6.77564e-06 2.02392e-05 8.79744e-06 -1.21888e-06 1.65049e-05 0.000204073 -1.84245e-07 1.2571e-05 1.25539e-06 1.30163e-05 -1.2296e-05 1.50967e-05 3.86041e-05
internal_weight=4302 4132 3971 3854 3729 3532 284 3248 3078 2969 2847 2446 2029 1831
internal_count=4302 4132 3971 3854 3729 3532 284 3248 3078 2969 2847 2446 2029 1831
is_linear=0
shrinkage=0.03


Tree=232
num_leaves=15
num_cat=0
split_feature=22 12 7 10 5 27 5 3 3 33 13 1 23 25
split_gain=0.0169466 0.0301732 0.0141875 0.0216407 0.0188814 0.0118869 0.0345778 0.011726 0.015152 0.0164496 0.0111142 0.0121354 0.00785267 0.00867492
threshold=0.028472466266654804 0.12378171500117441 2.7428483574468259 0.9772248717020745 0.9503687164873863 0.81598257418097975 -0.11899474541252004 -0.11480254825352719 -0.076225311099651791 -0.021913401254364497 1.1901266671750939 -0.025789306682196297 0.0030176201903184003 0.010706965901185951
decision_type=8 2 8 8 10 10 10 10 10 10 10 10 10 10
left_child=1 2 4 -4 5 7 -7 10 9 -9 11 -1 13 -10
right_child=-2 -3 3 -5 -6 6 -8 8 12 -11 -12 -13 -14 -15
leaf_value=0.00048540820302551719 0.00030388653526897542 -0.00050641752615255035 -4.5305082324591616e-05 0.00051414785895410561 -0.00034808133680866481 -0.0006176987473110921 8.0335380721718687e-05 -1.5207682612581401e-05 -2.1730217210136759e-06 -0.00052112240343736831 -6.144400682922637e-05 7.2166579870416021e-05 -0.00019598791317371756 0.00015871111843243223
leaf_weight=122 145 107 134 110 148 102 156 128 2263 101 131 133 157 343
leaf_count=122 145 107 134 110 148 102 156 128 2263 101 131 133 157 343
internal_value=-9.37725e-06 -2.07161e-05 -7.20202e-06 0.000212167 -2.16087e-05 -7.86018e-06 -0.000202128 7.25417e-06 -1.29158e-05 -0.000244708 0.000161763 0.000275407 6.70268e-06 1.92658e-05
internal_weight=4280 4135 4028 244 3784 3636 258 3378 2992 229 386 255 2763 2606
internal_count=4280 4135 4028 244 3784 3636 258 3378 2992 229 386 255 2763 2606
is_linear=0
shrinkage=0.03


Tree=233
num_leaves=15
num_cat=0
split_feature=17 15 16 17 19 8 31 24 32 14 10 11 19 11
split_gain=0.0262529 0.0112263 0.0357679 0.01438 0.0135001 0.0120358 0.0106629 0.00873258 0.012236 0.0112475 0.0107434 0.0265825 0.0092777 0.0092948
threshold=1.6080546312863895 1.5645245943470958 1.136431995208915 0.42979653945644708 3.3121612850000006 2.8116325483974394 -1.6114851869017726 0.85000000000000009 0.055089734099253058 0.84863013698630152 0.89439467827992758 0.68728635695170337 2.3192793381620005 0.12773835199455408
decision_type=10 8 8 10 8 10 10 8 10 10 10 10 10 10
left_child=1 4 3 -3 5 6 -1 9 -9 10 12 -12 13 -8
right_child=-2 2 -4 -5 -6 -7 7 8 -10 -11 11 -13 -14 -15
leaf_value=0.00025434125066169127 -0.0004107099632383324 0.00018209476171034757 0.00058141796615604165 -0.00027817597161142264 -0.00028969611683148994 0.00022666800176407179 -0.00021065129089901485 -0.00038653152409045708 3.0548189464814456e-05 0.00020528080234132509 -0.00056363450727655771 4.2630507047940639e-05 -0.00024876234437670063 1.4876572769561302e-05
leaf_weight=116 145 113 113 122 157 179 172 137 113 185 108 152 139 2318
leaf_count=116 145 113 113 122 157 179 172 137 113 185 108 152 139 2318
internal_value=-2.08505e-05 -6.66223e-06 0.000155145 -5.76715e-05 -2.176e-05 -9.75268e-06 -2.23659e-05 -3.23899e-05 -0.000201109 -1.83641e-05 -3.30154e-05 -0.000215086 -1.46351e-05 -1.09299e-06
internal_weight=4269 4124 348 235 3776 3619 3440 3324 250 3074 2889 260 2629 2490
internal_count=4269 4124 348 235 3776 3619 3440 3324 250 3074 2889 260 2629 2490
is_linear=0
shrinkage=0.03


Tree=234
num_leaves=15
num_cat=0
split_feature=0 21 18 32 3 34 30 2 9 10 21 36 36 9
split_gain=0.0301648 0.0378372 0.0133591 0.0163465 0.0137769 0.0308163 0.022606 0.0192629 0.0186206 0.0236004 0.0129889 0.0122507 0.0137789 0.0109939
threshold=0.088163665941240157 -0.30748656774297328 0.88800326366596571 0.32235138204367875 0.11048985491236192 -0.15915645269174941 0.34160306100723942 0.031353525439770658 -0.23435908999501529 0.91288427014173967 -0.21370546546006508 0.027271897561416406 2.5008568424356174e-05 -0.093312534130810934
decision_type=10 8 8 10 8 8 10 10 10 10 8 10 8 8
left_child=1 -1 3 4 6 -6 7 10 -7 -10 -3 12 -9 -14
right_child=-2 2 -4 -5 5 8 -8 11 9 -11 -12 -13 13 -15
leaf_value=0.00054834320372174267 -0.00047995812407779421 0.00033320844683559981 0.00025757550320438735 -0.00037326055445841379 -0.00029453215824932241 -0.00015221829568558138 -0.0003327430391427558 -0.000363425035672926 0.00012279952086349433 0.00054571363217054071 2.3967353227280581e-05 -0.00035270859856961339 0.00015599046361163154 -0.00016611694326944948
leaf_weight=115 105 125 179 100 127 102 192 102 314 190 2070 176 223 159
leaf_count=115 105 125 179 100 127 102 192 102 314 190 2070 176 223 159
internal_value=1.04397e-05 2.33355e-05 7.80463e-06 -4.03497e-06 6.21308e-06 0.000122522 -2.19217e-05 -4.73683e-07 0.00021162 0.000286026 4.22952e-05 -0.000141961 -6.25027e-05 2.15055e-05
internal_weight=4279 4174 4059 3880 3780 733 3047 2855 606 504 2195 660 484 382
internal_count=4279 4174 4059 3880 3780 733 3047 2855 606 504 2195 660 484 382
is_linear=0
shrinkage=0.03


Tree=235
num_leaves=15
num_cat=0
split_feature=20 4 19 0 33 19 21 36 10 31 36 31 15 36
split_gain=0.0233882 0.0361686 0.00940816 0.00934627 0.0220963 0.0163168 0.0124674 0.0103451 0.014429 0.0132946 0.0115878 0.0165011 0.0156933 0.00806564
threshold=0.99650220403645073 0.53153339423422774 0.78619392500000018 0.037858647954673703 -0.06873010272431769 1.8167403800000002 -0.29858769099232912 0.11351380177956516 0.53611426684280061 -0.71265156849922628 0.0084068378692004515 -1.1705003152685611 0.84637642484423037 0.039111443104984163
decision_type=10 8 10 10 10 10 10 10 10 10 8 8 10 10
left_child=1 2 -1 6 5 -5 -4 9 -9 10 -8 -12 -13 -11
right_child=-2 -3 3 4 -6 -7 7 8 -10 13 11 12 -14 -15
leaf_value=0.00022219867627956607 -0.00036134614542469856 0.0005445214270640359 0.00032658895073219127 -8.7097031462594475e-05 0.00011102521676335953 -0.00061330366526103674 -0.00011312562479319736 -0.00011490278759239508 0.00032867898149143896 -3.1747666740512965e-05 -8.2375361681258751e-05 8.9714060178518231e-05 0.00049431405136082112 -0.00019864203941048772
leaf_weight=160 149 108 101 109 162 102 171 100 178 2155 158 183 163 292
leaf_count=160 149 108 101 109 162 102 171 100 178 2155 158 183 163 292
internal_value=1.68506e-06 1.51643e-05 3.35576e-07 -9.10219e-06 -0.000150824 -0.00034978 6.19052e-06 -3.7928e-06 0.000169906 -1.95069e-05 9.79025e-05 0.000169909 0.000284647 -5.20276e-05
internal_weight=4291 4142 4034 3874 373 211 3501 3400 278 3122 675 504 346 2447
internal_count=4291 4142 4034 3874 373 211 3501 3400 278 3122 675 504 346 2447
is_linear=0
shrinkage=0.03


Tree=236
num_leaves=15
num_cat=0
split_feature=30 21 10 19 36 35 21 31 10 34 21 16 17 21
split_gain=0.0216012 0.0491827 0.0122746 0.0106313 0.0109179 0.0121858 0.0107814 0.0114789 0.0135106 0.0117643 0.0128196 0.0113746 0.0109801 0.0105856
threshold=0.5174621645527494 0.38510196877284147 2.2766353318591634 0.81568929500000009 0.25384241221460463 0.047421809716428606 -0.35132060443776353 -0.54350351017086129 0.018076275727661004 -0.091679663271675191 -0.095219189291909284 -0.23268459303168312 -0.30379463089566761 -0.013972653320889298
decision_type=10 10 8 8 10 10 10 10 10 8 10 10 8 10
left_child=1 2 3 -1 5 6 -5 9 -9 10 -8 12 13 -11
right_child=-2 -3 -4 4 -6 -7 7 8 -10 11 -12 -13 -14 -15
leaf_value=0.00026987905797370249 0.00036066148353598487 -0.00059464713158132408 0.00029615123079565817 -0.00026017767318552425 0.00029112204370401994 -0.00032302077493763395 0.00020314126731519981 -0.00032717066295740772 -3.3792466642436991e-06 2.9042141120837496e-05 -0.00018304800159747299 0.00032764716965511361 -0.00018342645919088878 0.00040666732590048101
leaf_weight=136 156 114 139 128 111 100 116 117 2353 183 210 259 106 101
leaf_count=136 156 114 139 128 111 100 116 117 2353 183 210 259 106 101
internal_value=1.96812e-05 6.51793e-06 2.41129e-05 1.41017e-05 4.56485e-06 -4.47905e-06 4.87513e-06 1.5086e-05 -1.93467e-05 0.000101969 -4.46381e-05 0.00017539 7.14084e-05 0.000168051
internal_weight=4329 4173 4059 3920 3784 3673 3573 3445 2470 975 326 649 390 284
internal_count=4329 4173 4059 3920 3784 3673 3573 3445 2470 975 326 649 390 284
is_linear=0
shrinkage=0.03


Tree=237
num_leaves=15
num_cat=0
split_feature=0 17 13 25 4 12 21 21 4 16 14 25 12 28
split_gain=0.0264728 0.0225212 0.0102977 0.0134419 0.0284877 0.0115072 0.0196264 0.0169415 0.0110686 0.00917466 0.00906395 0.0124562 0.0114183 0.018363
threshold=0.065359741035152755 1.5051441725813171 0.50052397991692488 0.040650638786590206 0.092393514412008368 0.05167940235161906 -0.12858548387005853 -0.21061273245646042 0.16250775061823702 0.37304397486174895 0.26438462685613245 0.013057635677066052 0.018306114224755154 0.067802245029884717
decision_type=8 10 10 10 8 2 10 8 10 8 8 10 2 10
left_child=1 2 -1 5 -5 7 9 -4 -8 -7 12 -12 -9 -14
right_child=-2 -3 3 4 -6 6 8 10 -10 -11 11 -13 13 -15
leaf_value=0.00029936852007974972 -0.00033326737794886491 0.00035836892762953148 -0.00032604660614835777 7.6579615897369671e-05 -0.00058525067161619001 0.00016636950437055802 -0.00019463574642428503 4.1659054448690018e-05 0.00017757449314836555 0.00056846399495368266 2.7249880738358654e-05 0.00029343026523954242 -0.00024189967125445963 0.0001240840847420163
leaf_weight=103 189 170 136 130 100 111 144 587 134 100 1582 171 448 166
leaf_count=103 189 170 136 130 100 111 144 587 134 100 1582 171 448 166
internal_value=9.15946e-06 2.54024e-05 1.0494e-05 2.3003e-06 -0.000217502 1.67094e-05 0.000151153 -4.77651e-06 -1.52575e-05 0.000365683 1.05405e-05 5.39757e-05 -5.28192e-05 -0.00014275
internal_weight=4271 4082 3912 3809 230 3579 489 3090 278 211 2954 1753 1201 614
internal_count=4271 4082 3912 3809 230 3579 489 3090 278 211 2954 1753 1201 614
is_linear=0
shrinkage=0.03


Tree=238
num_leaves=15
num_cat=0
split_feature=2 29 14 20 27 1 19 3 18 22 10 10 12 18
split_gain=0.016577 0.0316632 0.0174832 0.0116766 0.01012 0.0221376 0.0115715 0.011964 0.0132046 0.0115105 0.0114823 0.0120595 0.0100886 0.0122559
threshold=0.23859811163099173 -0.4061419483199758 0.96402317617075506 0.007534246575342401 0.17266875938226192 -0.050145274969299998 2.445406789427039 0.20398526316771368 0.56486271997727477 0.0028366716425337005 0.38755193678327943 0.23223672798152209 0.05167940235161906 0.40801708677811244
decision_type=8 8 10 8 10 10 10 10 10 10 10 10 2 10
left_child=1 -1 3 -3 9 -6 7 8 -7 12 11 -10 -5 -14
right_child=-2 2 -4 4 5 6 -8 -9 10 -11 -12 -13 13 -15
leaf_value=-0.00048159452611798773 0.00035634033521637318 -0.00027582526198881958 0.00039490961602755957 -2.3164404411661379e-05 0.00041604143640235552 -7.5492188169163859e-05 0.00028189605900219507 -0.00030311596481930292 0.00021324287749001965 -0.0002361317034129808 0.00042230634127587437 -0.00018726027044829458 -7.074512674797907e-05 0.00035014459795784203
leaf_weight=115 115 126 100 2217 152 452 142 102 169 201 105 106 104 145
leaf_count=115 115 126 100 2217 152 452 142 102 169 201 105 106 104 145
internal_value=8.63037e-06 -1.21833e-06 1.27543e-05 2.7717e-06 1.21262e-05 8.32084e-05 3.44842e-05 -4.4316e-06 3.37779e-05 -2.06976e-05 0.000163044 5.82799e-05 -2.6956e-06 0.000176419
internal_weight=4351 4236 4121 4021 3895 1228 1076 934 832 2667 380 275 2466 249
internal_count=4351 4236 4121 4021 3895 1228 1076 934 832 2667 380 275 2466 249
is_linear=0
shrinkage=0.03


Tree=239
num_leaves=15
num_cat=0
split_feature=34 34 21 1 7 23 23 1 12 10 20 31 36 8
split_gain=0.0124323 0.0121174 0.0140709 0.0122964 0.0171128 0.0223642 0.0139078 0.0247585 0.0440179 0.00765304 0.0103041 0.00944912 0.00985412 0.0104442
threshold=-0.30562761301904878 0.8493570303636333 -0.29858769099232912 0.13242350632607658 2.7428483574468259 0.00035069081953065007 0.0024913631296205004 -0.028086301491632496 0.052951577751126459 0.018076275727661004 0.017123287671232803 0.57000100901126405 0.046546998543985453 0.34738873916174395
decision_type=8 10 8 10 8 10 10 10 2 10 8 10 10 10
left_child=-1 2 -2 4 6 -6 9 -8 -9 -4 -11 12 -12 -14
right_child=1 -3 3 -5 5 -7 7 8 -10 10 11 -13 13 -15
leaf_value=-0.00027072421656190726 0.00034105498724827719 -0.00026101191359817103 -0.00017461607999311209 -0.0002840607252661497 -9.9668312582141915e-06 0.00058012369338657904 0.00022760177983074308 4.0635049366823361e-06 -0.00078266725600567751 0.00030155069265509321 3.3243440139912533e-05 0.0001271497989029646 -0.00035695386996057122 -3.6966034346263333e-05
leaf_weight=132 121 129 149 112 118 108 101 157 103 127 1780 691 119 359
leaf_count=132 121 129 149 112 118 108 101 157 103 127 1780 691 119 359
internal_value=1.05054e-05 1.97124e-05 2.89762e-05 1.89312e-05 2.81938e-05 0.000278476 1.20545e-05 -0.000163235 -0.00031649 3.18984e-05 4.2169e-05 3.05071e-05 7.16582e-07 -0.000119499
internal_weight=4306 4174 4045 3924 3812 226 3586 361 260 3225 3076 2949 2258 478
internal_count=4306 4174 4045 3924 3812 226 3586 361 260 3225 3076 2949 2258 478
is_linear=0
shrinkage=0.03


Tree=240
num_leaves=15
num_cat=0
split_feature=8 17 5 3 20 33 13 28 36 2 2 11 0 0
split_gain=0.0171214 0.0186378 0.0182325 0.0175243 0.015742 0.0131867 0.0199856 0.0224923 0.0158772 0.0112516 0.0231225 0.0206159 0.0111392 0.0136294
threshold=3.6034979132222191 0.19685266523321501 1.0517752715021864 0.17514745658045913 0.98084158091367912 -0.018777295431388698 0.79267400386561604 0.022634780670672105 0.0035085756105069504 -0.11065078814889918 -0.064241893838531239 0.14072548903636697 -0.028384690640458798 0.0099804399385740507
decision_type=10 10 10 8 10 10 10 10 10 8 10 10 10 10
left_child=1 9 3 5 -5 -3 -7 -8 -9 -1 -11 -12 -13 -14
right_child=-2 2 -4 4 -6 6 7 8 -10 10 11 12 13 -15
leaf_value=-0.00016827561974975416 0.00035579379590631311 2.7610442509427198e-06 -0.00043574028202349039 -6.9684182074668476e-07 0.00045377593351594267 -0.00054304690496607337 -0.00033432996046706516 0.00031041525033651853 -0.00015284175386775381 0.00038800578804894025 -0.00034415830542288095 0.00037043422436620167 -2.6731103525943505e-06 0.00016307862136070924
leaf_weight=173 129 649 108 185 104 113 205 130 127 195 108 102 1268 684
leaf_count=173 129 649 108 185 104 113 205 130 127 195 108 102 1268 684
internal_value=2.20228e-05 1.12347e-05 -6.80576e-05 -4.04631e-05 0.000167786 -9.01157e-05 -0.000194065 -0.000103808 8.29425e-05 6.20722e-05 7.92998e-05 5.06252e-05 7.21684e-05 5.56762e-05
internal_weight=4280 4151 1621 1513 289 1224 575 462 257 2530 2357 2162 2054 1952
internal_count=4280 4151 1621 1513 289 1224 575 462 257 2530 2357 2162 2054 1952
is_linear=0
shrinkage=0.03


Tree=241
num_leaves=15
num_cat=0
split_feature=21 5 2 5 6 23 27 33 17 16 14 16 36 16
split_gain=0.0180784 0.0171944 0.00993245 0.0152608 0.0139282 0.0258839 0.0140482 0.0199782 0.014111 0.0100457 0.00824296 0.0136596 0.010477 0.0110255
threshold=-0.32082151822296262 1.2797423821335476 -0.13431993296385328 -0.12625066138403362 -1.5089851028360097 1.0000000180025095e-35 0.75854836414226234 0.025083521979839252 1.040646274287411 1.1912253910796973 0.94425823375109308 0.51123483026557015 0.053290052778707908 0.69773248059725124
decision_type=8 10 10 8 10 10 8 10 10 10 8 8 8 8
left_child=-1 2 3 -2 5 -4 9 8 -8 10 11 -6 -13 -14
right_child=1 -3 4 -5 6 -7 7 -9 -10 -11 -12 12 13 -15
leaf_value=0.00036064554826943922 -6.1375634241761325e-05 -0.00036979271634090529 -0.0005268607647975779 0.0004524788085504302 -3.3312977086214891e-05 4.3031802787380803e-05 0.00017329087043558626 0.00049640379153574122 -0.00024622435929584445 -0.00030101541253561907 -0.00026658517506786348 -9.6844792443941206e-05 0.00039978739893242916 8.7406842910954979e-05
leaf_weight=114 101 114 126 100 2345 157 217 112 102 106 104 139 154 293
leaf_count=114 101 114 126 100 2345 157 217 112 102 106 104 139 154 293
internal_value=-3.96737e-06 -1.43552e-05 -3.92207e-06 0.000199051 -1.47492e-05 -0.000215443 1.43014e-06 0.000161018 3.74215e-05 -2.06892e-05 -1.04196e-05 -8.91591e-07 0.000128033 0.00019826
internal_weight=4284 4170 4056 201 3855 283 3572 431 319 3141 3035 2931 586 447
internal_count=4284 4170 4056 201 3855 283 3572 431 319 3141 3035 2931 586 447
is_linear=0
shrinkage=0.03


Tree=242
num_leaves=15
num_cat=0
split_feature=16 12 1 1 10 1 36 33 20 4 9 29 29 17
split_gain=0.0152799 0.0442206 0.0168308 0.0144413 0.0107513 0.015829 0.0129397 0.0127122 0.00923541 0.0136724 0.0124854 0.00995995 0.0109961 0.0124642
threshold=1.1594291303051467 0.060265520632897106 -0.094314345403100477 -0.070705641657148641 0.63383456464440935 0.021568544262653155 0.088329010270924962 0.17410809623303583 0.57739726027397265 -0.18931208872523553 -0.40348648983884522 -0.18637165685650328 0.047646416378826655 -0.26758776178236848
decision_type=10 2 8 10 10 10 10 8 10 8 8 10 10 10
left_child=2 -2 -1 -4 6 7 8 -6 9 10 -5 -10 -13 -14
right_child=1 -3 3 4 5 -7 -8 -9 11 -11 -12 12 13 -15
leaf_value=-0.00029805532877429547 -0.00013888752542794659 0.00051517993093079767 0.0003003492952980609 -8.5368397346298605e-05 -0.00011782830487201934 7.9603197952293178e-06 -0.0002400149523988754 -0.00049991395682122343 0.00032824252423597502 -5.7141505332914369e-05 0.00033446786676254951 -6.3258051509679807e-06 -6.1921191315733545e-06 0.00042592239968309344
leaf_weight=184 188 176 127 100 197 383 175 130 135 1437 163 674 110 127
leaf_count=184 188 176 127 100 197 383 175 130 135 1437 163 674 110 127
internal_value=-4.55825e-06 0.00018006 -2.18122e-05 -7.90869e-06 -1.90887e-05 -0.000123358 6.4233e-06 -0.000274969 2.25363e-05 -2.06282e-05 0.00017622 9.24533e-05 5.5911e-05 0.000229379
internal_weight=4306 364 3942 3758 3631 710 2921 327 2746 1700 263 1046 911 237
internal_count=4306 364 3942 3758 3631 710 2921 327 2746 1700 263 1046 911 237
is_linear=0
shrinkage=0.03


Tree=243
num_leaves=15
num_cat=0
split_feature=21 14 20 19 31 19 31 31 30 30 14 33 32 10
split_gain=0.0292698 0.0221611 0.0123409 0.0217872 0.0122741 0.0120323 0.0120848 0.013689 0.0118734 0.0129633 0.0127138 0.0133363 0.0133757 0.0135287
threshold=0.48088987178256953 0.96643835616438356 0.99097060861766761 2.9461082850000007 -1.6114851869017726 2.7047989740775003 -1.23359722221193 -0.54350351017086129 0.39020550562593753 0.010225047280212752 0.74111161952698268 -0.014991614093488698 0.031711514718449657 0.27387378212436858
decision_type=8 10 10 10 10 10 10 10 10 10 8 10 10 10
left_child=1 2 3 4 -1 6 -6 -8 9 -9 11 -11 -13 -14
right_child=-2 -3 -4 -5 5 -7 7 8 -10 10 -12 12 13 -15
leaf_value=0.00029278214222019526 -0.00038872060752720032 0.00041437968924325843 0.0002333212601439238 -0.00037250013568048519 -0.00027783200142488543 0.00028790305871163061 9.3360661630247863e-05 -0.00015098365427407043 -0.00036047217154980824 0.00011414140126611951 -0.00018755756113702889 -0.00020939376474142008 0.00030241455389655539 -8.4090958101276162e-05
leaf_weight=113 177 108 172 149 161 107 787 641 101 884 256 300 127 209
leaf_count=113 177 108 172 149 161 107 787 641 101 884 256 300 127 209
internal_value=-1.64167e-05 4.96513e-08 -1.16202e-05 -2.28954e-05 -8.27775e-06 -1.81949e-05 -2.80457e-05 -1.54763e-05 -4.96108e-05 -3.59034e-05 5.93899e-06 3.9036e-05 -6.54319e-05 6.42911e-05
internal_weight=4292 4115 4007 3835 3686 3573 3466 3305 2518 2417 1776 1520 636 336
internal_count=4292 4115 4007 3835 3686 3573 3466 3305 2518 2417 1776 1520 636 336
is_linear=0
shrinkage=0.03


Tree=244
num_leaves=15
num_cat=0
split_feature=15 26 19 1 19 16 8 16 35 12 36 26 25 11
split_gain=0.0228562 0.0195287 0.0392056 0.0123151 0.0126482 0.013695 0.0151605 0.0110954 0.00854184 0.0117136 0.0123202 0.00972886 0.0133974 0.0133408
threshold=2.2067323349684158 0.32204550641204199 3.2064095400000006 -0.12072294306913559 0.97029534356550007 1.4453580603491101 2.8116325483974394 0.12101353198720521 -0.0011805355202854997 0.017774676206734154 -0.00096520249483764999 0.053229068430559356 0.013392087916198352 0.69387553440348515
decision_type=10 10 10 10 8 8 8 10 8 2 10 10 10 10
left_child=1 2 3 -1 7 6 8 -5 9 -6 -11 12 -10 -13
right_child=-2 -3 -4 4 5 -7 -8 -9 11 10 -12 13 -14 -15
leaf_value=0.00032027715016070993 -0.00044305358134806734 0.00039341859999893295 -0.0005032304564210403 0.0002513801684603095 9.5314010898259796e-05 -0.00033316684032509258 0.00021945701170202235 -7.149486021713986e-05 -4.4722509846906177e-06 -0.00045237743997190869 -5.5398503720387484e-05 -0.00024710278526429621 0.00027033713441833345 8.7468749351418492e-05
leaf_weight=104 103 105 136 295 114 118 234 138 2069 142 138 308 168 160
leaf_count=104 103 105 136 295 114 118 234 138 2069 142 138 308 168 160
internal_value=-1.20948e-05 -1.0877e-06 -1.15964e-05 5.77865e-06 -3.04347e-06 -2.22877e-05 -1.07989e-05 0.000148836 -2.85106e-05 -0.000158093 -0.000261128 -9.37932e-06 1.6723e-05 -0.000133004
internal_weight=4332 4229 4124 3988 3884 3451 3333 433 3099 394 280 2705 2237 468
internal_count=4332 4229 4124 3988 3884 3451 3333 433 3099 394 280 2705 2237 468
is_linear=0
shrinkage=0.03


Tree=245
num_leaves=15
num_cat=0
split_feature=1 12 34 20 28 26 24 20 9 31 34 28 36 21
split_gain=0.022411 0.0382188 0.0117204 0.0124603 0.0356719 0.0136335 0.0188482 0.0191235 0.0145632 0.009497 0.0127493 0.016504 0.0165398 0.0150134
threshold=-0.12072294306913559 0.10462954964121327 -0.30562761301904878 0.98789737415807133 0.067802245029884717 0.075206419022915069 0.48505335450282466 0.87679460282200017 -0.47075467642980134 -0.52734967195047011 -0.067092123870178835 0.049896732855620053 0.044437590039594958 -0.14959118823028117
decision_type=10 2 8 10 10 10 8 8 10 8 8 10 8 8
left_child=-1 2 -2 5 -5 8 -7 -8 -4 -10 11 12 -11 -12
right_child=1 -3 3 4 -6 6 7 -9 9 10 13 -13 -14 -15
leaf_value=0.00034634241106198791 -0.00029203975003991159 -0.00056985363837539849 0.00031095153510739065 -0.00017873555145209331 0.00058139516854071585 6.5485813325632646e-05 -0.00011723346611422418 -0.00063787540832615597 7.1711467318468907e-05 2.3131879793796409e-05 -0.00036948542752361386 -0.00012621706202376766 0.00044387249733713984 -5.4667295891977299e-05
leaf_weight=144 126 109 129 104 110 178 159 104 933 188 145 205 148 1534
leaf_count=144 126 109 129 104 110 178 159 104 933 188 145 205 148 1534
internal_value=-1.52186e-05 -2.80978e-05 -1.28813e-05 -3.58805e-06 0.000216339 -1.65028e-05 -0.000172132 -0.000331174 4.63901e-06 -8.36576e-06 -4.21054e-05 8.40135e-05 0.000212249 -8.28716e-05
internal_weight=4316 4172 4063 3937 214 3723 441 263 3282 3153 2220 541 336 1679
internal_count=4316 4172 4063 3937 214 3723 441 263 3282 3153 2220 541 336 1679
is_linear=0
shrinkage=0.03


Tree=246
num_leaves=15
num_cat=0
split_feature=28 19 33 1 9 22 11 15 15 16 31 21 22 10
split_gain=0.0254596 0.00925408 0.0152633 0.0182685 0.0243733 0.0158983 0.0123232 0.0442915 0.015036 0.013433 0.0130176 0.0127463 0.012254 0.0201881
threshold=0.30188945367623271 1.8234269804545002 0.18697333590183357 -0.049194698300985294 -0.24328168583416768 0.0022279551393429007 0.34543501960707829 1.1152500009406856 1.5256164392301319 -0.65861697330768532 -0.92807225915628078 -0.12039194249202678 -0.0014744511685351998 0.67281393755928509
decision_type=10 8 10 10 10 10 8 10 10 8 8 10 8 10
left_child=1 6 3 -3 -5 12 7 9 10 -1 -8 -9 -6 -14
right_child=-2 2 -4 4 5 -7 8 11 -10 -11 -12 -13 13 -15
leaf_value=-0.00014182291754415225 0.00044269649404995082 0.00023325019588451968 -0.00037886268935806346 -0.00039540208713263449 0.00017615553273366081 0.00022695148568642638 0.0003609381259567891 -0.00063389592907467796 0.00037970335845538946 0.00017864637790412379 2.6077463440967525e-05 -0.00017379424191619219 -2.036025733681855e-05 -0.000325401579069016
leaf_weight=166 112 198 119 177 154 188 108 114 132 376 1402 109 676 270
leaf_count=166 112 198 119 177 154 188 108 114 132 376 1402 109 676 270
internal_value=6.20657e-06 -5.97759e-06 -5.77128e-05 -3.36653e-05 -7.04106e-05 -2.43932e-05 3.23643e-05 -6.67969e-05 7.86256e-05 8.00961e-05 5.11399e-05 -0.000417746 -6.81828e-05 -0.000108676
internal_weight=4301 4189 1782 1663 1465 1288 2407 765 1642 542 1510 223 1100 946
internal_count=4301 4189 1782 1663 1465 1288 2407 765 1642 542 1510 223 1100 946
is_linear=0
shrinkage=0.03


Tree=247
num_leaves=15
num_cat=0
split_feature=30 29 2 28 15 18 10 36 14 21 1 21 14 36
split_gain=0.0311859 0.047707 0.0161489 0.00966967 0.0183833 0.0143476 0.0208369 0.0245825 0.0121777 0.0247099 0.014278 0.0167479 0.00994524 0.00891464
threshold=0.5174621645527494 -0.45688148064037026 -0.20484960760631263 0.23023432514246253 1.9278156494415608 0.27986817161715322 0.08635918296278626 0.10408061228307192 0.77408307556341149 -0.21061273245646042 0.030089320576104101 -0.067570685375315229 0.74409825934699769 -0.016954715153793896
decision_type=10 8 10 10 10 10 10 8 10 8 10 8 8 10
left_child=1 -1 -3 4 5 6 -4 -8 9 -7 11 -10 13 -11
right_child=-2 2 3 -5 -6 8 7 -9 10 12 -12 -13 -14 -15
leaf_value=-0.0006383415555611914 0.00040382966945149486 0.00037065991746827156 0.00010055076790505713 -0.00025393315507324214 0.00035460742047668413 -0.00040438321011819039 1.627284424581663e-05 -0.0005649840260482324 0.00026841323974990662 8.7490405825255119e-05 0.0003507973296107537 -0.00021115320514467499 -0.00021834802554348594 -2.6423440321255671e-05
leaf_weight=102 163 100 156 132 124 132 109 158 116 1095 189 138 158 1408
leaf_count=102 163 100 156 132 124 132 109 158 116 1095 189 138 158 1408
internal_value=3.17776e-06 -1.31554e-05 3.50146e-06 -6.33761e-06 2.6255e-06 -9.77045e-06 -0.000173011 -0.000331755 1.18018e-05 -1.14682e-05 0.000157004 8.81503e-06 8.74433e-06 2.34861e-05
internal_weight=4280 4117 4015 3915 3783 3659 423 267 3236 2793 443 254 2661 2503
internal_count=4280 4117 4015 3915 3783 3659 423 267 3236 2793 443 254 2661 2503
is_linear=0
shrinkage=0.03


Tree=248
num_leaves=15
num_cat=0
split_feature=12 4 3 28 20 25 31 28 28 6 15 9 36 19
split_gain=0.026384 0.0137142 0.0114268 0.0125295 0.0121891 0.0114152 0.0285567 0.0142073 0.022248 0.0220224 0.0134041 0.0190668 0.0122859 0.0117534
threshold=0.10462954964121327 0.4520241245792061 0.24743031496196669 0.10262620300303646 0.72671232876712344 1.0000000180025095e-35 0.82406413611868357 -0.095281627224673884 -0.045605796713868295 -0.75336616864443806 0.67924859629872125 -0.31186397271320027 -0.00096520249483764999 2.2834371978596928
decision_type=2 8 10 10 8 10 8 10 10 10 10 10 8 10
left_child=1 2 3 5 -5 -1 7 9 -9 -7 -10 -12 -13 -14
right_child=-2 -3 -4 4 -6 6 -8 8 10 -11 11 12 13 -15
leaf_value=3.9784361282847982e-05 -0.00037127488662788114 0.00026947460260611444 -0.00026331571582122702 0.00027830982108873164 -2.8608395022993992e-06 -0.00052320761766727977 -0.00034701796184019487 0.00031665528454385852 -0.00028766361110998468 4.3615807584528603e-05 0.00038743623627194917 -0.00030786383347416215 8.1379094244222135e-05 -0.00024074973916299314
leaf_weight=1563 170 164 145 268 282 112 279 192 151 129 103 122 496 123
leaf_count=1563 170 164 145 268 282 112 279 192 151 129 103 122 496 123
internal_value=-1.04807e-05 4.80511e-06 -6.46773e-06 3.61319e-06 0.000135419 -1.87289e-05 -7.22657e-05 -1.75616e-05 2.53397e-05 -0.000225084 -3.21762e-05 1.4958e-05 -3.90667e-05 1.59535e-05
internal_weight=4299 4129 3965 3820 550 3270 1707 1428 1187 241 995 844 741 619
internal_count=4299 4129 3965 3820 550 3270 1707 1428 1187 241 995 844 741 619
is_linear=0
shrinkage=0.03


Tree=249
num_leaves=15
num_cat=0
split_feature=1 14 17 1 2 20 4 1 16 17 18 33 7 15
split_gain=0.0220926 0.0201711 0.0158797 0.0182751 0.0114166 0.0116817 0.0115308 0.0116701 0.0149313 0.00910502 0.0107836 0.0199215 0.0213551 0.0084674
threshold=0.13880214870642332 0.96402317617075506 1.5051441725813171 -0.089771177427980839 0.17644377405753411 0.97446789194423711 0.3164337243047029 0.068308953205063319 -0.063674214066038334 0.56600201357641466 0.3653742735905911 -0.051377311618724698 1.5928321136505708 1.3356859640391567
decision_type=10 10 10 8 10 10 10 8 10 10 10 10 10 8
left_child=1 2 3 -1 5 6 7 9 -9 13 -11 -12 -13 -5
right_child=-2 -3 -4 4 -6 -7 -8 8 -10 10 11 12 -14 -15
leaf_value=-0.00029632385451398651 -0.00039756114203191829 0.00040365066764374761 0.00029812227612740756 -1.0922200942850897e-05 -0.00029301982813489594 0.00023035576570911744 -0.00027256102870689406 0.00046343285542925033 -1.7278254686616269e-05 0.00037108113976405308 0.0002852483834201274 -0.00040513139337257251 0.00016323054786019473 -0.00023690009586027611
leaf_weight=183 115 112 154 2440 106 210 127 109 118 109 166 122 108 154
leaf_count=183 115 112 154 2440 106 210 127 109 118 109 166 122 108 154
internal_value=3.83677e-06 1.52383e-05 4.16543e-06 -7.65159e-06 6.73862e-06 1.58006e-05 2.4379e-06 1.33318e-05 0.000218561 -2.02893e-06 0.000113871 3.93288e-05 -0.000140454 -2.47679e-05
internal_weight=4333 4218 4106 3952 3769 3663 3453 3326 227 3099 505 396 230 2594
internal_count=4333 4218 4106 3952 3769 3663 3453 3326 227 3099 505 396 230 2594
is_linear=0
shrinkage=0.03


Tree=250
num_leaves=15
num_cat=0
split_feature=14 12 22 4 1 12 22 31 3 14 3 11 11 22
split_gain=0.0288935 0.0329762 0.0106336 0.0219251 0.0205136 0.0106772 0.0100624 0.0166904 0.00776123 0.0123799 0.010884 0.0131209 0.00867314 0.00773337
threshold=0.96917808219178092 0.10462954964121327 0.005123307266918801 0.18090044639773739 0.11563094173574871 0.07394355944167931 0.0025248302228804502 0.37274777560065492 -0.13028075136800213 0.70156212448930555 -0.076225311099651791 0.33632679716311537 0.95493793166121954 -0.0010315835766515999
decision_type=10 2 10 10 8 2 10 8 10 8 10 10 10 8
left_child=1 2 4 -4 5 6 8 -8 9 -1 11 -10 13 -12
right_child=-2 -3 3 -5 -6 -7 7 -9 10 -11 12 -13 -14 -15
leaf_value=-9.2217657710330524e-08 0.00045251126276395681 -0.00050955369421938927 4.3589237279486111e-05 -0.0004956917258920106 0.00041156274905696243 -0.00027690294811879445 0.00046220311772017536 -5.6045375644576517e-05 -0.00039265517166454564 0.00039605558918799584 0.0001221449985893131 1.0665527878183069e-05 -0.00022103153787865923 -6.6953088587031701e-06
leaf_weight=191 121 110 168 108 111 111 110 107 137 108 518 148 138 2112
leaf_count=191 121 110 168 108 111 111 110 107 137 108 518 148 138 2112
internal_value=4.91603e-06 -8.5755e-06 5.58348e-06 -0.000172499 1.87587e-05 6.36822e-06 1.55533e-05 0.000211154 2.59498e-06 0.000147159 -1.17805e-05 -0.000186639 6.52736e-06 1.88645e-05
internal_weight=4298 4177 4067 276 3791 3680 3569 217 3352 299 3053 285 2768 2630
internal_count=4298 4177 4067 276 3791 3680 3569 217 3352 299 3053 285 2768 2630
is_linear=0
shrinkage=0.03


Tree=251
num_leaves=15
num_cat=0
split_feature=3 26 3 26 26 0 1 1 36 17 12 27 32 12
split_gain=0.0163313 0.0155797 0.0274029 0.015001 0.014989 0.0102625 0.0253193 0.0136106 0.0144126 0.0111961 0.0083224 0.0164356 0.00883178 0.0135448
threshold=0.33874582191921693 0.12968829250205163 -0.099817614657476281 0.34744202345257919 0.097122980283142771 -0.026849790095907097 -0.079378923537818835 -0.049194698300985294 0.09175191867413697 0.11937137321205905 0.05167940235161906 0.2085074068180732 0.0057660633411397511 0.027922963294701505
decision_type=10 8 10 8 10 10 10 10 8 8 2 8 10 2
left_child=1 4 -3 -4 5 7 -7 8 -1 -9 12 -12 13 -8
right_child=-2 2 3 -5 -6 6 10 9 -10 -11 11 -13 -14 -15
leaf_value=8.801270551471547e-06 -0.00034653721907943689 0.00058499479114059491 0.00021414478725056044 -0.0001933928344083478 -0.0003423134950726379 -0.00048592556265780241 -1.1746186898847948e-05 0.00015475519010864491 0.00047418858415871262 -0.00025979753657195129 0.00034037800968807306 -9.839915715595137e-05 1.9006390604233827e-05 -0.00021191060364865889
leaf_weight=105 123 102 174 144 122 101 799 116 135 109 158 142 1494 487
leaf_count=105 123 102 174 144 122 101 799 116 135 109 158 142 1494 487
internal_value=-1.27343e-05 -2.5291e-06 0.000169673 2.94625e-05 -2.1923e-05 -1.07482e-05 -3.00391e-05 0.000120134 0.000274916 -4.73545e-05 -1.43262e-05 0.000134482 -3.05973e-05 -8.80743e-05
internal_weight=4311 4188 420 318 3768 3646 3181 465 240 225 3080 300 2780 1286
internal_count=4311 4188 420 318 3768 3646 3181 465 240 225 3080 300 2780 1286
is_linear=0
shrinkage=0.03


Tree=252
num_leaves=15
num_cat=0
split_feature=5 26 27 0 15 9 30 9 35 15 7 5 35 1
split_gain=0.0220297 0.0298535 0.0278922 0.0109977 0.0197297 0.0189867 0.015778 0.0123095 0.0165248 0.0127327 0.0117021 0.0146139 0.0108498 0.0105542
threshold=1.9658293470534896 0.12968829250205163 0.48530841907068129 0.037858647954673703 0.93715044011596138 -0.48838765717669241 0.10863013157586461 -0.35691876598680977 0.0020028166316313004 1.8713522633425883 2.547467595295966 0.56853549249020363 0.033698971867380752 0.03218725496521261
decision_type=8 10 10 10 10 10 8 10 10 10 10 10 10 10
left_child=1 3 -3 5 -5 -1 -6 8 -7 10 11 12 -9 -13
right_child=-2 2 -4 4 6 7 -8 9 -10 -11 -12 13 -14 -15
leaf_value=0.00039787258763955726 -0.00042746370331880369 5.8231780988562875e-05 0.00063241475054583564 0.00011424945415548828 -0.00011875678033456946 -0.00035641253003356697 -0.00060624423386928226 6.6864388178520783e-08 8.4543495343202416e-05 0.00032542010580966066 -0.00028161666821044769 5.5999268424451202e-05 -0.00027914073922147509 0.00041093588575973246
leaf_weight=101 102 193 122 142 146 193 100 2453 122 105 125 186 127 124
leaf_count=101 102 193 122 142 146 193 100 2453 122 105 125 186 127 124
internal_value=-2.33158e-06 8.38962e-06 0.000287021 -1.43143e-05 -0.000164868 2.41521e-06 -0.000325051 -9.77391e-06 -0.000186977 8.38733e-06 -3.17411e-06 9.33484e-06 -1.41904e-05 0.000202243
internal_weight=4341 4239 315 3924 388 3536 246 3435 315 3120 3015 2890 2580 310
internal_count=4341 4239 315 3924 388 3536 246 3435 315 3120 3015 2890 2580 310
is_linear=0
shrinkage=0.03


Tree=253
num_leaves=15
num_cat=0
split_feature=1 10 16 21 0 20 34 21 4 30 16 21 10 6
split_gain=0.0279588 0.0415738 0.0407623 0.0172671 0.0121635 0.0110211 0.0095846 0.0319624 0.0208765 0.0145766 0.008386 0.012583 0.0117061 0.00990296
threshold=-0.050145274969299998 5.2581834122266349 0.99248569564287881 -0.067570685375315229 -0.03882654902831114 0.1582191780821918 -0.1701798250688363 -0.096891100846784248 0.43853317475267367 0.078003508212585615 0.64767790262244607 -0.21370546546006508 0.72577226988782939 1.289160680742069
decision_type=10 8 8 8 10 10 8 10 10 10 10 8 10 10
left_child=2 4 3 5 -2 -1 7 -6 10 -9 11 -8 13 -12
right_child=1 -3 -4 -5 6 -7 8 9 -10 -11 12 -13 -14 -15
leaf_value=-3.2817660182942901e-05 -0.00028586651692065696 -0.00061226145159862244 0.00066763082451490297 -0.00016001463089699601 0.0005498870209848974 0.00036090847055770847 -0.00031527405061355327 0.00018021609621438962 0.00033895176415926276 -0.00021109075683687644 -0.00019057798555111635 3.5525788917090787e-06 -0.00035346149733628734 0.00012993140717992445
leaf_weight=101 133 101 124 183 115 166 112 162 136 171 185 2329 160 155
leaf_count=101 133 101 124 183 115 166 112 162 136 171 185 2329 160 155
internal_value=3.29979e-06 -2.65579e-05 0.000197372 6.18768e-05 -9.57251e-06 0.000214105 1.24234e-06 0.00013009 -1.7698e-05 -2.08754e-05 -3.47377e-05 -1.16907e-05 -0.000146024 -4.46979e-05
internal_weight=4333 3759 574 450 3658 267 3525 448 3077 333 2941 2441 500 340
internal_count=4333 3759 574 450 3658 267 3525 448 3077 333 2941 2441 500 340
is_linear=0
shrinkage=0.03


Tree=254
num_leaves=15
num_cat=0
split_feature=1 16 3 18 2 26 12 36 30 33 18 19 10 3
split_gain=0.0159802 0.0262833 0.0192975 0.0121479 0.0248085 0.0443354 0.020575 0.0087581 0.0104709 0.00887816 0.0117924 0.010481 0.0103641 0.0119483
threshold=-0.068743975959894385 0.99248569564287881 -0.14572917704488297 0.91759620507625772 0.15243827354121856 0.030399866467710954 0.079156949670770818 -0.012337764064638749 0.046839022842505053 -0.15798832193373022 0.79680253510338284 2.682490592213338 0.89439467827992758 -0.12679853540138689
decision_type=10 8 10 10 8 10 2 8 10 8 10 10 10 10
left_child=1 2 -1 4 6 -6 7 8 -2 -9 11 12 13 -11
right_child=3 -3 -4 -5 5 -7 -8 9 -10 10 -12 -13 -14 -15
leaf_value=-0.00024177664217404525 -0.0003668690548422388 0.00058069063684072439 0.00024917080234842034 -0.00029394820324589753 -0.00011586584199316209 0.00067000569944991551 -0.00041129043532591667 -0.00026135879571692714 3.1194752013298536e-05 0.00020652466431848366 0.0002381059705768359 0.00021602420457252823 -0.00025520531542284723 -2.1885914927379685e-05
leaf_weight=123 124 106 160 127 125 126 113 104 109 221 193 182 149 2338
leaf_count=123 124 106 160 127 125 126 113 104 109 221 193 182 149 2338
internal_value=7.28802e-06 0.000189397 3.52978e-05 -1.10438e-05 -1.17348e-06 0.000284016 -2.18074e-05 -8.35686e-06 -0.000183907 4.74551e-06 1.41308e-05 -1.21216e-06 -1.61835e-05 -1.79568e-06
internal_weight=4300 389 283 3911 3784 251 3533 3420 233 3187 3083 2890 2708 2559
internal_count=4300 389 283 3911 3784 251 3533 3420 233 3187 3083 2890 2708 2559
is_linear=0
shrinkage=0.03


Tree=255
num_leaves=15
num_cat=0
split_feature=5 10 8 14 20 19 29 17 7 8 14 10 32 13
split_gain=0.0339217 0.0248331 0.0139158 0.0104615 0.0106098 0.0117819 0.0117897 0.0108874 0.0101382 0.0224976 0.00895395 0.00977995 0.0197432 0.0201634
threshold=1.9658293470534896 1.9921600553064145 3.3828529426687513 0.97267453548146243 0.98789737415807133 1.3611096650000001 0.19582259814815889 1.2496270044983382 -0.72204339321573552 -0.40225127847005732 0.84863013698630152 0.63383456464440935 -0.066206473967846485 0.81517650449603762
decision_type=8 10 10 8 10 10 10 10 10 10 10 10 10 10
left_child=1 2 3 4 5 -1 7 8 9 -7 11 -10 -13 -14
right_child=-2 -3 -4 -5 -6 6 -8 -9 10 -11 -12 12 13 -15
leaf_value=8.0837743557656282e-05 -0.00052991333843543942 0.00035776317264381768 -0.00033105483584413854 -0.00025535818900037277 0.00028843138365517937 9.6833257299147726e-05 -0.00026379789010009164 -0.00030806145678474825 5.3129245330585686e-05 -0.00038621580027293844 0.00026564345597372658 -0.00042852958820904379 0.00027556260273716332 -0.0001909515933361921
leaf_weight=1228 102 173 109 129 118 168 179 103 1252 171 128 121 143 186
leaf_count=1228 102 173 109 129 118 168 179 103 1252 171 128 121 143 186
internal_value=-2.41659e-06 1.09834e-05 -4.30908e-06 5.17211e-06 1.43476e-05 5.17711e-06 -3.28178e-05 -1.40807e-05 5.56116e-07 -0.000148901 2.85727e-05 1.00177e-05 -0.000109194 1.29087e-05
internal_weight=4310 4208 4035 3926 3797 3679 2451 2272 2169 339 1830 1702 450 329
internal_count=4310 4208 4035 3926 3797 3679 2451 2272 2169 339 1830 1702 450 329
is_linear=0
shrinkage=0.03


Tree=256
num_leaves=15
num_cat=0
split_feature=31 17 1 18 4 16 1 28 9 16 2 14 31 18
split_gain=0.0169301 0.0344181 0.0265396 0.0383791 0.0234849 0.0138492 0.020565 0.0192712 0.0159636 0.0135807 0.0134329 0.0114828 0.0101505 0.0169014
threshold=0.021495256832005056 1.6080546312863895 0.064623216437318373 0.7045403830524698 -0.25174275873335084 0.18088296828804368 -0.047770647061688043 0.098107369510025869 -0.38126514600326833 1.3094798657673958 0.053080926961151409 0.33974718358280004 0.5611554699455118 0.68063171383394128
decision_type=10 10 8 10 10 8 10 8 10 8 10 8 10 10
left_child=2 4 5 -4 -2 8 -7 11 -1 12 -10 -8 13 -6
right_child=1 -3 3 -5 9 6 7 -9 10 -11 -12 -13 -14 -15
leaf_value=-0.00026533345459029079 -0.00042162695899605746 -0.00050853320110753268 0.00065314333733849819 -4.4140095099676798e-05 -0.00018923330250268774 0.00048635908633318302 0.00041563728564333836 -0.0002782818115645506 5.9944156444004135e-05 0.00030129589838907123 -0.00023328653469366988 5.0620775675104761e-05 5.2883834089684489e-05 0.00014323232208423512
leaf_weight=199 115 132 153 128 500 125 109 111 1061 130 157 248 923 185
leaf_count=199 115 132 153 128 500 125 109 111 1061 130 157 248 923 185
internal_value=1.43845e-05 -4.96793e-05 6.98788e-05 0.000340301 -1.57119e-05 3.13229e-05 0.000152401 5.90043e-05 -1.97046e-05 1.22791e-05 2.13475e-05 0.00016627 -1.19482e-05 -9.90561e-05
internal_weight=4276 1985 2291 281 1853 2010 593 468 1417 1738 1218 357 1608 685
internal_count=4276 1985 2291 281 1853 2010 593 468 1417 1738 1218 357 1608 685
is_linear=0
shrinkage=0.03


Tree=257
num_leaves=15
num_cat=0
split_feature=5 16 28 28 21 15 16 3 34 10 28 34 7 15
split_gain=0.0188608 0.0540905 0.0312568 0.0112343 0.0230395 0.0101017 0.0144588 0.00851348 0.0198941 0.00801151 0.00950757 0.00646517 0.0109735 0.0113899
threshold=-0.61274409252709006 1.8693514480900688 0.28363917126293631 -0.22453882682282511 -0.2604242495457762 1.9609872241766313 1.3664477376378739 0.19973386063656681 0.023559000534721854 1.3810582054278917 0.16314888146096693 0.080651510177521715 -0.84968197222531827 0.8155230257584426
decision_type=10 8 10 8 8 10 10 10 8 10 10 8 10 10
left_child=-1 2 3 -2 -5 6 7 9 -9 10 11 -6 13 -13
right_child=1 -3 -4 4 5 -7 -8 8 -10 -11 -12 12 -14 -15
leaf_value=0.00032146013283636422 0.00029243604585644785 -0.00067509324995651489 0.00048213472872885173 -0.00040131383476096634 1.9743735524815977e-05 0.00026248567497547017 -0.00033529452658219894 -0.00011465977960231379 0.00038944467913671883 -0.0002529781066816834 0.00023197125323273817 -0.00014961443111366992 -0.00011778198611132206 0.00024826606243885565
leaf_weight=153 103 103 115 131 1722 119 116 128 147 118 139 100 954 166
leaf_count=153 103 103 115 131 1722 119 116 128 147 118 139 100 954 166
internal_value=-2.68424e-07 -1.247e-05 5.15876e-06 -9.34552e-06 -1.78099e-05 -3.74274e-06 -1.29204e-05 -1.6896e-06 0.000156949 -1.55505e-05 -6.0621e-06 -1.76829e-05 -7.03746e-05 9.86863e-05
internal_weight=4314 4161 4058 3943 3840 3709 3590 3474 275 3199 3081 2942 1220 266
internal_count=4314 4161 4058 3943 3840 3709 3590 3474 275 3199 3081 2942 1220 266
is_linear=0
shrinkage=0.03


Tree=258
num_leaves=15
num_cat=0
split_feature=21 12 8 10 36 0 36 31 0 29 3 3 32 32
split_gain=0.0163026 0.0210612 0.0113448 0.0130735 0.0155685 0.00926578 0.0102768 0.0110431 0.0118655 0.0180505 0.0150509 0.0118547 0.00903389 0.0119901
threshold=-0.29858769099232912 0.11635218159333517 4.2693671439657752 1.7552421326778198 0.22293081324126507 -0.0050296842227492491 -0.010513062201212399 -1.1904503702367191 -0.026849790095907097 0.13329595014360804 -0.092637393812388044 -0.012003205661628848 0.082296187274632615 0.12131373632175536
decision_type=8 2 8 10 10 10 8 10 10 10 10 10 8 8
left_child=-1 2 3 4 5 6 -2 -8 9 -9 -10 -12 -7 -14
right_child=1 -3 -4 -5 -6 12 7 8 10 -11 11 -13 13 -15
leaf_value=0.00030409762101947881 -0.00034059316470610117 -0.00042477540287984321 0.00024129639178645026 -0.00028549084574229733 0.0003108619347167278 6.3762671431210575e-05 -0.00030421221720065324 -1.5616854588352294e-05 -0.00041108758202775035 0.00044846533500293099 0.00016315628718846064 -0.00011642635410091786 -0.00027762629115152791 1.584251705944099e-05
leaf_weight=152 112 101 168 141 138 1674 127 239 102 105 198 412 174 416
leaf_count=152 112 101 168 141 138 1674 127 239 102 105 198 412 174 416
internal_value=4.07246e-06 -7.38774e-06 3.65191e-06 -7.05086e-06 3.93982e-06 -8.38049e-06 -7.22309e-05 -4.54973e-05 -1.30959e-05 0.000130432 -8.28667e-05 -2.50879e-05 2.82204e-05 -7.23116e-05
internal_weight=4259 4107 4006 3838 3697 3559 1295 1183 1056 344 712 610 2264 590
internal_count=4259 4107 4006 3838 3697 3559 1295 1183 1056 344 712 610 2264 590
is_linear=0
shrinkage=0.03


Tree=259
num_leaves=15
num_cat=0
split_feature=19 17 19 1 30 1 28 21 21 26 23 32 16 1
split_gain=0.0133177 0.0176612 0.010216 0.00810377 0.0244606 0.0140428 0.00994908 0.0183866 0.0103872 0.0125007 0.0128501 0.0109608 0.0143604 0.0106385
threshold=3.3589109450000003 1.6080546312863895 0.81079023478200007 -0.089771177427980839 0.11013253911385766 -0.070705641657148641 -0.23605638511548482 -0.22129155434784001 -0.18634545620641821 0.10794841539168207 0.0052302773526424007 -0.064340870605555225 -0.78479425490382393 -0.017220839036353196
decision_type=10 10 8 8 10 10 8 8 8 10 10 10 10 10
left_child=1 2 -1 4 -4 -5 -7 -8 -9 11 -11 12 -10 -13
right_child=-2 -3 3 5 -6 6 7 8 9 10 -12 13 -14 -15
leaf_value=0.00026855281239217477 0.00032539713947649893 -0.00038090673479805322 -0.00048941469665274718 0.00032370587985496968 0.00014743193739120199 0.00028170149390851812 -0.00029704780710299201 0.00029413459833518092 -0.00041092835049182341 -0.00045377148548273409 -2.3551601072227302e-05 0.00015732015317741923 -3.4736812573647319e-05 4.8586463099103094e-06
leaf_weight=121 106 106 108 115 101 100 191 101 107 105 146 523 501 1875
leaf_count=121 106 106 108 115 101 100 191 101 107 105 146 523 501 1875
internal_value=1.04561e-06 -7.51759e-06 2.60287e-06 -5.82415e-06 -0.000185402 4.37983e-06 -6.11306e-06 -1.46077e-05 1.87499e-06 -7.62497e-06 -0.000208872 9.49801e-06 -0.000103753 3.83684e-05
internal_weight=4306 4200 4094 3973 209 3764 3649 3549 3358 3257 251 3006 608 2398
internal_count=4306 4200 4094 3973 209 3764 3649 3549 3358 3257 251 3006 608 2398
is_linear=0
shrinkage=0.03


Tree=260
num_leaves=15
num_cat=0
split_feature=18 2 4 10 23 10 25 23 12 5 31 0 30 4
split_gain=0.0171746 0.0289711 0.0170662 0.0145632 0.00943534 0.0175786 0.0090194 0.0107954 0.0144958 0.0106938 0.010358 0.0137165 0.0143606 0.0110061
threshold=0.93566776173364208 0.21041476023190939 0.48974717609955626 1.5077965506498741 0.0031498283297387505 0.71308162866499802 0.031179300699207654 0.0016867264613457003 0.042523213390729307 0.69379867552445729 0.64875389485220436 -0.0020274154270337997 0.0092959714896165523 0.025705847097803606
decision_type=8 10 8 10 10 8 10 10 2 8 10 10 10 10
left_child=1 2 3 4 6 -6 7 9 -9 10 13 -12 -13 -1
right_child=-2 -3 -4 -5 5 -7 -8 8 -10 -11 11 12 -14 -15
leaf_value=3.1644969043338618e-05 -0.00037096428508635296 0.00046947998980911387 -0.00036157613230706809 0.00029483102806177785 2.1189191033149006e-05 -0.00046628779918195707 0.00023608736717799345 8.9654653370168738e-05 -0.0003593348492561037 0.00030953825487212676 0.00027402374593829418 -0.00028214626811976087 0.00011063676480262075 -9.8796788257238922e-05
leaf_weight=1409 102 117 109 151 170 104 150 105 157 104 270 112 290 985
leaf_count=1409 102 117 109 151 170 104 150 105 157 104 270 112 290 985
internal_value=4.41094e-06 1.38831e-05 3.78575e-07 1.0663e-05 -8.32389e-07 -0.000168879 1.22396e-05 2.12682e-06 -0.000181087 1.75307e-05 7.13788e-06 0.000110758 -9.1712e-07 -2.21187e-05
internal_weight=4335 4233 4116 4007 3856 274 3582 3432 262 3170 3066 672 402 2394
internal_count=4335 4233 4116 4007 3856 274 3582 3432 262 3170 3066 672 402 2394
is_linear=0
shrinkage=0.03


Tree=261
num_leaves=15
num_cat=0
split_feature=16 17 35 27 34 0 2 24 24 0 8 31 2 24
split_gain=0.0190118 0.025626 0.0104655 0.0121562 0.0198832 0.0165094 0.0223293 0.0161898 0.0243066 0.0123925 0.0160664 0.0129395 0.0118831 0.00872421
threshold=1.8693514480900688 1.5051441725813171 0.053485470869027156 0.17266875938226192 0.45842084317681842 -0.049970056113299542 -0.077792960648954787 0.56583125778331267 0.40753424657534248 0.029796946672714705 1.0000000180025095e-35 0.24028077806076367 -0.0077005028498066995 0.66095890410958913
decision_type=8 10 10 8 10 10 10 8 10 10 10 10 10 8
left_child=1 2 3 4 5 -1 -7 8 -5 10 11 -9 -12 -8
right_child=-2 -3 -4 7 -6 6 13 9 -10 -11 12 -13 -14 -15
leaf_value=-0.00037607184202197538 -0.00031327352436743568 0.00036357616208798117 -0.00027842315870972426 5.9382103823685064e-05 -0.00043632773597566667 0.00030342445357840091 -6.0680010122838326e-05 2.8181980605856468e-05 0.00047312515191466398 -0.00031489193261222679 0.00044334879680120914 -0.00037472915494784142 4.3582548019403847e-05 9.9484937999308392e-05
leaf_weight=108 171 167 122 419 104 189 1751 189 180 107 100 110 188 366
leaf_count=108 171 167 122 419 104 189 1751 189 180 107 100 110 188 366
internal_value=-7.95666e-06 5.14335e-06 -1.05184e-05 -1.58855e-06 -3.9967e-05 -2.20244e-05 -4.66501e-06 7.3016e-05 0.0001866 -2.56529e-05 2.92846e-05 -0.000123772 0.000187587 -3.28205e-05
internal_weight=4271 4100 3933 3811 2518 2414 2306 1293 599 694 587 299 288 2117
internal_count=4271 4100 3933 3811 2518 2414 2306 1293 599 694 587 299 288 2117
is_linear=0
shrinkage=0.03


Tree=262
num_leaves=15
num_cat=0
split_feature=7 8 29 10 21 21 10 2 3 21 19 33 26 4
split_gain=0.0300229 0.0293967 0.0158727 0.0195481 0.0080393 0.00614813 0.00982541 0.00655093 0.00929085 0.0134626 0.0139516 0.0136913 0.0125911 0.0109492
threshold=3.7084041598845636 4.2693671439657752 -0.43082462167801422 1.4722092852306732 -0.3648132050606292 -0.23388717037511184 0.018076275727661004 -0.12836965129741398 -0.062423932251799895 -0.11688669268678588 1.4801506271510003 0.0078657448151474019 0.079079831763065059 -0.043628432032372641
decision_type=8 8 8 10 10 10 10 10 10 10 10 10 10 10
left_child=1 2 -1 4 -4 -6 -7 -8 9 10 -9 -11 13 -10
right_child=-2 -3 3 -5 5 6 7 8 12 11 -12 -13 -14 -15
leaf_value=-0.00036206506289610321 -0.00049650326143081832 0.00048068474727606529 -0.00023453483199167141 0.00030117595147158998 0.00015881563536596598 -0.00025431171110294358 0.00021803072259796825 -0.00019651032295580489 -9.7546334820646026e-05 -0.00010289414726135817 0.00028087186757044905 -0.00052748266456730409 -0.00021465142321624401 6.057136099406108e-05
leaf_weight=107 106 108 139 180 188 143 110 101 488 192 110 104 202 1965
leaf_count=107 106 108 139 180 188 143 110 101 488 192 110 104 202 1965
internal_value=-9.60631e-06 3.45346e-06 -9.91897e-06 1.37041e-07 -1.47263e-05 -5.93303e-06 -1.52216e-05 -4.40026e-06 -1.24702e-05 -0.000129484 5.31026e-05 -0.000258358 1.00761e-05 2.8981e-05
internal_weight=4243 4137 4029 3922 3742 3603 3415 3272 3162 507 211 296 2655 2453
internal_count=4243 4137 4029 3922 3742 3603 3415 3272 3162 507 211 296 2655 2453
is_linear=0
shrinkage=0.03


Tree=263
num_leaves=15
num_cat=0
split_feature=23 10 16 36 9 19 35 35 10 6 28 21 6 19
split_gain=0.0243087 0.0191684 0.00970488 0.0143064 0.00885967 0.00866404 0.0113535 0.00719663 0.0211047 0.0210889 0.00826919 0.0205771 0.0132592 0.0127841
threshold=0.0081380908961487513 3.8599820536370442 -0.96353304667654271 1.0000000180025095e-35 -0.22210679061682073 0.93925782620450005 -0.0036262970562861495 0.027504625874713851 0.39513689816641667 1.0166097004804675 -0.084047022018232484 -0.21370546546006508 -0.75336616864443806 2.445406789427039
decision_type=10 8 8 8 10 10 10 10 10 10 8 8 10 10
left_child=1 2 4 5 -1 -4 -7 10 -9 -10 12 -12 -5 -13
right_child=-2 -3 3 7 -6 6 -8 8 9 -11 11 13 -14 -15
leaf_value=-0.00034484917209904307 0.00042355380267061695 -0.00038202830169899328 0.00010535815411380359 -0.00026776031947520093 2.5362983867775515e-05 -0.00043348018913485039 -8.9680768141988664e-05 -0.00041159257743387455 0.00038630271377259533 -0.00017261291499264499 0.00046446508519154192 2.312194595847387e-05 6.4879258365677255e-05 0.00022819038991500357
leaf_weight=132 113 118 100 178 100 125 269 119 102 136 108 2094 259 310
leaf_count=132 113 118 100 178 100 125 269 119 102 136 108 2094 259 310
internal_value=-1.04727e-06 -1.31045e-05 -1.84781e-06 9.75601e-06 -0.000188106 -0.000140005 -0.000202819 3.23117e-05 -9.40373e-05 6.99423e-05 4.77405e-05 6.86919e-05 -7.21086e-05 4.99846e-05
internal_weight=4263 4150 4032 3800 232 494 394 3306 357 238 2949 2512 437 2404
internal_count=4263 4150 4032 3800 232 494 394 3306 357 238 2949 2512 437 2404
is_linear=0
shrinkage=0.03


Tree=264
num_leaves=15
num_cat=0
split_feature=30 29 28 28 29 31 24 36 26 31 34 3 7 13
split_gain=0.0149183 0.0488432 0.0202429 0.0137894 0.0150562 0.0116388 0.0125292 0.0260859 0.0150978 0.014077 0.0173249 0.0183224 0.0158034 0.0160541
threshold=0.55219563970726704 -0.45688148064037026 0.25363541553902014 -0.07967620417432543 0.014763306805000853 0.64875389485220436 0.66095890410958913 0.34756601679841015 0.11277335912692976 -0.50016528047236508 -0.069769358036676624 0.066850991157312412 -1.2269204527652682 1.2019130498345743
decision_type=10 8 10 8 10 10 10 8 10 10 8 8 8 10
left_child=1 -1 3 4 -3 6 8 -8 9 10 -5 -12 -11 -14
right_child=-2 2 -4 5 -6 -7 7 -9 -10 12 11 -13 13 -15
leaf_value=-0.0006303480693213312 0.0003076364534830016 -5.1354974413476552e-05 0.00039969219181460044 -0.00015180575499646211 -0.00039787026687014484 0.00011142578973101398 -1.0576097252728379e-05 0.0004725065933501658 -0.00038668819921440441 0.00019908981306101888 5.0292159147523846e-05 0.00043249356889622526 -9.7806081540875308e-05 -0.00048149676373656334
leaf_weight=108 128 422 107 234 150 825 394 130 109 136 429 149 895 106
leaf_count=108 128 422 107 234 150 825 394 130 109 136 429 149 895 106
internal_value=-5.18324e-06 -1.50854e-05 1.9276e-06 -9.25695e-06 -0.000144885 1.36925e-05 -1.76902e-05 0.000112606 -5.10583e-05 -3.13463e-05 6.38301e-05 0.000151682 -9.92994e-05 -0.000140628
internal_weight=4322 4194 4086 3979 572 3407 2582 524 2058 1949 812 578 1137 1001
internal_count=4322 4194 4086 3979 572 3407 2582 524 2058 1949 812 578 1137 1001
is_linear=0
shrinkage=0.03


Tree=265
num_leaves=15
num_cat=0
split_feature=18 14 14 10 31 18 4 32 12 12 8 9 30 33
split_gain=0.0244275 0.0245782 0.022025 0.0227226 0.0116086 0.0189291 0.0128096 0.0124285 0.00920469 0.0134321 0.00822199 0.0166571 0.013265 0.0146224
threshold=0.91759620507625772 0.96402317617075506 0.91241438356164395 2.4795330781313787 1.2385925463638487 0.44068001391466088 -0.31507960096461524 0.076646942534376067 0.067244370545628415 0.058481634553324856 -0.92101364813525477 -0.22210679061682073 0.18619468922495663 -0.0079109855816980983
decision_type=10 10 10 10 10 10 8 10 2 2 10 10 8 8
left_child=1 2 3 4 6 -6 -1 -7 9 10 -8 12 13 -12
right_child=-2 -3 -4 -5 5 7 8 -9 -10 -11 11 -13 -14 -15
leaf_value=0.00032976759155692976 -0.00041042736784220325 0.00041004005125064871 -0.00034678040402044789 0.00042485406745291929 0.00014891216919607334 -0.00055120895269066255 9.3992762044364016e-05 -0.00011837640262757335 -0.00020877595537989013 0.00032263586776318861 -0.00034206268331233284 1.1493510910928452e-05 -0.00049168624199667668 0.00010183760044615595
leaf_weight=108 123 129 156 111 116 104 701 140 167 119 113 2000 101 150
leaf_count=108 123 129 156 111 116 104 701 140 167 119 113 2000 101 150
internal_value=-2.14108e-06 1.02455e-05 -2.86223e-06 1.12128e-05 -1.34958e-06 -0.000162268 1.56083e-05 -0.000310226 5.00699e-06 1.65296e-05 4.13878e-06 -2.26479e-05 -0.000207852 -9.17111e-05
internal_weight=4338 4215 4086 3930 3819 360 3459 244 3351 3184 3065 2364 364 263
internal_count=4338 4215 4086 3930 3819 360 3459 244 3351 3184 3065 2364 364 263
is_linear=0
shrinkage=0.03


Tree=266
num_leaves=15
num_cat=0
split_feature=32 29 4 24 20 17 7 21 12 5 22 24 33 12
split_gain=0.0159823 0.0252305 0.0151691 0.0256074 0.0138874 0.0121525 0.0089356 0.0144467 0.0076437 0.0118987 0.00854899 0.0152715 0.00959269 0.0101622
threshold=0.2766576793157825 -0.64291985095400028 0.36613164565803763 0.54315068493150698 0.007534246575342401 1.5051441725813171 -1.6899893083179969 -0.26810641725055001 0.062337526065453557 0.44587651854581628 -0.0014207350166530498 0.11937164979154256 0.064585663192310558 0.028634376242020254
decision_type=10 10 10 10 8 8 10 10 2 10 10 10 10 2
left_child=1 -1 4 -4 -3 6 -6 -8 10 -10 -9 -12 -13 -14
right_child=-2 2 3 -5 5 -7 7 8 9 -11 11 12 13 -15
leaf_value=0.00039702458435995945 -0.00027676346677031773 -0.00026225065050719672 0.00014741476792450055 -0.00045800863606809916 0.00022821541019527983 0.00031869891657528146 -0.00032960870729886732 0.00014808803677430715 1.0432506635826191e-08 0.00042865568237747149 -0.00027167349665990748 -1.227877745381603e-05 5.8265032960965373e-06 0.00030970272563784172
leaf_weight=153 159 140 103 149 182 128 101 366 131 100 176 2045 211 182
leaf_count=153 159 140 103 149 182 128 101 366 131 100 176 2045 211 182
internal_value=1.37626e-05 2.51666e-05 1.05164e-05 -0.0002125 2.57175e-05 3.71944e-05 2.6441e-05 1.50259e-05 2.63618e-05 0.000190721 1.3323e-05 -5.79285e-06 1.39179e-05 0.000148676
internal_weight=4326 4167 4014 252 3762 3622 3494 3312 3211 231 2980 2614 2438 393
internal_count=4326 4167 4014 252 3762 3622 3494 3312 3211 231 2980 2614 2438 393
is_linear=0
shrinkage=0.03


Tree=267
num_leaves=15
num_cat=0
split_feature=10 10 1 10 1 36 32 32 5 35 20 33 32 11
split_gain=0.0279784 0.0300747 0.0085014 0.0172571 0.0145782 0.0136609 0.0139595 0.0154716 0.0120665 0.0116113 0.0113161 0.0105417 0.0125245 0.0100798
threshold=6.6247327876745317 1.9921600553064145 0.025676473785918506 0.61254672898999796 -0.047770647061688043 2.5008568424356174e-05 0.09234658931902022 0.011105092904855902 0.40806931882209374 0.00074343453934575009 0.65775735130070057 -0.070643827776671678 -0.032750271842516492 0.85531081206571102
decision_type=8 10 10 10 10 8 10 8 10 10 10 8 10 8
left_child=1 2 3 -1 -5 -4 7 11 10 -6 -9 -7 -13 -8
right_child=-2 -3 5 4 9 6 13 8 -10 -11 -12 12 -14 -15
leaf_value=1.3252436431227445e-05 -0.00045964182535674497 0.00040546635610025882 -0.00024300448578921756 9.5624501305884843e-05 -0.00044636294314563869 -0.00016213691390639593 8.9425117300627536e-05 0.00039513206832512352 0.00055643063514366987 -7.2503746196161956e-05 -4.2472674066872112e-05 0.0002701597696049972 -9.3092273251605176e-05 -0.0002956489144227184
leaf_weight=2378 104 176 104 113 185 134 127 102 123 127 104 240 128 110
leaf_count=2378 104 176 104 113 185 134 127 102 123 127 104 240 128 110
internal_value=1.48436e-05 2.72702e-05 1.00365e-05 -1.83459e-05 -0.000193246 7.77065e-05 0.000109924 0.000167636 0.000325966 -0.000297727 0.000178434 6.16782e-05 0.000144257 -9.1717e-05
internal_weight=4255 4151 3975 2803 425 1172 1068 831 329 312 206 502 368 237
internal_count=4255 4151 3975 2803 425 1172 1068 831 329 312 206 502 368 237
is_linear=0
shrinkage=0.03


Tree=268
num_leaves=15
num_cat=0
split_feature=0 28 15 16 15 0 32 28 24 10 36 20 32 18
split_gain=0.0182222 0.0264019 0.00880889 0.0115115 0.0100182 0.0162097 0.0119795 0.0117781 0.0167818 0.0134356 0.0103503 0.0127834 0.00996701 0.0117946
threshold=0.062116106034437159 0.34989492525698834 1.9278156494415608 1.5020267211158083 0.81748076351904309 0.036774174602068103 -0.11447714215431044 -0.00076975625926939992 0.44720853454222925 0.31801893747753551 0.046860894834587254 0.74946068385287468 -0.025352738766366945 0.43705874757244201
decision_type=8 8 10 8 10 10 10 10 10 10 10 10 8 10
left_child=1 2 3 4 7 6 -6 12 -9 -10 -8 -12 -1 -14
right_child=-2 -3 -4 -5 5 -7 10 8 9 -11 11 -13 13 -15
leaf_value=-6.1224401009724662e-05 -0.00026912956640036119 0.0003875217691329973 0.00024464946817793782 -0.0002339222430268588 0.00028284621293722293 -0.00021708484602424896 1.8294072521658724e-05 -2.8170760999973804e-05 -0.00010885986695691164 -0.0005532723691243107 0.00041410742578142936 3.3366625751651699e-05 -6.9045140540269622e-05 0.00029360977923358842
leaf_weight=412 191 170 135 172 226 176 1440 486 127 119 141 176 127 209
leaf_count=412 191 170 135 172 226 176 1440 486 127 119 141 176 127 209
internal_value=1.35143e-05 2.69408e-05 1.09356e-05 2.34688e-06 1.382e-05 5.49811e-05 7.96134e-05 -4.62082e-05 -0.000131353 -0.000330579 5.27435e-05 0.000206519 3.74342e-05 0.000157532
internal_weight=4307 4116 3946 3811 3639 2159 1983 1480 732 246 1757 317 748 336
internal_count=4307 4116 3946 3811 3639 2159 1983 1480 732 246 1757 317 748 336
is_linear=0
shrinkage=0.03


Tree=269
num_leaves=15
num_cat=0
split_feature=3 0 16 1 32 35 12 29 2 7 11 35 32 14
split_gain=0.0387891 0.0148792 0.015531 0.0149954 0.0291874 0.0228875 0.0210928 0.0101647 0.0100276 0.0175075 0.0164569 0.0153868 0.00864526 0.0130645
threshold=0.33874582191921693 -0.079476992564785687 1.4453580603491101 0.068308953205063319 0.0650823499766328 -0.0051930847721372991 0.079156949670770818 -0.30884848990902863 -0.059922181992501593 -1.4526647746475436 0.14072548903636697 0.055710467808977655 0.011105092904855902 0.50068493150684945
decision_type=10 8 10 8 10 10 2 8 10 10 10 8 10 10
left_child=1 -1 3 6 5 -5 7 -3 9 -9 -10 -11 -12 -14
right_child=-2 2 -4 4 -6 -7 -8 8 10 11 12 -13 13 -15
leaf_value=0.00033666007209924429 -0.00053111098012388017 0.00024316401412225746 -0.00036313332662978601 0.00056881511758174433 -0.00025004661519778895 5.2731762687192082e-05 -0.00037240773106229122 0.0003455802324534378 -0.00036084190029843491 0.0001693869001858213 -7.4681699415771568e-05 -0.00022911287703755078 -2.1126972686649464e-05 0.00018935441330418981
leaf_weight=112 121 141 102 156 105 151 139 177 128 180 1284 160 1023 353
leaf_count=112 121 141 102 156 105 151 139 177 128 180 1284 160 1023 353
internal_value=-1.24437e-05 3.07203e-06 -6.4419e-06 3.10288e-06 0.000173382 0.000319889 -1.66804e-05 -1.81276e-06 -1.26156e-05 0.000108101 -3.51544e-05 -1.87451e-05 -1.88347e-05 3.33601e-05
internal_weight=4332 4211 4099 3997 412 307 3585 3446 3305 517 2788 340 2660 1376
internal_count=4332 4211 4099 3997 412 307 3585 3446 3305 517 2788 340 2660 1376
is_linear=0
shrinkage=0.03


Tree=270
num_leaves=15
num_cat=0
split_feature=10 10 5 20 22 0 4 4 0 9 34 19 29 9
split_gain=0.0172863 0.0168362 0.0090284 0.0143501 0.0104766 0.00826134 0.0152058 0.0119718 0.011825 0.00960121 0.0109511 0.00715314 0.0132794 0.0139207
threshold=3.4658055512443324 1.6766947236992231 -0.61274409252709006 0.007534246575342401 0.0093201767189906529 -0.026849790095907097 -0.16544360553397267 -0.21181009451921076 -0.040209215390861641 -0.38126514600326833 0.43076652755960504 1.7502370750000003 0.082632843504354417 -0.16290486940816498
decision_type=10 10 10 8 10 10 10 10 10 10 10 10 10 10
left_child=1 2 -1 -4 5 6 -5 -7 -8 -9 11 -11 13 -13
right_child=-2 -3 3 4 -6 7 8 9 -10 10 -12 12 -14 -15
leaf_value=0.000201822386294439 -0.0003751915052883927 0.00031572758541075668 -0.00035316526427203298 0.00041191026993776456 -0.00029471189053047533 -0.00026607219759690841 -0.00014996989844012599 -0.00024770130708001237 0.00020268684301481696 3.5904781818495462e-05 0.00025810123137285257 -0.00037036569809709624 0.0002279425667548758 -5.3122399881845434e-05
leaf_weight=165 109 141 109 112 109 163 179 136 155 1525 142 138 124 983
leaf_count=165 109 141 109 112 109 163 179 136 155 1525 142 138 124 983
internal_value=-1.07074e-05 -7.6839e-07 -1.2191e-05 -2.15522e-05 -1.14987e-05 -2.66644e-06 0.000117581 -1.95253e-05 1.42638e-05 -5.92641e-06 5.7705e-06 -7.6066e-06 -6.08341e-05 -9.36476e-05
internal_weight=4290 4181 4040 3875 3766 3657 446 3211 334 3048 2912 2770 1245 1121
internal_count=4290 4181 4040 3875 3766 3657 446 3211 334 3048 2912 2770 1245 1121
is_linear=0
shrinkage=0.03


Tree=271
num_leaves=15
num_cat=0
split_feature=34 21 32 28 31 12 21 0 18 16 0 32 9 32
split_gain=0.0199031 0.0366087 0.0254081 0.0378794 0.0211075 0.0179686 0.0100316 0.0106306 0.0159703 0.0123646 0.0185549 0.00951443 0.0247591 0.0127644
threshold=0.45842084317681842 -0.24521599685109693 0.2766576793157825 0.18955714079895539 -0.094212061613387535 0.036244388837529153 -0.20235995269899393 -0.024232500840439847 0.2757572890024837 1.136431995208915 0.019383093467306354 0.0066246726058674004 -0.23435908999501529 0.043999035009713659
decision_type=10 8 10 10 8 2 8 8 8 8 8 8 10 8
left_child=1 4 3 6 -1 -2 -3 8 -8 11 -11 12 -9 -13
right_child=5 2 -4 -5 -6 -7 7 9 -10 10 -12 13 -14 -15
leaf_value=7.998442721528638e-05 2.8174085199903204e-06 -0.00027421639077468115 -0.00039756843265087422 0.00046358503383740052 0.00067189906138574349 -0.0005432455331678144 -0.00017223149917256142 -0.00030874292149439802 0.00022174050570555754 -1.2320281157677136e-05 -0.00053574179576382859 0.00016085346502935072 2.0017107410633281e-06 -2.4787397745535375e-05
leaf_weight=109 101 131 147 146 106 112 121 303 351 144 101 493 920 1005
leaf_count=109 101 131 147 146 106 112 121 303 351 144 101 493 920 1005
internal_value=-1.09062e-05 4.02233e-06 -1.73985e-05 -1.84126e-06 0.00038045 -0.000290188 -2.15027e-05 -1.14892e-05 0.000119997 -3.25802e-05 -0.000234497 -1.40027e-05 -7.59293e-05 3.66399e-05
internal_weight=4290 4077 3862 3715 215 213 3569 3438 472 2966 245 2721 1223 1498
internal_count=4290 4077 3862 3715 215 213 3569 3438 472 2966 245 2721 1223 1498
is_linear=0
shrinkage=0.03


Tree=272
num_leaves=15
num_cat=0
split_feature=20 4 14 24 33 2 7 36 33 24 24 14 15 29
split_gain=0.0200972 0.0198586 0.0153075 0.0107546 0.0125454 0.0100341 0.0114941 0.00901655 0.0114406 0.00942979 0.00890328 0.00887888 0.00812433 0.00779253
threshold=0.99859252514054953 0.55429119445720409 0.96065646682085049 0.85000000000000009 0.022953275650531357 0.17132612185194337 2.6214984268068751 0.08051015372264296 -0.018133386906728149 0.22058915884915803 0.74920950557274024 0.82809614168247958 1.474653114064461 -0.23917006954857853
decision_type=10 8 10 10 8 10 10 10 10 10 10 10 10 8
left_child=1 2 3 5 -5 6 7 10 -9 -10 11 12 13 -1
right_child=-2 -3 -4 4 -6 -7 -8 8 9 -11 -12 -13 -14 -15
leaf_value=0.00019484032938292003 -0.00039567887919379004 0.00039855861535455147 0.00034629249119527889 -0.00037180418683844916 5.2424322607085419e-05 -0.00026829648031497161 -0.00029121126768783342 0.00035410594073674963 -0.00019262610839879406 0.00018900724613989299 0.00017857947632441239 -0.00020568046231785422 0.00025328643468988909 -2.1845802288744837e-05
leaf_weight=154 109 109 105 149 104 116 106 151 100 126 233 194 106 2463
leaf_count=154 109 109 105 149 104 116 106 151 100 126 233 194 106 2463
internal_value=-2.62962e-06 7.9889e-06 -2.84887e-06 -1.24299e-05 -0.000199781 4.62674e-07 9.40098e-06 1.8835e-05 0.000156478 1.96286e-05 2.13961e-06 -1.22353e-05 1.89845e-06 -8.74746e-06
internal_weight=4325 4216 4107 4002 253 3749 3633 3527 377 226 3150 2917 2723 2617
internal_count=4325 4216 4107 4002 253 3749 3633 3527 377 226 3150 2917 2723 2617
is_linear=0
shrinkage=0.03


Tree=273
num_leaves=15
num_cat=0
split_feature=7 17 33 31 20 19 25 10 19 8 15 9 31 15
split_gain=0.020482 0.0425824 0.0647931 0.0118152 0.0108647 0.01856 0.00902685 0.0124709 0.0160197 0.0105524 0.019035 0.0145548 0.0128441 0.0128031
threshold=3.7084041598845636 1.4582124980162521 -0.15352821906243422 -1.6531656844507732 0.99736751072367535 2.9769578450000007 -0.013507742574127948 1.2227474597088357 2.3955813189870003 0.54619731208666367 1.2609887393682728 -0.18868055172081408 -1.1705003152685611 1.4890731547560605
decision_type=8 10 10 10 8 10 10 10 10 10 10 10 10 10
left_child=1 3 -3 -1 5 6 -5 8 9 10 12 -11 -8 -12
right_child=-2 2 -4 4 -6 -7 7 -9 -10 11 13 -13 -14 -15
leaf_value=0.0002566927105237711 -0.00040464743964340805 0.00096114403808726656 -4.5417903032592634e-05 -0.00017259785042687917 0.00023725762179640166 -0.00037335827307701533 -0.00030966360671704429 0.00026581390505335517 -0.00026962134575333037 0.00038314290309802258 -0.00046326123420233973 4.0050201326821572e-05 3.0777571485101985e-05 -5.9397562670673496e-05
leaf_weight=146 100 101 125 281 144 127 103 150 195 119 139 1103 1299 142
leaf_count=146 100 101 125 281 144 127 103 150 195 119 139 1103 1299 142
internal_value=9.19984e-06 1.9587e-05 0.000415485 -3.57269e-06 -1.38911e-05 -2.40881e-05 -1.10157e-05 3.1986e-06 -9.91617e-06 7.95002e-06 -4.07291e-05 7.48862e-05 4.755e-06 -0.00026378
internal_weight=4274 4174 226 3948 3802 3658 3531 3250 3100 2905 1683 1222 1402 281
internal_count=4274 4174 226 3948 3802 3658 3531 3250 3100 2905 1683 1222 1402 281
is_linear=0
shrinkage=0.03


Tree=274
num_leaves=15
num_cat=0
split_feature=7 4 8 27 36 10 6 30 13 2 32 19 7 4
split_gain=0.024891 0.0218068 0.0105074 0.0119488 0.0116549 0.0115238 0.0238101 0.0108562 0.013712 0.0160195 0.0129665 0.0108841 0.0270981 0.0199695
threshold=3.7084041598845636 0.4520241245792061 3.4492982443314451 1.2233722205122159 0.22293081324126507 0.99973776118646651 0.12585697342118307 0.061339411559949007 1.3648927304634013 -0.083725287101382398 -0.032750271842516492 1.3611096650000001 -0.34612547511799446 -0.028214993533237746
decision_type=8 10 8 10 10 10 10 10 10 10 10 10 10 10
left_child=1 2 3 4 5 7 -7 8 9 -1 -11 -9 -13 -14
right_child=-2 -3 -4 -5 -6 6 -8 11 -10 10 -12 12 13 -15
leaf_value=0.00033003382438042566 -0.00045818600576603779 0.00032790188214307448 -0.00025686842115343704 0.0003026788466824935 0.0002382821074708299 -0.00055821831647439723 2.0453201848015721e-05 0.0001766293186507004 -0.0003043389224486224 7.1657620885339488e-05 -0.00011976625384704675 -0.00021508922434963684 0.00041894097812625352 3.1211474524193014e-05
leaf_weight=101 100 180 139 112 164 100 163 457 173 487 901 350 139 710
leaf_count=101 100 180 139 112 164 100 163 457 173 487 901 350 139 710
internal_value=-1.98133e-06 9.47799e-06 -5.25728e-06 4.13119e-06 -5.189e-06 -1.6656e-05 -0.000205884 -1.36974e-06 -5.54538e-05 -2.56152e-05 -5.25863e-05 5.29138e-05 5.22179e-06 9.67725e-05
internal_weight=4276 4176 3996 3857 3745 3581 263 3318 1662 1489 1388 1656 1199 849
internal_count=4276 4176 3996 3857 3745 3581 263 3318 1662 1489 1388 1656 1199 849
is_linear=0
shrinkage=0.03


Tree=275
num_leaves=15
num_cat=0
split_feature=2 19 10 32 29 1 0 31 24 4 32 33 14 15
split_gain=0.0137716 0.0274898 0.0149695 0.0110706 0.0100935 0.0122524 0.0140578 0.0115319 0.0090898 0.01025 0.0119845 0.0111833 0.0199051 0.0195497
threshold=0.23859811163099173 3.2064095400000006 1.5077965506498741 0.038151255712739009 0.39169306394805786 -0.086137290214237286 -0.049970056113299542 -1.4847205940933352 0.048630136986301302 -0.22719399979102692 0.0057660633411397511 0.014193092027862652 0.38200498132004984 1.2514764768633977
decision_type=8 10 8 8 10 10 10 10 10 10 10 10 10 10
left_child=1 2 4 -4 5 -1 -7 -8 -9 -10 -11 13 -13 -12
right_child=-2 -3 3 -5 -6 6 7 8 9 10 11 12 -14 -15
leaf_value=-0.00025157604051461943 0.0003263587070653427 -0.00046814398618374504 0.00045824284343542359 2.5339862125375391e-05 0.00027884308973443692 -0.0003471235654350888 0.00023742325562731514 -0.00019367164893960111 0.00023140665413498376 -7.9335052791642204e-05 4.7926009196078423e-05 -1.3152146936697532e-05 0.00036102445640830139 -0.00027493770533457043
leaf_weight=189 107 110 104 105 100 101 175 219 164 1243 973 276 233 199
leaf_count=189 107 110 104 105 100 101 175 219 164 1243 973 276 233 199
internal_value=-1.95378e-06 -1.07148e-05 2.1726e-06 0.000246429 -1.13125e-05 -1.93638e-05 -6.78132e-06 3.57434e-06 -9.14023e-06 4.2386e-06 -8.87598e-06 4.33051e-05 0.000159977 -7.82978e-06
internal_weight=4298 4191 4081 209 3872 3772 3583 3482 3307 3088 2924 1681 509 1172
internal_count=4298 4191 4081 209 3872 3772 3583 3482 3307 3088 2924 1681 509 1172
is_linear=0
shrinkage=0.03


Tree=276
num_leaves=15
num_cat=0
split_feature=3 21 7 5 0 5 31 19 26 26 8 0 28 28
split_gain=0.0149506 0.0121778 0.0101579 0.0174311 0.0163074 0.0114974 0.0107555 0.00923546 0.00692364 0.0134804 0.0220217 0.00949258 0.00899028 0.0126746
threshold=0.33874582191921693 -0.29858769099232912 2.2813285843076447 0.81816008947102092 0.0086210878383008518 0.54315796648986192 0.38830334262991889 2.065693655 0.015902503983311205 0.030399866467710954 -0.58916109652991455 -0.025456082913999496 0.012205604578575401 0.045245051541550056
decision_type=10 8 8 8 8 10 10 10 8 8 10 10 10 10
left_child=1 -1 3 5 -4 8 -6 -7 11 10 -10 -3 -13 -14
right_child=-2 2 4 -5 6 7 -8 -9 9 -11 -12 12 13 -15
leaf_value=0.00028218002019387385 -0.00031348455261450445 0.00019040655259125932 0.00034918645303247815 -0.00029603484786837889 0.00019875425474865705 3.0714535920415072e-05 -0.00018760117409328812 0.00041177492655618616 8.134899377529065e-05 4.1635531955574239e-06 -0.00043196428276735978 -5.9807588160399641e-05 0.00022507488234343607 -1.0850864866957264e-05
leaf_weight=151 118 269 194 171 113 120 139 106 121 691 188 1009 307 596
leaf_count=151 118 269 194 171 113 120 139 106 121 691 188 1009 307 596
internal_value=1.25266e-05 2.21048e-05 1.20074e-05 -4.89774e-06 0.000146179 1.01271e-05 -1.38582e-05 0.000214486 -4.70584e-06 -6.98719e-05 -0.000232863 2.52646e-05 1.59473e-06 7.01564e-05
internal_weight=4293 4175 4024 3578 446 3407 252 226 3181 1000 309 2181 1912 903
internal_count=4293 4175 4024 3578 446 3407 252 226 3181 1000 309 2181 1912 903
is_linear=0
shrinkage=0.03


Tree=277
num_leaves=15
num_cat=0
split_feature=10 10 10 33 9 14 30 21 21 30 5 10 34 21
split_gain=0.0221909 0.0239581 0.00997445 0.0168457 0.0401225 0.0129777 0.012873 0.0135093 0.00957324 0.0210372 0.00946961 0.00938695 0.0113686 0.0134924
threshold=3.4658055512443324 2.6615080409324849 0.91288427014173967 -0.049072091302212441 -0.021092713969527044 0.79931506849315082 0.11013253911385766 -0.21061273245646042 -0.20653899775861878 -0.019953611631956695 0.45781522747877629 0.75229615650211956 -0.087515159195056494 -0.14740729662479415
decision_type=10 8 10 10 10 10 10 10 10 10 8 10 8 10
left_child=1 2 6 4 -4 -5 8 -8 9 -1 -10 12 -9 -14
right_child=-2 -3 3 5 -6 -7 7 11 10 -11 -12 -13 13 -15
leaf_value=7.256443899021805e-06 -0.00041767624304781708 0.00042615278734124099 -0.00062409094287038506 -0.00015824446692245967 0.00012381213226128751 0.00029248386488772433 0.00041129627853347055 -0.0001776788519634146 1.1096196084468892e-05 -0.00052797534903844016 -0.000222263794461921 0.00031997573381050716 -0.00022388795657147584 0.00014479974716674097
leaf_weight=178 110 113 143 117 112 104 106 186 2112 100 164 106 102 546
leaf_count=178 110 113 143 117 112 104 106 186 2112 100 164 106 102 546
internal_value=-6.54496e-06 4.73612e-06 -7.45473e-06 -0.000135768 -0.000299536 5.56412e-05 9.67594e-06 9.8062e-05 -2.66438e-05 -0.0001912 -6.1692e-06 6.07506e-05 2.6093e-05 8.54956e-05
internal_weight=4299 4189 4076 476 255 221 3600 1046 2554 278 2276 940 834 648
internal_count=4299 4189 4076 476 255 221 3600 1046 2554 278 2276 940 834 648
is_linear=0
shrinkage=0.03


Tree=278
num_leaves=15
num_cat=0
split_feature=15 28 15 3 16 4 22 31 36 6 1 10 18 10
split_gain=0.0242274 0.0184569 0.0109487 0.0128398 0.0123375 0.0150258 0.0198569 0.0114661 0.0165589 0.0139311 0.0135416 0.0114264 0.00850186 0.0117611
threshold=2.2067323349684158 0.28363917126293631 1.9278156494415608 -0.24362791740239736 1.3664477376378739 0.33756519620992326 0.00056249731330455007 -0.52734967195047011 0.22293081324126507 -1.4895891688974379 0.053890244856922211 0.064361977291574016 0.60028557264529858 0.37022013174232388
decision_type=10 10 8 10 10 8 10 10 10 10 10 10 10 8
left_child=1 2 3 -1 5 7 -7 10 9 -9 12 -11 -5 -14
right_child=-2 -3 -4 4 -6 6 -8 8 -10 11 -12 -13 13 -15
leaf_value=-0.00031486414070668365 -0.00043416637339176747 0.00039991002784454791 0.00030704062508448256 9.1435284199780945e-05 -0.00027796435190364718 0.00056150744612579108 1.0673755296802087e-05 -0.00031103989086009927 0.00030260818340934744 0.00019121812315331355 0.00032255302013895664 -4.9643545115212462e-05 6.4611158687205027e-05 -0.00034652388290851372
leaf_weight=104 101 110 107 762 120 101 133 163 123 191 178 1856 146 103
leaf_count=104 101 110 107 762 120 101 133 163 123 191 178 1856 146 103
internal_value=1.37915e-05 2.50753e-05 1.45104e-05 6.27053e-06 1.52817e-05 2.50077e-05 0.0002552 9.3737e-06 -2.92681e-05 -4.83804e-05 8.49998e-05 -2.67582e-05 4.17939e-05 -0.00010893
internal_weight=4298 4197 4087 3980 3876 3756 234 3522 2333 2210 1189 2047 1011 249
internal_count=4298 4197 4087 3980 3876 3756 234 3522 2333 2210 1189 2047 1011 249
is_linear=0
shrinkage=0.03


Tree=279
num_leaves=15
num_cat=0
split_feature=3 5 20 8 27 19 36 8 20 19 13 28 13 34
split_gain=0.0217694 0.0213073 0.0123512 0.0100103 0.00985172 0.0175217 0.0120597 0.0166538 0.0126554 0.011711 0.0114861 0.0154538 0.0100492 0.00992351
threshold=0.33874582191921693 1.5386127685405755 0.007534246575342401 3.4492982443314451 0.27258344118901928 2.445406789427039 0.08051015372264296 2.2475983680198293 0.73295070184339606 1.8873950150366265 1.1349063494784193 -0.045605796713868295 0.58744735101963375 -0.031274491287872241
decision_type=10 8 8 8 10 10 10 10 10 10 10 8 10 8
left_child=1 2 -1 4 6 9 7 10 -8 -6 12 -12 -4 -13
right_child=-2 -3 3 -5 5 -7 8 -9 -10 -11 11 13 -14 -15
leaf_value=-0.00028026172480439079 -0.00038334873269843056 0.00038610476352429637 0.0001908483236072173 -0.00020652204266633555 0.0001222929889776842 0.00040832555130580246 0.00035671001900846016 -0.00036398104475838839 -1.0188536721018506e-05 -0.00013445573178713047 0.00044439238605468106 -0.00018723408239640745 -6.0297160061020992e-05 0.00015918488012223276
leaf_weight=129 122 130 151 174 569 142 155 121 179 217 102 117 1789 186
leaf_count=129 122 130 151 174 569 142 155 121 179 217 102 117 1789 186
internal_value=3.57637e-06 1.53674e-05 2.94763e-06 1.26572e-05 2.315e-05 0.000107579 -4.97388e-06 -2.79849e-05 0.000162829 5.10076e-05 -9.91022e-06 0.000134419 -4.03089e-05 2.45511e-05
internal_weight=4283 4161 4031 3902 3728 928 2800 2466 334 786 2345 405 1940 303
internal_count=4283 4161 4031 3902 3728 928 2800 2466 334 786 2345 405 1940 303
is_linear=0
shrinkage=0.03


Tree=280
num_leaves=15
num_cat=0
split_feature=0 17 19 29 33 3 4 32 32 19 34 19 2 30
split_gain=0.0263968 0.0221351 0.00999683 0.0136739 0.0162886 0.0153658 0.0153646 0.0092589 0.0098309 0.0133512 0.0181624 0.0163503 0.0209656 0.0138819
threshold=0.065359741035152755 1.5051441725813171 3.3121612850000006 -0.23917006954857853 0.0061404077028182511 0.12496507549267756 0.25384402530263822 0.1738980131067818 0.080902718515445365 1.3611096650000001 0.45842084317681842 1.4801506271510003 -0.075913835892359047 0.066717085261762663
decision_type=8 10 8 10 8 8 10 10 10 10 10 10 10 10
left_child=1 2 3 4 -1 -6 7 8 9 13 11 -11 -13 -5
right_child=-2 -3 -4 6 5 -7 -8 -9 -10 10 -12 12 -14 -15
leaf_value=-6.3053290364130547e-05 -0.00034654763815621098 0.00033675132832872954 -0.00023431503635478176 1.0623265020169879e-05 9.5722451983651111e-05 0.0005989179241005331 -0.0002700356652545336 0.00017746391281874043 -0.00013499300652854387 -0.00026471900612635247 -0.00041176600380643991 0.0003250093037317011 -1.7484323544719191e-05 0.0002536529038243971
leaf_weight=142 183 181 150 512 113 105 184 262 452 190 102 181 1187 356
leaf_count=142 183 181 150 512 113 105 184 262 452 190 102 181 1187 356
internal_value=1.09636e-06 1.69507e-05 1.83584e-06 1.14888e-05 0.000186048 0.000346082 -7.09808e-06 8.21781e-06 -6.93455e-06 1.61833e-05 -3.36749e-05 -7.68381e-06 2.88495e-05 0.000111181
internal_weight=4300 4117 3936 3786 360 218 3426 3242 2980 2528 1660 1558 1368 868
internal_count=4300 4117 3936 3786 360 218 3426 3242 2980 2528 1660 1558 1368 868
is_linear=0
shrinkage=0.03


Tree=281
num_leaves=15
num_cat=0
split_feature=10 21 16 11 2 4 4 0 0 15 27 0 15 4
split_gain=0.0272886 0.00987686 0.010498 0.0104424 0.0157774 0.0145251 0.00894437 0.00794922 0.0175805 0.00757699 0.0102808 0.00799297 0.0103775 0.00939586
threshold=2.9913732361002725 -0.3648132050606292 1.5020267211158083 0.12468477426795446 -0.065413790023970034 -0.28488244807879376 0.43853317475267367 -0.03882654902831114 -0.026849790095907097 1.5841787151480664 0.95761813792737294 0.038828733182432906 1.001513863742604 -0.18507058386884553
decision_type=8 10 10 10 10 10 10 10 10 10 10 10 10 10
left_child=1 -1 3 4 -3 -5 7 -7 -9 10 11 13 -13 -10
right_child=-2 2 -4 5 -6 6 -8 8 9 -11 -12 12 -14 -15
leaf_value=-0.00023967387801450158 0.00037508512398113562 4.843445252087501e-05 -0.00026777306525598921 0.0003574884586071955 -0.00043594708621725963 -0.00018424706059936086 0.00028104320188210676 0.00036434470747264411 -0.0002005893006182853 -0.00017715393218391558 0.00031981811192651675 3.4338777019309445e-05 -0.00034749349703456611 4.7272660230849e-05
leaf_weight=130 191 139 105 122 101 156 119 132 141 166 100 137 114 2428
leaf_count=130 191 139 105 122 101 156 119 132 141 166 100 137 114 2428
internal_value=2.92842e-05 1.26973e-05 2.1274e-05 2.94835e-05 -0.000160146 4.22768e-05 3.07722e-05 2.15424e-05 3.17889e-05 1.69978e-05 2.83192e-05 1.74346e-05 -0.000142483 3.33055e-05
internal_weight=4281 4090 3960 3855 240 3615 3493 3374 3218 3086 2920 2820 251 2569
internal_count=4281 4090 3960 3855 240 3615 3493 3374 3218 3086 2920 2820 251 2569
is_linear=0
shrinkage=0.03


Tree=282
num_leaves=15
num_cat=0
split_feature=21 16 31 28 1 14 30 8 21 30 36 32 5 5
split_gain=0.0234134 0.0284755 0.011919 0.00875725 0.00962327 0.0121641 0.00973544 0.00944483 0.0122212 0.0109427 0.010011 0.00965541 0.0112094 0.00873865
threshold=0.48088987178256953 1.3877360371016885 -1.6114851869017726 0.23517652117845864 -0.089771177427980839 0.80718571948114926 0.13084804261833227 -0.90838660592851816 -0.18948506510917426 0.035939277313262907 -0.011158974518977049 0.0049677744773219514 -0.12625066138403362 0.4736541050772784
decision_type=8 10 10 8 10 10 10 8 10 10 10 10 8 8
left_child=1 2 -1 4 -4 7 -7 9 -9 10 -6 12 -10 -14
right_child=-2 -3 3 -5 5 6 -8 8 11 -11 -12 -13 13 -15
leaf_value=0.00030226269436587413 -0.00033805958432475366 0.00039191159450885777 -0.00020981227154014489 -0.00026351028909230966 -0.00025876492916078892 6.1174162600628336e-05 0.00039113996355885351 -0.00034748252161620794 -0.00034786965311793815 0.00022174325806865886 8.5402980204241931e-05 2.5468447304574627e-05 -6.8513887181401222e-06 -0.00023089919717106689
leaf_weight=105 176 164 193 118 108 256 114 106 132 294 228 1414 712 196
leaf_count=105 176 164 193 118 108 256 114 106 132 294 228 1414 712 196
internal_value=-4.07354e-06 1.05156e-05 -5.68853e-06 -1.44208e-05 -6.24885e-06 5.06582e-06 0.000166699 -1.39131e-05 -3.95369e-05 8.97003e-05 -2.73946e-05 -2.55558e-05 -9.4719e-05 -5.62138e-05
internal_weight=4316 4140 3976 3871 3753 3560 370 3190 2560 630 336 2454 1040 908
internal_count=4316 4140 3976 3871 3753 3560 370 3190 2560 630 336 2454 1040 908
is_linear=0
shrinkage=0.03


Tree=283
num_leaves=15
num_cat=0
split_feature=10 10 1 21 26 10 25 3 3 10 11 4 11 34
split_gain=0.0187057 0.0470358 0.0122665 0.0126635 0.00875065 0.0159205 0.0116178 0.00748762 0.0109846 0.0196425 0.0102471 0.00699105 0.00914464 0.0112037
threshold=5.2581834122266349 1.9921600553064145 -0.083364057277042589 -0.1597525270058969 0.079079831763065059 0.8004675994043321 0.031179300699207654 -0.13028075136800213 -0.078690374294136292 0.13631501803486357 0.47105507524650087 -0.066500154095681441 0.279797748973313 -0.10429567218686554
decision_type=8 10 10 10 10 10 10 10 10 8 10 10 10 8
left_child=1 2 3 -1 6 -6 7 10 9 -9 -4 12 -10 -14
right_child=-2 -3 4 -5 5 -7 -8 8 11 -11 -12 -13 13 -15
leaf_value=-0.00046018461093633357 -0.00034250827785399453 0.00055396626305403453 0.00030256933675369203 -2.236294475690815e-05 -1.5716548639010613e-06 -0.00041549179052151059 0.0003144250150983205 3.5854782252352228e-05 0.00012613804787092489 -0.00049220655235894322 -7.6383129695199747e-05 3.0859139855799566e-05 7.7041057601530597e-05 -0.00028378153125935745
leaf_weight=104 139 131 161 132 257 119 108 143 121 108 102 2269 110 243
leaf_count=104 139 131 161 132 257 119 108 143 121 108 102 2269 110 243
internal_value=-6.4249e-06 5.3495e-06 -1.33945e-05 -0.000220846 -3.01833e-08 -0.000136306 1.53768e-05 4.99377e-06 -8.59081e-06 -0.000196535 0.000156916 8.9334e-06 -9.52499e-05 -0.000171838
internal_weight=4247 4108 3977 236 3741 376 3365 3257 2994 251 263 2743 474 353
internal_count=4247 4108 3977 236 3741 376 3365 3257 2994 251 263 2743 474 353
is_linear=0
shrinkage=0.03


Tree=284
num_leaves=15
num_cat=0
split_feature=0 33 12 25 12 24 29 31 18 9 33 13 10 34
split_gain=0.0162745 0.0197807 0.0123862 0.00999146 0.019848 0.019545 0.0133303 0.0159158 0.0177277 0.0287252 0.0127083 0.0125737 0.0184752 0.0145769
threshold=-0.055813868130804488 -0.020453090043610046 0.10462954964121327 -0.0066000362587577488 0.050369433123086053 0.14726027397260275 -0.16522059275201798 1.2156154618907993 0.7664569146821949 -0.022278899395258098 -0.053743067567435444 1.4302421628141591 0.16525814748810963 2.8906375184745436
decision_type=8 10 2 10 2 10 10 10 10 10 10 10 10 8
left_child=1 -1 3 4 -2 -5 7 8 9 10 -7 13 -13 -8
right_child=2 -3 -4 5 -6 6 11 -9 -10 -11 -12 12 -14 -15
leaf_value=0.00055204673965800915 3.4615327421488474e-05 -6.8621882456909584e-06 -0.00031511028926900546 -0.00033947259318229913 0.00046096159782743932 -0.00036696505206171423 -3.5734841089882597e-05 -0.00043566787959372792 -0.00034833624594827708 0.00036623960321146746 4.4455572316655886e-05 -4.9847675204248746e-05 0.00049922286334025303 0.00015435821409655605
leaf_weight=101 720 123 110 162 109 120 1677 116 134 151 145 102 113 458
leaf_count=101 720 123 110 162 109 120 1677 116 134 151 145 102 113 458
internal_value=5.5425e-06 0.000251697 -8.13947e-06 6.69688e-07 9.31004e-05 -2.35498e-05 -6.04668e-06 -0.000123999 -5.49327e-05 4.25916e-05 -0.000145194 2.75739e-05 0.000243521 5.30928e-06
internal_weight=4341 224 4117 4007 829 3178 3016 666 550 416 265 2350 215 2135
internal_count=4341 224 4117 4007 829 3178 3016 666 550 416 265 2350 215 2135
is_linear=0
shrinkage=0.03


Tree=285
num_leaves=15
num_cat=0
split_feature=30 19 11 4 17 35 30 1 13 19 17 30 27 4
split_gain=0.0147649 0.0395833 0.014339 0.0282073 0.00935334 0.0170109 0.0147468 0.0255605 0.0192017 0.0193064 0.0220984 0.0188152 0.0143823 0.0143513
threshold=0.5174621645527494 3.3121612850000006 0.95493793166121954 0.43853317475267367 0.19685266523321501 0.019956086747075354 0.05800219075944206 0.058521747987942303 0.7193882899718026 1.3688346720091711 -0.21311993153864417 0.15916723609208813 0.45585608951561846 -0.16544360553397267
decision_type=10 10 10 8 10 10 8 10 10 8 10 10 8 10
left_child=1 2 3 4 5 6 12 8 -8 -10 11 -11 -1 -6
right_child=-2 -3 -4 -5 13 -7 7 -9 9 10 -12 -13 -14 -15
leaf_value=-3.7004556176830726e-05 0.00026355401185521092 -0.00059535358576310758 -0.00026440045858047056 0.00046889039340884361 -0.00031523762168561868 0.00036703986372993956 0.00026164915305071905 0.00052414679547820129 0.00018639024060013745 -9.7300294558501959e-05 0.00015346006904008003 -0.00053100929049833213 -0.00039842533980452175 -3.5111456593636831e-05
leaf_weight=938 160 102 186 108 185 119 249 101 236 248 164 139 106 1245
leaf_count=938 160 102 186 108 185 119 249 101 236 248 164 139 106 1245
internal_value=-1.47596e-05 -2.58581e-05 -1.07017e-05 1.92129e-06 -1.22091e-05 2.52422e-05 5.79617e-06 8.03773e-05 3.48044e-05 -3.81661e-05 -0.000135157 -0.000257863 -7.54247e-05 -7.23237e-05
internal_weight=4286 4126 4024 3838 3730 2300 2181 1137 1036 787 551 387 1044 1430
internal_count=4286 4126 4024 3838 3730 2300 2181 1137 1036 787 551 387 1044 1430
is_linear=0
shrinkage=0.03


Tree=286
num_leaves=15
num_cat=0
split_feature=32 28 28 0 9 0 1 24 5 32 0 24 15 35
split_gain=0.028041 0.0209603 0.0176015 0.00934429 0.0176977 0.0108373 0.0100385 0.00901519 0.0158172 0.0105417 0.00776723 0.00762 0.0134875 0.0126185
threshold=0.2766576793157825 0.18955714079895539 0.14703323818429134 -0.026849790095907097 -0.4216244159052745 -0.035647993204522395 -0.049194698300985294 0.85000000000000009 0.49418660169664258 0.027866322334112653 -0.020011190849364997 0.74920950557274024 1.3777055067144575 -0.0019688118376001494
decision_type=10 10 10 8 10 10 10 8 8 8 10 10 10 10
left_child=1 2 3 4 -1 6 -6 10 9 -9 -5 12 -12 -13
right_child=-2 -3 -4 7 5 -7 -8 8 -10 -11 11 13 -14 -15
leaf_value=0.00047412051634208456 -0.0004008650144562947 0.00031876257187890127 -0.00030144774913889365 -0.00019152763358206578 9.6319115892392319e-05 0.00026849530924253837 -0.0002655116825527924 -0.00024224944925171674 -0.00042282763513238025 0.00013321361400334066 2.5577528643391648e-05 0.0003945333540961597 -0.0002302362201694315 -2.1715012727371641e-05
leaf_weight=101 150 184 167 159 147 119 122 106 120 166 2265 119 197 138
leaf_count=101 150 184 167 159 147 119 122 106 120 166 2265 119 197 138
internal_value=-4.75269e-06 1.01735e-05 -4.67624e-06 8.89127e-06 0.000130508 3.61678e-05 -6.96331e-05 -9.46687e-06 -0.000143485 -1.48381e-05 9.00438e-06 2.1061e-05 4.68313e-06 0.000174874
internal_weight=4260 4110 3926 3759 489 388 269 3270 392 272 2878 2719 2462 257
internal_count=4260 4110 3926 3759 489 388 269 3270 392 272 2878 2719 2462 257
is_linear=0
shrinkage=0.03


Tree=287
num_leaves=15
num_cat=0
split_feature=20 28 31 13 31 17 34 16 36 30 26 18 27 27
split_gain=0.0233103 0.0201646 0.0139265 0.0182223 0.0151208 0.0108824 0.0167505 0.0142563 0.01342 0.00816231 0.0144709 0.0127364 0.010181 0.00965835
threshold=0.99859252514054953 0.26678339407680429 -1.4847205940933352 0.51569680036913568 -1.1705003152685611 1.0224983365767899 0.023559000534721854 1.0088924954581362 0.22293081324126507 -0.0065916560012135488 0.0089540543041980013 0.66426371269966844 0.73283615353947051 0.22379967303450535
decision_type=10 10 8 10 8 10 8 8 10 10 10 10 8 10
left_child=1 2 -1 -4 -5 8 -7 -8 9 10 11 -6 13 -11
right_child=-2 -3 3 4 5 6 7 -9 -10 12 -12 -13 -14 -15
leaf_value=0.000302012532262501 -0.00043218552857769493 0.00035244721778804138 0.00034906965759307095 -0.00030509133317232047 6.3135190849481724e-05 3.6893187639302717e-05 -0.00052982054898059879 -7.9114251725730445e-05 0.00029713822935496694 2.4822290112783911e-05 -0.00033195724284731135 -0.00030124889947858585 0.00024025092124483545 -0.0001315221572449897
leaf_weight=116 112 134 109 174 372 217 132 121 124 1798 182 107 157 438
leaf_count=116 112 134 109 174 372 217 132 121 124 1798 182 107 157 438
internal_value=-1.45382e-05 -2.84745e-06 -1.5032e-05 -2.47594e-05 -3.58628e-05 -2.26213e-05 -0.000156555 -0.000319976 -2.59886e-06 -1.52347e-05 -0.000108129 -2.05329e-05 1.05967e-05 -6.02844e-06
internal_weight=4293 4181 4047 3931 3822 3648 470 253 3178 3054 661 479 2393 2236
internal_count=4293 4181 4047 3931 3822 3648 470 253 3178 3054 661 479 2393 2236
is_linear=0
shrinkage=0.03


Tree=288
num_leaves=15
num_cat=0
split_feature=10 23 10 29 23 25 23 12 12 3 10 16 25 30
split_gain=0.0192736 0.0416284 0.042805 0.0149801 0.0144815 0.0202872 0.0108059 0.0096614 0.0176003 0.0109784 0.00923215 0.0100402 0.00743001 0.0111293
threshold=6.6247327876745317 0.0038374398068423007 1.4722092852306732 -0.016019726530032249 0.0029513289393648004 0.031179300699207654 0.0019931987994093003 0.059038577753591052 0.077536585114885606 0.24743031496196669 0.015837841073794105 -1.3282290194121884 0.00049695422157265007 0.16160421391020918
decision_type=8 10 10 10 10 10 10 2 2 10 10 10 8 10
left_child=1 4 3 -3 5 6 7 9 -9 10 -1 -12 -13 -14
right_child=-2 2 -4 -5 -6 -7 -8 8 -10 -11 11 12 13 -15
leaf_value=-0.00027696440312659963 -0.00037424848865301002 -0.00015870403320462044 0.00084815659207691037 0.00034100139614435778 -0.00031959673254618789 0.00034913754407367572 -0.00023384481701288647 0.00035602229309089043 -0.00012460640784028279 -0.00031252168331192013 0.00029327937567750182 4.1319437359678532e-05 -2.1105680584696529e-05 -0.0002793102405698376
leaf_weight=101 109 100 100 107 123 143 178 171 109 101 102 1550 1108 169
leaf_count=101 109 100 100 107 123 143 178 171 109 101 102 1550 1108 169
internal_value=1.06179e-05 2.11342e-05 0.000354438 0.000101548 -5.83377e-06 4.92107e-06 -9.26052e-06 2.78433e-06 0.000170017 -1.24182e-05 -1.91638e-06 8.02386e-06 -2.76797e-06 -5.62329e-05
internal_weight=4271 4162 307 207 3855 3732 3589 3411 280 3131 3030 2929 2827 1277
internal_count=4271 4162 307 207 3855 3732 3589 3411 280 3131 3030 2929 2827 1277
is_linear=0
shrinkage=0.03


Tree=289
num_leaves=15
num_cat=0
split_feature=1 22 27 22 13 23 26 13 22 10 35 5 32 30
split_gain=0.019594 0.0195747 0.0187744 0.0123552 0.00991569 0.00811292 0.0104763 0.0107088 0.00935622 0.0256068 0.00856531 0.0171607 0.0163291 0.0123833
threshold=0.13880214870642332 0.0049710677692751011 0.54994202578477702 0.0035386747654724006 0.5479335245437057 -0.0015013084682203497 -0.020774105591600745 0.97527898879051711 0.0021055984818724002 0.45273118627682168 -0.00096617801481624994 0.28735485905594349 -0.066206473967846485 0.12971063127035889
decision_type=10 10 8 10 10 8 8 10 10 10 10 8 8 10
left_child=1 3 -3 4 -1 -6 7 -7 10 -10 11 -8 -13 -14
right_child=-2 2 -4 -5 5 6 8 -9 9 -11 -12 12 13 -15
leaf_value=0.00024523608263116327 -0.00036943763732823556 7.1469128996233396e-06 0.00045325069110244945 -0.00027053336332129454 -0.00020415649011018189 0.00033485581252274901 -1.9832763643672059e-05 -1.7137682282572123e-05 -0.0001202046105822245 0.00050324862700206819 2.7102425649670945e-05 -0.00057144717195029937 -0.00033975602518362198 9.5468738181211173e-05
leaf_weight=145 118 168 167 146 168 163 1111 144 124 106 1418 102 110 117
leaf_count=145 118 168 167 146 168 163 1111 144 124 106 1418 102 110 117
internal_value=3.778e-06 1.4719e-05 0.000232928 -4.52551e-06 6.29857e-06 -3.75528e-06 6.44713e-06 0.000172123 -1.02755e-05 0.00017172 -2.5196e-05 -7.66111e-05 -0.000265178 -0.00011821
internal_weight=4307 4189 335 3854 3708 3563 3395 307 3088 230 2858 1440 329 227
internal_count=4307 4189 335 3854 3708 3563 3395 307 3088 230 2858 1440 329 227
is_linear=0
shrinkage=0.03


Tree=290
num_leaves=15
num_cat=0
split_feature=7 2 28 17 5 11 10 23 32 1 30 19 19 19
split_gain=0.0214704 0.0263033 0.0174687 0.00853786 0.00849617 0.0159767 0.0135992 0.015641 0.0142424 0.0161641 0.0111378 0.0104829 0.0100454 0.0183941
threshold=3.7084041598845636 0.22637976922430567 0.25363541553902014 1.6080546312863895 0.56853549249020363 0.68728635695170337 0.65404507030287606 0.00019233970431900004 -0.10857071268066049 -0.094314345403100477 0.17716890862222323 0.97029534356550007 1.1731097650000002 1.2710648050000002
decision_type=8 10 10 8 10 10 10 10 10 10 10 10 10 10
left_child=1 2 3 4 6 -6 8 -8 -1 -10 -7 -11 -13 -14
right_child=-2 -3 -4 -5 5 10 7 -9 9 11 -12 12 13 -15
leaf_value=0.00019114290243133208 -0.00040264852279695961 0.00047062493507771491 -0.00036899854659298267 -0.00019708301149255609 -4.7161406130772633e-05 0.00044939931291284864 -4.0701795266667268e-06 -0.00045218930248606216 -0.0003422599873064886 0.00015462342038407296 5.4377663304637139e-05 -0.0002075993039256395 0.0003260304621127208 -1.8940298189150704e-05
leaf_weight=383 110 105 107 165 231 157 165 117 116 390 109 211 146 1762
leaf_count=383 110 105 107 165 231 157 165 117 116 390 109 211 146 1762
internal_value=1.72767e-06 1.28801e-05 4.74547e-07 1.09316e-05 2.02427e-05 0.000135202 2.69768e-06 -0.000194631 2.14895e-05 -3.58006e-06 0.000291519 1.27279e-05 -1.36904e-05 8.23999e-06
internal_weight=4274 4164 4059 3952 3787 497 3290 282 3008 2625 266 2509 2119 1908
internal_count=4274 4164 4059 3952 3787 497 3290 282 3008 2625 266 2509 2119 1908
is_linear=0
shrinkage=0.03


Tree=291
num_leaves=15
num_cat=0
split_feature=21 16 8 18 19 18 5 35 30 2 24 18 19 25
split_gain=0.0247282 0.0189173 0.00770336 0.0120276 0.00899083 0.00761062 0.0144944 0.013172 0.00753058 0.0144525 0.00919339 0.010281 0.0110117 0.0139526
threshold=0.44653360857246699 1.3877360371016885 2.7137935056063713 0.69697275094084465 2.9461082850000007 0.23477948459515333 -0.08254384557647404 0.049376867645641608 -0.0065916560012135488 0.00055041531093435005 0.92808219178082207 0.38296573176856963 2.0448056812806592 0.0059693200413173013
decision_type=8 10 10 10 10 10 8 10 10 10 8 10 10 10
left_child=1 2 4 -4 5 6 -1 8 9 -7 11 -10 -13 -14
right_child=-2 -3 3 -5 -6 7 -8 -9 10 -11 -12 12 13 -15
leaf_value=-5.8463635108454474e-05 -0.00032919407038538821 0.0003308257867388849 -6.8885917774671475e-05 0.00036308019472926386 -0.00027097570489632297 5.3676427771977765e-05 0.00033320370067286133 -0.00034460619716911525 -8.9070032557771935e-05 -0.00023766650205570868 -0.00021331176889361812 0.00010154252754650638 -0.00015639601855443002 0.00022199678394827061
leaf_weight=174 198 154 105 121 113 284 159 103 520 324 145 1449 357 111
leaf_count=174 198 154 105 121 113 284 159 103 520 324 145 1449 357 111
internal_value=-5.9523e-06 9.96618e-06 -2.89692e-06 0.000165241 -1.32669e-05 -4.87366e-06 0.000130711 -1.87619e-05 -7.71807e-06 -0.000102251 1.46968e-05 2.86721e-05 6.07592e-05 -6.5251e-05
internal_weight=4317 4119 3965 226 3739 3626 333 3293 3190 608 2582 2437 1917 468
internal_count=4317 4119 3965 226 3739 3626 333 3293 3190 608 2582 2437 1917 468
is_linear=0
shrinkage=0.03


Tree=292
num_leaves=15
num_cat=0
split_feature=0 5 22 12 12 34 12 12 12 3 33 0 34 2
split_gain=0.0191692 0.0202733 0.0159021 0.0234641 0.0218622 0.00717636 0.00943367 0.0116545 0.0112909 0.0241724 0.0217697 0.0181036 0.0200536 0.0092442
threshold=0.088163665941240157 -0.61274409252709006 0.0078917107017926012 0.055056716181960508 0.091659894454736865 0.76067376155022948 0.05167940235161906 0.07394355944167931 0.034411108554769761 0.018214659302482252 0.010525735612134502 0.029796946672714705 -0.2830693531211364 0.049889867071340958
decision_type=8 10 8 2 2 10 2 2 2 10 8 10 10 10
left_child=1 -1 4 -4 5 6 8 -8 13 10 -10 12 -11 -3
right_child=-2 2 3 -5 -6 -7 7 -9 9 11 -12 -13 -14 -15
leaf_value=0.00035255224866868586 -0.00039831924915132631 5.2555623415563619e-05 -2.5233943382148582e-06 -0.00057367641383169489 0.00041896315765131334 -0.00022913165167501277 0.00020573104851820515 -0.0001413286819311715 -0.00052649898051039578 -0.00010996032233932054 -7.5172980572626167e-05 -0.00024007263703601013 0.00039411518569977484 -9.1961976498137216e-05
leaf_weight=142 103 1744 164 102 109 117 376 109 172 120 215 129 163 511
leaf_count=142 103 1744 164 102 109 117 376 109 172 120 215 129 163 511
internal_value=-3.71122e-06 6.49372e-06 -6.11854e-06 -0.000228081 9.84494e-06 -2.90806e-06 4.88365e-06 0.000127086 -1.4699e-05 -0.000111234 -0.000279919 4.86728e-05 0.000182175 1.96758e-05
internal_weight=4276 4173 4031 266 3765 3656 3539 485 3054 799 387 412 283 2255
internal_count=4276 4173 4031 266 3765 3656 3539 485 3054 799 387 412 283 2255
is_linear=0
shrinkage=0.03


Tree=293
num_leaves=15
num_cat=0
split_feature=16 16 14 33 14 26 16 33 14 33 35 16 15 17
split_gain=0.0218267 0.0313518 0.0144041 0.00763355 0.0113492 0.0222851 0.00986897 0.00933786 0.015853 0.00974196 0.0102612 0.014168 0.0154835 0.00974108
threshold=1.8693514480900688 1.5020267211158083 0.94425823375109308 0.17964072868131617 0.76917808219178097 0.055394405237150758 0.76575865092978035 0.064585663192310558 0.73188018642719121 0.03910864384486306 0.0046092276213629008 -0.035093220433282293 0.95751627403714179 0.53165387830179045
decision_type=8 10 10 10 10 10 10 10 10 10 10 10 10 10
left_child=1 2 3 4 7 6 -6 8 9 10 13 -12 -13 -1
right_child=-2 -3 -4 -5 5 -7 -8 -9 -10 -11 11 12 -14 -15
leaf_value=-5.3272113415827891e-05 -0.00032115156994489384 0.00049530766890046752 -0.00029131062691616636 -0.00017184667517262188 0.00013174577936662485 0.00046463425622834839 -0.00019649919783427142 0.0001506518711055344 -0.00037327213554009278 -0.00019684969634968288 -3.8520119784056748e-05 0.00045681471702960425 5.2357586740027563e-05 0.00011482675272731794
leaf_weight=1578 176 114 141 188 254 142 116 330 103 210 280 161 178 381
leaf_count=1578 176 114 141 188 254 142 116 330 103 210 280 161 178 381
internal_value=1.38226e-06 1.53434e-05 1.28088e-06 1.21601e-05 2.16445e-05 0.000152122 2.75887e-05 7.00595e-07 -1.66465e-05 -2.82666e-06 1.33286e-05 0.000119286 0.000248293 -2.037e-05
internal_weight=4352 4176 4062 3921 3733 512 370 3221 2891 2788 2578 619 339 1959
internal_count=4352 4176 4062 3921 3733 512 370 3221 2891 2788 2578 619 339 1959
is_linear=0
shrinkage=0.03


Tree=294
num_leaves=15
num_cat=0
split_feature=6 16 19 18 19 24 29 11 21 20 9 13 5 11
split_gain=0.012721 0.0547179 0.0280233 0.0156755 0.0147335 0.0217641 0.0130709 0.0124749 0.00978814 0.00981135 0.0178169 0.0104083 0.015447 0.0127006
threshold=2.18300134837988 1.4704934804039487 2.2355896655632939 0.87076839798019157 2.9461082850000007 0.47054794520547949 -0.23917006954857853 0.77631259893196292 0.26976693809186875 0.78772629167951391 -0.19964798657165581 1.2982933266266519 0.29809279889537127 0.37306320078939043
decision_type=10 10 8 8 8 10 10 10 10 10 10 10 10 10
left_child=1 3 -2 4 6 -6 7 -1 9 11 -11 12 -8 -13
right_child=2 -3 -4 -5 5 -7 8 -9 -10 10 -12 13 -14 -15
leaf_value=0.00035929648686672965 1.5835408057682797e-05 0.00063874436907031512 -0.00058747904722362618 0.00033143846912041182 1.7473328144937428e-05 -0.00054545604520092681 1.0822672867914099e-05 -2.9607966678905424e-05 -0.0002996542875956617 0.0004435227953142891 2.2859868772374196e-05 -0.00038113151069103557 -0.00025193864820321322 9.5580896982511975e-06
leaf_weight=161 203 116 100 113 133 110 1913 133 105 102 596 161 220 136
leaf_count=161 203 116 100 113 133 110 1913 133 105 102 596 161 220 136
internal_value=-3.80015e-06 1.04956e-05 -0.000189583 -9.0699e-06 -1.97016e-05 -0.00024321 -3.98001e-06 0.00018581 -2.14993e-05 -1.16989e-05 8.70494e-05 -4.01842e-05 -1.68046e-05 -0.000205034
internal_weight=4302 3999 303 3883 3770 243 3527 294 3233 3128 698 2430 2133 297
internal_count=4302 3999 303 3883 3770 243 3527 294 3233 3128 698 2430 2133 297
is_linear=0
shrinkage=0.03


Tree=295
num_leaves=15
num_cat=0
split_feature=16 30 34 14 34 31 31 31 29 17 1 17 10 35
split_gain=0.0251338 0.0257454 0.00952058 0.014207 0.00983845 0.0100657 0.0125989 0.0164873 0.0148102 0.0214994 0.0106125 0.0185113 0.00979717 0.00903475
threshold=1.8693514480900688 0.49336517634538551 -0.21406369545987 0.36506849315068496 -0.18287367810383767 -0.54350351017086129 0.58335075052962215 0.82406413611868357 -0.22412850649193458 0.82860368248435845 0.035557815433117861 0.39100795296293384 0.3814224686243568 -0.00078256725079174996
decision_type=8 10 8 10 8 8 10 10 8 10 10 10 10 8
left_child=1 2 3 -1 -4 13 8 12 -7 10 11 -10 -8 -6
right_child=-2 -3 4 -5 5 6 7 -9 9 -11 -12 -13 -14 -15
leaf_value=9.6451031547361188e-05 -0.00035004930228669867 0.0003755428592194221 0.00029108760929178769 -0.0002964290909506884 -9.5826446031423981e-05 0.00018925909374095914 0.00010200786818528849 -1.3676972384573e-05 -7.8028773269369793e-05 -0.00042822453539867673 -0.00026469220776401494 0.00027760709165258778 0.00049101889916511147 0.00013555008452620371
leaf_weight=129 173 165 106 217 187 164 137 686 944 162 199 148 101 739
leaf_count=129 173 165 106 217 187 164 137 686 944 162 199 148 101 739
internal_value=-1.08095e-06 1.41115e-05 -1.56486e-06 -0.000150663 1.30638e-05 4.15656e-06 -2.6716e-05 6.14449e-05 -7.71278e-05 -0.000107741 -6.60283e-05 -2.87834e-05 0.000273799 8.85613e-05
internal_weight=4257 4084 3919 346 3573 3467 2541 924 1617 1453 1291 1092 238 926
internal_count=4257 4084 3919 346 3573 3467 2541 924 1617 1453 1291 1092 238 926
is_linear=0
shrinkage=0.03


Tree=296
num_leaves=15
num_cat=0
split_feature=7 7 3 17 33 14 33 24 5 18 36 33 17 17
split_gain=0.0154553 0.0319742 0.0124913 0.00964099 0.0128949 0.0131642 0.0269162 0.0210049 0.0165989 0.0159593 0.0174854 0.013965 0.0121768 0.0120405
threshold=3.7084041598845636 3.0177901547913275 -0.26660744301548678 0.032256682943322706 -0.076523543068305874 0.6715539383561645 0.0052592818071678007 0.67214177169929401 0.52466982097470671 0.31548337686201305 -0.017890181779144195 0.093947787680219066 0.22367289284854089 0.51921513697419053
decision_type=8 10 10 10 8 10 10 10 10 10 10 10 10 10
left_child=1 2 -1 -4 -5 8 7 -7 9 -6 13 -8 -12 -11
right_child=-2 -3 3 4 5 6 11 -9 -10 10 12 -13 -14 -15
leaf_value=0.00032188317343649755 -0.00034758361027710332 0.00050981513201565432 3.5809312419309643e-05 0.00012430458600518784 0.0002252954896507112 -0.00060690081423792975 0.00026001664661964304 -7.7308401531215909e-05 0.00026652533306037798 -0.00012808252932770231 -0.00052474016647367436 -0.00017463862826004446 -0.000157612793734019 0.00023246026949430877
leaf_weight=101 104 109 2116 292 130 176 111 110 143 177 106 151 334 149
leaf_count=101 104 109 2116 292 130 176 111 110 143 177 106 151 334 149
internal_value=5.11644e-06 1.4242e-05 4.48678e-07 -8.0699e-06 -5.74475e-05 -9.11744e-05 -0.000209442 -0.00040804 -2.80923e-05 -7.63309e-05 -0.00012865 1.093e-05 -0.000250959 3.77277e-05
internal_weight=4309 4205 4096 3995 1879 1587 548 286 1039 896 766 262 440 326
internal_count=4309 4205 4096 3995 1879 1587 548 286 1039 896 766 262 440 326
is_linear=0
shrinkage=0.03


Tree=297
num_leaves=15
num_cat=0
split_feature=7 7 5 24 30 19 10 34 28 27 31 27 30 8
split_gain=0.0206413 0.0310213 0.0101007 0.00830387 0.0114981 0.00902684 0.010082 0.0198339 0.0114507 0.00750785 0.00974051 0.00848512 0.00827775 0.0149187
threshold=3.7084041598845636 3.0824855372728037 1.2797423821335476 0.95821917808219181 0.018225164672278603 2.8843656900000005 0.93989451604522112 -0.16429065718550298 0.18544049690656109 -1.0538492881961872 -0.8946363465275563 -0.53434625022997595 0.11013253911385766 0.43026307984080725
decision_type=8 10 8 8 10 10 10 10 10 10 10 10 10 8
left_child=1 2 3 5 -5 6 8 -8 9 -1 11 -11 13 -12
right_child=-2 -3 -4 4 -6 -7 7 -9 -10 10 12 -13 -14 -15
leaf_value=-0.00023979604763381586 -0.00040434889199547652 0.00049291742955909657 -0.00027212415007859701 8.0562297382935767e-06 -0.00040115913600958364 0.0002150610453623026 -0.000468583493545735 6.5733454417289458e-05 0.00028878609621510768 0.0003654698284411676 -0.00012316516386581017 6.6111101390762191e-05 7.1704660125230076e-05 4.6125397490450077e-05
leaf_weight=106 109 109 122 144 103 180 112 132 126 105 1016 393 756 862
leaf_count=106 109 109 122 144 103 180 112 132 126 105 1016 393 756 862
internal_value=-5.9558e-06 4.68494e-06 -8.69371e-06 -4.01844e-07 -0.000167162 1.06779e-05 1.97914e-07 -0.000184011 1.38124e-05 2.68359e-06 1.12592e-05 0.000132234 -1.18203e-05 -4.55448e-05
internal_weight=4375 4266 4157 4035 247 3788 3608 244 3364 3238 3132 498 2634 1878
internal_count=4375 4266 4157 4035 247 3788 3608 244 3364 3238 3132 498 2634 1878
is_linear=0
shrinkage=0.03


Tree=298
num_leaves=15
num_cat=0
split_feature=3 9 18 34 36 35 32 29 0 32 3 29 31 26
split_gain=0.0245994 0.0119764 0.0187015 0.0101568 0.010706 0.0157614 0.0119003 0.0102088 0.0149738 0.0132096 0.0175723 0.0135803 0.0160172 0.0178849
threshold=0.33874582191921693 -0.4940231360698264 0.39223849156164442 0.8493570303636333 0.22293081324126507 0.036511874040988504 0.082296187274632615 0.17742555677081359 -0.040209215390861641 0.026872773380143006 0.026072476827043906 -0.24952408378103488 -0.51759286068698995 0.042536723164113562
decision_type=10 10 10 10 10 10 10 10 10 10 10 8 10 10
left_child=1 2 -1 4 5 6 7 8 -3 11 -11 -10 -13 -14
right_child=-2 3 -4 -5 -6 -7 -8 -9 9 10 -12 12 13 -15
leaf_value=0.0005075769038355377 -0.00043649228616278235 -0.00031353384196712092 -4.6648182625037825e-05 -0.00029078108924555376 0.00023181341643280844 -0.0003573799456150838 -9.165445313877455e-05 0.00020200328624039835 0.00024537730217641434 -2.0002078468600283e-05 0.00031197400428791298 6.8488461757078766e-05 -7.0418084652933496e-05 -0.00046193625719308506
leaf_weight=100 113 116 113 107 165 110 946 279 160 274 295 670 738 118
leaf_count=100 113 116 113 107 165 110 946 279 160 274 295 670 738 118
internal_value=-9.30962e-06 2.71471e-06 0.000219225 -9.13888e-06 -9.8882e-07 -1.16521e-05 -5.94906e-07 3.2023e-05 1.16381e-05 2.9022e-05 0.00015333 -1.32595e-05 -4.10902e-05 -0.000126758
internal_weight=4304 4191 213 3978 3871 3706 3596 2650 2371 2255 569 1686 1526 856
internal_count=4304 4191 213 3978 3871 3706 3596 2650 2371 2255 569 1686 1526 856
is_linear=0
shrinkage=0.03


Tree=299
num_leaves=15
num_cat=0
split_feature=6 20 6 16 1 16 15 30 16 19 31 31 5 9
split_gain=0.0189654 0.0287185 0.025785 0.0140328 0.0103262 0.0321731 0.026751 0.025545 0.0181113 0.0164108 0.0135832 0.0106885 0.00984634 0.0133362
threshold=2.1251377091390169 0.97264016767722139 1.9312778708845972 0.346192950773967 -0.050145274969299998 0.33068663403385706 1.1095568213699234 0.10333956753284605 0.64767790262244607 2.0046365957350005 0.58335075052962215 -1.293577967256099 -0.26999591238161896 -0.28445479157861314
decision_type=10 10 8 10 10 10 10 8 10 10 10 8 8 8
left_child=2 3 4 -2 5 6 -1 -7 11 -10 -11 -6 -13 -14
right_child=1 -3 -4 -5 8 7 -8 -9 9 10 -12 12 13 -15
leaf_value=0.0001617430939192682 -0.00025134117131182435 -0.00060855769317657497 0.00037432832056775615 0.00018971376155577807 0.00028137691753606 8.20145391227561e-05 -0.0003849153840533488 0.00070887309322969453 -1.4036141949461826e-05 -0.00050718045842039624 -6.9691876904519722e-05 0.00014819327321272699 -0.00027661233209073542 4.0244365896412806e-06
leaf_weight=189 121 104 177 129 130 120 133 112 309 158 108 375 160 1994
leaf_count=189 121 104 177 129 130 120 133 112 309 158 108 375 160 1994
internal_value=6.64839e-06 -0.000202173 2.55234e-05 -2.44994e-05 8.75297e-06 0.000127817 -6.64837e-05 0.000393207 -1.18091e-05 -0.000163712 -0.000334117 2.1285e-05 7.38645e-06 -1.74137e-05
internal_weight=4319 354 3965 250 3788 554 322 232 3234 575 266 2659 2529 2154
internal_count=4319 354 3965 250 3788 554 322 232 3234 575 266 2659 2529 2154
is_linear=0
shrinkage=0.03


end of trees

feature_importances:
ru_90=227
mvrv_ch_30=180
ret_14d=169
mvrv=168
ret_90d=167
volu_z_7_90=163
fee_z=161
mvrv_rank=150
hash_mom_30=148
ret_30d=131
ret_3d=127
ethbtc_ch_30=123
ret_7d=122
adr_mom_30=117
stbl_gr_30=113
dd_90=112
ma_z_200=111
spotvol_z=107
rv=105
adr_px_div=105
upvol_share_7=104
txtfr_mom_30=104
ret_1d=100
netflow_rank=98
ma_z_30=94
rv_rank=94
ethbtc_ch_7=89
stbl_gr_7=89
park_ratio=83
ma_z_90=81
netflow_30=81
flowin_z=77
netflow_7=74
rangepos_7=64
splyex_ch_7=56
splyex_ch_30=55
rv_ratio_3_30=51

parameters:
[boosting: gbdt]
[objective: regression]
[metric: l2]
[tree_learner: serial]
[device_type: cpu]
[data_sample_strategy: bagging]
[data: ]
[valid: ]
[num_iterations: 300]
[learning_rate: 0.03]
[num_leaves: 15]
[num_threads: 4]
[seed: 7]
[deterministic: 0]
[force_col_wise: 0]
[force_row_wise: 0]
[histogram_pool_size: -1]
[max_depth: -1]
[min_data_in_leaf: 100]
[min_sum_hessian_in_leaf: 0.001]
[bagging_fraction: 0.8]
[pos_bagging_fraction: 1]
[neg_bagging_fraction: 1]
[bagging_freq: 1]
[bagging_seed: 17422]
[bagging_by_query: 0]
[feature_fraction: 0.7]
[feature_fraction_bynode: 1]
[feature_fraction_seed: 7040]
[extra_trees: 0]
[extra_seed: 6516]
[early_stopping_round: 0]
[early_stopping_min_delta: 0]
[first_metric_only: 0]
[max_delta_step: 0]
[lambda_l1: 0]
[lambda_l2: 5]
[linear_lambda: 0]
[min_gain_to_split: 0]
[drop_rate: 0.1]
[max_drop: 50]
[skip_drop: 0.5]
[xgboost_dart_mode: 0]
[uniform_drop: 0]
[drop_seed: 15215]
[top_rate: 0.2]
[other_rate: 0.1]
[min_data_per_group: 100]
[max_cat_threshold: 32]
[cat_l2: 10]
[cat_smooth: 10]
[max_cat_to_onehot: 4]
[top_k: 20]
[monotone_constraints: ]
[monotone_constraints_method: basic]
[monotone_penalty: 0]
[feature_contri: ]
[forcedsplits_filename: ]
[refit_decay_rate: 0.9]
[cegb_tradeoff: 1]
[cegb_penalty_split: 0]
[cegb_penalty_feature_lazy: ]
[cegb_penalty_feature_coupled: ]
[path_smooth: 0]
[interaction_constraints: ]
[verbosity: -1]
[saved_feature_importance_type: 0]
[use_quantized_grad: 0]
[num_grad_quant_bins: 4]
[quant_train_renew_leaf: 0]
[stochastic_rounding: 1]
[linear_tree: 0]
[max_bin: 255]
[max_bin_by_feature: ]
[min_data_in_bin: 3]
[bin_construct_sample_cnt: 200000]
[data_random_seed: 61]
[is_enable_sparse: 1]
[enable_bundle: 1]
[use_missing: 1]
[zero_as_missing: 0]
[feature_pre_filter: 1]
[pre_partition: 0]
[two_round: 0]
[header: 0]
[label_column: ]
[weight_column: ]
[group_column: ]
[ignore_column: ]
[categorical_feature: ]
[forcedbins_filename: ]
[precise_float_parser: 0]
[parser_config_file: ]
[objective_seed: 15521]
[num_class: 1]
[is_unbalance: 0]
[scale_pos_weight: 1]
[sigmoid: 1]
[boost_from_average: 1]
[reg_sqrt: 0]
[alpha: 0.9]
[fair_c: 1]
[poisson_max_delta_step: 0.7]
[tweedie_variance_power: 1.5]
[lambdarank_truncation_level: 30]
[lambdarank_norm: 1]
[label_gain: ]
[lambdarank_position_bias_regularization: 0]
[eval_at: ]
[multi_error_top_k: 1]
[auc_mu_weights: ]
[num_machines: 1]
[local_listen_port: 12400]
[time_out: 120]
[machine_list_filename: ]
[machines: ]
[gpu_platform_id: -1]
[gpu_device_id: -1]
[gpu_device_id_list: ]
[gpu_use_dp: 0]
[num_gpu: 1]

end of parameters

pandas_categorical:[]
